combo,phase,freshness,fresh_pct_of_clock
World Cup 2026/27,pre_24h_to_1h,1,1.6426901399727487
World Cup 2026/27,pre_24h_to_1h,2,4.3218289359593705
World Cup 2026/27,pre_24h_to_1h,3,7.122116158800941
World Cup 2026/27,pre_24h_to_1h,4,9.723035117056856
World Cup 2026/27,pre_24h_to_1h,5,12.285221571906357
World Cup 2026/27,pre_24h_to_1h,6,14.752129010281184
World Cup 2026/27,pre_24h_to_1h,7,17.00884119905859
World Cup 2026/27,pre_24h_to_1h,8,19.190643193360582
World Cup 2026/27,pre_24h_to_1h,9,21.28847315124489
World Cup 2026/27,pre_24h_to_1h,10,23.22343769354639
World Cup 2026/27,pre_24h_to_1h,11,25.09218614517528
World Cup 2026/27,pre_24h_to_1h,12,26.891877245138115
World Cup 2026/27,pre_24h_to_1h,13,28.568499938065155
World Cup 2026/27,pre_24h_to_1h,14,30.19275284900285
World Cup 2026/27,pre_24h_to_1h,15,31.75894184318097
World Cup 2026/27,pre_24h_to_1h,16,33.22852022172675
World Cup 2026/27,pre_24h_to_1h,17,34.651887464387464
World Cup 2026/27,pre_24h_to_1h,18,36.029264214046826
World Cup 2026/27,pre_24h_to_1h,19,37.32779016474669
World Cup 2026/27,pre_24h_to_1h,20,38.58812554192989
World Cup 2026/27,pre_24h_to_1h,21,39.81107162764771
World Cup 2026/27,pre_24h_to_1h,22,40.96806484578224
World Cup 2026/27,pre_24h_to_1h,23,42.09233711135885
World Cup 2026/27,pre_24h_to_1h,24,43.18544453734671
World Cup 2026/27,pre_24h_to_1h,25,44.224281555803294
World Cup 2026/27,pre_24h_to_1h,26,45.23598724142202
World Cup 2026/27,pre_24h_to_1h,27,46.220697076675336
World Cup 2026/27,pre_24h_to_1h,28,47.15913384119906
World Cup 2026/27,pre_24h_to_1h,29,48.07387278582931
World Cup 2026/27,pre_24h_to_1h,30,48.96549842066146
World Cup 2026/27,pre_24h_to_1h,31,49.81657608695652
World Cup 2026/27,pre_24h_to_1h,32,50.64730815681903
World Cup 2026/27,pre_24h_to_1h,33,51.45757076055989
World Cup 2026/27,pre_24h_to_1h,34,52.23498467112598
World Cup 2026/27,pre_24h_to_1h,35,52.99484005326397
World Cup 2026/27,pre_24h_to_1h,36,53.737102068623805
World Cup 2026/27,pre_24h_to_1h,37,54.44926374953549
World Cup 2026/27,pre_24h_to_1h,38,55.14604623436145
World Cup 2026/27,pre_24h_to_1h,39,55.82705855939552
World Cup 2026/27,pre_24h_to_1h,40,56.48218986126595
World Cup 2026/27,pre_24h_to_1h,41,57.12352517651431
World Cup 2026/27,pre_24h_to_1h,42,57.75096386101821
World Cup 2026/27,pre_24h_to_1h,43,58.3552931066518
World Cup 2026/27,pre_24h_to_1h,44,58.947405704199184
World Cup 2026/27,pre_24h_to_1h,45,59.52713520376564
World Cup 2026/27,pre_24h_to_1h,46,60.08709587513936
World Cup 2026/27,pre_24h_to_1h,47,60.63655471943515
World Cup 2026/27,pre_24h_to_1h,48,61.17481109872414
World Cup 2026/27,pre_24h_to_1h,49,61.69475411866716
World Cup 2026/27,pre_24h_to_1h,50,62.2055152979066
World Cup 2026/27,pre_24h_to_1h,51,62.70693592840332
World Cup 2026/27,pre_24h_to_1h,52,63.19206769478509
World Cup 2026/27,pre_24h_to_1h,53,63.66858664684752
World Cup 2026/27,pre_24h_to_1h,54,64.13639214046823
World Cup 2026/27,pre_24h_to_1h,55,64.58934488418184
World Cup 2026/27,pre_24h_to_1h,56,65.03435061315496
World Cup 2026/27,pre_24h_to_1h,57,65.47168029233247
World Cup 2026/27,pre_24h_to_1h,58,65.89601526693917
World Cup 2026/27,pre_24h_to_1h,59,66.31273612659483
World Cup 2026/27,pre_24h_to_1h,60,66.72226093150006
World Cup 2026/27,pre_24h_to_1h,61,67.11960779759693
World Cup 2026/27,pre_24h_to_1h,62,67.51001796110492
World Cup 2026/27,pre_24h_to_1h,63,67.89384367645238
World Cup 2026/27,pre_24h_to_1h,64,68.2671946612164
World Cup 2026/27,pre_24h_to_1h,65,68.63448764399851
World Cup 2026/27,pre_24h_to_1h,66,68.99581165613775
World Cup 2026/27,pre_24h_to_1h,67,69.34753576737272
World Cup 2026/27,pre_24h_to_1h,68,69.69402251331599
World Cup 2026/27,pre_24h_to_1h,69,70.0350202836616
World Cup 2026/27,pre_24h_to_1h,70,70.36690589000372
World Cup 2026/27,pre_24h_to_1h,71,70.69364316239316
World Cup 2026/27,pre_24h_to_1h,72,71.01510436021306
World Cup 2026/27,pre_24h_to_1h,73,71.32842112597547
World Cup 2026/27,pre_24h_to_1h,74,71.63694568314133
World Cup 2026/27,pre_24h_to_1h,75,71.94105351170569
World Cup 2026/27,pre_24h_to_1h,76,72.23762464387464
World Cup 2026/27,pre_24h_to_1h,77,72.52990678805897
World Cup 2026/27,pre_24h_to_1h,78,72.81798897559767
World Cup 2026/27,pre_24h_to_1h,79,73.09905704199183
World Cup 2026/27,pre_24h_to_1h,80,73.37633547008546
World Cup 2026/27,pre_24h_to_1h,81,73.64977393781741
World Cup 2026/27,pre_24h_to_1h,82,73.91636086337174
World Cup 2026/27,pre_24h_to_1h,83,74.17914653784219
World Cup 2026/27,pre_24h_to_1h,84,74.43827805648458
World Cup 2026/27,pre_24h_to_1h,85,74.69099157686114
World Cup 2026/27,pre_24h_to_1h,86,74.9402986807878
World Cup 2026/27,pre_24h_to_1h,87,75.18655549362072
World Cup 2026/27,pre_24h_to_1h,88,75.42696720549982
World Cup 2026/27,pre_24h_to_1h,89,75.66412733804039
World Cup 2026/27,pre_24h_to_1h,90,75.8982062120649
World Cup 2026/27,pre_24h_to_1h,91,76.1268851418308
World Cup 2026/27,pre_24h_to_1h,92,76.35284668029233
World Cup 2026/27,pre_24h_to_1h,93,76.57572696023783
World Cup 2026/27,pre_24h_to_1h,94,76.7935905177753
World Cup 2026/27,pre_24h_to_1h,95,77.00856636318593
World Cup 2026/27,pre_24h_to_1h,96,77.22073965688097
World Cup 2026/27,pre_24h_to_1h,97,77.42850009290227
World Cup 2026/27,pre_24h_to_1h,98,77.63360507246377
World Cup 2026/27,pre_24h_to_1h,99,77.83586492010404
World Cup 2026/27,pre_24h_to_1h,100,78.03377384491515
World Cup 2026/27,pre_24h_to_1h,101,78.22924408522235
World Cup 2026/27,pre_24h_to_1h,102,78.42226789917007
World Cup 2026/27,pre_24h_to_1h,103,78.61131627028367
World Cup 2026/27,pre_24h_to_1h,104,78.798057568438
World Cup 2026/27,pre_24h_to_1h,105,78.98237566579958
World Cup 2026/27,pre_24h_to_1h,106,79.16299702712746
World Cup 2026/27,pre_24h_to_1h,107,79.34137325034064
World Cup 2026/27,pre_24h_to_1h,108,79.51758562492257
World Cup 2026/27,pre_24h_to_1h,109,79.69030642264337
World Cup 2026/27,pre_24h_to_1h,110,79.86086337173293
World Cup 2026/27,pre_24h_to_1h,111,80.02936098724142
World Cup 2026/27,pre_24h_to_1h,112,80.19454508856683
World Cup 2026/27,pre_24h_to_1h,113,80.35800275610059
World Cup 2026/27,pre_24h_to_1h,114,80.51963334572031
World Cup 2026/27,pre_24h_to_1h,115,80.6782020314629
World Cup 2026/27,pre_24h_to_1h,116,80.83501718691936
World Cup 2026/27,pre_24h_to_1h,117,80.98990074941162
World Cup 2026/27,pre_24h_to_1h,118,81.14178047194352
World Cup 2026/27,pre_24h_to_1h,119,81.29216214542302
World Cup 2026/27,pre_24h_to_1h,120,81.4407825467608
World Cup 2026/27,pre_24h_to_1h,121,81.58649201040505
World Cup 2026/27,pre_24h_to_1h,122,81.73040536355754
World Cup 2026/27,pre_24h_to_1h,123,81.87276647466865
World Cup 2026/27,pre_24h_to_1h,124,82.01251470952558
World Cup 2026/27,pre_24h_to_1h,125,82.15075328254676
World Cup 2026/27,pre_24h_to_1h,126,82.28747058094885
World Cup 2026/27,pre_24h_to_1h,127,82.42176080763038
World Cup 2026/27,pre_24h_to_1h,128,82.55469233865973
World Cup 2026/27,pre_24h_to_1h,129,82.68628839960361
World Cup 2026/27,pre_24h_to_1h,130,82.81579803047194
World Cup 2026/27,pre_24h_to_1h,131,82.94391025641026
World Cup 2026/27,pre_24h_to_1h,132,83.0706405611297
World Cup 2026/27,pre_24h_to_1h,133,83.19511798587885
World Cup 2026/27,pre_24h_to_1h,134,83.31844961600396
World Cup 2026/27,pre_24h_to_1h,135,83.44041480862133
World Cup 2026/27,pre_24h_to_1h,136,83.56028970023536
World Cup 2026/27,pre_24h_to_1h,137,83.67900331351419
World Cup 2026/27,pre_24h_to_1h,138,83.79650145546884
World Cup 2026/27,pre_24h_to_1h,139,83.91199058590362
World Cup 2026/27,pre_24h_to_1h,140,84.02637650191998
World Cup 2026/27,pre_24h_to_1h,141,84.13962049424006
World Cup 2026/27,pre_24h_to_1h,142,84.25089805524588
World Cup 2026/27,pre_24h_to_1h,143,84.36093691936084
World Cup 2026/27,pre_24h_to_1h,144,84.46981837606837
World Cup 2026/27,pre_24h_to_1h,145,84.5768688839341
World Cup 2026/27,pre_24h_to_1h,146,84.68278520995912
World Cup 2026/27,pre_24h_to_1h,147,84.78757122507122
World Cup 2026/27,pre_24h_to_1h,148,84.89076628886411
World Cup 2026/27,pre_24h_to_1h,149,84.99288910566085
World Cup 2026/27,pre_24h_to_1h,150,85.09400161030595
World Cup 2026/27,pre_24h_to_1h,151,85.19353090548742
World Cup 2026/27,pre_24h_to_1h,152,85.29210795243404
World Cup 2026/27,pre_24h_to_1h,153,85.38976758949585
World Cup 2026/27,pre_24h_to_1h,154,85.48590595193856
World Cup 2026/27,pre_24h_to_1h,155,85.5810959370742
World Cup 2026/27,pre_24h_to_1h,156,85.67535689954168
World Cup 2026/27,pre_24h_to_1h,157,85.76816626409018
World Cup 2026/27,pre_24h_to_1h,158,85.86017434658739
World Cup 2026/27,pre_24h_to_1h,159,85.95134630868327
World Cup 2026/27,pre_24h_to_1h,160,86.04117892976589
World Cup 2026/27,pre_24h_to_1h,161,86.13018704323052
World Cup 2026/27,pre_24h_to_1h,162,86.21830484330485
World Cup 2026/27,pre_24h_to_1h,163,86.30498652917132
World Cup 2026/27,pre_24h_to_1h,164,86.39082822370865
World Cup 2026/27,pre_24h_to_1h,165,86.47597702217267
World Cup 2026/27,pre_24h_to_1h,166,86.55977486684009
World Cup 2026/27,pre_24h_to_1h,167,86.64276755852843
World Cup 2026/27,pre_24h_to_1h,168,86.72509445063793
World Cup 2026/27,pre_24h_to_1h,169,86.80615554936207
World Cup 2026/27,pre_24h_to_1h,170,86.88653536479623
World Cup 2026/27,pre_24h_to_1h,171,86.9661448656014
World Cup 2026/27,pre_24h_to_1h,172,87.0447014740493
World Cup 2026/27,pre_24h_to_1h,173,87.12257292827945
World Cup 2026/27,pre_24h_to_1h,174,87.19968180973616
World Cup 2026/27,pre_24h_to_1h,175,87.27574554069119
World Cup 2026/27,pre_24h_to_1h,176,87.35122476155085
World Cup 2026/27,pre_24h_to_1h,177,87.42609237582063
World Cup 2026/27,pre_24h_to_1h,178,87.49999225814443
World Cup 2026/27,pre_24h_to_1h,179,87.57324182460052
World Cup 2026/27,pre_24h_to_1h,180,87.64583720426111
World Cup 2026/27,pre_24h_to_1h,181,87.71743775548123
World Cup 2026/27,pre_24h_to_1h,182,87.78834153970024
World Cup 2026/27,pre_24h_to_1h,183,87.85859500805152
World Cup 2026/27,pre_24h_to_1h,184,87.9277181654899
World Cup 2026/27,pre_24h_to_1h,185,87.9963535860275
World Cup 2026/27,pre_24h_to_1h,186,88.06435417440852
World Cup 2026/27,pre_24h_to_1h,187,88.13157670630497
World Cup 2026/27,pre_24h_to_1h,188,88.1981992443949
World Cup 2026/27,pre_24h_to_1h,189,88.26421404682274
World Cup 2026/27,pre_24h_to_1h,190,88.32933853586027
World Cup 2026/27,pre_24h_to_1h,191,88.39391335315248
World Cup 2026/27,pre_24h_to_1h,192,88.4580043044717
World Cup 2026/27,pre_24h_to_1h,193,88.52128236095628
World Cup 2026/27,pre_24h_to_1h,194,88.58400300383995
World Cup 2026/27,pre_24h_to_1h,195,88.64624752260622
World Cup 2026/27,pre_24h_to_1h,196,88.7077604360213
World Cup 2026/27,pre_24h_to_1h,197,88.76872367769107
World Cup 2026/27,pre_24h_to_1h,198,88.82929208472687
World Cup 2026/27,pre_24h_to_1h,199,88.88896243651678
World Cup 2026/27,pre_24h_to_1h,200,88.94810634212809
World Cup 2026/27,pre_24h_to_1h,201,89.00675089805524
World Cup 2026/27,pre_24h_to_1h,202,89.06471804162021
World Cup 2026/27,pre_24h_to_1h,203,89.12227873776787
World Cup 2026/27,pre_24h_to_1h,204,89.1794097609315
World Cup 2026/27,pre_24h_to_1h,205,89.23583240431067
World Cup 2026/27,pre_24h_to_1h,206,89.29174021429456
World Cup 2026/27,pre_24h_to_1h,207,89.34718738387217
World Cup 2026/27,pre_24h_to_1h,208,89.40196875387093
World Cup 2026/27,pre_24h_to_1h,209,89.4563591601635
World Cup 2026/27,pre_24h_to_1h,210,89.51035086089433
World Cup 2026/27,pre_24h_to_1h,211,89.56371547132417
World Cup 2026/27,pre_24h_to_1h,212,89.61673169825343
World Cup 2026/27,pre_24h_to_1h,213,89.66939954168215
World Cup 2026/27,pre_24h_to_1h,214,89.72140932738759
World Cup 2026/27,pre_24h_to_1h,215,89.77305911680912
World Cup 2026/27,pre_24h_to_1h,216,89.82435278087452
World Cup 2026/27,pre_24h_to_1h,217,89.87504258020563
World Cup 2026/27,pre_24h_to_1h,218,89.9253530286139
World Cup 2026/27,pre_24h_to_1h,219,89.97529573888269
World Cup 2026/27,pre_24h_to_1h,220,90.02454168215037
World Cup 2026/27,pre_24h_to_1h,221,90.07335795243404
World Cup 2026/27,pre_24h_to_1h,222,90.12179874272266
World Cup 2026/27,pre_24h_to_1h,223,90.16963953920477
World Cup 2026/27,pre_24h_to_1h,224,90.21717453239192
World Cup 2026/27,pre_24h_to_1h,225,90.2643959804286
World Cup 2026/27,pre_24h_to_1h,226,90.31104066022544
World Cup 2026/27,pre_24h_to_1h,227,90.35734082744952
World Cup 2026/27,pre_24h_to_1h,228,90.40332357859532
World Cup 2026/27,pre_24h_to_1h,229,90.4487295615013
World Cup 2026/27,pre_24h_to_1h,230,90.4937910318345
World Cup 2026/27,pre_24h_to_1h,231,90.53848089310046
World Cup 2026/27,pre_24h_to_1h,232,90.58272559767126
World Cup 2026/27,pre_24h_to_1h,233,90.62667998265825
World Cup 2026/27,pre_24h_to_1h,234,90.67041372476154
World Cup 2026/27,pre_24h_to_1h,235,90.71359779511954
World Cup 2026/27,pre_24h_to_1h,236,90.75650315867708
World Cup 2026/27,pre_24h_to_1h,237,90.79908336430076
World Cup 2026/27,pre_24h_to_1h,238,90.84116809116809
World Cup 2026/27,pre_24h_to_1h,239,90.8829702403072
World Cup 2026/27,pre_24h_to_1h,240,90.9244588442958
World Cup 2026/27,pre_24h_to_1h,241,90.96549842066146
World Cup 2026/27,pre_24h_to_1h,242,91.00627477393782
World Cup 2026/27,pre_24h_to_1h,243,91.04673758206368
World Cup 2026/27,pre_24h_to_1h,244,91.08673587885544
World Cup 2026/27,pre_24h_to_1h,245,91.1264980490524
World Cup 2026/27,pre_24h_to_1h,246,91.16599699616005
World Cup 2026/27,pre_24h_to_1h,247,91.2050585284281
World Cup 2026/27,pre_24h_to_1h,248,91.24390715966804
World Cup 2026/27,pre_24h_to_1h,249,91.28253901895206
World Cup 2026/27,pre_24h_to_1h,250,91.32072185061315
World Cup 2026/27,pre_24h_to_1h,251,91.35866081382386
World Cup 2026/27,pre_24h_to_1h,252,91.3963481667286
World Cup 2026/27,pre_24h_to_1h,253,91.43360197572154
World Cup 2026/27,pre_24h_to_1h,254,91.47064675461417
World Cup 2026/27,pre_24h_to_1h,255,91.507490245262
World Cup 2026/27,pre_24h_to_1h,256,91.54397373962593
World Cup 2026/27,pre_24h_to_1h,257,91.58019401090051
World Cup 2026/27,pre_24h_to_1h,258,91.61618976836368
World Cup 2026/27,pre_24h_to_1h,259,91.65182552954292
World Cup 2026/27,pre_24h_to_1h,260,91.68724451876626
World Cup 2026/27,pre_24h_to_1h,261,91.72243125232256
World Cup 2026/27,pre_24h_to_1h,262,91.75722702217269
World Cup 2026/27,pre_24h_to_1h,263,91.791875696767
World Cup 2026/27,pre_24h_to_1h,264,91.82623018084976
World Cup 2026/27,pre_24h_to_1h,265,91.86028273256534
World Cup 2026/27,pre_24h_to_1h,266,91.89414560881951
World Cup 2026/27,pre_24h_to_1h,267,91.9277452619844
World Cup 2026/27,pre_24h_to_1h,268,91.96101201535984
World Cup 2026/27,pre_24h_to_1h,269,91.99409296420166
World Cup 2026/27,pre_24h_to_1h,270,92.02696488294316
World Cup 2026/27,pre_24h_to_1h,271,92.0594574507618
World Cup 2026/27,pre_24h_to_1h,272,92.0917719559024
World Cup 2026/27,pre_24h_to_1h,273,92.12392388207606
World Cup 2026/27,pre_24h_to_1h,274,92.15578935959373
World Cup 2026/27,pre_24h_to_1h,275,92.18741096866096
World Cup 2026/27,pre_24h_to_1h,276,92.21880032206118
World Cup 2026/27,pre_24h_to_1h,277,92.24982967917752
World Cup 2026/27,pre_24h_to_1h,278,92.28070032825468
World Cup 2026/27,pre_24h_to_1h,279,92.31136968908709
World Cup 2026/27,pre_24h_to_1h,280,92.34174098848013
World Cup 2026/27,pre_24h_to_1h,281,92.37188777406168
World Cup 2026/27,pre_24h_to_1h,282,92.40183714232629
World Cup 2026/27,pre_24h_to_1h,283,92.43147683636812
World Cup 2026/27,pre_24h_to_1h,284,92.46093846773196
World Cup 2026/27,pre_24h_to_1h,285,92.49025300383995
World Cup 2026/27,pre_24h_to_1h,286,92.51930818778644
World Cup 2026/27,pre_24h_to_1h,287,92.54823563111609
World Cup 2026/27,pre_24h_to_1h,288,92.57701210826212
World Cup 2026/27,pre_24h_to_1h,289,92.6054402019076
World Cup 2026/27,pre_24h_to_1h,290,92.63372120029727
World Cup 2026/27,pre_24h_to_1h,291,92.6617815558033
World Cup 2026/27,pre_24h_to_1h,292,92.6896019137867
World Cup 2026/27,pre_24h_to_1h,293,92.7172480800198
World Cup 2026/27,pre_24h_to_1h,294,92.74470844171933
World Cup 2026/27,pre_24h_to_1h,295,92.7719520314629
World Cup 2026/27,pre_24h_to_1h,296,92.7990485259507
World Cup 2026/27,pre_24h_to_1h,297,92.82599405425492
World Cup 2026/27,pre_24h_to_1h,298,92.85266861761428
World Cup 2026/27,pre_24h_to_1h,299,92.87917286015112
World Cup 2026/27,pre_24h_to_1h,300,92.9055261365044
World Cup 2026/27,pre_last_hour,1,20.591435185185187
World Cup 2026/27,pre_last_hour,2,40.08457977207977
World Cup 2026/27,pre_last_hour,3,53.1309650997151
World Cup 2026/27,pre_last_hour,4,61.2440349002849
World Cup 2026/27,pre_last_hour,5,67.90838675213675
World Cup 2026/27,pre_last_hour,6,73.22053062678063
World Cup 2026/27,pre_last_hour,7,77.01780626780626
World Cup 2026/27,pre_last_hour,8,80.26575854700855
World Cup 2026/27,pre_last_hour,9,82.98922720797721
World Cup 2026/27,pre_last_hour,10,85.05813746438747
World Cup 2026/27,pre_last_hour,11,86.88221153846153
World Cup 2026/27,pre_last_hour,12,88.46848290598291
World Cup 2026/27,pre_last_hour,13,89.7247150997151
World Cup 2026/27,pre_last_hour,14,90.84642094017094
World Cup 2026/27,pre_last_hour,15,91.83912037037037
World Cup 2026/27,pre_last_hour,16,92.64529914529916
World Cup 2026/27,pre_last_hour,17,93.37250712250712
World Cup 2026/27,pre_last_hour,18,94.02207977207978
World Cup 2026/27,pre_last_hour,19,94.5584935897436
World Cup 2026/27,pre_last_hour,20,95.04932336182335
World Cup 2026/27,pre_last_hour,21,95.4976851851852
World Cup 2026/27,pre_last_hour,22,95.87054843304844
World Cup 2026/27,pre_last_hour,23,96.21296296296296
World Cup 2026/27,pre_last_hour,24,96.52617521367522
World Cup 2026/27,pre_last_hour,25,96.79042022792022
World Cup 2026/27,pre_last_hour,26,97.03454415954415
World Cup 2026/27,pre_last_hour,27,97.25819088319088
World Cup 2026/27,pre_last_hour,28,97.45156695156696
World Cup 2026/27,pre_last_hour,29,97.6318554131054
World Cup 2026/27,pre_last_hour,30,97.79816595441596
World Cup 2026/27,pre_last_hour,31,97.94399928774928
World Cup 2026/27,pre_last_hour,32,98.08146367521368
World Cup 2026/27,pre_last_hour,33,98.20762108262107
World Cup 2026/27,pre_last_hour,34,98.31908831908832
World Cup 2026/27,pre_last_hour,35,98.42343304843304
World Cup 2026/27,pre_last_hour,36,98.52021011396012
World Cup 2026/27,pre_last_hour,37,98.60559116809117
World Cup 2026/27,pre_last_hour,38,98.68652065527066
World Cup 2026/27,pre_last_hour,39,98.76379985754986
World Cup 2026/27,pre_last_hour,40,98.83262108262107
World Cup 2026/27,pre_last_hour,41,98.89868233618232
World Cup 2026/27,pre_last_hour,42,98.96127136752136
World Cup 2026/27,pre_last_hour,43,99.0164707977208
World Cup 2026/27,pre_last_hour,44,99.06793091168092
World Cup 2026/27,pre_last_hour,45,99.11716524216524
World Cup 2026/27,pre_last_hour,46,99.16159188034187
World Cup 2026/27,pre_last_hour,47,99.20370370370372
World Cup 2026/27,pre_last_hour,48,99.24341168091168
World Cup 2026/27,pre_last_hour,49,99.27857905982906
World Cup 2026/27,pre_last_hour,50,99.3125
World Cup 2026/27,pre_last_hour,51,99.3451745014245
World Cup 2026/27,pre_last_hour,52,99.37473290598292
World Cup 2026/27,pre_last_hour,53,99.40233262108262
World Cup 2026/27,pre_last_hour,54,99.42922008547008
World Cup 2026/27,pre_last_hour,55,99.45290242165242
World Cup 2026/27,pre_last_hour,56,99.47489316239316
World Cup 2026/27,pre_last_hour,57,99.49581552706552
World Cup 2026/27,pre_last_hour,58,99.5153133903134
World Cup 2026/27,pre_last_hour,59,99.53427706552706
World Cup 2026/27,pre_last_hour,60,99.55243945868946
World Cup 2026/27,pre_last_hour,61,99.56944444444444
World Cup 2026/27,pre_last_hour,62,99.5858262108262
World Cup 2026/27,pre_last_hour,63,99.6014066951567
World Cup 2026/27,pre_last_hour,64,99.61600783475784
World Cup 2026/27,pre_last_hour,65,99.62971866096866
World Cup 2026/27,pre_last_hour,66,99.64307336182335
World Cup 2026/27,pre_last_hour,67,99.65562678062678
World Cup 2026/27,pre_last_hour,68,99.6679131054131
World Cup 2026/27,pre_last_hour,69,99.67975427350429
World Cup 2026/27,pre_last_hour,70,99.69079415954415
World Cup 2026/27,pre_last_hour,71,99.70138888888889
World Cup 2026/27,pre_last_hour,72,99.71180555555556
World Cup 2026/27,pre_last_hour,73,99.72150997150996
World Cup 2026/27,pre_last_hour,74,99.73094729344729
World Cup 2026/27,pre_last_hour,75,99.73985042735043
World Cup 2026/27,pre_last_hour,76,99.74848646723646
World Cup 2026/27,pre_last_hour,77,99.7571225071225
World Cup 2026/27,pre_last_hour,78,99.76540242165242
World Cup 2026/27,pre_last_hour,79,99.77297008547008
World Cup 2026/27,pre_last_hour,80,99.78000356125357
World Cup 2026/27,pre_last_hour,81,99.78659188034187
World Cup 2026/27,pre_last_hour,82,99.79300213675214
World Cup 2026/27,pre_last_hour,83,99.79923433048432
World Cup 2026/27,pre_last_hour,84,99.8053774928775
World Cup 2026/27,pre_last_hour,85,99.8108084045584
World Cup 2026/27,pre_last_hour,86,99.81588319088318
World Cup 2026/27,pre_last_hour,87,99.82095797720798
World Cup 2026/27,pre_last_hour,88,99.82603276353277
World Cup 2026/27,pre_last_hour,89,99.83110754985756
World Cup 2026/27,pre_last_hour,90,99.83591524216524
World Cup 2026/27,pre_last_hour,91,99.84027777777776
World Cup 2026/27,pre_last_hour,92,99.84464031339031
World Cup 2026/27,pre_last_hour,93,99.8489138176638
World Cup 2026/27,pre_last_hour,94,99.8530982905983
World Cup 2026/27,pre_last_hour,95,99.85701566951568
World Cup 2026/27,pre_last_hour,96,99.86093304843304
World Cup 2026/27,pre_last_hour,97,99.8647613960114
World Cup 2026/27,pre_last_hour,98,99.86832264957263
World Cup 2026/27,pre_last_hour,99,99.87179487179488
World Cup 2026/27,pre_last_hour,100,99.87508903133904
World Cup 2026/27,pre_last_hour,101,99.87829415954415
World Cup 2026/27,pre_last_hour,102,99.88114316239316
World Cup 2026/27,pre_last_hour,103,99.883547008547
World Cup 2026/27,pre_last_hour,104,99.88586182336182
World Cup 2026/27,pre_last_hour,105,99.88799857549856
World Cup 2026/27,pre_last_hour,106,99.89004629629628
World Cup 2026/27,pre_last_hour,107,99.89209401709402
World Cup 2026/27,pre_last_hour,108,99.89414173789174
World Cup 2026/27,pre_last_hour,109,99.89618945868946
World Cup 2026/27,pre_last_hour,110,99.89823717948718
World Cup 2026/27,pre_last_hour,111,99.9002849002849
World Cup 2026/27,pre_last_hour,112,99.90215455840456
World Cup 2026/27,pre_last_hour,113,99.9039351851852
World Cup 2026/27,pre_last_hour,114,99.9057158119658
World Cup 2026/27,pre_last_hour,115,99.90749643874643
World Cup 2026/27,pre_last_hour,116,99.90927706552706
World Cup 2026/27,pre_last_hour,117,99.9110576923077
World Cup 2026/27,pre_last_hour,118,99.91283831908832
World Cup 2026/27,pre_last_hour,119,99.91461894586897
World Cup 2026/27,pre_last_hour,120,99.91639957264957
World Cup 2026/27,pre_last_hour,121,99.91809116809117
World Cup 2026/27,pre_last_hour,122,99.91978276353277
World Cup 2026/27,pre_last_hour,123,99.92147435897436
World Cup 2026/27,pre_last_hour,124,99.92307692307692
World Cup 2026/27,pre_last_hour,125,99.92467948717947
World Cup 2026/27,pre_last_hour,126,99.92628205128206
World Cup 2026/27,pre_last_hour,127,99.9278846153846
World Cup 2026/27,pre_last_hour,128,99.92939814814817
World Cup 2026/27,pre_last_hour,129,99.93091168091168
World Cup 2026/27,pre_last_hour,130,99.93224715099716
World Cup 2026/27,pre_last_hour,131,99.93358262108262
World Cup 2026/27,pre_last_hour,132,99.93491809116809
World Cup 2026/27,pre_last_hour,133,99.93625356125357
World Cup 2026/27,pre_last_hour,134,99.93758903133904
World Cup 2026/27,pre_last_hour,135,99.9389245014245
World Cup 2026/27,pre_last_hour,136,99.94017094017094
World Cup 2026/27,pre_last_hour,137,99.94141737891738
World Cup 2026/27,pre_last_hour,138,99.94257478632478
World Cup 2026/27,pre_last_hour,139,99.94364316239316
World Cup 2026/27,pre_last_hour,140,99.94471153846152
World Cup 2026/27,pre_last_hour,141,99.94569088319088
World Cup 2026/27,pre_last_hour,142,99.9465811965812
World Cup 2026/27,pre_last_hour,143,99.9474715099715
World Cup 2026/27,pre_last_hour,144,99.94836182336182
World Cup 2026/27,pre_last_hour,145,99.94925213675214
World Cup 2026/27,pre_last_hour,146,99.95014245014244
World Cup 2026/27,pre_last_hour,147,99.95103276353277
World Cup 2026/27,pre_last_hour,148,99.95174501424502
World Cup 2026/27,pre_last_hour,149,99.95245726495726
World Cup 2026/27,pre_last_hour,150,99.95316951566952
World Cup 2026/27,pre_last_hour,151,99.95388176638176
World Cup 2026/27,pre_last_hour,152,99.95459401709402
World Cup 2026/27,pre_last_hour,153,99.95530626780626
World Cup 2026/27,pre_last_hour,154,99.95584045584046
World Cup 2026/27,pre_last_hour,155,99.95637464387464
World Cup 2026/27,pre_last_hour,156,99.95690883190883
World Cup 2026/27,pre_last_hour,157,99.957443019943
World Cup 2026/27,pre_last_hour,158,99.9579772079772
World Cup 2026/27,pre_last_hour,159,99.9585113960114
World Cup 2026/27,pre_last_hour,160,99.95904558404558
World Cup 2026/27,pre_last_hour,161,99.95957977207978
World Cup 2026/27,pre_last_hour,162,99.96011396011396
World Cup 2026/27,pre_last_hour,163,99.96064814814817
World Cup 2026/27,pre_last_hour,164,99.96118233618232
World Cup 2026/27,pre_last_hour,165,99.96171652421653
World Cup 2026/27,pre_last_hour,166,99.96225071225072
World Cup 2026/27,pre_last_hour,167,99.96269586894589
World Cup 2026/27,pre_last_hour,168,99.96314102564102
World Cup 2026/27,pre_last_hour,169,99.9635861823362
World Cup 2026/27,pre_last_hour,170,99.96403133903134
World Cup 2026/27,pre_last_hour,171,99.9644764957265
World Cup 2026/27,pre_last_hour,172,99.96492165242164
World Cup 2026/27,pre_last_hour,173,99.96536680911682
World Cup 2026/27,pre_last_hour,174,99.96581196581197
World Cup 2026/27,pre_last_hour,175,99.96625712250712
World Cup 2026/27,pre_last_hour,176,99.96670227920228
World Cup 2026/27,pre_last_hour,177,99.96714743589745
World Cup 2026/27,pre_last_hour,178,99.9675925925926
World Cup 2026/27,pre_last_hour,179,99.96803774928776
World Cup 2026/27,pre_last_hour,180,99.96839387464388
World Cup 2026/27,pre_last_hour,181,99.96875
World Cup 2026/27,pre_last_hour,182,99.96910612535612
World Cup 2026/27,pre_last_hour,183,99.96946225071224
World Cup 2026/27,pre_last_hour,184,99.96981837606836
World Cup 2026/27,pre_last_hour,185,99.9701745014245
World Cup 2026/27,pre_last_hour,186,99.97053062678064
World Cup 2026/27,pre_last_hour,187,99.97088675213676
World Cup 2026/27,pre_last_hour,188,99.97124287749288
World Cup 2026/27,pre_last_hour,189,99.971599002849
World Cup 2026/27,pre_last_hour,190,99.97195512820512
World Cup 2026/27,pre_last_hour,191,99.97231125356126
World Cup 2026/27,pre_last_hour,192,99.97266737891738
World Cup 2026/27,pre_last_hour,193,99.9730235042735
World Cup 2026/27,pre_last_hour,194,99.97337962962963
World Cup 2026/27,pre_last_hour,195,99.97373575498575
World Cup 2026/27,pre_last_hour,196,99.97400284900284
World Cup 2026/27,pre_last_hour,197,99.97426994301996
World Cup 2026/27,pre_last_hour,198,99.97453703703704
World Cup 2026/27,pre_last_hour,199,99.97480413105411
World Cup 2026/27,pre_last_hour,200,99.97507122507122
World Cup 2026/27,pre_last_hour,201,99.97533831908832
World Cup 2026/27,pre_last_hour,202,99.9756054131054
World Cup 2026/27,pre_last_hour,203,99.9758725071225
World Cup 2026/27,pre_last_hour,204,99.9761396011396
World Cup 2026/27,pre_last_hour,205,99.9764066951567
World Cup 2026/27,pre_last_hour,206,99.9766737891738
World Cup 2026/27,pre_last_hour,207,99.97694088319088
World Cup 2026/27,pre_last_hour,208,99.97711894586897
World Cup 2026/27,pre_last_hour,209,99.977297008547
World Cup 2026/27,pre_last_hour,210,99.97747507122509
World Cup 2026/27,pre_last_hour,211,99.97765313390312
World Cup 2026/27,pre_last_hour,212,99.9778311965812
World Cup 2026/27,pre_last_hour,213,99.97800925925924
World Cup 2026/27,pre_last_hour,214,99.97818732193733
World Cup 2026/27,pre_last_hour,215,99.9783653846154
World Cup 2026/27,pre_last_hour,216,99.97854344729345
World Cup 2026/27,pre_last_hour,217,99.9787215099715
World Cup 2026/27,pre_last_hour,218,99.97889957264957
World Cup 2026/27,pre_last_hour,219,99.97907763532764
World Cup 2026/27,pre_last_hour,220,99.9792556980057
World Cup 2026/27,pre_last_hour,221,99.97943376068376
World Cup 2026/27,pre_last_hour,222,99.97961182336182
World Cup 2026/27,pre_last_hour,223,99.97978988603988
World Cup 2026/27,pre_last_hour,224,99.97996794871794
World Cup 2026/27,pre_last_hour,225,99.980056980057
World Cup 2026/27,pre_last_hour,226,99.98014601139602
World Cup 2026/27,pre_last_hour,227,99.98023504273505
World Cup 2026/27,pre_last_hour,228,99.98032407407408
World Cup 2026/27,pre_last_hour,229,99.9804131054131
World Cup 2026/27,pre_last_hour,230,99.98050213675214
World Cup 2026/27,pre_last_hour,231,99.98059116809117
World Cup 2026/27,pre_last_hour,232,99.9806801994302
World Cup 2026/27,pre_last_hour,233,99.98076923076924
World Cup 2026/27,pre_last_hour,234,99.98085826210826
World Cup 2026/27,pre_last_hour,235,99.98094729344729
World Cup 2026/27,pre_last_hour,236,99.98103632478632
World Cup 2026/27,pre_last_hour,237,99.98112535612536
World Cup 2026/27,pre_last_hour,238,99.9812143874644
World Cup 2026/27,pre_last_hour,239,99.98130341880342
World Cup 2026/27,pre_last_hour,240,99.98139245014244
World Cup 2026/27,pre_last_hour,241,99.98148148148148
World Cup 2026/27,pre_last_hour,242,99.98157051282053
World Cup 2026/27,pre_last_hour,243,99.98165954415954
World Cup 2026/27,pre_last_hour,244,99.98174857549856
World Cup 2026/27,pre_last_hour,245,99.9818376068376
World Cup 2026/27,pre_last_hour,246,99.98192663817665
World Cup 2026/27,pre_last_hour,247,99.98201566951568
World Cup 2026/27,pre_last_hour,248,99.9821047008547
World Cup 2026/27,pre_last_hour,249,99.98219373219374
World Cup 2026/27,pre_last_hour,250,99.98228276353277
World Cup 2026/27,pre_last_hour,251,99.9823717948718
World Cup 2026/27,pre_last_hour,252,99.98246082621084
World Cup 2026/27,pre_last_hour,253,99.98254985754986
World Cup 2026/27,pre_last_hour,254,99.98263888888889
World Cup 2026/27,pre_last_hour,255,99.98272792022792
World Cup 2026/27,pre_last_hour,256,99.98281695156696
World Cup 2026/27,pre_last_hour,257,99.98290598290598
World Cup 2026/27,pre_last_hour,258,99.98299501424502
World Cup 2026/27,pre_last_hour,259,99.98308404558404
World Cup 2026/27,pre_last_hour,260,99.98317307692308
World Cup 2026/27,pre_last_hour,261,99.98326210826212
World Cup 2026/27,pre_last_hour,262,99.98335113960114
World Cup 2026/27,pre_last_hour,263,99.98344017094016
World Cup 2026/27,pre_last_hour,264,99.9835292022792
World Cup 2026/27,pre_last_hour,265,99.98361823361824
World Cup 2026/27,pre_last_hour,266,99.98370726495726
World Cup 2026/27,pre_last_hour,267,99.98379629629628
World Cup 2026/27,pre_last_hour,268,99.98388532763532
World Cup 2026/27,pre_last_hour,269,99.98397435897436
World Cup 2026/27,pre_last_hour,270,99.9840633903134
World Cup 2026/27,pre_last_hour,271,99.98415242165242
World Cup 2026/27,pre_last_hour,272,99.98424145299144
World Cup 2026/27,pre_last_hour,273,99.98433048433048
World Cup 2026/27,pre_last_hour,274,99.98441951566952
World Cup 2026/27,pre_last_hour,275,99.98450854700856
World Cup 2026/27,pre_last_hour,276,99.98459757834758
World Cup 2026/27,pre_last_hour,277,99.9846866096866
World Cup 2026/27,pre_last_hour,278,99.98477564102564
World Cup 2026/27,pre_last_hour,279,99.98486467236468
World Cup 2026/27,pre_last_hour,280,99.98495370370372
World Cup 2026/27,pre_last_hour,281,99.98504273504274
World Cup 2026/27,pre_last_hour,282,99.98513176638176
World Cup 2026/27,pre_last_hour,283,99.9852207977208
World Cup 2026/27,pre_last_hour,284,99.98530982905984
World Cup 2026/27,pre_last_hour,285,99.98539886039886
World Cup 2026/27,pre_last_hour,286,99.98548789173788
World Cup 2026/27,pre_last_hour,287,99.98557692307692
World Cup 2026/27,pre_last_hour,288,99.98566595441596
World Cup 2026/27,pre_last_hour,289,99.98575498575498
World Cup 2026/27,pre_last_hour,290,99.98584401709402
World Cup 2026/27,pre_last_hour,291,99.98593304843304
World Cup 2026/27,pre_last_hour,292,99.98602207977208
World Cup 2026/27,pre_last_hour,293,99.98611111111111
World Cup 2026/27,pre_last_hour,294,99.98620014245014
World Cup 2026/27,pre_last_hour,295,99.98628917378916
World Cup 2026/27,pre_last_hour,296,99.9863782051282
World Cup 2026/27,pre_last_hour,297,99.98646723646723
World Cup 2026/27,pre_last_hour,298,99.98655626780626
World Cup 2026/27,pre_last_hour,299,99.9866452991453
World Cup 2026/27,pre_last_hour,300,99.98673433048432
World Cup 2026/27,post_0_to_55m,1,32.86703574203574
World Cup 2026/27,post_0_to_55m,2,59.79088966588967
World Cup 2026/27,post_0_to_55m,3,73.70493395493395
World Cup 2026/27,post_0_to_55m,4,80.63471250971251
World Cup 2026/27,post_0_to_55m,5,85.8525641025641
World Cup 2026/27,post_0_to_55m,6,89.53554778554779
World Cup 2026/27,post_0_to_55m,7,91.7503885003885
World Cup 2026/27,post_0_to_55m,8,93.52768065268066
World Cup 2026/27,post_0_to_55m,9,94.89695027195027
World Cup 2026/27,post_0_to_55m,10,95.80409867909869
World Cup 2026/27,post_0_to_55m,11,96.56128593628594
World Cup 2026/27,post_0_to_55m,12,97.16880341880342
World Cup 2026/27,post_0_to_55m,13,97.59897047397048
World Cup 2026/27,post_0_to_55m,14,97.97163947163948
World Cup 2026/27,post_0_to_55m,15,98.28311965811966
World Cup 2026/27,post_0_to_55m,16,98.50767288267288
World Cup 2026/27,post_0_to_55m,17,98.7055167055167
World Cup 2026/27,post_0_to_55m,18,98.87092074592074
World Cup 2026/27,post_0_to_55m,19,98.99932012432012
World Cup 2026/27,post_0_to_55m,20,99.11499611499612
World Cup 2026/27,post_0_to_55m,21,99.21581196581197
World Cup 2026/27,post_0_to_55m,22,99.2960372960373
World Cup 2026/27,post_0_to_55m,23,99.36858974358974
World Cup 2026/27,post_0_to_55m,24,99.4330808080808
World Cup 2026/27,post_0_to_55m,25,99.4849456099456
World Cup 2026/27,post_0_to_55m,26,99.5316627816628
World Cup 2026/27,post_0_to_55m,27,99.5731351981352
World Cup 2026/27,post_0_to_55m,28,99.60790598290598
World Cup 2026/27,post_0_to_55m,29,99.64015151515152
World Cup 2026/27,post_0_to_55m,30,99.6695804195804
World Cup 2026/27,post_0_to_55m,31,99.69434731934732
World Cup 2026/27,post_0_to_55m,32,99.71726884226884
World Cup 2026/27,post_0_to_55m,33,99.738344988345
World Cup 2026/27,post_0_to_55m,34,99.75573038073038
World Cup 2026/27,post_0_to_55m,35,99.7720473970474
World Cup 2026/27,post_0_to_55m,36,99.78719891219892
World Cup 2026/27,post_0_to_55m,37,99.80021367521368
World Cup 2026/27,post_0_to_55m,38,99.81206293706292
World Cup 2026/27,post_0_to_55m,39,99.82245532245533
World Cup 2026/27,post_0_to_55m,40,99.83207070707071
World Cup 2026/27,post_0_to_55m,41,99.84110334110332
World Cup 2026/27,post_0_to_55m,42,99.8498445998446
World Cup 2026/27,post_0_to_55m,43,99.8576146076146
World Cup 2026/27,post_0_to_55m,44,99.86509324009324
World Cup 2026/27,post_0_to_55m,45,99.87208624708624
World Cup 2026/27,post_0_to_55m,46,99.878108003108
World Cup 2026/27,post_0_to_55m,47,99.88374125874124
World Cup 2026/27,post_0_to_55m,48,99.88918026418028
World Cup 2026/27,post_0_to_55m,49,99.89423076923076
World Cup 2026/27,post_0_to_55m,50,99.89908702408702
World Cup 2026/27,post_0_to_55m,51,99.90374902874905
World Cup 2026/27,post_0_to_55m,52,99.90802253302252
World Cup 2026/27,post_0_to_55m,53,99.91229603729604
World Cup 2026/27,post_0_to_55m,54,99.91647241647242
World Cup 2026/27,post_0_to_55m,55,99.92045454545456
World Cup 2026/27,post_0_to_55m,56,99.92433954933956
World Cup 2026/27,post_0_to_55m,57,99.92793317793318
World Cup 2026/27,post_0_to_55m,58,99.93133255633256
World Cup 2026/27,post_0_to_55m,59,99.93463480963482
World Cup 2026/27,post_0_to_55m,60,99.93783993783994
World Cup 2026/27,post_0_to_55m,61,99.94104506604506
World Cup 2026/27,post_0_to_55m,62,99.94405594405596
World Cup 2026/27,post_0_to_55m,63,99.9465811965812
World Cup 2026/27,post_0_to_55m,64,99.94862082362084
World Cup 2026/27,post_0_to_55m,65,99.95066045066044
World Cup 2026/27,post_0_to_55m,66,99.95270007770009
World Cup 2026/27,post_0_to_55m,67,99.9543512043512
World Cup 2026/27,post_0_to_55m,68,99.95600233100232
World Cup 2026/27,post_0_to_55m,69,99.9574592074592
World Cup 2026/27,post_0_to_55m,70,99.95881895881897
World Cup 2026/27,post_0_to_55m,71,99.96017871017872
World Cup 2026/27,post_0_to_55m,72,99.96153846153848
World Cup 2026/27,post_0_to_55m,73,99.96260683760684
World Cup 2026/27,post_0_to_55m,74,99.96367521367522
World Cup 2026/27,post_0_to_55m,75,99.9647435897436
World Cup 2026/27,post_0_to_55m,76,99.96581196581197
World Cup 2026/27,post_0_to_55m,77,99.96688034188034
World Cup 2026/27,post_0_to_55m,78,99.96794871794872
World Cup 2026/27,post_0_to_55m,79,99.96901709401708
World Cup 2026/27,post_0_to_55m,80,99.97008547008546
World Cup 2026/27,post_0_to_55m,81,99.97115384615384
World Cup 2026/27,post_0_to_55m,82,99.97222222222224
World Cup 2026/27,post_0_to_55m,83,99.97319347319348
World Cup 2026/27,post_0_to_55m,84,99.97416472416472
World Cup 2026/27,post_0_to_55m,85,99.97513597513596
World Cup 2026/27,post_0_to_55m,86,99.97591297591298
World Cup 2026/27,post_0_to_55m,87,99.97668997668998
World Cup 2026/27,post_0_to_55m,88,99.97746697746696
World Cup 2026/27,post_0_to_55m,89,99.97824397824398
World Cup 2026/27,post_0_to_55m,90,99.97902097902096
World Cup 2026/27,post_0_to_55m,91,99.97960372960372
World Cup 2026/27,post_0_to_55m,92,99.98018648018648
World Cup 2026/27,post_0_to_55m,93,99.98076923076924
World Cup 2026/27,post_0_to_55m,94,99.98135198135198
World Cup 2026/27,post_0_to_55m,95,99.98193473193471
World Cup 2026/27,post_0_to_55m,96,99.98251748251748
World Cup 2026/27,post_0_to_55m,97,99.98310023310025
World Cup 2026/27,post_0_to_55m,98,99.98368298368298
World Cup 2026/27,post_0_to_55m,99,99.98426573426572
World Cup 2026/27,post_0_to_55m,100,99.98484848484848
World Cup 2026/27,post_0_to_55m,101,99.98543123543124
World Cup 2026/27,post_0_to_55m,102,99.98581973581972
World Cup 2026/27,post_0_to_55m,103,99.98620823620824
World Cup 2026/27,post_0_to_55m,104,99.98659673659674
World Cup 2026/27,post_0_to_55m,105,99.98698523698523
World Cup 2026/27,post_0_to_55m,106,99.98737373737374
World Cup 2026/27,post_0_to_55m,107,99.98776223776224
World Cup 2026/27,post_0_to_55m,108,99.98815073815074
World Cup 2026/27,post_0_to_55m,109,99.98853923853925
World Cup 2026/27,post_0_to_55m,110,99.98892773892774
World Cup 2026/27,post_0_to_55m,111,99.98931623931624
World Cup 2026/27,post_0_to_55m,112,99.98970473970472
World Cup 2026/27,post_0_to_55m,113,99.99009324009324
World Cup 2026/27,post_0_to_55m,114,99.99048174048174
World Cup 2026/27,post_0_to_55m,115,99.99087024087024
World Cup 2026/27,post_0_to_55m,116,99.99125874125876
World Cup 2026/27,post_0_to_55m,117,99.99164724164724
World Cup 2026/27,post_0_to_55m,118,99.99203574203574
World Cup 2026/27,post_0_to_55m,119,99.99242424242424
World Cup 2026/27,post_0_to_55m,120,99.99281274281276
World Cup 2026/27,post_0_to_55m,121,99.99320124320124
World Cup 2026/27,post_0_to_55m,122,99.99358974358974
World Cup 2026/27,post_0_to_55m,123,99.99397824397823
World Cup 2026/27,post_0_to_55m,124,99.99436674436674
World Cup 2026/27,post_0_to_55m,125,99.99475524475524
World Cup 2026/27,post_0_to_55m,126,99.99514374514376
World Cup 2026/27,post_0_to_55m,127,99.99553224553225
World Cup 2026/27,post_0_to_55m,128,99.9958236208236
World Cup 2026/27,post_0_to_55m,129,99.996114996115
World Cup 2026/27,post_0_to_55m,130,99.99640637140637
World Cup 2026/27,post_0_to_55m,131,99.99669774669776
World Cup 2026/27,post_0_to_55m,132,99.996891996892
World Cup 2026/27,post_0_to_55m,133,99.99708624708624
World Cup 2026/27,post_0_to_55m,134,99.9972804972805
World Cup 2026/27,post_0_to_55m,135,99.99747474747475
World Cup 2026/27,post_0_to_55m,136,99.997668997669
World Cup 2026/27,post_0_to_55m,137,99.99786324786324
World Cup 2026/27,post_0_to_55m,138,99.99805749805748
World Cup 2026/27,post_0_to_55m,139,99.99825174825176
World Cup 2026/27,post_0_to_55m,140,99.998445998446
World Cup 2026/27,post_0_to_55m,141,99.99864024864024
World Cup 2026/27,post_0_to_55m,142,99.9988344988345
World Cup 2026/27,post_0_to_55m,143,99.99902874902877
World Cup 2026/27,post_0_to_55m,144,99.999222999223
World Cup 2026/27,post_0_to_55m,145,99.99932012432012
World Cup 2026/27,post_0_to_55m,146,99.99941724941723
World Cup 2026/27,post_0_to_55m,147,99.99951437451438
World Cup 2026/27,post_0_to_55m,148,99.9996114996115
World Cup 2026/27,post_0_to_55m,149,99.99970862470865
World Cup 2026/27,post_0_to_55m,150,99.99980574980574
World Cup 2026/27,post_0_to_55m,151,99.99990287490289
World Cup 2026/27,post_0_to_55m,152,100.0
World Cup 2026/27,post_0_to_55m,153,100.0
World Cup 2026/27,post_0_to_55m,154,100.0
World Cup 2026/27,post_0_to_55m,155,100.0
World Cup 2026/27,post_0_to_55m,156,100.0
World Cup 2026/27,post_0_to_55m,157,100.0
World Cup 2026/27,post_0_to_55m,158,100.0
World Cup 2026/27,post_0_to_55m,159,100.0
World Cup 2026/27,post_0_to_55m,160,100.0
World Cup 2026/27,post_0_to_55m,161,100.0
World Cup 2026/27,post_0_to_55m,162,100.0
World Cup 2026/27,post_0_to_55m,163,100.0
World Cup 2026/27,post_0_to_55m,164,100.0
World Cup 2026/27,post_0_to_55m,165,100.0
World Cup 2026/27,post_0_to_55m,166,100.0
World Cup 2026/27,post_0_to_55m,167,100.0
World Cup 2026/27,post_0_to_55m,168,100.0
World Cup 2026/27,post_0_to_55m,169,100.0
World Cup 2026/27,post_0_to_55m,170,100.0
World Cup 2026/27,post_0_to_55m,171,100.0
World Cup 2026/27,post_0_to_55m,172,100.0
World Cup 2026/27,post_0_to_55m,173,100.0
World Cup 2026/27,post_0_to_55m,174,100.0
World Cup 2026/27,post_0_to_55m,175,100.0
World Cup 2026/27,post_0_to_55m,176,100.0
World Cup 2026/27,post_0_to_55m,177,100.0
World Cup 2026/27,post_0_to_55m,178,100.0
World Cup 2026/27,post_0_to_55m,179,100.0
World Cup 2026/27,post_0_to_55m,180,100.0
World Cup 2026/27,post_0_to_55m,181,100.0
World Cup 2026/27,post_0_to_55m,182,100.0
World Cup 2026/27,post_0_to_55m,183,100.0
World Cup 2026/27,post_0_to_55m,184,100.0
World Cup 2026/27,post_0_to_55m,185,100.0
World Cup 2026/27,post_0_to_55m,186,100.0
World Cup 2026/27,post_0_to_55m,187,100.0
World Cup 2026/27,post_0_to_55m,188,100.0
World Cup 2026/27,post_0_to_55m,189,100.0
World Cup 2026/27,post_0_to_55m,190,100.0
World Cup 2026/27,post_0_to_55m,191,100.0
World Cup 2026/27,post_0_to_55m,192,100.0
World Cup 2026/27,post_0_to_55m,193,100.0
World Cup 2026/27,post_0_to_55m,194,100.0
World Cup 2026/27,post_0_to_55m,195,100.0
World Cup 2026/27,post_0_to_55m,196,100.0
World Cup 2026/27,post_0_to_55m,197,100.0
World Cup 2026/27,post_0_to_55m,198,100.0
World Cup 2026/27,post_0_to_55m,199,100.0
World Cup 2026/27,post_0_to_55m,200,100.0
World Cup 2026/27,post_0_to_55m,201,100.0
World Cup 2026/27,post_0_to_55m,202,100.0
World Cup 2026/27,post_0_to_55m,203,100.0
World Cup 2026/27,post_0_to_55m,204,100.0
World Cup 2026/27,post_0_to_55m,205,100.0
World Cup 2026/27,post_0_to_55m,206,100.0
World Cup 2026/27,post_0_to_55m,207,100.0
World Cup 2026/27,post_0_to_55m,208,100.0
World Cup 2026/27,post_0_to_55m,209,100.0
World Cup 2026/27,post_0_to_55m,210,100.0
World Cup 2026/27,post_0_to_55m,211,100.0
World Cup 2026/27,post_0_to_55m,212,100.0
World Cup 2026/27,post_0_to_55m,213,100.0
World Cup 2026/27,post_0_to_55m,214,100.0
World Cup 2026/27,post_0_to_55m,215,100.0
World Cup 2026/27,post_0_to_55m,216,100.0
World Cup 2026/27,post_0_to_55m,217,100.0
World Cup 2026/27,post_0_to_55m,218,100.0
World Cup 2026/27,post_0_to_55m,219,100.0
World Cup 2026/27,post_0_to_55m,220,100.0
World Cup 2026/27,post_0_to_55m,221,100.0
World Cup 2026/27,post_0_to_55m,222,100.0
World Cup 2026/27,post_0_to_55m,223,100.0
World Cup 2026/27,post_0_to_55m,224,100.0
World Cup 2026/27,post_0_to_55m,225,100.0
World Cup 2026/27,post_0_to_55m,226,100.0
World Cup 2026/27,post_0_to_55m,227,100.0
World Cup 2026/27,post_0_to_55m,228,100.0
World Cup 2026/27,post_0_to_55m,229,100.0
World Cup 2026/27,post_0_to_55m,230,100.0
World Cup 2026/27,post_0_to_55m,231,100.0
World Cup 2026/27,post_0_to_55m,232,100.0
World Cup 2026/27,post_0_to_55m,233,100.0
World Cup 2026/27,post_0_to_55m,234,100.0
World Cup 2026/27,post_0_to_55m,235,100.0
World Cup 2026/27,post_0_to_55m,236,100.0
World Cup 2026/27,post_0_to_55m,237,100.0
World Cup 2026/27,post_0_to_55m,238,100.0
World Cup 2026/27,post_0_to_55m,239,100.0
World Cup 2026/27,post_0_to_55m,240,100.0
World Cup 2026/27,post_0_to_55m,241,100.0
World Cup 2026/27,post_0_to_55m,242,100.0
World Cup 2026/27,post_0_to_55m,243,100.0
World Cup 2026/27,post_0_to_55m,244,100.0
World Cup 2026/27,post_0_to_55m,245,100.0
World Cup 2026/27,post_0_to_55m,246,100.0
World Cup 2026/27,post_0_to_55m,247,100.0
World Cup 2026/27,post_0_to_55m,248,100.0
World Cup 2026/27,post_0_to_55m,249,100.0
World Cup 2026/27,post_0_to_55m,250,100.0
World Cup 2026/27,post_0_to_55m,251,100.0
World Cup 2026/27,post_0_to_55m,252,100.0
World Cup 2026/27,post_0_to_55m,253,100.0
World Cup 2026/27,post_0_to_55m,254,100.0
World Cup 2026/27,post_0_to_55m,255,100.0
World Cup 2026/27,post_0_to_55m,256,100.0
World Cup 2026/27,post_0_to_55m,257,100.0
World Cup 2026/27,post_0_to_55m,258,100.0
World Cup 2026/27,post_0_to_55m,259,100.0
World Cup 2026/27,post_0_to_55m,260,100.0
World Cup 2026/27,post_0_to_55m,261,100.0
World Cup 2026/27,post_0_to_55m,262,100.0
World Cup 2026/27,post_0_to_55m,263,100.0
World Cup 2026/27,post_0_to_55m,264,100.0
World Cup 2026/27,post_0_to_55m,265,100.0
World Cup 2026/27,post_0_to_55m,266,100.0
World Cup 2026/27,post_0_to_55m,267,100.0
World Cup 2026/27,post_0_to_55m,268,100.0
World Cup 2026/27,post_0_to_55m,269,100.0
World Cup 2026/27,post_0_to_55m,270,100.0
World Cup 2026/27,post_0_to_55m,271,100.0
World Cup 2026/27,post_0_to_55m,272,100.0
World Cup 2026/27,post_0_to_55m,273,100.0
World Cup 2026/27,post_0_to_55m,274,100.0
World Cup 2026/27,post_0_to_55m,275,100.0
World Cup 2026/27,post_0_to_55m,276,100.0
World Cup 2026/27,post_0_to_55m,277,100.0
World Cup 2026/27,post_0_to_55m,278,100.0
World Cup 2026/27,post_0_to_55m,279,100.0
World Cup 2026/27,post_0_to_55m,280,100.0
World Cup 2026/27,post_0_to_55m,281,100.0
World Cup 2026/27,post_0_to_55m,282,100.0
World Cup 2026/27,post_0_to_55m,283,100.0
World Cup 2026/27,post_0_to_55m,284,100.0
World Cup 2026/27,post_0_to_55m,285,100.0
World Cup 2026/27,post_0_to_55m,286,100.0
World Cup 2026/27,post_0_to_55m,287,100.0
World Cup 2026/27,post_0_to_55m,288,100.0
World Cup 2026/27,post_0_to_55m,289,100.0
World Cup 2026/27,post_0_to_55m,290,100.0
World Cup 2026/27,post_0_to_55m,291,100.0
World Cup 2026/27,post_0_to_55m,292,100.0
World Cup 2026/27,post_0_to_55m,293,100.0
World Cup 2026/27,post_0_to_55m,294,100.0
World Cup 2026/27,post_0_to_55m,295,100.0
World Cup 2026/27,post_0_to_55m,296,100.0
World Cup 2026/27,post_0_to_55m,297,100.0
World Cup 2026/27,post_0_to_55m,298,100.0
World Cup 2026/27,post_0_to_55m,299,100.0
World Cup 2026/27,post_0_to_55m,300,100.0
World Cup 2026/27,post_55_to_105m,1,32.40555555555556
World Cup 2026/27,post_55_to_105m,2,57.573076923076925
World Cup 2026/27,post_55_to_105m,3,69.64198717948717
World Cup 2026/27,post_55_to_105m,4,75.67200854700855
World Cup 2026/27,post_55_to_105m,5,80.35277777777777
World Cup 2026/27,post_55_to_105m,6,83.76485042735042
World Cup 2026/27,post_55_to_105m,7,85.98055555555555
World Cup 2026/27,post_55_to_105m,8,87.83344017094016
World Cup 2026/27,post_55_to_105m,9,89.33354700854701
World Cup 2026/27,post_55_to_105m,10,90.4142094017094
World Cup 2026/27,post_55_to_105m,11,91.34786324786324
World Cup 2026/27,post_55_to_105m,12,92.14508547008548
World Cup 2026/27,post_55_to_105m,13,92.7599358974359
World Cup 2026/27,post_55_to_105m,14,93.3061965811966
World Cup 2026/27,post_55_to_105m,15,93.78568376068375
World Cup 2026/27,post_55_to_105m,16,94.17489316239316
World Cup 2026/27,post_55_to_105m,17,94.5255341880342
World Cup 2026/27,post_55_to_105m,18,94.84348290598292
World Cup 2026/27,post_55_to_105m,19,95.10758547008548
World Cup 2026/27,post_55_to_105m,20,95.35
World Cup 2026/27,post_55_to_105m,21,95.5688034188034
World Cup 2026/27,post_55_to_105m,22,95.75373931623932
World Cup 2026/27,post_55_to_105m,23,95.92478632478633
World Cup 2026/27,post_55_to_105m,24,96.08386752136752
World Cup 2026/27,post_55_to_105m,25,96.22371794871796
World Cup 2026/27,post_55_to_105m,26,96.35544871794872
World Cup 2026/27,post_55_to_105m,27,96.47927350427352
World Cup 2026/27,post_55_to_105m,28,96.5917735042735
World Cup 2026/27,post_55_to_105m,29,96.69775641025642
World Cup 2026/27,post_55_to_105m,30,96.79690170940172
World Cup 2026/27,post_55_to_105m,31,96.8846153846154
World Cup 2026/27,post_55_to_105m,32,96.96720085470083
World Cup 2026/27,post_55_to_105m,33,97.04594017094016
World Cup 2026/27,post_55_to_105m,34,97.11752136752136
World Cup 2026/27,post_55_to_105m,35,97.18600427350428
World Cup 2026/27,post_55_to_105m,36,97.2522435897436
World Cup 2026/27,post_55_to_105m,37,97.31388888888888
World Cup 2026/27,post_55_to_105m,38,97.3738247863248
World Cup 2026/27,post_55_to_105m,39,97.4306623931624
World Cup 2026/27,post_55_to_105m,40,97.48472222222222
World Cup 2026/27,post_55_to_105m,41,97.5369658119658
World Cup 2026/27,post_55_to_105m,42,97.5875
World Cup 2026/27,post_55_to_105m,43,97.6349358974359
World Cup 2026/27,post_55_to_105m,44,97.68076923076924
World Cup 2026/27,post_55_to_105m,45,97.72564102564102
World Cup 2026/27,post_55_to_105m,46,97.76773504273504
World Cup 2026/27,post_55_to_105m,47,97.80876068376068
World Cup 2026/27,post_55_to_105m,48,97.84839743589744
World Cup 2026/27,post_55_to_105m,49,97.8869658119658
World Cup 2026/27,post_55_to_105m,50,97.92425213675212
World Cup 2026/27,post_55_to_105m,51,97.96089743589744
World Cup 2026/27,post_55_to_105m,52,97.9957264957265
World Cup 2026/27,post_55_to_105m,53,98.0298076923077
World Cup 2026/27,post_55_to_105m,54,98.06239316239316
World Cup 2026/27,post_55_to_105m,55,98.09369658119658
World Cup 2026/27,post_55_to_105m,56,98.12435897435896
World Cup 2026/27,post_55_to_105m,57,98.15363247863247
World Cup 2026/27,post_55_to_105m,58,98.18226495726496
World Cup 2026/27,post_55_to_105m,59,98.21047008547008
World Cup 2026/27,post_55_to_105m,60,98.23792735042736
World Cup 2026/27,post_55_to_105m,61,98.2647435897436
World Cup 2026/27,post_55_to_105m,62,98.29123931623931
World Cup 2026/27,post_55_to_105m,63,98.31688034188032
World Cup 2026/27,post_55_to_105m,64,98.34155982905985
World Cup 2026/27,post_55_to_105m,65,98.36581196581196
World Cup 2026/27,post_55_to_105m,66,98.38942307692308
World Cup 2026/27,post_55_to_105m,67,98.4125
World Cup 2026/27,post_55_to_105m,68,98.43482905982906
World Cup 2026/27,post_55_to_105m,69,98.4568376068376
World Cup 2026/27,post_55_to_105m,70,98.47777777777776
World Cup 2026/27,post_55_to_105m,71,98.49818376068376
World Cup 2026/27,post_55_to_105m,72,98.51805555555556
World Cup 2026/27,post_55_to_105m,73,98.53717948717949
World Cup 2026/27,post_55_to_105m,74,98.5559829059829
World Cup 2026/27,post_55_to_105m,75,98.57467948717948
World Cup 2026/27,post_55_to_105m,76,98.5926282051282
World Cup 2026/27,post_55_to_105m,77,98.61036324786323
World Cup 2026/27,post_55_to_105m,78,98.62777777777778
World Cup 2026/27,post_55_to_105m,79,98.6443376068376
World Cup 2026/27,post_55_to_105m,80,98.66089743589744
World Cup 2026/27,post_55_to_105m,81,98.67713675213676
World Cup 2026/27,post_55_to_105m,82,98.69294871794872
World Cup 2026/27,post_55_to_105m,83,98.70844017094016
World Cup 2026/27,post_55_to_105m,84,98.72350427350428
World Cup 2026/27,post_55_to_105m,85,98.7380341880342
World Cup 2026/27,post_55_to_105m,86,98.75235042735042
World Cup 2026/27,post_55_to_105m,87,98.76623931623932
World Cup 2026/27,post_55_to_105m,88,98.7801282051282
World Cup 2026/27,post_55_to_105m,89,98.7940170940171
World Cup 2026/27,post_55_to_105m,90,98.80758547008548
World Cup 2026/27,post_55_to_105m,91,98.82115384615383
World Cup 2026/27,post_55_to_105m,92,98.8344017094017
World Cup 2026/27,post_55_to_105m,93,98.84764957264956
World Cup 2026/27,post_55_to_105m,94,98.86068376068376
World Cup 2026/27,post_55_to_105m,95,98.87361111111112
World Cup 2026/27,post_55_to_105m,96,98.8866452991453
World Cup 2026/27,post_55_to_105m,97,98.8994658119658
World Cup 2026/27,post_55_to_105m,98,98.91217948717949
World Cup 2026/27,post_55_to_105m,99,98.92467948717947
World Cup 2026/27,post_55_to_105m,100,98.93685897435896
World Cup 2026/27,post_55_to_105m,101,98.94893162393164
World Cup 2026/27,post_55_to_105m,102,98.96057692307691
World Cup 2026/27,post_55_to_105m,103,98.97211538461538
World Cup 2026/27,post_55_to_105m,104,98.98365384615384
World Cup 2026/27,post_55_to_105m,105,98.99497863247863
World Cup 2026/27,post_55_to_105m,106,99.00619658119658
World Cup 2026/27,post_55_to_105m,107,99.0173076923077
World Cup 2026/27,post_55_to_105m,108,99.02831196581197
World Cup 2026/27,post_55_to_105m,109,99.03910256410256
World Cup 2026/27,post_55_to_105m,110,99.04989316239316
World Cup 2026/27,post_55_to_105m,111,99.06068376068376
World Cup 2026/27,post_55_to_105m,112,99.07115384615383
World Cup 2026/27,post_55_to_105m,113,99.08162393162394
World Cup 2026/27,post_55_to_105m,114,99.09198717948718
World Cup 2026/27,post_55_to_105m,115,99.10213675213676
World Cup 2026/27,post_55_to_105m,116,99.11153846153846
World Cup 2026/27,post_55_to_105m,117,99.1207264957265
World Cup 2026/27,post_55_to_105m,118,99.1298076923077
World Cup 2026/27,post_55_to_105m,119,99.13888888888889
World Cup 2026/27,post_55_to_105m,120,99.14764957264956
World Cup 2026/27,post_55_to_105m,121,99.15630341880342
World Cup 2026/27,post_55_to_105m,122,99.16495726495728
World Cup 2026/27,post_55_to_105m,123,99.17350427350428
World Cup 2026/27,post_55_to_105m,124,99.18173076923075
World Cup 2026/27,post_55_to_105m,125,99.1897435897436
World Cup 2026/27,post_55_to_105m,126,99.19775641025642
World Cup 2026/27,post_55_to_105m,127,99.20544871794873
World Cup 2026/27,post_55_to_105m,128,99.21292735042736
World Cup 2026/27,post_55_to_105m,129,99.2201923076923
World Cup 2026/27,post_55_to_105m,130,99.22745726495728
World Cup 2026/27,post_55_to_105m,131,99.23450854700856
World Cup 2026/27,post_55_to_105m,132,99.24155982905982
World Cup 2026/27,post_55_to_105m,133,99.24861111111112
World Cup 2026/27,post_55_to_105m,134,99.25544871794872
World Cup 2026/27,post_55_to_105m,135,99.26217948717948
World Cup 2026/27,post_55_to_105m,136,99.26891025641024
World Cup 2026/27,post_55_to_105m,137,99.2755341880342
World Cup 2026/27,post_55_to_105m,138,99.28215811965812
World Cup 2026/27,post_55_to_105m,139,99.28878205128206
World Cup 2026/27,post_55_to_105m,140,99.29540598290598
World Cup 2026/27,post_55_to_105m,141,99.30202991452992
World Cup 2026/27,post_55_to_105m,142,99.3082264957265
World Cup 2026/27,post_55_to_105m,143,99.31431623931624
World Cup 2026/27,post_55_to_105m,144,99.32040598290598
World Cup 2026/27,post_55_to_105m,145,99.32628205128204
World Cup 2026/27,post_55_to_105m,146,99.33215811965812
World Cup 2026/27,post_55_to_105m,147,99.33782051282051
World Cup 2026/27,post_55_to_105m,148,99.34337606837607
World Cup 2026/27,post_55_to_105m,149,99.34893162393162
World Cup 2026/27,post_55_to_105m,150,99.35438034188034
World Cup 2026/27,post_55_to_105m,151,99.35972222222222
World Cup 2026/27,post_55_to_105m,152,99.36495726495728
World Cup 2026/27,post_55_to_105m,153,99.3701923076923
World Cup 2026/27,post_55_to_105m,154,99.37542735042734
World Cup 2026/27,post_55_to_105m,155,99.38055555555556
World Cup 2026/27,post_55_to_105m,156,99.38557692307693
World Cup 2026/27,post_55_to_105m,157,99.39049145299144
World Cup 2026/27,post_55_to_105m,158,99.39540598290598
World Cup 2026/27,post_55_to_105m,159,99.40032051282051
World Cup 2026/27,post_55_to_105m,160,99.40523504273504
World Cup 2026/27,post_55_to_105m,161,99.41004273504274
World Cup 2026/27,post_55_to_105m,162,99.41452991452992
World Cup 2026/27,post_55_to_105m,163,99.41891025641026
World Cup 2026/27,post_55_to_105m,164,99.4232905982906
World Cup 2026/27,post_55_to_105m,165,99.42767094017094
World Cup 2026/27,post_55_to_105m,166,99.43205128205128
World Cup 2026/27,post_55_to_105m,167,99.43643162393164
World Cup 2026/27,post_55_to_105m,168,99.44059829059827
World Cup 2026/27,post_55_to_105m,169,99.44476495726497
World Cup 2026/27,post_55_to_105m,170,99.44893162393164
World Cup 2026/27,post_55_to_105m,171,99.45309829059828
World Cup 2026/27,post_55_to_105m,172,99.45705128205128
World Cup 2026/27,post_55_to_105m,173,99.46100427350429
World Cup 2026/27,post_55_to_105m,174,99.46495726495726
World Cup 2026/27,post_55_to_105m,175,99.46880341880342
World Cup 2026/27,post_55_to_105m,176,99.47232905982906
World Cup 2026/27,post_55_to_105m,177,99.47574786324786
World Cup 2026/27,post_55_to_105m,178,99.47916666666669
World Cup 2026/27,post_55_to_105m,179,99.48247863247865
World Cup 2026/27,post_55_to_105m,180,99.4857905982906
World Cup 2026/27,post_55_to_105m,181,99.48910256410257
World Cup 2026/27,post_55_to_105m,182,99.49241452991453
World Cup 2026/27,post_55_to_105m,183,99.4957264957265
World Cup 2026/27,post_55_to_105m,184,99.49903846153846
World Cup 2026/27,post_55_to_105m,185,99.50235042735042
World Cup 2026/27,post_55_to_105m,186,99.5056623931624
World Cup 2026/27,post_55_to_105m,187,99.50897435897436
World Cup 2026/27,post_55_to_105m,188,99.51228632478632
World Cup 2026/27,post_55_to_105m,189,99.51559829059828
World Cup 2026/27,post_55_to_105m,190,99.51880341880342
World Cup 2026/27,post_55_to_105m,191,99.52200854700855
World Cup 2026/27,post_55_to_105m,192,99.52521367521368
World Cup 2026/27,post_55_to_105m,193,99.5284188034188
World Cup 2026/27,post_55_to_105m,194,99.53162393162393
World Cup 2026/27,post_55_to_105m,195,99.53472222222224
World Cup 2026/27,post_55_to_105m,196,99.53782051282052
World Cup 2026/27,post_55_to_105m,197,99.5409188034188
World Cup 2026/27,post_55_to_105m,198,99.5440170940171
World Cup 2026/27,post_55_to_105m,199,99.54711538461538
World Cup 2026/27,post_55_to_105m,200,99.55021367521368
World Cup 2026/27,post_55_to_105m,201,99.55320512820512
World Cup 2026/27,post_55_to_105m,202,99.5561965811966
World Cup 2026/27,post_55_to_105m,203,99.55918803418804
World Cup 2026/27,post_55_to_105m,204,99.56207264957266
World Cup 2026/27,post_55_to_105m,205,99.56495726495729
World Cup 2026/27,post_55_to_105m,206,99.56784188034187
World Cup 2026/27,post_55_to_105m,207,99.57072649572648
World Cup 2026/27,post_55_to_105m,208,99.5736111111111
World Cup 2026/27,post_55_to_105m,209,99.57649572649572
World Cup 2026/27,post_55_to_105m,210,99.57938034188034
World Cup 2026/27,post_55_to_105m,211,99.58226495726495
World Cup 2026/27,post_55_to_105m,212,99.58514957264956
World Cup 2026/27,post_55_to_105m,213,99.5880341880342
World Cup 2026/27,post_55_to_105m,214,99.59081196581197
World Cup 2026/27,post_55_to_105m,215,99.59348290598292
World Cup 2026/27,post_55_to_105m,216,99.59615384615384
World Cup 2026/27,post_55_to_105m,217,99.59882478632478
World Cup 2026/27,post_55_to_105m,218,99.60149572649571
World Cup 2026/27,post_55_to_105m,219,99.60416666666669
World Cup 2026/27,post_55_to_105m,220,99.6068376068376
World Cup 2026/27,post_55_to_105m,221,99.60950854700856
World Cup 2026/27,post_55_to_105m,222,99.61217948717947
World Cup 2026/27,post_55_to_105m,223,99.61485042735043
World Cup 2026/27,post_55_to_105m,224,99.61730769230768
World Cup 2026/27,post_55_to_105m,225,99.61976495726496
World Cup 2026/27,post_55_to_105m,226,99.62222222222222
World Cup 2026/27,post_55_to_105m,227,99.62467948717948
World Cup 2026/27,post_55_to_105m,228,99.62713675213676
World Cup 2026/27,post_55_to_105m,229,99.62959401709402
World Cup 2026/27,post_55_to_105m,230,99.63205128205128
World Cup 2026/27,post_55_to_105m,231,99.63450854700856
World Cup 2026/27,post_55_to_105m,232,99.6369658119658
World Cup 2026/27,post_55_to_105m,233,99.63942307692308
World Cup 2026/27,post_55_to_105m,234,99.64188034188034
World Cup 2026/27,post_55_to_105m,235,99.6443376068376
World Cup 2026/27,post_55_to_105m,236,99.64668803418805
World Cup 2026/27,post_55_to_105m,237,99.64893162393165
World Cup 2026/27,post_55_to_105m,238,99.65117521367522
World Cup 2026/27,post_55_to_105m,239,99.6534188034188
World Cup 2026/27,post_55_to_105m,240,99.6556623931624
World Cup 2026/27,post_55_to_105m,241,99.657905982906
World Cup 2026/27,post_55_to_105m,242,99.66014957264956
World Cup 2026/27,post_55_to_105m,243,99.66239316239316
World Cup 2026/27,post_55_to_105m,244,99.66463675213676
World Cup 2026/27,post_55_to_105m,245,99.66688034188034
World Cup 2026/27,post_55_to_105m,246,99.66912393162391
World Cup 2026/27,post_55_to_105m,247,99.67136752136751
World Cup 2026/27,post_55_to_105m,248,99.67361111111111
World Cup 2026/27,post_55_to_105m,249,99.6758547008547
World Cup 2026/27,post_55_to_105m,250,99.67809829059829
World Cup 2026/27,post_55_to_105m,251,99.68034188034189
World Cup 2026/27,post_55_to_105m,252,99.68258547008548
World Cup 2026/27,post_55_to_105m,253,99.68482905982906
World Cup 2026/27,post_55_to_105m,254,99.68707264957266
World Cup 2026/27,post_55_to_105m,255,99.68931623931624
World Cup 2026/27,post_55_to_105m,256,99.69155982905984
World Cup 2026/27,post_55_to_105m,257,99.6938034188034
World Cup 2026/27,post_55_to_105m,258,99.696047008547
World Cup 2026/27,post_55_to_105m,259,99.6982905982906
World Cup 2026/27,post_55_to_105m,260,99.70053418803418
World Cup 2026/27,post_55_to_105m,261,99.70277777777778
World Cup 2026/27,post_55_to_105m,262,99.70502136752135
World Cup 2026/27,post_55_to_105m,263,99.70726495726495
World Cup 2026/27,post_55_to_105m,264,99.70950854700855
World Cup 2026/27,post_55_to_105m,265,99.71175213675214
World Cup 2026/27,post_55_to_105m,266,99.71399572649572
World Cup 2026/27,post_55_to_105m,267,99.71623931623932
World Cup 2026/27,post_55_to_105m,268,99.71848290598292
World Cup 2026/27,post_55_to_105m,269,99.7207264957265
World Cup 2026/27,post_55_to_105m,270,99.72297008547008
World Cup 2026/27,post_55_to_105m,271,99.72521367521368
World Cup 2026/27,post_55_to_105m,272,99.72745726495728
World Cup 2026/27,post_55_to_105m,273,99.72970085470084
World Cup 2026/27,post_55_to_105m,274,99.73194444444444
World Cup 2026/27,post_55_to_105m,275,99.73418803418804
World Cup 2026/27,post_55_to_105m,276,99.73643162393162
World Cup 2026/27,post_55_to_105m,277,99.7386752136752
World Cup 2026/27,post_55_to_105m,278,99.7409188034188
World Cup 2026/27,post_55_to_105m,279,99.7431623931624
World Cup 2026/27,post_55_to_105m,280,99.74529914529914
World Cup 2026/27,post_55_to_105m,281,99.74743589743588
World Cup 2026/27,post_55_to_105m,282,99.74957264957266
World Cup 2026/27,post_55_to_105m,283,99.75160256410255
World Cup 2026/27,post_55_to_105m,284,99.75363247863248
World Cup 2026/27,post_55_to_105m,285,99.7556623931624
World Cup 2026/27,post_55_to_105m,286,99.75769230769232
World Cup 2026/27,post_55_to_105m,287,99.75972222222222
World Cup 2026/27,post_55_to_105m,288,99.76175213675214
World Cup 2026/27,post_55_to_105m,289,99.76378205128204
World Cup 2026/27,post_55_to_105m,290,99.76581196581196
World Cup 2026/27,post_55_to_105m,291,99.76784188034188
World Cup 2026/27,post_55_to_105m,292,99.76976495726495
World Cup 2026/27,post_55_to_105m,293,99.77168803418805
World Cup 2026/27,post_55_to_105m,294,99.77350427350429
World Cup 2026/27,post_55_to_105m,295,99.77532051282051
World Cup 2026/27,post_55_to_105m,296,99.77713675213676
World Cup 2026/27,post_55_to_105m,297,99.778952991453
World Cup 2026/27,post_55_to_105m,298,99.78076923076924
World Cup 2026/27,post_55_to_105m,299,99.78247863247864
World Cup 2026/27,post_55_to_105m,300,99.78418803418803
World Cup 2026/27,post_105_to_135m,1,20.32264957264957
World Cup 2026/27,post_105_to_135m,2,33.6860754985755
World Cup 2026/27,post_105_to_135m,3,37.833689458689456
World Cup 2026/27,post_105_to_135m,4,39.85844017094017
World Cup 2026/27,post_105_to_135m,5,41.486467236467234
World Cup 2026/27,post_105_to_135m,6,42.76655982905983
World Cup 2026/27,post_105_to_135m,7,43.69604700854701
World Cup 2026/27,post_105_to_135m,8,44.535612535612536
World Cup 2026/27,post_105_to_135m,9,45.27581908831909
World Cup 2026/27,post_105_to_135m,10,45.88995726495727
World Cup 2026/27,post_105_to_135m,11,46.456908831908834
World Cup 2026/27,post_105_to_135m,12,46.97934472934473
World Cup 2026/27,post_105_to_135m,13,47.44426638176638
World Cup 2026/27,post_105_to_135m,14,47.88230056980057
World Cup 2026/27,post_105_to_135m,15,48.29237891737892
World Cup 2026/27,post_105_to_135m,16,48.67111823361823
World Cup 2026/27,post_105_to_135m,17,49.03490028490028
World Cup 2026/27,post_105_to_135m,18,49.38087606837607
World Cup 2026/27,post_105_to_135m,19,49.70174501424501
World Cup 2026/27,post_105_to_135m,20,50.01246438746439
World Cup 2026/27,post_105_to_135m,21,50.31071937321937
World Cup 2026/27,post_105_to_135m,22,50.590990028490026
World Cup 2026/27,post_105_to_135m,23,50.86075498575499
World Cup 2026/27,post_105_to_135m,24,51.120548433048434
World Cup 2026/27,post_105_to_135m,25,51.364672364672366
World Cup 2026/27,post_105_to_135m,26,51.6011396011396
World Cup 2026/27,post_105_to_135m,27,51.83084045584046
World Cup 2026/27,post_105_to_135m,28,52.0491452991453
World Cup 2026/27,post_105_to_135m,29,52.2633547008547
World Cup 2026/27,post_105_to_135m,30,52.47382478632478
World Cup 2026/27,post_105_to_135m,31,52.6769943019943
World Cup 2026/27,post_105_to_135m,32,52.876068376068375
World Cup 2026/27,post_105_to_135m,33,53.07247150997151
World Cup 2026/27,post_105_to_135m,34,53.26317663817664
World Cup 2026/27,post_105_to_135m,35,53.45067663817664
World Cup 2026/27,post_105_to_135m,36,53.63425925925926
World Cup 2026/27,post_105_to_135m,37,53.81267806267806
World Cup 2026/27,post_105_to_135m,38,53.98789173789174
World Cup 2026/27,post_105_to_135m,39,54.15954415954416
World Cup 2026/27,post_105_to_135m,40,54.326210826210826
World Cup 2026/27,post_105_to_135m,41,54.4894943019943
World Cup 2026/27,post_105_to_135m,42,54.65010683760684
World Cup 2026/27,post_105_to_135m,43,54.80644586894587
World Cup 2026/27,post_105_to_135m,44,54.96082621082621
World Cup 2026/27,post_105_to_135m,45,55.11306980056981
World Cup 2026/27,post_105_to_135m,46,55.26139601139601
World Cup 2026/27,post_105_to_135m,47,55.40687321937322
World Cup 2026/27,post_105_to_135m,48,55.55039173789174
World Cup 2026/27,post_105_to_135m,49,55.69070512820513
World Cup 2026/27,post_105_to_135m,50,55.82905982905983
World Cup 2026/27,post_105_to_135m,51,55.965990028490026
World Cup 2026/27,post_105_to_135m,52,56.100071225071225
World Cup 2026/27,post_105_to_135m,53,56.23290598290598
World Cup 2026/27,post_105_to_135m,54,56.36413817663818
World Cup 2026/27,post_105_to_135m,55,56.49341168091168
World Cup 2026/27,post_105_to_135m,56,56.620726495726494
World Cup 2026/27,post_105_to_135m,57,56.74768518518518
World Cup 2026/27,post_105_to_135m,58,56.87286324786325
World Cup 2026/27,post_105_to_135m,59,56.99786324786325
World Cup 2026/27,post_105_to_135m,60,57.12143874643875
World Cup 2026/27,post_105_to_135m,61,57.2423433048433
World Cup 2026/27,post_105_to_135m,62,57.36271367521368
World Cup 2026/27,post_105_to_135m,63,57.48165954415954
World Cup 2026/27,post_105_to_135m,64,57.59935897435897
World Cup 2026/27,post_105_to_135m,65,57.71545584045584
World Cup 2026/27,post_105_to_135m,66,57.83101851851852
World Cup 2026/27,post_105_to_135m,67,57.94462250712251
World Cup 2026/27,post_105_to_135m,68,58.05769230769231
World Cup 2026/27,post_105_to_135m,69,58.1698717948718
World Cup 2026/27,post_105_to_135m,70,58.2809829059829
World Cup 2026/27,post_105_to_135m,71,58.39138176638177
World Cup 2026/27,post_105_to_135m,72,58.50089031339032
World Cup 2026/27,post_105_to_135m,73,58.60844017094017
World Cup 2026/27,post_105_to_135m,74,58.71563390313391
World Cup 2026/27,post_105_to_135m,75,58.82229344729345
World Cup 2026/27,post_105_to_135m,76,58.927350427350426
World Cup 2026/27,post_105_to_135m,77,59.03169515669516
World Cup 2026/27,post_105_to_135m,78,59.13479344729345
World Cup 2026/27,post_105_to_135m,79,59.23682336182336
World Cup 2026/27,post_105_to_135m,80,59.33760683760684
World Cup 2026/27,post_105_to_135m,81,59.43839031339032
World Cup 2026/27,post_105_to_135m,82,59.53810541310541
World Cup 2026/27,post_105_to_135m,83,59.63710826210826
World Cup 2026/27,post_105_to_135m,84,59.73539886039886
World Cup 2026/27,post_105_to_135m,85,59.83226495726496
World Cup 2026/27,post_105_to_135m,86,59.92895299145299
World Cup 2026/27,post_105_to_135m,87,60.024928774928775
World Cup 2026/27,post_105_to_135m,88,60.12001424501425
World Cup 2026/27,post_105_to_135m,89,60.21456552706552
World Cup 2026/27,post_105_to_135m,90,60.308226495726494
World Cup 2026/27,post_105_to_135m,91,60.40170940170941
World Cup 2026/27,post_105_to_135m,92,60.49483618233618
World Cup 2026/27,post_105_to_135m,93,60.58725071225072
World Cup 2026/27,post_105_to_135m,94,60.6798433048433
World Cup 2026/27,post_105_to_135m,95,60.77207977207977
World Cup 2026/27,post_105_to_135m,96,60.86431623931624
World Cup 2026/27,post_105_to_135m,97,60.95566239316239
World Cup 2026/27,post_105_to_135m,98,61.046652421652425
World Cup 2026/27,post_105_to_135m,99,61.13746438746439
World Cup 2026/27,post_105_to_135m,100,61.22738603988604
World Cup 2026/27,post_105_to_135m,101,61.31677350427351
World Cup 2026/27,post_105_to_135m,102,61.40616096866097
World Cup 2026/27,post_105_to_135m,103,61.49519230769231
World Cup 2026/27,post_105_to_135m,104,61.583689458689456
World Cup 2026/27,post_105_to_135m,105,61.67200854700855
World Cup 2026/27,post_105_to_135m,106,61.76014957264957
World Cup 2026/27,post_105_to_135m,107,61.848112535612536
World Cup 2026/27,post_105_to_135m,108,61.93571937321937
World Cup 2026/27,post_105_to_135m,109,62.02225783475784
World Cup 2026/27,post_105_to_135m,110,62.10790598290598
World Cup 2026/27,post_105_to_135m,111,62.19337606837607
World Cup 2026/27,post_105_to_135m,112,62.27795584045584
World Cup 2026/27,post_105_to_135m,113,62.36235754985755
World Cup 2026/27,post_105_to_135m,114,62.44640313390313
World Cup 2026/27,post_105_to_135m,115,62.52955840455841
World Cup 2026/27,post_105_to_135m,116,62.61217948717949
World Cup 2026/27,post_105_to_135m,117,62.69462250712251
World Cup 2026/27,post_105_to_135m,118,62.77617521367522
World Cup 2026/27,post_105_to_135m,119,62.857549857549856
World Cup 2026/27,post_105_to_135m,120,62.93839031339032
World Cup 2026/27,post_105_to_135m,121,63.01851851851852
World Cup 2026/27,post_105_to_135m,122,63.0982905982906
World Cup 2026/27,post_105_to_135m,123,63.17788461538461
World Cup 2026/27,post_105_to_135m,124,63.25712250712251
World Cup 2026/27,post_105_to_135m,125,63.3363603988604
World Cup 2026/27,post_105_to_135m,126,63.41559829059829
World Cup 2026/27,post_105_to_135m,127,63.49394586894587
World Cup 2026/27,post_105_to_135m,128,63.57193732193732
World Cup 2026/27,post_105_to_135m,129,63.64975071225072
World Cup 2026/27,post_105_to_135m,130,63.727207977207975
World Cup 2026/27,post_105_to_135m,131,63.80430911680912
World Cup 2026/27,post_105_to_135m,132,63.8812321937322
World Cup 2026/27,post_105_to_135m,133,63.95779914529915
World Cup 2026/27,post_105_to_135m,134,64.03418803418803
World Cup 2026/27,post_105_to_135m,135,64.11075498575498
World Cup 2026/27,post_105_to_135m,136,64.18678774928775
World Cup 2026/27,post_105_to_135m,137,64.2619301994302
World Cup 2026/27,post_105_to_135m,138,64.33707264957265
World Cup 2026/27,post_105_to_135m,139,64.41185897435898
World Cup 2026/27,post_105_to_135m,140,64.48646723646723
World Cup 2026/27,post_105_to_135m,141,64.56089743589743
World Cup 2026/27,post_105_to_135m,142,64.63425925925925
World Cup 2026/27,post_105_to_135m,143,64.70726495726495
World Cup 2026/27,post_105_to_135m,144,64.78027065527066
World Cup 2026/27,post_105_to_135m,145,64.8530982905983
World Cup 2026/27,post_105_to_135m,146,64.92574786324786
World Cup 2026/27,post_105_to_135m,147,64.99839743589743
World Cup 2026/27,post_105_to_135m,148,65.0701566951567
World Cup 2026/27,post_105_to_135m,149,65.14173789173789
World Cup 2026/27,post_105_to_135m,150,65.21385327635328
World Cup 2026/27,post_105_to_135m,151,65.28561253561253
World Cup 2026/27,post_105_to_135m,152,65.3573717948718
World Cup 2026/27,post_105_to_135m,153,65.42895299145299
World Cup 2026/27,post_105_to_135m,154,65.5005341880342
World Cup 2026/27,post_105_to_135m,155,65.57193732193733
World Cup 2026/27,post_105_to_135m,156,65.64334045584046
World Cup 2026/27,post_105_to_135m,157,65.71403133903134
World Cup 2026/27,post_105_to_135m,158,65.78454415954415
World Cup 2026/27,post_105_to_135m,159,65.85487891737891
World Cup 2026/27,post_105_to_135m,160,65.92503561253561
World Cup 2026/27,post_105_to_135m,161,65.99483618233619
World Cup 2026/27,post_105_to_135m,162,66.06481481481481
World Cup 2026/27,post_105_to_135m,163,66.13461538461539
World Cup 2026/27,post_105_to_135m,164,66.20441595441595
World Cup 2026/27,post_105_to_135m,165,66.27421652421653
World Cup 2026/27,post_105_to_135m,166,66.34401709401709
World Cup 2026/27,post_105_to_135m,167,66.41363960113961
World Cup 2026/27,post_105_to_135m,168,66.48326210826211
World Cup 2026/27,post_105_to_135m,169,66.5525284900285
World Cup 2026/27,post_105_to_135m,170,66.62179487179488
World Cup 2026/27,post_105_to_135m,171,66.69106125356126
World Cup 2026/27,post_105_to_135m,172,66.76032763532764
World Cup 2026/27,post_105_to_135m,173,66.82959401709402
World Cup 2026/27,post_105_to_135m,174,66.89850427350427
World Cup 2026/27,post_105_to_135m,175,66.9670584045584
World Cup 2026/27,post_105_to_135m,176,67.03561253561253
World Cup 2026/27,post_105_to_135m,177,67.10416666666667
World Cup 2026/27,post_105_to_135m,178,67.17254273504274
World Cup 2026/27,post_105_to_135m,179,67.24074074074075
World Cup 2026/27,post_105_to_135m,180,67.30893874643874
World Cup 2026/27,post_105_to_135m,181,67.37678062678063
World Cup 2026/27,post_105_to_135m,182,67.4446225071225
World Cup 2026/27,post_105_to_135m,183,67.51264245014245
World Cup 2026/27,post_105_to_135m,184,67.57977207977208
World Cup 2026/27,post_105_to_135m,185,67.6469017094017
World Cup 2026/27,post_105_to_135m,186,67.71403133903134
World Cup 2026/27,post_105_to_135m,187,67.78062678062678
World Cup 2026/27,post_105_to_135m,188,67.84704415954415
World Cup 2026/27,post_105_to_135m,189,67.91346153846153
World Cup 2026/27,post_105_to_135m,190,67.97970085470085
World Cup 2026/27,post_105_to_135m,191,68.04594017094017
World Cup 2026/27,post_105_to_135m,192,68.11200142450143
World Cup 2026/27,post_105_to_135m,193,68.17806267806267
World Cup 2026/27,post_105_to_135m,194,68.24412393162393
World Cup 2026/27,post_105_to_135m,195,68.31018518518519
World Cup 2026/27,post_105_to_135m,196,68.37624643874643
World Cup 2026/27,post_105_to_135m,197,68.44212962962963
World Cup 2026/27,post_105_to_135m,198,68.50801282051282
World Cup 2026/27,post_105_to_135m,199,68.57353988603988
World Cup 2026/27,post_105_to_135m,200,68.63888888888889
World Cup 2026/27,post_105_to_135m,201,68.70441595441595
World Cup 2026/27,post_105_to_135m,202,68.76976495726495
World Cup 2026/27,post_105_to_135m,203,68.83511396011396
World Cup 2026/27,post_105_to_135m,204,68.90046296296296
World Cup 2026/27,post_105_to_135m,205,68.9656339031339
World Cup 2026/27,post_105_to_135m,206,69.03044871794872
World Cup 2026/27,post_105_to_135m,207,69.09526353276354
World Cup 2026/27,post_105_to_135m,208,69.15972222222223
World Cup 2026/27,post_105_to_135m,209,69.22400284900284
World Cup 2026/27,post_105_to_135m,210,69.28828347578347
World Cup 2026/27,post_105_to_135m,211,69.35238603988604
World Cup 2026/27,post_105_to_135m,212,69.41631054131054
World Cup 2026/27,post_105_to_135m,213,69.47970085470085
World Cup 2026/27,post_105_to_135m,214,69.5429131054131
World Cup 2026/27,post_105_to_135m,215,69.60612535612536
World Cup 2026/27,post_105_to_135m,216,69.6693376068376
World Cup 2026/27,post_105_to_135m,217,69.7323717948718
World Cup 2026/27,post_105_to_135m,218,69.79522792022792
World Cup 2026/27,post_105_to_135m,219,69.85790598290598
World Cup 2026/27,post_105_to_135m,220,69.92040598290598
World Cup 2026/27,post_105_to_135m,221,69.98290598290598
World Cup 2026/27,post_105_to_135m,222,70.04540598290598
World Cup 2026/27,post_105_to_135m,223,70.10772792022792
World Cup 2026/27,post_105_to_135m,224,70.17004985754986
World Cup 2026/27,post_105_to_135m,225,70.2323717948718
World Cup 2026/27,post_105_to_135m,226,70.29451566951568
World Cup 2026/27,post_105_to_135m,227,70.35665954415954
World Cup 2026/27,post_105_to_135m,228,70.41880341880342
World Cup 2026/27,post_105_to_135m,229,70.48094729344729
World Cup 2026/27,post_105_to_135m,230,70.54309116809117
World Cup 2026/27,post_105_to_135m,231,70.60523504273505
World Cup 2026/27,post_105_to_135m,232,70.66737891737891
World Cup 2026/27,post_105_to_135m,233,70.72952279202279
World Cup 2026/27,post_105_to_135m,234,70.7914886039886
World Cup 2026/27,post_105_to_135m,235,70.85327635327636
World Cup 2026/27,post_105_to_135m,236,70.9150641025641
World Cup 2026/27,post_105_to_135m,237,70.97702991452991
World Cup 2026/27,post_105_to_135m,238,71.03899572649573
World Cup 2026/27,post_105_to_135m,239,71.10096153846153
World Cup 2026/27,post_105_to_135m,240,71.16274928774929
World Cup 2026/27,post_105_to_135m,241,71.22435897435898
World Cup 2026/27,post_105_to_135m,242,71.2857905982906
World Cup 2026/27,post_105_to_135m,243,71.34722222222223
World Cup 2026/27,post_105_to_135m,244,71.40865384615384
World Cup 2026/27,post_105_to_135m,245,71.47008547008546
World Cup 2026/27,post_105_to_135m,246,71.53151709401709
World Cup 2026/27,post_105_to_135m,247,71.59277065527066
World Cup 2026/27,post_105_to_135m,248,71.65402421652422
World Cup 2026/27,post_105_to_135m,249,71.71527777777777
World Cup 2026/27,post_105_to_135m,250,71.7767094017094
World Cup 2026/27,post_105_to_135m,251,71.83796296296296
World Cup 2026/27,post_105_to_135m,252,71.89921652421653
World Cup 2026/27,post_105_to_135m,253,71.96029202279202
World Cup 2026/27,post_105_to_135m,254,72.02136752136752
World Cup 2026/27,post_105_to_135m,255,72.08244301994301
World Cup 2026/27,post_105_to_135m,256,72.14351851851852
World Cup 2026/27,post_105_to_135m,257,72.20441595441595
World Cup 2026/27,post_105_to_135m,258,72.26513532763532
World Cup 2026/27,post_105_to_135m,259,72.3258547008547
World Cup 2026/27,post_105_to_135m,260,72.38621794871794
World Cup 2026/27,post_105_to_135m,261,72.44640313390313
World Cup 2026/27,post_105_to_135m,262,72.50658831908832
World Cup 2026/27,post_105_to_135m,263,72.5667735042735
World Cup 2026/27,post_105_to_135m,264,72.62695868945869
World Cup 2026/27,post_105_to_135m,265,72.68660968660969
World Cup 2026/27,post_105_to_135m,266,72.74626068376068
World Cup 2026/27,post_105_to_135m,267,72.80591168091168
World Cup 2026/27,post_105_to_135m,268,72.86538461538461
World Cup 2026/27,post_105_to_135m,269,72.92485754985755
World Cup 2026/27,post_105_to_135m,270,72.98415242165242
World Cup 2026/27,post_105_to_135m,271,73.04344729344729
World Cup 2026/27,post_105_to_135m,272,73.1025641025641
World Cup 2026/27,post_105_to_135m,273,73.16132478632478
World Cup 2026/27,post_105_to_135m,274,73.22026353276354
World Cup 2026/27,post_105_to_135m,275,73.27920227920228
World Cup 2026/27,post_105_to_135m,276,73.33814102564102
World Cup 2026/27,post_105_to_135m,277,73.39707977207978
World Cup 2026/27,post_105_to_135m,278,73.45601851851852
World Cup 2026/27,post_105_to_135m,279,73.51495726495726
World Cup 2026/27,post_105_to_135m,280,73.57371794871794
World Cup 2026/27,post_105_to_135m,281,73.63247863247864
World Cup 2026/27,post_105_to_135m,282,73.69088319088318
World Cup 2026/27,post_105_to_135m,283,73.74928774928775
World Cup 2026/27,post_105_to_135m,284,73.8076923076923
World Cup 2026/27,post_105_to_135m,285,73.86609686609687
World Cup 2026/27,post_105_to_135m,286,73.92450142450143
World Cup 2026/27,post_105_to_135m,287,73.98308404558405
World Cup 2026/27,post_105_to_135m,288,74.0414886039886
World Cup 2026/27,post_105_to_135m,289,74.09989316239316
World Cup 2026/27,post_105_to_135m,290,74.15829772079772
World Cup 2026/27,post_105_to_135m,291,74.21652421652422
World Cup 2026/27,post_105_to_135m,292,74.27475071225071
World Cup 2026/27,post_105_to_135m,293,74.33297720797721
World Cup 2026/27,post_105_to_135m,294,74.39120370370371
World Cup 2026/27,post_105_to_135m,295,74.4494301994302
World Cup 2026/27,post_105_to_135m,296,74.5076566951567
World Cup 2026/27,post_105_to_135m,297,74.56570512820512
World Cup 2026/27,post_105_to_135m,298,74.62375356125357
World Cup 2026/27,post_105_to_135m,299,74.68180199430199
World Cup 2026/27,post_105_to_135m,300,74.73985042735043
UEFA Champions League 2025/26,pre_24h_to_1h,1,0.0371009380671216
UEFA Champions League 2025/26,pre_24h_to_1h,2,0.13632432754816
UEFA Champions League 2025/26,pre_24h_to_1h,3,0.2680754713765986
UEFA Champions League 2025/26,pre_24h_to_1h,4,0.4492476718724706
UEFA Champions League 2025/26,pre_24h_to_1h,5,0.6632500915914764
UEFA Champions League 2025/26,pre_24h_to_1h,6,0.9041165043580502
UEFA Champions League 2025/26,pre_24h_to_1h,7,1.1437773176903612
UEFA Champions League 2025/26,pre_24h_to_1h,8,1.393843348754782
UEFA Champions League 2025/26,pre_24h_to_1h,9,1.6394767783656672
UEFA Champions League 2025/26,pre_24h_to_1h,10,1.8925525479470728
UEFA Champions League 2025/26,pre_24h_to_1h,11,2.139566239807785
UEFA Champions League 2025/26,pre_24h_to_1h,12,2.392307593998415
UEFA Champions League 2025/26,pre_24h_to_1h,13,2.638848418236502
UEFA Champions League 2025/26,pre_24h_to_1h,14,2.8902457207610186
UEFA Champions League 2025/26,pre_24h_to_1h,15,3.1348013529978105
UEFA Champions League 2025/26,pre_24h_to_1h,16,3.38307389515119
UEFA Champions League 2025/26,pre_24h_to_1h,17,3.624996804948496
UEFA Champions League 2025/26,pre_24h_to_1h,18,3.870127546456049
UEFA Champions League 2025/26,pre_24h_to_1h,19,4.109093968594774
UEFA Champions League 2025/26,pre_24h_to_1h,20,4.350676072898295
UEFA Champions League 2025/26,pre_24h_to_1h,21,4.586671097138086
UEFA Champions League 2025/26,pre_24h_to_1h,22,4.824764205198988
UEFA Champions League 2025/26,pre_24h_to_1h,23,5.057283013402176
UEFA Champions League 2025/26,pre_24h_to_1h,24,5.291467508456236
UEFA Champions League 2025/26,pre_24h_to_1h,25,5.5205718716185705
UEFA Champions League 2025/26,pre_24h_to_1h,26,5.75155066499672
UEFA Champions League 2025/26,pre_24h_to_1h,27,5.977796522079936
UEFA Champions League 2025/26,pre_24h_to_1h,28,6.205607954400225
UEFA Champions League 2025/26,pre_24h_to_1h,29,6.428215712837291
UEFA Champions League 2025/26,pre_24h_to_1h,30,6.652369876202404
UEFA Champions League 2025/26,pre_24h_to_1h,31,6.871714422036483
UEFA Champions League 2025/26,pre_24h_to_1h,32,7.092368938987296
UEFA Champions League 2025/26,pre_24h_to_1h,33,7.308733566785096
UEFA Champions League 2025/26,pre_24h_to_1h,34,7.525796845845155
UEFA Champions League 2025/26,pre_24h_to_1h,35,7.738683127572016
UEFA Champions League 2025/26,pre_24h_to_1h,36,7.952357522003255
UEFA Champions League 2025/26,pre_24h_to_1h,37,8.161989111264473
UEFA Champions League 2025/26,pre_24h_to_1h,38,8.372372602646355
UEFA Champions League 2025/26,pre_24h_to_1h,39,8.579164856137481
UEFA Champions League 2025/26,pre_24h_to_1h,40,8.786468317869284
UEFA Champions League 2025/26,pre_24h_to_1h,41,8.990327514079526
UEFA Champions League 2025/26,pre_24h_to_1h,42,9.19480655028159
UEFA Champions League 2025/26,pre_24h_to_1h,43,9.395653877940513
UEFA Champions League 2025/26,pre_24h_to_1h,44,9.5970294541148
UEFA Champions League 2025/26,pre_24h_to_1h,45,9.79510986717106
UEFA Champions League 2025/26,pre_24h_to_1h,46,9.993652497678262
UEFA Champions League 2025/26,pre_24h_to_1h,47,10.188850974277706
UEFA Champions League 2025/26,pre_24h_to_1h,48,10.38453083863712
UEFA Champions League 2025/26,pre_24h_to_1h,49,10.577045471973008
UEFA Champions League 2025/26,pre_24h_to_1h,50,10.769928601249052
UEFA Champions League 2025/26,pre_24h_to_1h,51,10.959865893038195
UEFA Champions League 2025/26,pre_24h_to_1h,52,11.150126950046436
UEFA Champions League 2025/26,pre_24h_to_1h,53,11.33728880709557
UEFA Champions League 2025/26,pre_24h_to_1h,54,11.524785079535482
UEFA Champions League 2025/26,pre_24h_to_1h,55,11.709548517922109
UEFA Champions League 2025/26,pre_24h_to_1h,56,11.89451430957067
UEFA Champions League 2025/26,pre_24h_to_1h,57,12.076704666479223
UEFA Champions League 2025/26,pre_24h_to_1h,58,12.259161277679796
UEFA Champions League 2025/26,pre_24h_to_1h,59,12.43904693743663
UEFA Champions League 2025/26,pre_24h_to_1h,60,12.619226541931855
UEFA Champions League 2025/26,pre_24h_to_1h,61,12.796530600073272
UEFA Champions League 2025/26,pre_24h_to_1h,62,12.97398376061822
UEFA Champions League 2025/26,pre_24h_to_1h,63,13.14894904105854
UEFA Champions League 2025/26,pre_24h_to_1h,64,13.323988872700628
UEFA Champions League 2025/26,pre_24h_to_1h,65,13.496613245405516
UEFA Champions League 2025/26,pre_24h_to_1h,66,13.669414410960306
UEFA Champions League 2025/26,pre_24h_to_1h,67,13.84000247083983
UEFA Champions League 2025/26,pre_24h_to_1h,68,14.010788623912616
UEFA Champions League 2025/26,pre_24h_to_1h,69,14.179244519421651
UEFA Champions League 2025/26,pre_24h_to_1h,70,14.348000749772089
UEFA Champions League 2025/26,pre_24h_to_1h,71,14.514477843382837
UEFA Champions League 2025/26,pre_24h_to_1h,72,14.681104039397114
UEFA Champions League 2025/26,pre_24h_to_1h,73,14.84550647956445
UEFA Champions League 2025/26,pre_24h_to_1h,74,15.01008358254735
UEFA Champions League 2025/26,pre_24h_to_1h,75,15.172556211606132
UEFA Champions League 2025/26,pre_24h_to_1h,76,15.335003280252876
UEFA Champions League 2025/26,pre_24h_to_1h,77,15.495573788649471
UEFA Champions League 2025/26,pre_24h_to_1h,78,15.656361560548357
UEFA Champions League 2025/26,pre_24h_to_1h,79,15.815198220995322
UEFA Champions League 2025/26,pre_24h_to_1h,80,15.974141383159097
UEFA Champions League 2025/26,pre_24h_to_1h,81,16.13105675263485
UEFA Champions League 2025/26,pre_24h_to_1h,82,16.28799981255698
UEFA Champions League 2025/26,pre_24h_to_1h,83,16.442900169550732
UEFA Champions League 2025/26,pre_24h_to_1h,84,16.59792619857032
UEFA Champions League 2025/26,pre_24h_to_1h,85,16.7511842990909
UEFA Champions League 2025/26,pre_24h_to_1h,86,16.904540381190944
UEFA Champions League 2025/26,pre_24h_to_1h,87,17.0562414266118
UEFA Champions League 2025/26,pre_24h_to_1h,88,17.207999982959727
UEFA Champions League 2025/26,pre_24h_to_1h,89,17.3580822022851
UEFA Champions League 2025/26,pre_24h_to_1h,90,17.508166551644813
UEFA Champions League 2025/26,pre_24h_to_1h,91,17.65668532576745
UEFA Champions League 2025/26,pre_24h_to_1h,92,17.805108248344965
UEFA Champions League 2025/26,pre_24h_to_1h,93,17.95193364517036
UEFA Champions League 2025/26,pre_24h_to_1h,94,18.098816552922838
UEFA Champions League 2025/26,pre_24h_to_1h,95,18.24422121684601
UEFA Champions League 2025/26,pre_24h_to_1h,96,18.38974942276069
UEFA Champions League 2025/26,pre_24h_to_1h,97,18.533865415910505
UEFA Champions League 2025/26,pre_24h_to_1h,98,18.67803891998739
UEFA Champions League 2025/26,pre_24h_to_1h,99,18.82082151164277
UEFA Champions League 2025/26,pre_24h_to_1h,100,18.963587063023457
UEFA Champions League 2025/26,pre_24h_to_1h,101,19.10487863064353
UEFA Champions League 2025/26,pre_24h_to_1h,102,19.24617445833227
UEFA Champions League 2025/26,pre_24h_to_1h,103,19.385951571539334
UEFA Champions League 2025/26,pre_24h_to_1h,104,19.525798975879493
UEFA Champions League 2025/26,pre_24h_to_1h,105,19.6642000869054
UEFA Champions League 2025/26,pre_24h_to_1h,106,19.802530906798214
UEFA Champions League 2025/26,pre_24h_to_1h,107,19.939575185952
UEFA Champions League 2025/26,pre_24h_to_1h,108,20.07666419582684
UEFA Champions League 2025/26,pre_24h_to_1h,109,20.21223662125433
UEFA Champions League 2025/26,pre_24h_to_1h,110,20.347830347025194
UEFA Champions League 2025/26,pre_24h_to_1h,111,20.482133271988346
UEFA Champions League 2025/26,pre_24h_to_1h,112,20.61644471708884
UEFA Champions League 2025/26,pre_24h_to_1h,113,20.749527132377374
UEFA Champions League 2025/26,pre_24h_to_1h,114,20.88258611728821
UEFA Champions League 2025/26,pre_24h_to_1h,115,21.014333001047977
UEFA Champions League 2025/26,pre_24h_to_1h,116,21.14608627491075
UEFA Champions League 2025/26,pre_24h_to_1h,117,21.27651892748511
UEFA Champions League 2025/26,pre_24h_to_1h,118,21.40695158005947
UEFA Champions League 2025/26,pre_24h_to_1h,119,21.536165852993552
UEFA Champions League 2025/26,pre_24h_to_1h,120,21.665277884279494
UEFA Champions League 2025/26,pre_24h_to_1h,121,21.79331424822568
UEFA Champions League 2025/26,pre_24h_to_1h,122,21.92130588145081
UEFA Champions League 2025/26,pre_24h_to_1h,123,22.04816007634043
UEFA Champions League 2025/26,pre_24h_to_1h,124,22.17501640126439
UEFA Champions League 2025/26,pre_24h_to_1h,125,22.30059470558665
UEFA Champions League 2025/26,pre_24h_to_1h,126,22.426102718775827
UEFA Champions League 2025/26,pre_24h_to_1h,127,22.550405132530734
UEFA Champions League 2025/26,pre_24h_to_1h,128,22.674675595770605
UEFA Champions League 2025/26,pre_24h_to_1h,129,22.79772980940453
UEFA Champions League 2025/26,pre_24h_to_1h,130,22.920677521321643
UEFA Champions League 2025/26,pre_24h_to_1h,131,23.04260494679174
UEFA Champions League 2025/26,pre_24h_to_1h,132,23.16448764154078
UEFA Champions League 2025/26,pre_24h_to_1h,133,23.28523076791998
UEFA Champions League 2025/26,pre_24h_to_1h,134,23.40591425333776
UEFA Champions League 2025/26,pre_24h_to_1h,135,23.525662653681977
UEFA Champions League 2025/26,pre_24h_to_1h,136,23.64540040385451
UEFA Champions League 2025/26,pre_24h_to_1h,137,23.764130647786043
UEFA Champions League 2025/26,pre_24h_to_1h,138,23.882899232335625
UEFA Champions League 2025/26,pre_24h_to_1h,139,24.00068161098757
UEFA Champions League 2025/26,pre_24h_to_1h,140,24.118440559261817
UEFA Champions League 2025/26,pre_24h_to_1h,141,24.235145140539665
UEFA Champions League 2025/26,pre_24h_to_1h,142,24.35180286106212
UEFA Champions League 2025/26,pre_24h_to_1h,143,24.467519106407995
UEFA Champions League 2025/26,pre_24h_to_1h,144,24.583182100895467
UEFA Champions League 2025/26,pre_24h_to_1h,145,24.69779711848955
UEFA Champions League 2025/26,pre_24h_to_1h,146,24.812437696495667
UEFA Champions League 2025/26,pre_24h_to_1h,147,24.926138929359546
UEFA Champions League 2025/26,pre_24h_to_1h,148,25.039810341742708
UEFA Champions League 2025/26,pre_24h_to_1h,149,25.152559449258323
UEFA Champions League 2025/26,pre_24h_to_1h,150,25.26532133697995
UEFA Champions League 2025/26,pre_24h_to_1h,151,25.37722482086411
UEFA Champions League 2025/26,pre_24h_to_1h,152,25.489089964130223
UEFA Champions League 2025/26,pre_24h_to_1h,153,25.600128654073902
UEFA Champions League 2025/26,pre_24h_to_1h,154,25.71116521398325
UEFA Champions League 2025/26,pre_24h_to_1h,155,25.821385970741847
UEFA Champions League 2025/26,pre_24h_to_1h,156,25.931513005989657
UEFA Champions League 2025/26,pre_24h_to_1h,157,26.04082423808672
UEFA Champions League 2025/26,pre_24h_to_1h,158,26.150094999531397
UEFA Champions League 2025/26,pre_24h_to_1h,159,26.258492446898245
UEFA Champions League 2025/26,pre_24h_to_1h,160,26.36682599323501
UEFA Champions League 2025/26,pre_24h_to_1h,161,26.474286225493955
UEFA Champions League 2025/26,pre_24h_to_1h,162,26.581763498027588
UEFA Champions League 2025/26,pre_24h_to_1h,163,26.688395146929768
UEFA Champions League 2025/26,pre_24h_to_1h,164,26.79491390401213
UEFA Champions League 2025/26,pre_24h_to_1h,165,26.90072335966056
UEFA Champions League 2025/26,pre_24h_to_1h,166,27.0064454839012
UEFA Champions League 2025/26,pre_24h_to_1h,167,27.111409315918173
UEFA Champions League 2025/26,pre_24h_to_1h,168,27.21630072676772
UEFA Champions League 2025/26,pre_24h_to_1h,169,27.320325213642445
UEFA Champions League 2025/26,pre_24h_to_1h,170,27.42426236910939
UEFA Champions League 2025/26,pre_24h_to_1h,171,27.52747957297072
UEFA Champions League 2025/26,pre_24h_to_1h,172,27.630635005836293
UEFA Champions League 2025/26,pre_24h_to_1h,173,27.732925644761394
UEFA Champions League 2025/26,pre_24h_to_1h,174,27.83525675433888
UEFA Champions League 2025/26,pre_24h_to_1h,175,27.936878562482427
UEFA Champions League 2025/26,pre_24h_to_1h,176,28.03844711976757
UEFA Champions League 2025/26,pre_24h_to_1h,177,28.139289335344085
UEFA Champions League 2025/26,pre_24h_to_1h,178,28.24002717923813
UEFA Champions League 2025/26,pre_24h_to_1h,179,28.340059981766903
UEFA Champions League 2025/26,pre_24h_to_1h,180,28.440065093849316
UEFA Champions League 2025/26,pre_24h_to_1h,181,28.539375814738133
UEFA Champions League 2025/26,pre_24h_to_1h,182,28.638656715146247
UEFA Champions League 2025/26,pre_24h_to_1h,183,28.73720062367405
UEFA Champions League 2025/26,pre_24h_to_1h,184,28.835712581686817
UEFA Champions League 2025/26,pre_24h_to_1h,185,28.933502458059625
UEFA Champions League 2025/26,pre_24h_to_1h,186,29.03126890405473
UEFA Champions League 2025/26,pre_24h_to_1h,187,29.128409119955013
UEFA Champions League 2025/26,pre_24h_to_1h,188,29.22554720582096
UEFA Champions League 2025/26,pre_24h_to_1h,189,29.32219325375525
UEFA Champions League 2025/26,pre_24h_to_1h,190,29.418771140590785
UEFA Champions League 2025/26,pre_24h_to_1h,191,29.514643986061056
UEFA Champions League 2025/26,pre_24h_to_1h,192,29.61045932060425
UEFA Champions League 2025/26,pre_24h_to_1h,193,29.70564842505261
UEFA Champions League 2025/26,pre_24h_to_1h,194,29.80084178956965
UEFA Champions League 2025/26,pre_24h_to_1h,195,29.895464304884594
UEFA Champions League 2025/26,pre_24h_to_1h,196,29.990103860474232
UEFA Champions League 2025/26,pre_24h_to_1h,197,30.08412783614072
UEFA Champions League 2025/26,pre_24h_to_1h,198,30.17809430088013
UEFA Champions League 2025/26,pre_24h_to_1h,199,30.2713748945633
UEFA Champions League 2025/26,pre_24h_to_1h,200,30.364553246598334
UEFA Champions League 2025/26,pre_24h_to_1h,201,30.45709471836686
UEFA Champions League 2025/26,pre_24h_to_1h,202,30.54958293927698
UEFA Champions League 2025/26,pre_24h_to_1h,203,30.641470490504307
UEFA Champions League 2025/26,pre_24h_to_1h,204,30.73335378166296
UEFA Champions League 2025/26,pre_24h_to_1h,205,30.82465131337917
UEFA Champions League 2025/26,pre_24h_to_1h,206,30.915927544752023
UEFA Champions League 2025/26,pre_24h_to_1h,207,31.006675527609502
UEFA Champions League 2025/26,pre_24h_to_1h,208,31.097429900569995
UEFA Champions League 2025/26,pre_24h_to_1h,209,31.187611294294065
UEFA Champions League 2025/26,pre_24h_to_1h,210,31.277803338189813
UEFA Champions League 2025/26,pre_24h_to_1h,211,31.36742453288347
UEFA Champions League 2025/26,pre_24h_to_1h,212,31.45702229719943
UEFA Champions League 2025/26,pre_24h_to_1h,213,31.546042822210293
UEFA Champions League 2025/26,pre_24h_to_1h,214,31.635101687839207
UEFA Champions League 2025/26,pre_24h_to_1h,215,31.72360674454072
UEFA Champions League 2025/26,pre_24h_to_1h,216,31.812041510109143
UEFA Champions League 2025/26,pre_24h_to_1h,217,31.89990329644114
UEFA Champions League 2025/26,pre_24h_to_1h,218,31.987709701880394
UEFA Champions League 2025/26,pre_24h_to_1h,219,32.074994248907295
UEFA Champions League 2025/26,pre_24h_to_1h,220,32.16227666589985
UEFA Champions League 2025/26,pre_24h_to_1h,221,32.249098995475805
UEFA Champions League 2025/26,pre_24h_to_1h,222,32.33582547350663
UEFA Champions League 2025/26,pre_24h_to_1h,223,32.42203648322811
UEFA Champions League 2025/26,pre_24h_to_1h,224,32.508179331850826
UEFA Champions League 2025/26,pre_24h_to_1h,225,32.593887653468975
UEFA Champions League 2025/26,pre_24h_to_1h,226,32.67950012354199
UEFA Champions League 2025/26,pre_24h_to_1h,227,32.76458860516831
UEFA Champions League 2025/26,pre_24h_to_1h,228,32.84965791648561
UEFA Champions League 2025/26,pre_24h_to_1h,229,32.93417980897852
UEFA Champions League 2025/26,pre_24h_to_1h,230,33.01869531136842
UEFA Champions League 2025/26,pre_24h_to_1h,231,33.10263357445322
UEFA Champions League 2025/26,pre_24h_to_1h,232,33.18653988702298
UEFA Champions League 2025/26,pre_24h_to_1h,233,33.269964811832764
UEFA Champions League 2025/26,pre_24h_to_1h,234,33.35334713595583
UEFA Champions League 2025/26,pre_24h_to_1h,235,33.43623316207857
UEFA Champions League 2025/26,pre_24h_to_1h,236,33.519057417205566
UEFA Champions League 2025/26,pre_24h_to_1h,237,33.60144075522497
UEFA Champions League 2025/26,pre_24h_to_1h,238,33.683779362523325
UEFA Champions League 2025/26,pre_24h_to_1h,239,33.76561741175268
UEFA Champions League 2025/26,pre_24h_to_1h,240,33.84743203060433
UEFA Champions League 2025/26,pre_24h_to_1h,241,33.928775911867696
UEFA Champions League 2025/26,pre_24h_to_1h,242,34.01005376206665
UEFA Champions League 2025/26,pre_24h_to_1h,243,34.0908608746773
UEFA Champions League 2025/26,pre_24h_to_1h,244,34.17164029684159
UEFA Champions League 2025/26,pre_24h_to_1h,245,34.25202779268802
UEFA Champions League 2025/26,pre_24h_to_1h,246,34.3323535175387
UEFA Champions League 2025/26,pre_24h_to_1h,247,34.41222341504145
UEFA Champions League 2025/26,pre_24h_to_1h,248,34.49203367158279
UEFA Champions League 2025/26,pre_24h_to_1h,249,34.57137532057017
UEFA Champions League 2025/26,pre_24h_to_1h,250,34.65066371869914
UEFA Champions League 2025/26,pre_24h_to_1h,251,34.7295559304416
UEFA Champions League 2025/26,pre_24h_to_1h,252,34.80844388211538
UEFA Champions League 2025/26,pre_24h_to_1h,253,34.886841925891844
UEFA Champions League 2025/26,pre_24h_to_1h,254,34.96522292939362
UEFA Champions League 2025/26,pre_24h_to_1h,255,35.04318218609684
UEFA Champions League 2025/26,pre_24h_to_1h,256,35.12107541173564
UEFA Champions League 2025/26,pre_24h_to_1h,257,35.198536240404195
UEFA Champions League 2025/26,pre_24h_to_1h,258,35.27599280900408
UEFA Champions League 2025/26,pre_24h_to_1h,259,35.35307023149213
UEFA Champions League 2025/26,pre_24h_to_1h,260,35.43015404408319
UEFA Champions League 2025/26,pre_24h_to_1h,261,35.50683954025339
UEFA Champions League 2025/26,pre_24h_to_1h,262,35.583503736080225
UEFA Champions League 2025/26,pre_24h_to_1h,263,35.65980156600124
UEFA Champions League 2025/26,pre_24h_to_1h,264,35.7361015259566
UEFA Champions League 2025/26,pre_24h_to_1h,265,35.81200529952543
UEFA Champions League 2025/26,pre_24h_to_1h,266,35.88789629288824
UEFA Champions League 2025/26,pre_24h_to_1h,267,35.963423050379575
UEFA Champions League 2025/26,pre_24h_to_1h,268,36.03891359728719
UEFA Champions League 2025/26,pre_24h_to_1h,269,36.11400795780828
UEFA Champions League 2025/26,pre_24h_to_1h,270,36.18911296850105
UEFA Champions League 2025/26,pre_24h_to_1h,271,36.26380688256695
UEFA Champions League 2025/26,pre_24h_to_1h,272,36.33851357683886
UEFA Champions League 2025/26,pre_24h_to_1h,273,36.4128389949646
UEFA Champions League 2025/26,pre_24h_to_1h,274,36.487123942437954
UEFA Champions League 2025/26,pre_24h_to_1h,275,36.56101696359345
UEFA Champions League 2025/26,pre_24h_to_1h,276,36.63490359464595
UEFA Champions League 2025/26,pre_24h_to_1h,277,36.70843663999864
UEFA Champions League 2025/26,pre_24h_to_1h,278,36.78191430445859
UEFA Champions League 2025/26,pre_24h_to_1h,279,36.85496596205131
UEFA Champions League 2025/26,pre_24h_to_1h,280,36.92794945854527
UEFA Champions League 2025/26,pre_24h_to_1h,281,37.00060279971713
UEFA Champions League 2025/26,pre_24h_to_1h,282,37.07323271051129
UEFA Champions League 2025/26,pre_24h_to_1h,283,37.145502645502646
UEFA Champions League 2025/26,pre_24h_to_1h,284,37.21771506956692
UEFA Champions League 2025/26,pre_24h_to_1h,285,37.28957177789706
UEFA Champions League 2025/26,pre_24h_to_1h,286,37.36141783605552
UEFA Champions League 2025/26,pre_24h_to_1h,287,37.43302320033399
UEFA Champions League 2025/26,pre_24h_to_1h,288,37.504605134234765
UEFA Champions League 2025/26,pre_24h_to_1h,289,37.57585691281344
UEFA Champions League 2025/26,pre_24h_to_1h,290,37.64707248080839
UEFA Champions League 2025/26,pre_24h_to_1h,291,37.7179493733439
UEFA Champions League 2025/26,pre_24h_to_1h,292,37.7887964453987
UEFA Champions League 2025/26,pre_24h_to_1h,293,37.8593133621314
UEFA Champions League 2025/26,pre_24h_to_1h,294,37.929770637902685
UEFA Champions League 2025/26,pre_24h_to_1h,295,37.99984024742479
UEFA Champions League 2025/26,pre_24h_to_1h,296,38.06986086615717
UEFA Champions League 2025/26,pre_24h_to_1h,297,38.13956197973911
UEFA Champions League 2025/26,pre_24h_to_1h,298,38.20923966294337
UEFA Champions League 2025/26,pre_24h_to_1h,299,38.27850837955508
UEFA Champions League 2025/26,pre_24h_to_1h,300,38.347708935068034
UEFA Champions League 2025/26,pre_last_hour,1,1.1552518126592202
UEFA Champions League 2025/26,pre_last_hour,2,3.496129727611209
UEFA Champions League 2025/26,pre_last_hour,3,5.528659611992945
UEFA Champions League 2025/26,pre_last_hour,4,7.738634136782285
UEFA Champions League 2025/26,pre_last_hour,5,9.653831079757005
UEFA Champions League 2025/26,pre_last_hour,6,11.61650009798158
UEFA Champions League 2025/26,pre_last_hour,7,13.332647462277093
UEFA Champions League 2025/26,pre_last_hour,8,15.059425827944349
UEFA Champions League 2025/26,pre_last_hour,9,16.603027630805407
UEFA Champions League 2025/26,pre_last_hour,10,18.14530668234372
UEFA Champions League 2025/26,pre_last_hour,11,19.53737997256516
UEFA Champions League 2025/26,pre_last_hour,12,20.93307858122673
UEFA Champions League 2025/26,pre_last_hour,13,22.20943562610229
UEFA Champions League 2025/26,pre_last_hour,14,23.486282578875173
UEFA Champions League 2025/26,pre_last_hour,15,24.657995296884184
UEFA Champions League 2025/26,pre_last_hour,16,25.827013521457967
UEFA Champions League 2025/26,pre_last_hour,17,26.908289241622576
UEFA Champions League 2025/26,pre_last_hour,18,27.986625514403293
UEFA Champions League 2025/26,pre_last_hour,19,28.993484224965705
UEFA Champions League 2025/26,pre_last_hour,20,29.996619635508523
UEFA Champions League 2025/26,pre_last_hour,21,30.932588673329413
UEFA Champions League 2025/26,pre_last_hour,22,31.86556927297668
UEFA Champions League 2025/26,pre_last_hour,23,32.74833431314913
UEFA Champions League 2025/26,pre_last_hour,24,33.62688614540466
UEFA Champions League 2025/26,pre_last_hour,25,34.45610425240055
UEFA Champions League 2025/26,pre_last_hour,26,35.28081520674113
UEFA Champions League 2025/26,pre_last_hour,27,36.062267293748775
UEFA Champions League 2025/26,pre_last_hour,28,36.84019204389575
UEFA Champions League 2025/26,pre_last_hour,29,37.57941407015481
UEFA Champions League 2025/26,pre_last_hour,30,38.31648050166569
UEFA Champions League 2025/26,pre_last_hour,31,39.01675485008818
UEFA Champions League 2025/26,pre_last_hour,32,39.7137958063884
UEFA Champions League 2025/26,pre_last_hour,33,40.37781697040956
UEFA Champions League 2025/26,pre_last_hour,34,41.0389966686263
UEFA Champions League 2025/26,pre_last_hour,35,41.66808739956888
UEFA Champions League 2025/26,pre_last_hour,36,42.29512051734274
UEFA Champions League 2025/26,pre_last_hour,37,42.89770723104056
UEFA Champions League 2025/26,pre_last_hour,38,43.49882422104644
UEFA Champions League 2025/26,pre_last_hour,39,44.075298843817365
UEFA Champions League 2025/26,pre_last_hour,40,44.65084264158338
UEFA Champions League 2025/26,pre_last_hour,41,45.204291593180486
UEFA Champions League 2025/26,pre_last_hour,42,45.75568293160886
UEFA Champions League 2025/26,pre_last_hour,43,46.28439153439153
UEFA Champions League 2025/26,pre_last_hour,44,46.81114050558495
UEFA Champions League 2025/26,pre_last_hour,45,47.32108563590045
UEFA Champions League 2025/26,pre_last_hour,46,47.829805996472665
UEFA Champions League 2025/26,pre_last_hour,47,48.32167352537723
UEFA Champions League 2025/26,pre_last_hour,48,48.813932980599645
UEFA Champions League 2025/26,pre_last_hour,49,49.29105428179502
UEFA Champions League 2025/26,pre_last_hour,50,49.7664609053498
UEFA Champions League 2025/26,pre_last_hour,51,50.22604350382128
UEFA Champions League 2025/26,pre_last_hour,52,50.68454830491868
UEFA Champions League 2025/26,pre_last_hour,53,51.12860082304527
UEFA Champions League 2025/26,pre_last_hour,54,51.57157554379776
UEFA Champions League 2025/26,pre_last_hour,55,52.001077797374094
UEFA Champions League 2025/26,pre_last_hour,56,52.43009014305311
UEFA Champions League 2025/26,pre_last_hour,57,52.84656084656085
UEFA Champions League 2025/26,pre_last_hour,58,53.261757789535565
UEFA Champions League 2025/26,pre_last_hour,59,53.664707035077406
UEFA Champions League 2025/26,pre_last_hour,60,54.0671173819322
UEFA Champions League 2025/26,pre_last_hour,61,54.45801489320008
UEFA Champions League 2025/26,pre_last_hour,62,54.84856946893984
UEFA Champions League 2025/26,pre_last_hour,63,55.22859102488732
UEFA Champions League 2025/26,pre_last_hour,64,55.60601606897903
UEFA Champions League 2025/26,pre_last_hour,65,55.97290809327846
UEFA Champions League 2025/26,pre_last_hour,66,56.33980011757789
UEFA Champions League 2025/26,pre_last_hour,67,56.69630609445424
UEFA Champions League 2025/26,pre_last_hour,68,57.05183225553596
UEFA Champions League 2025/26,pre_last_hour,69,57.39658044287674
UEFA Champions League 2025/26,pre_last_hour,70,57.740593768371546
UEFA Champions League 2025/26,pre_last_hour,71,58.076033705663335
UEFA Champions League 2025/26,pre_last_hour,72,58.41098373505781
UEFA Champions League 2025/26,pre_last_hour,73,58.73603762492652
UEFA Champions League 2025/26,pre_last_hour,74,59.05947481873408
UEFA Champions League 2025/26,pre_last_hour,75,59.37433862433863
UEFA Champions League 2025/26,pre_last_hour,76,59.68836958651774
UEFA Champions League 2025/26,pre_last_hour,77,59.99475798549873
UEFA Champions League 2025/26,pre_last_hour,78,60.30026455026455
UEFA Champions League 2025/26,pre_last_hour,79,60.59852047815011
UEFA Champions League 2025/26,pre_last_hour,80,60.89662943366647
UEFA Champions League 2025/26,pre_last_hour,81,61.18910444836371
UEFA Champions League 2025/26,pre_last_hour,82,61.48118753674309
UEFA Champions League 2025/26,pre_last_hour,83,61.76601998824221
UEFA Champions League 2025/26,pre_last_hour,84,62.04962766999804
UEFA Champions League 2025/26,pre_last_hour,85,62.32642563198119
UEFA Champions League 2025/26,pre_last_hour,86,62.601851851851855
UEFA Champions League 2025/26,pre_last_hour,87,62.871791103272585
UEFA Champions League 2025/26,pre_last_hour,88,63.14133842837546
UEFA Champions League 2025/26,pre_last_hour,89,63.40495786792083
UEFA Champions League 2025/26,pre_last_hour,90,63.66794042719969
UEFA Champions League 2025/26,pre_last_hour,91,63.92524005486968
UEFA Champions League 2025/26,pre_last_hour,92,64.18146188516559
UEFA Champions League 2025/26,pre_last_hour,93,64.43204977464237
UEFA Champions League 2025/26,pre_last_hour,94,64.68263766411914
UEFA Champions League 2025/26,pre_last_hour,95,64.9275916127768
UEFA Champions League 2025/26,pre_last_hour,96,65.17195767195767
UEFA Champions League 2025/26,pre_last_hour,97,65.41039584558104
UEFA Champions League 2025/26,pre_last_hour,98,65.648540074466
UEFA Champions League 2025/26,pre_last_hour,99,65.88139329805996
UEFA Champions League 2025/26,pre_last_hour,100,66.1134136782285
UEFA Champions League 2025/26,pre_last_hour,101,66.34107387811092
UEFA Champions League 2025/26,pre_last_hour,102,66.56853811483441
UEFA Champions League 2025/26,pre_last_hour,103,66.79100529100529
UEFA Champions League 2025/26,pre_last_hour,104,67.01283558690966
UEFA Champions League 2025/26,pre_last_hour,105,67.2299627669998
UEFA Champions League 2025/26,pre_last_hour,106,67.44664902998237
UEFA Champions League 2025/26,pre_last_hour,107,67.65902410346855
UEFA Champions League 2025/26,pre_last_hour,108,67.87071330589849
UEFA Champions League 2025/26,pre_last_hour,109,68.0786302175191
UEFA Champions League 2025/26,pre_last_hour,110,68.2862041936116
UEFA Champions League 2025/26,pre_last_hour,111,68.48917303546934
UEFA Champions League 2025/26,pre_last_hour,112,68.69179894179894
UEFA Champions League 2025/26,pre_last_hour,113,68.88986870468352
UEFA Champions League 2025/26,pre_last_hour,114,69.08818342151676
UEFA Champions League 2025/26,pre_last_hour,115,69.2827748383304
UEFA Champions League 2025/26,pre_last_hour,116,69.47702331961591
UEFA Champions League 2025/26,pre_last_hour,117,69.66798941798942
UEFA Champions League 2025/26,pre_last_hour,118,69.85826964530668
UEFA Champions League 2025/26,pre_last_hour,119,70.0436507936508
UEFA Champions League 2025/26,pre_last_hour,120,70.22834607093867
UEFA Champions League 2025/26,pre_last_hour,121,70.40966098373505
UEFA Champions League 2025/26,pre_last_hour,122,70.5905839702136
UEFA Champions League 2025/26,pre_last_hour,123,70.76846952772878
UEFA Champions League 2025/26,pre_last_hour,124,70.94630609445424
UEFA Champions League 2025/26,pre_last_hour,125,71.12086027826768
UEFA Champions League 2025/26,pre_last_hour,126,71.29516950813247
UEFA Champions League 2025/26,pre_last_hour,127,71.46585341955712
UEFA Champions League 2025/26,pre_last_hour,128,71.6365863217715
UEFA Champions League 2025/26,pre_last_hour,129,71.804379776602
UEFA Champions League 2025/26,pre_last_hour,130,71.97163433274544
UEFA Champions League 2025/26,pre_last_hour,131,72.13531256123849
UEFA Champions League 2025/26,pre_last_hour,132,72.29864785420341
UEFA Champions League 2025/26,pre_last_hour,133,72.45904369978444
UEFA Champions League 2025/26,pre_last_hour,134,72.61909660983736
UEFA Champions League 2025/26,pre_last_hour,135,72.77640603566529
UEFA Champions League 2025/26,pre_last_hour,136,72.93351949833432
UEFA Champions League 2025/26,pre_last_hour,137,73.08725259651186
UEFA Champions League 2025/26,pre_last_hour,138,73.2408387223202
UEFA Champions League 2025/26,pre_last_hour,139,73.39187732706252
UEFA Champions League 2025/26,pre_last_hour,140,73.54301391338429
UEFA Champions League 2025/26,pre_last_hour,141,73.69174995100921
UEFA Champions League 2025/26,pre_last_hour,142,73.84029002547521
UEFA Champions League 2025/26,pre_last_hour,143,73.9863315696649
UEFA Champions League 2025/26,pre_last_hour,144,74.13193219674702
UEFA Champions League 2025/26,pre_last_hour,145,74.27523025671174
UEFA Champions League 2025/26,pre_last_hour,146,74.41794042719968
UEFA Champions League 2025/26,pre_last_hour,147,74.55785812267294
UEFA Champions League 2025/26,pre_last_hour,148,74.69753086419753
UEFA Champions League 2025/26,pre_last_hour,149,74.83480305702528
UEFA Champions League 2025/26,pre_last_hour,150,74.97178130511463
UEFA Champions League 2025/26,pre_last_hour,151,75.10557515187145
UEFA Champions League 2025/26,pre_last_hour,152,75.2392710170488
UEFA Champions League 2025/26,pre_last_hour,153,75.37095825984714
UEFA Champions League 2025/26,pre_last_hour,154,75.50225357632765
UEFA Champions League 2025/26,pre_last_hour,155,75.63124632569077
UEFA Champions League 2025/26,pre_last_hour,156,75.7597981579463
UEFA Champions League 2025/26,pre_last_hour,157,75.88634136782285
UEFA Champions League 2025/26,pre_last_hour,158,76.01244366059181
UEFA Champions League 2025/26,pre_last_hour,159,76.13683127572017
UEFA Champions League 2025/26,pre_last_hour,160,76.26067999216147
UEFA Champions League 2025/26,pre_last_hour,161,76.38310797570057
UEFA Champions League 2025/26,pre_last_hour,162,76.50558495002939
UEFA Champions League 2025/26,pre_last_hour,163,76.62590632961003
UEFA Champions League 2025/26,pre_last_hour,164,76.74593376445229
UEFA Champions League 2025/26,pre_last_hour,165,76.86439349402312
UEFA Champions League 2025/26,pre_last_hour,166,76.98255927885558
UEFA Champions League 2025/26,pre_last_hour,167,77.0986674505193
UEFA Champions League 2025/26,pre_last_hour,168,77.2147266313933
UEFA Champions League 2025/26,pre_last_hour,169,77.32936507936508
UEFA Champions League 2025/26,pre_last_hour,170,77.4440525181266
UEFA Champions League 2025/26,pre_last_hour,171,77.55678032529885
UEFA Champions League 2025/26,pre_last_hour,172,77.66926317852244
UEFA Champions League 2025/26,pre_last_hour,173,77.78066823437194
UEFA Champions League 2025/26,pre_last_hour,174,77.89192631785224
UEFA Champions League 2025/26,pre_last_hour,175,78.0017146776406
UEFA Champions League 2025/26,pre_last_hour,176,78.11150303742896
UEFA Champions League 2025/26,pre_last_hour,177,78.21972369194592
UEFA Champions League 2025/26,pre_last_hour,178,78.32750342935527
UEFA Champions League 2025/26,pre_last_hour,179,78.43391142465217
UEFA Champions League 2025/26,pre_last_hour,180,78.54017244757985
UEFA Champions League 2025/26,pre_last_hour,181,78.64462081128748
UEFA Champions League 2025/26,pre_last_hour,182,78.74862825788752
UEFA Champions League 2025/26,pre_last_hour,183,78.8506760728983
UEFA Champions League 2025/26,pre_last_hour,184,78.95247893396042
UEFA Champions League 2025/26,pre_last_hour,185,79.05320399764844
UEFA Champions League 2025/26,pre_last_hour,186,79.15373309817754
UEFA Champions League 2025/26,pre_last_hour,187,79.25230256711738
UEFA Champions League 2025/26,pre_last_hour,188,79.3505291005291
UEFA Champions League 2025/26,pre_last_hour,189,79.44713893787967
UEFA Champions League 2025/26,pre_last_hour,190,79.54369978444052
UEFA Champions League 2025/26,pre_last_hour,191,79.63883989809916
UEFA Champions League 2025/26,pre_last_hour,192,79.7339800117578
UEFA Champions League 2025/26,pre_last_hour,193,79.82755242014501
UEFA Champions League 2025/26,pre_last_hour,194,79.92078189300412
UEFA Champions League 2025/26,pre_last_hour,195,80.01278659611992
UEFA Champions League 2025/26,pre_last_hour,196,80.10459533607681
UEFA Champions League 2025/26,pre_last_hour,197,80.19557123260827
UEFA Champions League 2025/26,pre_last_hour,198,80.28654712913972
UEFA Champions League 2025/26,pre_last_hour,199,80.37654320987654
UEFA Champions League 2025/26,pre_last_hour,200,80.46624534587498
UEFA Champions League 2025/26,pre_last_hour,201,80.55442876739173
UEFA Champions League 2025/26,pre_last_hour,202,80.6421712718009
UEFA Champions League 2025/26,pre_last_hour,203,80.7290319419949
UEFA Champions League 2025/26,pre_last_hour,204,80.81579463060945
UEFA Champions League 2025/26,pre_last_hour,205,80.9013325494807
UEFA Champions League 2025/26,pre_last_hour,206,80.98696844993141
UEFA Champions League 2025/26,pre_last_hour,207,81.0714775622183
UEFA Champions League 2025/26,pre_last_hour,208,81.15579071134627
UEFA Champions League 2025/26,pre_last_hour,209,81.23878110915147
UEFA Champions League 2025/26,pre_last_hour,210,81.32172251616696
UEFA Champions League 2025/26,pre_last_hour,211,81.40348814422889
UEFA Champions League 2025/26,pre_last_hour,212,81.48505780913189
UEFA Champions League 2025/26,pre_last_hour,213,81.56574563981971
UEFA Champions League 2025/26,pre_last_hour,214,81.6461885165589
UEFA Champions League 2025/26,pre_last_hour,215,81.72560258671369
UEFA Champions League 2025/26,pre_last_hour,216,81.80482069370959
UEFA Champions League 2025/26,pre_last_hour,217,81.88345091122869
UEFA Champions League 2025/26,pre_last_hour,218,81.96203213795806
UEFA Champions League 2025/26,pre_last_hour,219,82.03968253968254
UEFA Champions League 2025/26,pre_last_hour,220,82.11713697824808
UEFA Champions League 2025/26,pre_last_hour,221,82.19370958259847
UEFA Champions League 2025/26,pre_last_hour,222,82.27023319615913
UEFA Champions League 2025/26,pre_last_hour,223,82.3457280031354
UEFA Champions League 2025/26,pre_last_hour,224,82.42083088379384
UEFA Champions League 2025/26,pre_last_hour,225,82.49524789339604
UEFA Champions League 2025/26,pre_last_hour,226,82.5696159122085
UEFA Champions League 2025/26,pre_last_hour,227,82.64300411522633
UEFA Champions League 2025/26,pre_last_hour,228,82.71639231824417
UEFA Champions League 2025/26,pre_last_hour,229,82.78845776993926
UEFA Champions League 2025/26,pre_last_hour,230,82.86013129531648
UEFA Champions League 2025/26,pre_last_hour,231,82.93121693121694
UEFA Champions League 2025/26,pre_last_hour,232,83.00230256711738
UEFA Champions League 2025/26,pre_last_hour,233,83.07275132275132
UEFA Champions League 2025/26,pre_last_hour,234,83.14320007838526
UEFA Champions League 2025/26,pre_last_hour,235,83.21271800901431
UEFA Champions League 2025/26,pre_last_hour,236,83.28199098569469
UEFA Champions League 2025/26,pre_last_hour,237,83.3505291005291
UEFA Champions League 2025/26,pre_last_hour,238,83.41906721536351
UEFA Champions League 2025/26,pre_last_hour,239,83.4863315696649
UEFA Champions League 2025/26,pre_last_hour,240,83.55349794238683
UEFA Champions League 2025/26,pre_last_hour,241,83.6196355085244
UEFA Champions League 2025/26,pre_last_hour,242,83.68543013913384
UEFA Champions League 2025/26,pre_last_hour,243,83.75048990789732
UEFA Champions League 2025/26,pre_last_hour,244,83.8155496766608
UEFA Champions League 2025/26,pre_last_hour,245,83.88002155594748
UEFA Champions League 2025/26,pre_last_hour,246,83.94419949049579
UEFA Champions League 2025/26,pre_last_hour,247,84.00729962767
UEFA Champions League 2025/26,pre_last_hour,248,84.07025279247502
UEFA Champions League 2025/26,pre_last_hour,249,84.13266705859299
UEFA Champions League 2025/26,pre_last_hour,250,84.1949833431315
UEFA Champions League 2025/26,pre_last_hour,251,84.25641779345483
UEFA Champions League 2025/26,pre_last_hour,252,84.31780325298844
UEFA Champions League 2025/26,pre_last_hour,253,84.37855183225554
UEFA Champions League 2025/26,pre_last_hour,254,84.4392514207329
UEFA Champions League 2025/26,pre_last_hour,255,84.49960807368215
UEFA Champions League 2025/26,pre_last_hour,256,84.55991573584166
UEFA Champions League 2025/26,pre_last_hour,257,84.61958651773466
UEFA Champions League 2025/26,pre_last_hour,258,84.67906133646875
UEFA Champions League 2025/26,pre_last_hour,259,84.73799725651577
UEFA Champions League 2025/26,pre_last_hour,260,84.79688418577308
UEFA Champions League 2025/26,pre_last_hour,261,84.8551832255536
UEFA Champions League 2025/26,pre_last_hour,262,84.91338428375465
UEFA Champions League 2025/26,pre_last_hour,263,84.97085048010975
UEFA Champions League 2025/26,pre_last_hour,264,85.02816970409563
UEFA Champions League 2025/26,pre_last_hour,265,85.08470507544581
UEFA Champions League 2025/26,pre_last_hour,266,85.14109347442681
UEFA Champions League 2025/26,pre_last_hour,267,85.19694297472076
UEFA Champions League 2025/26,pre_last_hour,268,85.25269449343523
UEFA Champions League 2025/26,pre_last_hour,269,85.3079561042524
UEFA Champions League 2025/26,pre_last_hour,270,85.3632667058593
UEFA Champions League 2025/26,pre_last_hour,271,85.41794042719968
UEFA Champions League 2025/26,pre_last_hour,272,85.47246717617088
UEFA Champions League 2025/26,pre_last_hour,273,85.52650401724476
UEFA Champions League 2025/26,pre_last_hour,274,85.58039388594945
UEFA Champions League 2025/26,pre_last_hour,275,85.63359788359789
UEFA Champions League 2025/26,pre_last_hour,276,85.68670389966687
UEFA Champions League 2025/26,pre_last_hour,277,85.73922202625906
UEFA Champions League 2025/26,pre_last_hour,278,85.79183813443073
UEFA Champions League 2025/26,pre_last_hour,279,85.84367038996669
UEFA Champions League 2025/26,pre_last_hour,280,85.89540466392319
UEFA Champions League 2025/26,pre_last_hour,281,85.94650205761317
UEFA Champions League 2025/26,pre_last_hour,282,85.99755046051342
UEFA Champions League 2025/26,pre_last_hour,283,86.04810895551637
UEFA Champions League 2025/26,pre_last_hour,284,86.0986674505193
UEFA Champions League 2025/26,pre_last_hour,285,86.14883401920439
UEFA Champions League 2025/26,pre_last_hour,286,86.19885361552028
UEFA Champions League 2025/26,pre_last_hour,287,86.24818734077994
UEFA Champions League 2025/26,pre_last_hour,288,86.29747207524986
UEFA Champions League 2025/26,pre_last_hour,289,86.34616892024299
UEFA Champions League 2025/26,pre_last_hour,290,86.3948167744464
UEFA Champions League 2025/26,pre_last_hour,291,86.44331765628061
UEFA Champions League 2025/26,pre_last_hour,292,86.49167156574563
UEFA Champions League 2025/26,pre_last_hour,293,86.53968253968254
UEFA Champions League 2025/26,pre_last_hour,294,86.58769351361944
UEFA Champions League 2025/26,pre_last_hour,295,86.63526357044876
UEFA Champions League 2025/26,pre_last_hour,296,86.68283362727807
UEFA Champions League 2025/26,pre_last_hour,297,86.72981579463061
UEFA Champions League 2025/26,pre_last_hour,298,86.77684695277289
UEFA Champions League 2025/26,pre_last_hour,299,86.82329022143837
UEFA Champions League 2025/26,pre_last_hour,300,86.86973349010385
UEFA Champions League 2025/26,post_0_to_55m,1,2.779274223718668
UEFA Champions League 2025/26,post_0_to_55m,2,7.837956282400727
UEFA Champions League 2025/26,post_0_to_55m,3,11.529902196568862
UEFA Champions League 2025/26,post_0_to_55m,4,15.356154133931913
UEFA Champions League 2025/26,post_0_to_55m,5,18.37186681631126
UEFA Champions League 2025/26,post_0_to_55m,6,21.38357116134894
UEFA Champions League 2025/26,post_0_to_55m,7,23.886911442467
UEFA Champions League 2025/26,post_0_to_55m,8,26.369675591897813
UEFA Champions League 2025/26,post_0_to_55m,9,28.505424616535727
UEFA Champions League 2025/26,post_0_to_55m,10,30.619101063545507
UEFA Champions League 2025/26,post_0_to_55m,11,32.47528191972636
UEFA Champions League 2025/26,post_0_to_55m,12,34.31452087007643
UEFA Champions League 2025/26,post_0_to_55m,13,35.957671957671955
UEFA Champions League 2025/26,post_0_to_55m,14,37.58906525573192
UEFA Champions League 2025/26,post_0_to_55m,15,39.06103361658917
UEFA Champions League 2025/26,post_0_to_55m,16,40.52022874245097
UEFA Champions League 2025/26,post_0_to_55m,17,41.849233071455295
UEFA Champions League 2025/26,post_0_to_55m,18,43.17332050665384
UEFA Champions League 2025/26,post_0_to_55m,19,44.38405216182994
UEFA Champions League 2025/26,post_0_to_55m,20,45.58767569878681
UEFA Champions League 2025/26,post_0_to_55m,21,46.69787825343381
UEFA Champions League 2025/26,post_0_to_55m,22,47.800010688899576
UEFA Champions League 2025/26,post_0_to_55m,23,48.82411415744749
UEFA Champions League 2025/26,post_0_to_55m,24,49.8410026187804
UEFA Champions League 2025/26,post_0_to_55m,25,50.78718400940623
UEFA Champions League 2025/26,post_0_to_55m,26,51.72566939233606
UEFA Champions League 2025/26,post_0_to_55m,27,52.60109026775694
UEFA Champions League 2025/26,post_0_to_55m,28,53.47202180535514
UEFA Champions League 2025/26,post_0_to_55m,29,54.287691732136174
UEFA Champions League 2025/26,post_0_to_55m,30,55.09710865266421
UEFA Champions League 2025/26,post_0_to_55m,31,55.85708941264497
UEFA Champions League 2025/26,post_0_to_55m,32,56.61327561327561
UEFA Champions League 2025/26,post_0_to_55m,33,57.324568435679545
UEFA Champions League 2025/26,post_0_to_55m,34,58.030944364277694
UEFA Champions League 2025/26,post_0_to_55m,35,58.6979316979317
UEFA Champions League 2025/26,post_0_to_55m,36,59.359360803805245
UEFA Champions League 2025/26,post_0_to_55m,37,59.98487520709743
UEFA Champions League 2025/26,post_0_to_55m,38,60.6065950510395
UEFA Champions League 2025/26,post_0_to_55m,39,61.195286195286194
UEFA Champions League 2025/26,post_0_to_55m,40,61.78151889263
UEFA Champions League 2025/26,post_0_to_55m,41,62.33707444818556
UEFA Champions League 2025/26,post_0_to_55m,42,62.890064667842445
UEFA Champions League 2025/26,post_0_to_55m,43,63.41563786008231
UEFA Champions League 2025/26,post_0_to_55m,44,63.93939393939394
UEFA Champions League 2025/26,post_0_to_55m,45,64.43893966116188
UEFA Champions League 2025/26,post_0_to_55m,46,64.93490460157126
UEFA Champions League 2025/26,post_0_to_55m,47,65.40751429640318
UEFA Champions League 2025/26,post_0_to_55m,48,65.87777243332799
UEFA Champions League 2025/26,post_0_to_55m,49,66.32638554860777
UEFA Champions League 2025/26,post_0_to_55m,50,66.77280743947411
UEFA Champions League 2025/26,post_0_to_55m,51,67.20185986852654
UEFA Champions League 2025/26,post_0_to_55m,52,67.62952274063385
UEFA Champions League 2025/26,post_0_to_55m,53,68.03976270642937
UEFA Champions League 2025/26,post_0_to_55m,54,68.44914756025867
UEFA Champions League 2025/26,post_0_to_55m,55,68.84223184223184
UEFA Champions League 2025/26,post_0_to_55m,56,69.23285767730212
UEFA Champions League 2025/26,post_0_to_55m,57,69.60926727593395
UEFA Champions League 2025/26,post_0_to_55m,58,69.98439420661643
UEFA Champions League 2025/26,post_0_to_55m,59,70.34514456736679
UEFA Champions League 2025/26,post_0_to_55m,60,70.70509326064882
UEFA Champions League 2025/26,post_0_to_55m,61,71.0521618299396
UEFA Champions League 2025/26,post_0_to_55m,62,71.3983218427663
UEFA Champions League 2025/26,post_0_to_55m,63,71.73208273208273
UEFA Champions League 2025/26,post_0_to_55m,64,72.0642402864625
UEFA Champions League 2025/26,post_0_to_55m,65,72.38421249532361
UEFA Champions League 2025/26,post_0_to_55m,66,72.70316925872481
UEFA Champions League 2025/26,post_0_to_55m,67,73.01266634599968
UEFA Champions League 2025/26,post_0_to_55m,68,73.32194965528299
UEFA Champions League 2025/26,post_0_to_55m,69,73.62113195446528
UEFA Champions League 2025/26,post_0_to_55m,70,73.91897814120037
UEFA Champions League 2025/26,post_0_to_55m,71,74.20672331783443
UEFA Champions League 2025/26,post_0_to_55m,72,74.49372027149805
UEFA Champions League 2025/26,post_0_to_55m,73,74.77066965955855
UEFA Champions League 2025/26,post_0_to_55m,74,75.04665704665705
UEFA Champions League 2025/26,post_0_to_55m,75,75.31302442413553
UEFA Champions League 2025/26,post_0_to_55m,76,75.5785366896478
UEFA Champions League 2025/26,post_0_to_55m,77,75.83512372401262
UEFA Champions League 2025/26,post_0_to_55m,78,76.09122975789643
UEFA Champions League 2025/26,post_0_to_55m,79,76.33894500561168
UEFA Champions League 2025/26,post_0_to_55m,80,76.5862861418417
UEFA Champions League 2025/26,post_0_to_55m,81,76.82507615840949
UEFA Champions League 2025/26,post_0_to_55m,82,77.06301106301106
UEFA Champions League 2025/26,post_0_to_55m,83,77.29378440489552
UEFA Champions League 2025/26,post_0_to_55m,84,77.52348885682218
UEFA Champions League 2025/26,post_0_to_55m,85,77.74688685799796
UEFA Champions League 2025/26,post_0_to_55m,86,77.96975041419486
UEFA Champions League 2025/26,post_0_to_55m,87,78.18641440863664
UEFA Champions League 2025/26,post_0_to_55m,88,78.40286462508685
UEFA Champions League 2025/26,post_0_to_55m,89,78.61343594676929
UEFA Champions League 2025/26,post_0_to_55m,90,78.82384693495804
UEFA Champions League 2025/26,post_0_to_55m,91,79.02869969536636
UEFA Champions League 2025/26,post_0_to_55m,92,79.23317834428946
UEFA Champions League 2025/26,post_0_to_55m,93,79.4316177649511
UEFA Champions League 2025/26,post_0_to_55m,94,79.63005718561274
UEFA Champions League 2025/26,post_0_to_55m,95,79.82341937897493
UEFA Champions League 2025/26,post_0_to_55m,96,80.01619368286035
UEFA Champions League 2025/26,post_0_to_55m,97,80.20287531398642
UEFA Champions League 2025/26,post_0_to_55m,98,80.38886216663994
UEFA Champions League 2025/26,post_0_to_55m,99,80.56966490299824
UEFA Champions League 2025/26,post_0_to_55m,100,80.75030730586286
UEFA Champions League 2025/26,post_0_to_55m,101,80.92592592592592
UEFA Champions League 2025/26,post_0_to_55m,102,81.10117043450377
UEFA Champions League 2025/26,post_0_to_55m,103,81.2711239377906
UEFA Champions League 2025/26,post_0_to_55m,104,81.44059644059644
UEFA Champions League 2025/26,post_0_to_55m,105,81.60536582758805
UEFA Champions League 2025/26,post_0_to_55m,106,81.76928010261344
UEFA Champions League 2025/26,post_0_to_55m,107,81.92833092833092
UEFA Champions League 2025/26,post_0_to_55m,108,82.08674042007375
UEFA Champions League 2025/26,post_0_to_55m,109,82.24060712949601
UEFA Champions League 2025/26,post_0_to_55m,110,82.39420661642883
UEFA Champions League 2025/26,post_0_to_55m,111,82.54475976698198
UEFA Champions League 2025/26,post_0_to_55m,112,82.69461813906258
UEFA Champions League 2025/26,post_0_to_55m,113,82.84105606327829
UEFA Champions League 2025/26,post_0_to_55m,114,82.98701298701299
UEFA Champions League 2025/26,post_0_to_55m,115,83.12992357436802
UEFA Champions League 2025/26,post_0_to_55m,116,83.27272727272727
UEFA Champions League 2025/26,post_0_to_55m,117,83.41173641173641
UEFA Champions League 2025/26,post_0_to_55m,118,83.5504783282561
UEFA Champions League 2025/26,post_0_to_55m,119,83.68617390839613
UEFA Champions League 2025/26,post_0_to_55m,120,83.82149537705094
UEFA Champions League 2025/26,post_0_to_55m,121,83.95318261984929
UEFA Champions League 2025/26,post_0_to_55m,122,84.08438886216663
UEFA Champions League 2025/26,post_0_to_55m,123,84.21340388007054
UEFA Champions League 2025/26,post_0_to_55m,124,84.34209823098712
UEFA Champions League 2025/26,post_0_to_55m,125,84.46763935652825
UEFA Champions League 2025/26,post_0_to_55m,126,84.59296670407781
UEFA Champions League 2025/26,post_0_to_55m,127,84.71562182673294
UEFA Champions League 2025/26,post_0_to_55m,128,84.83763561541339
UEFA Champions League 2025/26,post_0_to_55m,129,84.9569771791994
UEFA Champions League 2025/26,post_0_to_55m,130,85.07621185398963
UEFA Champions League 2025/26,post_0_to_55m,131,85.19175885842553
UEFA Champions League 2025/26,post_0_to_55m,132,85.30698519587409
UEFA Champions League 2025/26,post_0_to_55m,133,85.42034097589654
UEFA Champions League 2025/26,post_0_to_55m,134,85.53332264443375
UEFA Champions League 2025/26,post_0_to_55m,135,85.64395275506386
UEFA Champions League 2025/26,post_0_to_55m,136,85.75426219870664
UEFA Champions League 2025/26,post_0_to_55m,137,85.86254075142963
UEFA Champions League 2025/26,post_0_to_55m,138,85.97076585965475
UEFA Champions League 2025/26,post_0_to_55m,139,86.07679974346641
UEFA Champions League 2025/26,post_0_to_55m,140,86.18261984928651
UEFA Champions League 2025/26,post_0_to_55m,141,86.2860883971995
UEFA Champions League 2025/26,post_0_to_55m,142,86.38928972262306
UEFA Champions League 2025/26,post_0_to_55m,143,86.4900860456416
UEFA Champions League 2025/26,post_0_to_55m,144,86.59066859066859
UEFA Champions League 2025/26,post_0_to_55m,145,86.68916680027792
UEFA Champions League 2025/26,post_0_to_55m,146,86.78750467639357
UEFA Champions League 2025/26,post_0_to_55m,147,86.88407888407889
UEFA Champions League 2025/26,post_0_to_55m,148,86.98049275827053
UEFA Champions League 2025/26,post_0_to_55m,149,87.07460851905296
UEFA Champions League 2025/26,post_0_to_55m,150,87.16851050184384
UEFA Champions League 2025/26,post_0_to_55m,151,87.26038159371492
UEFA Champions League 2025/26,post_0_to_55m,152,87.35214579659024
UEFA Champions League 2025/26,post_0_to_55m,153,87.44182566404788
UEFA Champions League 2025/26,post_0_to_55m,154,87.53145208700764
UEFA Champions League 2025/26,post_0_to_55m,155,87.61926139703918
UEFA Champions League 2025/26,post_0_to_55m,156,87.70691037357705
UEFA Champions League 2025/26,post_0_to_55m,157,87.79295601517823
UEFA Champions League 2025/26,post_0_to_55m,158,87.87889476778366
UEFA Champions League 2025/26,post_0_to_55m,159,87.9627491849714
UEFA Champions League 2025/26,post_0_to_55m,160,88.04617604617604
UEFA Champions League 2025/26,post_0_to_55m,161,88.12778579445246
UEFA Champions League 2025/26,post_0_to_55m,162,88.2092352092352
UEFA Champions League 2025/26,post_0_to_55m,163,88.28929506707284
UEFA Champions League 2025/26,post_0_to_55m,164,88.36924803591471
UEFA Champions League 2025/26,post_0_to_55m,165,88.44797178130511
UEFA Champions League 2025/26,post_0_to_55m,166,88.52653519320187
UEFA Champions League 2025/26,post_0_to_55m,167,88.60402971514083
UEFA Champions League 2025/26,post_0_to_55m,168,88.68141734808401
UEFA Champions League 2025/26,post_0_to_55m,169,88.75762920207364
UEFA Champions League 2025/26,post_0_to_55m,170,88.83384105606328
UEFA Champions League 2025/26,post_0_to_55m,171,88.9081823526268
UEFA Champions League 2025/26,post_0_to_55m,172,88.98236331569665
UEFA Champions League 2025/26,post_0_to_55m,173,89.05520816631928
UEFA Champions League 2025/26,post_0_to_55m,174,89.12773234995457
UEFA Champions League 2025/26,post_0_to_55m,175,89.19902731013842
UEFA Champions League 2025/26,post_0_to_55m,176,89.27032227032227
UEFA Champions League 2025/26,post_0_to_55m,177,89.34065522954411
UEFA Champions League 2025/26,post_0_to_55m,178,89.41088129977018
UEFA Champions League 2025/26,post_0_to_55m,179,89.47918336807226
UEFA Champions League 2025/26,post_0_to_55m,180,89.54748543637433
UEFA Champions League 2025/26,post_0_to_55m,181,89.61455828122494
UEFA Champions League 2025/26,post_0_to_55m,182,89.68120357009246
UEFA Champions League 2025/26,post_0_to_55m,183,89.74688685799796
UEFA Champions League 2025/26,post_0_to_55m,184,89.81235636791192
UEFA Champions League 2025/26,post_0_to_55m,185,89.87643632088077
UEFA Champions League 2025/26,post_0_to_55m,186,89.94051627384961
UEFA Champions League 2025/26,post_0_to_55m,187,90.00368767035434
UEFA Champions League 2025/26,post_0_to_55m,188,90.0666987333654
UEFA Champions League 2025/26,post_0_to_55m,189,90.12853401742292
UEFA Champions League 2025/26,post_0_to_55m,190,90.19020896798676
UEFA Champions League 2025/26,post_0_to_55m,191,90.25092191758858
UEFA Champions League 2025/26,post_0_to_55m,192,90.31168831168831
UEFA Champions League 2025/26,post_0_to_55m,193,90.37127892683448
UEFA Champions League 2025/26,post_0_to_55m,194,90.43086954198066
UEFA Champions League 2025/26,post_0_to_55m,195,90.48955160066272
UEFA Champions League 2025/26,post_0_to_55m,196,90.54818021484688
UEFA Champions League 2025/26,post_0_to_55m,197,90.60584682806903
UEFA Champions League 2025/26,post_0_to_55m,198,90.66345999679334
UEFA Champions League 2025/26,post_0_to_55m,199,90.72027149804929
UEFA Champions League 2025/26,post_0_to_55m,200,90.77692266581155
UEFA Champions League 2025/26,post_0_to_55m,201,90.83261183261185
UEFA Champions League 2025/26,post_0_to_55m,202,90.88830099941212
UEFA Champions League 2025/26,post_0_to_55m,203,90.94308160974828
UEFA Champions League 2025/26,post_0_to_55m,204,90.99796910908022
UEFA Champions League 2025/26,post_0_to_55m,205,91.0516808294586
UEFA Champions League 2025/26,post_0_to_55m,206,91.10549943883277
UEFA Champions League 2025/26,post_0_to_55m,207,91.1580353802576
UEFA Champions League 2025/26,post_0_to_55m,208,91.21041098818876
UEFA Champions League 2025/26,post_0_to_55m,209,91.26182459515792
UEFA Champions League 2025/26,post_0_to_55m,210,91.31313131313132
UEFA Champions League 2025/26,post_0_to_55m,211,91.36390358612582
UEFA Champions League 2025/26,post_0_to_55m,212,91.41446208112876
UEFA Champions League 2025/26,post_0_to_55m,213,91.46437924215702
UEFA Champions League 2025/26,post_0_to_55m,214,91.5142429586874
UEFA Champions League 2025/26,post_0_to_55m,215,91.56330500774943
UEFA Champions League 2025/26,post_0_to_55m,216,91.6123136123136
UEFA Champions League 2025/26,post_0_to_55m,217,91.66068088290312
UEFA Champions League 2025/26,post_0_to_55m,218,91.7090481534926
UEFA Champions League 2025/26,post_0_to_55m,219,91.75656031211588
UEFA Champions League 2025/26,post_0_to_55m,220,91.80401902624124
UEFA Champions League 2025/26,post_0_to_55m,221,91.85083640639196
UEFA Champions League 2025/26,post_0_to_55m,222,91.89770723104056
UEFA Champions League 2025/26,post_0_to_55m,223,91.94420394420396
UEFA Champions League 2025/26,post_0_to_55m,224,91.99064721286943
UEFA Champions League 2025/26,post_0_to_55m,225,92.0362888140666
UEFA Champions League 2025/26,post_0_to_55m,226,92.08193041526376
UEFA Champions League 2025/26,post_0_to_55m,227,92.12677034899257
UEFA Champions League 2025/26,post_0_to_55m,228,92.17134306023196
UEFA Champions League 2025/26,post_0_to_55m,229,92.21490032601145
UEFA Champions League 2025/26,post_0_to_55m,230,92.25829725829726
UEFA Champions League 2025/26,post_0_to_55m,231,92.30099941211051
UEFA Champions League 2025/26,post_0_to_55m,232,92.3436481214259
UEFA Champions League 2025/26,post_0_to_55m,233,92.38586927475816
UEFA Champions League 2025/26,post_0_to_55m,234,92.42798353909464
UEFA Champions League 2025/26,post_0_to_55m,235,92.46934958046069
UEFA Champions League 2025/26,post_0_to_55m,236,92.51066217732884
UEFA Champions League 2025/26,post_0_to_55m,237,92.55160066271178
UEFA Champions League 2025/26,post_0_to_55m,238,92.5925391480947
UEFA Champions League 2025/26,post_0_to_55m,239,92.63299663299664
UEFA Champions League 2025/26,post_0_to_55m,240,92.67334722890278
UEFA Champions League 2025/26,post_0_to_55m,241,92.71327026882582
UEFA Champions League 2025/26,post_0_to_55m,242,92.75313986425095
UEFA Champions League 2025/26,post_0_to_55m,243,92.79258190369302
UEFA Champions League 2025/26,post_0_to_55m,244,92.83202394313506
UEFA Champions League 2025/26,post_0_to_55m,245,92.87071775960663
UEFA Champions League 2025/26,post_0_to_55m,246,92.90941157607824
UEFA Champions League 2025/26,post_0_to_55m,247,92.94725028058362
UEFA Champions League 2025/26,post_0_to_55m,248,92.9850355405911
UEFA Champions League 2025/26,post_0_to_55m,249,93.0222329111218
UEFA Champions League 2025/26,post_0_to_55m,250,93.05943028165252
UEFA Champions League 2025/26,post_0_to_55m,251,93.09598631820856
UEFA Champions League 2025/26,post_0_to_55m,252,93.13259579926246
UEFA Champions League 2025/26,post_0_to_55m,253,93.1687242798354
UEFA Champions League 2025/26,post_0_to_55m,254,93.20485276040831
UEFA Champions League 2025/26,post_0_to_55m,255,93.23996579552136
UEFA Champions League 2025/26,post_0_to_55m,256,93.27513227513228
UEFA Champions League 2025/26,post_0_to_55m,257,93.30971086526642
UEFA Champions League 2025/26,post_0_to_55m,258,93.34423601090268
UEFA Champions League 2025/26,post_0_to_55m,259,93.3784404895516
UEFA Champions League 2025/26,post_0_to_55m,260,93.41264496820052
UEFA Champions League 2025/26,post_0_to_55m,261,93.44626155737268
UEFA Champions League 2025/26,post_0_to_55m,262,93.47987814654482
UEFA Champions League 2025/26,post_0_to_55m,263,93.51312062423172
UEFA Champions League 2025/26,post_0_to_55m,264,93.54630965742076
UEFA Champions League 2025/26,post_0_to_55m,265,93.57875046763937
UEFA Champions League 2025/26,post_0_to_55m,266,93.61119127785794
UEFA Champions League 2025/26,post_0_to_55m,267,93.64309764309763
UEFA Champions League 2025/26,post_0_to_55m,268,93.67495056383946
UEFA Champions League 2025/26,post_0_to_55m,269,93.70637592859816
UEFA Champions League 2025/26,post_0_to_55m,270,93.73774784885896
UEFA Champions League 2025/26,post_0_to_55m,271,93.76863876863877
UEFA Champions League 2025/26,post_0_to_55m,272,93.7994762439207
UEFA Champions League 2025/26,post_0_to_55m,273,93.82977927422372
UEFA Champions League 2025/26,post_0_to_55m,274,93.86008230452676
UEFA Champions League 2025/26,post_0_to_55m,275,93.88990433434878
UEFA Champions League 2025/26,post_0_to_55m,276,93.91967291967292
UEFA Champions League 2025/26,post_0_to_55m,277,93.9488001710224
UEFA Champions League 2025/26,post_0_to_55m,278,93.97782053337608
UEFA Champions League 2025/26,post_0_to_55m,279,94.00635989524878
UEFA Champions League 2025/26,post_0_to_55m,280,94.0348458126236
UEFA Champions League 2025/26,post_0_to_55m,281,94.06295761851318
UEFA Champions League 2025/26,post_0_to_55m,282,94.09101597990488
UEFA Champions League 2025/26,post_0_to_55m,283,94.11875367430925
UEFA Champions League 2025/26,post_0_to_55m,284,94.14633103521992
UEFA Champions League 2025/26,post_0_to_55m,285,94.1734808401475
UEFA Champions League 2025/26,post_0_to_55m,286,94.2006306450751
UEFA Champions League 2025/26,post_0_to_55m,287,94.2277270055048
UEFA Champions League 2025/26,post_0_to_55m,288,94.25482336593448
UEFA Champions League 2025/26,post_0_to_55m,289,94.28159905937684
UEFA Champions League 2025/26,post_0_to_55m,290,94.3083747528192
UEFA Champions League 2025/26,post_0_to_55m,291,94.33482977927424
UEFA Champions League 2025/26,post_0_to_55m,292,94.36123136123136
UEFA Champions League 2025/26,post_0_to_55m,293,94.38720538720538
UEFA Champions League 2025/26,post_0_to_55m,294,94.41312596868153
UEFA Champions League 2025/26,post_0_to_55m,295,94.43856554967668
UEFA Champions League 2025/26,post_0_to_55m,296,94.4640051306718
UEFA Champions League 2025/26,post_0_to_55m,297,94.48923093367536
UEFA Champions League 2025/26,post_0_to_55m,298,94.51434984768318
UEFA Champions League 2025/26,post_0_to_55m,299,94.53904120570787
UEFA Champions League 2025/26,post_0_to_55m,300,94.56373256373256
UEFA Champions League 2025/26,post_55_to_105m,1,3.0596119929453263
UEFA Champions League 2025/26,post_55_to_105m,2,8.510582010582011
UEFA Champions League 2025/26,post_55_to_105m,3,12.409171075837742
UEFA Champions League 2025/26,post_55_to_105m,4,16.415931804820694
UEFA Champions League 2025/26,post_55_to_105m,5,19.49323927101705
UEFA Champions League 2025/26,post_55_to_105m,6,22.560199882422104
UEFA Champions League 2025/26,post_55_to_105m,7,25.057142857142857
UEFA Champions League 2025/26,post_55_to_105m,8,27.52610229276896
UEFA Champions League 2025/26,post_55_to_105m,9,29.608054085831863
UEFA Champions League 2025/26,post_55_to_105m,10,31.66625514403292
UEFA Champions League 2025/26,post_55_to_105m,11,33.44732510288066
UEFA Champions League 2025/26,post_55_to_105m,12,35.210111699000585
UEFA Champions League 2025/26,post_55_to_105m,13,36.76255144032922
UEFA Champions League 2025/26,post_55_to_105m,14,38.302880658436216
UEFA Champions League 2025/26,post_55_to_105m,15,39.68054085831864
UEFA Champions League 2025/26,post_55_to_105m,16,41.05144032921811
UEFA Champions League 2025/26,post_55_to_105m,17,42.288594944150496
UEFA Champions League 2025/26,post_55_to_105m,18,43.51563786008231
UEFA Champions League 2025/26,post_55_to_105m,19,44.62621987066432
UEFA Champions League 2025/26,post_55_to_105m,20,45.73133450911229
UEFA Champions League 2025/26,post_55_to_105m,21,46.74250440917108
UEFA Champions League 2025/26,post_55_to_105m,22,47.74973544973545
UEFA Champions League 2025/26,post_55_to_105m,23,48.67548500881834
UEFA Champions League 2025/26,post_55_to_105m,24,49.59459141681364
UEFA Champions League 2025/26,post_55_to_105m,25,50.44638447971781
UEFA Champions League 2025/26,post_55_to_105m,26,51.29312169312169
UEFA Champions League 2025/26,post_55_to_105m,27,52.08218694885362
UEFA Champions League 2025/26,post_55_to_105m,28,52.866960611405055
UEFA Champions League 2025/26,post_55_to_105m,29,53.59964726631393
UEFA Champions League 2025/26,post_55_to_105m,30,54.33098177542622
UEFA Champions League 2025/26,post_55_to_105m,31,55.017519106408
UEFA Champions League 2025/26,post_55_to_105m,32,55.70152851263963
UEFA Champions League 2025/26,post_55_to_105m,33,56.34467960023515
UEFA Champions League 2025/26,post_55_to_105m,34,56.98400940623163
UEFA Champions League 2025/26,post_55_to_105m,35,57.58400940623163
UEFA Champions League 2025/26,post_55_to_105m,36,58.18259847148736
UEFA Champions League 2025/26,post_55_to_105m,37,58.75126396237507
UEFA Champions League 2025/26,post_55_to_105m,38,59.31640211640212
UEFA Champions League 2025/26,post_55_to_105m,39,59.85461493239271
UEFA Champions League 2025/26,post_55_to_105m,40,60.390593768371545
UEFA Champions League 2025/26,post_55_to_105m,41,60.89776601998824
UEFA Champions League 2025/26,post_55_to_105m,42,61.403174603174605
UEFA Champions League 2025/26,post_55_to_105m,43,61.8838330393886
UEFA Champions League 2025/26,post_55_to_105m,44,62.36161081716637
UEFA Champions League 2025/26,post_55_to_105m,45,62.81710758377425
UEFA Champions League 2025/26,post_55_to_105m,46,63.26995884773663
UEFA Champions League 2025/26,post_55_to_105m,47,63.702057613168726
UEFA Champions League 2025/26,post_55_to_105m,48,64.13298059964727
UEFA Champions League 2025/26,post_55_to_105m,49,64.54585537918871
UEFA Champions League 2025/26,post_55_to_105m,50,64.95749559082893
UEFA Champions League 2025/26,post_55_to_105m,51,65.3517342739565
UEFA Champions League 2025/26,post_55_to_105m,52,65.74385655496766
UEFA Champions League 2025/26,post_55_to_105m,53,66.11822457378013
UEFA Champions League 2025/26,post_55_to_105m,54,66.49200470311581
UEFA Champions League 2025/26,post_55_to_105m,55,66.850911228689
UEFA Champions League 2025/26,post_55_to_105m,56,67.20987654320987
UEFA Champions League 2025/26,post_55_to_105m,57,67.55532039976484
UEFA Champions League 2025/26,post_55_to_105m,58,67.89976484420929
UEFA Champions League 2025/26,post_55_to_105m,59,68.23221634332745
UEFA Champions League 2025/26,post_55_to_105m,60,68.56225749559083
UEFA Champions League 2025/26,post_55_to_105m,61,68.87936507936507
UEFA Champions League 2025/26,post_55_to_105m,62,69.19553203997648
UEFA Champions League 2025/26,post_55_to_105m,63,69.4991769547325
UEFA Champions League 2025/26,post_55_to_105m,64,69.80282186948854
UEFA Champions League 2025/26,post_55_to_105m,65,70.09476778365668
UEFA Champions League 2025/26,post_55_to_105m,66,70.38500881834216
UEFA Champions League 2025/26,post_55_to_105m,67,70.66466784244562
UEFA Champions League 2025/26,post_55_to_105m,68,70.94344503233393
UEFA Champions League 2025/26,post_55_to_105m,69,71.21169900058788
UEFA Champions League 2025/26,post_55_to_105m,70,71.47865961199294
UEFA Champions League 2025/26,post_55_to_105m,71,71.73756613756613
UEFA Champions League 2025/26,post_55_to_105m,72,71.9960023515579
UEFA Champions League 2025/26,post_55_to_105m,73,72.24538506760729
UEFA Champions League 2025/26,post_55_to_105m,74,72.49441504997061
UEFA Champions League 2025/26,post_55_to_105m,75,72.73515579071135
UEFA Champions League 2025/26,post_55_to_105m,76,72.97548500881834
UEFA Champions League 2025/26,post_55_to_105m,77,73.20864197530864
UEFA Champions League 2025/26,post_55_to_105m,78,73.44126984126984
UEFA Champions League 2025/26,post_55_to_105m,79,73.6673721340388
UEFA Champions League 2025/26,post_55_to_105m,80,73.8928277483833
UEFA Champions League 2025/26,post_55_to_105m,81,74.11287477954144
UEFA Champions League 2025/26,post_55_to_105m,82,74.33268665490888
UEFA Champions League 2025/26,post_55_to_105m,83,74.54708994708994
UEFA Champions League 2025/26,post_55_to_105m,84,74.76067019400352
UEFA Champions League 2025/26,post_55_to_105m,85,74.96831275720164
UEFA Champions League 2025/26,post_55_to_105m,86,75.17524985302764
UEFA Champions League 2025/26,post_55_to_105m,87,75.37619047619047
UEFA Champions League 2025/26,post_55_to_105m,88,75.57654320987655
UEFA Champions League 2025/26,post_55_to_105m,89,75.77131099353322
UEFA Champions League 2025/26,post_55_to_105m,90,75.96543209876543
UEFA Champions League 2025/26,post_55_to_105m,91,76.15455614344503
UEFA Champions League 2025/26,post_55_to_105m,92,76.34309229864786
UEFA Champions League 2025/26,post_55_to_105m,93,76.52674897119341
UEFA Champions League 2025/26,post_55_to_105m,94,76.70970017636684
UEFA Champions League 2025/26,post_55_to_105m,95,76.8875367430923
UEFA Champions League 2025/26,post_55_to_105m,96,77.06484420928865
UEFA Champions League 2025/26,post_55_to_105m,97,77.23733098177543
UEFA Champions League 2025/26,post_55_to_105m,98,77.40940623162845
UEFA Champions League 2025/26,post_55_to_105m,99,77.57654320987655
UEFA Champions League 2025/26,post_55_to_105m,100,77.74303350970018
UEFA Champions League 2025/26,post_55_to_105m,101,77.90499706055262
UEFA Champions League 2025/26,post_55_to_105m,102,78.06666666666666
UEFA Champions League 2025/26,post_55_to_105m,103,78.22451499118166
UEFA Champions League 2025/26,post_55_to_105m,104,78.38206937095826
UEFA Champions League 2025/26,post_55_to_105m,105,78.53509700176367
UEFA Champions League 2025/26,post_55_to_105m,106,78.68794826572605
UEFA Champions League 2025/26,post_55_to_105m,107,78.83715461493239
UEFA Champions League 2025/26,post_55_to_105m,108,78.98606701940035
UEFA Champions League 2025/26,post_55_to_105m,109,79.13151087595531
UEFA Champions League 2025/26,post_55_to_105m,110,79.27677836566725
UEFA Champions League 2025/26,post_55_to_105m,111,79.41810699588477
UEFA Champions League 2025/26,post_55_to_105m,112,79.55908289241623
UEFA Champions League 2025/26,post_55_to_105m,113,79.69782480893592
UEFA Champions League 2025/26,post_55_to_105m,114,79.83650793650794
UEFA Champions League 2025/26,post_55_to_105m,115,79.97125220458554
UEFA Champions League 2025/26,post_55_to_105m,116,80.10570252792475
UEFA Champions League 2025/26,post_55_to_105m,117,80.23603762492651
UEFA Champions League 2025/26,post_55_to_105m,118,80.36619635508525
UEFA Champions League 2025/26,post_55_to_105m,119,80.49406231628454
UEFA Champions League 2025/26,post_55_to_105m,120,80.62169312169313
UEFA Champions League 2025/26,post_55_to_105m,121,80.74609053497943
UEFA Champions League 2025/26,post_55_to_105m,122,80.87019400352733
UEFA Champions League 2025/26,post_55_to_105m,123,80.9917695473251
UEFA Champions League 2025/26,post_55_to_105m,124,81.11310993533216
UEFA Champions League 2025/26,post_55_to_105m,125,81.23180482069371
UEFA Champions League 2025/26,post_55_to_105m,126,81.35061728395061
UEFA Champions League 2025/26,post_55_to_105m,127,81.46719576719576
UEFA Champions League 2025/26,post_55_to_105m,128,81.58336272780717
UEFA Champions League 2025/26,post_55_to_105m,129,81.69688418577307
UEFA Champions League 2025/26,post_55_to_105m,130,81.8103468547913
UEFA Champions League 2025/26,post_55_to_105m,131,81.92163433274544
UEFA Champions League 2025/26,post_55_to_105m,132,82.03256907701352
UEFA Champions League 2025/26,post_55_to_105m,133,82.1405643738977
UEFA Champions League 2025/26,post_55_to_105m,134,82.24820693709583
UEFA Champions League 2025/26,post_55_to_105m,135,82.35402704291593
UEFA Champions League 2025/26,post_55_to_105m,136,82.45972957084068
UEFA Champions League 2025/26,post_55_to_105m,137,82.56372721928277
UEFA Champions League 2025/26,post_55_to_105m,138,82.6673721340388
UEFA Champions League 2025/26,post_55_to_105m,139,82.76919459141682
UEFA Champions League 2025/26,post_55_to_105m,140,82.87078189300412
UEFA Champions League 2025/26,post_55_to_105m,141,82.97095825984715
UEFA Champions League 2025/26,post_55_to_105m,142,83.07072310405644
UEFA Champions League 2025/26,post_55_to_105m,143,83.16860670194004
UEFA Champions League 2025/26,post_55_to_105m,144,83.26619635508524
UEFA Champions League 2025/26,post_55_to_105m,145,83.36225749559082
UEFA Champions League 2025/26,post_55_to_105m,146,83.45831863609641
UEFA Champions League 2025/26,post_55_to_105m,147,83.55267489711935
UEFA Champions League 2025/26,post_55_to_105m,148,83.64697236919459
UEFA Champions League 2025/26,post_55_to_105m,149,83.73938859494415
UEFA Champions League 2025/26,post_55_to_105m,150,83.83174603174604
UEFA Champions League 2025/26,post_55_to_105m,151,83.92222222222222
UEFA Champions League 2025/26,post_55_to_105m,152,84.01263962375073
UEFA Champions League 2025/26,post_55_to_105m,153,84.10141093474427
UEFA Champions League 2025/26,post_55_to_105m,154,84.1899470899471
UEFA Champions League 2025/26,post_55_to_105m,155,84.27683715461494
UEFA Champions League 2025/26,post_55_to_105m,156,84.36378600823045
UEFA Champions League 2025/26,post_55_to_105m,157,84.44950029394474
UEFA Champions League 2025/26,post_55_to_105m,158,84.53492063492064
UEFA Champions League 2025/26,post_55_to_105m,159,84.6191064079953
UEFA Champions League 2025/26,post_55_to_105m,160,84.70329218106995
UEFA Champions League 2025/26,post_55_to_105m,161,84.7861845972957
UEFA Champions League 2025/26,post_55_to_105m,162,84.86890064667843
UEFA Champions League 2025/26,post_55_to_105m,163,84.95020576131687
UEFA Champions League 2025/26,post_55_to_105m,164,85.03145208700764
UEFA Champions League 2025/26,post_55_to_105m,165,85.11116990005878
UEFA Champions League 2025/26,post_55_to_105m,166,85.19065255731923
UEFA Champions League 2025/26,post_55_to_105m,167,85.26843033509701
UEFA Champions League 2025/26,post_55_to_105m,168,85.34614932392711
UEFA Champions League 2025/26,post_55_to_105m,169,85.42245737801294
UEFA Champions League 2025/26,post_55_to_105m,170,85.49847148736038
UEFA Champions League 2025/26,post_55_to_105m,171,85.57313345091123
UEFA Champions League 2025/26,post_55_to_105m,172,85.64756025867138
UEFA Champions League 2025/26,post_55_to_105m,173,85.72075249853027
UEFA Champions League 2025/26,post_55_to_105m,174,85.7938859494415
UEFA Champions League 2025/26,post_55_to_105m,175,85.86566725455614
UEFA Champions League 2025/26,post_55_to_105m,176,85.93733098177543
UEFA Champions League 2025/26,post_55_to_105m,177,86.00805408583186
UEFA Champions League 2025/26,post_55_to_105m,178,86.0787771898883
UEFA Champions League 2025/26,post_55_to_105m,179,86.14808935920047
UEFA Champions League 2025/26,post_55_to_105m,180,86.2172251616696
UEFA Champions League 2025/26,post_55_to_105m,181,86.28559670781893
UEFA Champions League 2025/26,post_55_to_105m,182,86.35402704291593
UEFA Champions League 2025/26,post_55_to_105m,183,86.42151675485009
UEFA Champions League 2025/26,post_55_to_105m,184,86.4888888888889
UEFA Champions League 2025/26,post_55_to_105m,185,86.55526161081717
UEFA Champions League 2025/26,post_55_to_105m,186,86.6217519106408
UEFA Champions League 2025/26,post_55_to_105m,187,86.68665490887713
UEFA Champions League 2025/26,post_55_to_105m,188,86.75144032921811
UEFA Champions League 2025/26,post_55_to_105m,189,86.8154027042916
UEFA Champions League 2025/26,post_55_to_105m,190,86.87924750146972
UEFA Champions League 2025/26,post_55_to_105m,191,86.94226925338036
UEFA Champions League 2025/26,post_55_to_105m,192,87.00493827160494
UEFA Champions League 2025/26,post_55_to_105m,193,87.06666666666666
UEFA Champions League 2025/26,post_55_to_105m,194,87.1283950617284
UEFA Champions League 2025/26,post_55_to_105m,195,87.1893592004703
UEFA Champions League 2025/26,post_55_to_105m,196,87.25026455026455
UEFA Champions League 2025/26,post_55_to_105m,197,87.31069958847736
UEFA Champions League 2025/26,post_55_to_105m,198,87.37101704879483
UEFA Champions League 2025/26,post_55_to_105m,199,87.43080540858318
UEFA Champions League 2025/26,post_55_to_105m,200,87.49059376837154
UEFA Champions League 2025/26,post_55_to_105m,201,87.54944150499706
UEFA Champions League 2025/26,post_55_to_105m,202,87.60834803057026
UEFA Champions League 2025/26,post_55_to_105m,203,87.6665490887713
UEFA Champions League 2025/26,post_55_to_105m,204,87.72475014697237
UEFA Champions League 2025/26,post_55_to_105m,205,87.78206937095825
UEFA Champions League 2025/26,post_55_to_105m,206,87.83938859494415
UEFA Champions League 2025/26,post_55_to_105m,207,87.89570840681952
UEFA Champions League 2025/26,post_55_to_105m,208,87.95202821869489
UEFA Champions League 2025/26,post_55_to_105m,209,88.00740740740741
UEFA Champions League 2025/26,post_55_to_105m,210,88.06266901822457
UEFA Champions League 2025/26,post_55_to_105m,211,88.11681363903587
UEFA Champions League 2025/26,post_55_to_105m,212,88.17084068195179
UEFA Champions League 2025/26,post_55_to_105m,213,88.22445620223398
UEFA Champions League 2025/26,post_55_to_105m,214,88.27807172251617
UEFA Champions League 2025/26,post_55_to_105m,215,88.33109935332158
UEFA Champions League 2025/26,post_55_to_105m,216,88.38406819517931
UEFA Champions League 2025/26,post_55_to_105m,217,88.43592004703116
UEFA Champions League 2025/26,post_55_to_105m,218,88.48771310993533
UEFA Champions League 2025/26,post_55_to_105m,219,88.53880070546737
UEFA Champions League 2025/26,post_55_to_105m,220,88.58959435626102
UEFA Champions League 2025/26,post_55_to_105m,221,88.63991769547324
UEFA Champions League 2025/26,post_55_to_105m,222,88.69024103468549
UEFA Champions League 2025/26,post_55_to_105m,223,88.74009406231629
UEFA Champions League 2025/26,post_55_to_105m,224,88.78988830099941
UEFA Champions League 2025/26,post_55_to_105m,225,88.83915343915343
UEFA Champions League 2025/26,post_55_to_105m,226,88.88830099941211
UEFA Champions League 2025/26,post_55_to_105m,227,88.93668430335097
UEFA Champions League 2025/26,post_55_to_105m,228,88.98506760728984
UEFA Champions League 2025/26,post_55_to_105m,229,89.03280423280424
UEFA Champions League 2025/26,post_55_to_105m,230,89.08042328042328
UEFA Champions League 2025/26,post_55_to_105m,231,89.1273368606702
UEFA Champions League 2025/26,post_55_to_105m,232,89.17430922986479
UEFA Champions League 2025/26,post_55_to_105m,233,89.22051734273957
UEFA Champions League 2025/26,post_55_to_105m,234,89.26654908877131
UEFA Champions League 2025/26,post_55_to_105m,235,89.31181657848325
UEFA Champions League 2025/26,post_55_to_105m,236,89.3570252792475
UEFA Champions League 2025/26,post_55_to_105m,237,89.40164609053498
UEFA Champions League 2025/26,post_55_to_105m,238,89.44620811287479
UEFA Champions League 2025/26,post_55_to_105m,239,89.49012345679013
UEFA Champions League 2025/26,post_55_to_105m,240,89.53398001175779
UEFA Champions League 2025/26,post_55_to_105m,241,89.57736625514403
UEFA Champions League 2025/26,post_55_to_105m,242,89.6206937095826
UEFA Champions League 2025/26,post_55_to_105m,243,89.66355085243974
UEFA Champions League 2025/26,post_55_to_105m,244,89.70640799529689
UEFA Champions League 2025/26,post_55_to_105m,245,89.74914756025868
UEFA Champions League 2025/26,post_55_to_105m,246,89.79182833627279
UEFA Champions League 2025/26,post_55_to_105m,247,89.83409758965314
UEFA Champions League 2025/26,post_55_to_105m,248,89.87630805408583
UEFA Champions League 2025/26,post_55_to_105m,249,89.91810699588477
UEFA Champions League 2025/26,post_55_to_105m,250,89.95978835978836
UEFA Champions League 2025/26,post_55_to_105m,251,90.00099941211052
UEFA Champions League 2025/26,post_55_to_105m,252,90.04209288653733
UEFA Champions League 2025/26,post_55_to_105m,253,90.08224573780129
UEFA Champions League 2025/26,post_55_to_105m,254,90.12233980011756
UEFA Champions League 2025/26,post_55_to_105m,255,90.16190476190476
UEFA Champions League 2025/26,post_55_to_105m,256,90.20152851263964
UEFA Champions League 2025/26,post_55_to_105m,257,90.24074074074076
UEFA Champions League 2025/26,post_55_to_105m,258,90.2798353909465
UEFA Champions League 2025/26,post_55_to_105m,259,90.31851851851852
UEFA Champions League 2025/26,post_55_to_105m,260,90.35708406819518
UEFA Champions League 2025/26,post_55_to_105m,261,90.39541446208112
UEFA Champions League 2025/26,post_55_to_105m,262,90.4336860670194
UEFA Champions League 2025/26,post_55_to_105m,263,90.47172251616696
UEFA Champions League 2025/26,post_55_to_105m,264,90.50958259847148
UEFA Champions League 2025/26,post_55_to_105m,265,90.54703115814227
UEFA Champions League 2025/26,post_55_to_105m,266,90.58447971781304
UEFA Champions League 2025/26,post_55_to_105m,267,90.62157554379776
UEFA Champions League 2025/26,post_55_to_105m,268,90.65855379188712
UEFA Champions League 2025/26,post_55_to_105m,269,90.69529688418578
UEFA Champions League 2025/26,post_55_to_105m,270,90.73203997648442
UEFA Champions League 2025/26,post_55_to_105m,271,90.768430335097
UEFA Champions League 2025/26,post_55_to_105m,272,90.8048206937096
UEFA Champions League 2025/26,post_55_to_105m,273,90.8406231628454
UEFA Champions League 2025/26,post_55_to_105m,274,90.8764256319812
UEFA Champions League 2025/26,post_55_to_105m,275,90.91181657848324
UEFA Champions League 2025/26,post_55_to_105m,276,90.9472075249853
UEFA Champions League 2025/26,post_55_to_105m,277,90.98224573780128
UEFA Champions League 2025/26,post_55_to_105m,278,91.01728395061728
UEFA Champions League 2025/26,post_55_to_105m,279,91.05220458553792
UEFA Champions League 2025/26,post_55_to_105m,280,91.08712522045856
UEFA Champions League 2025/26,post_55_to_105m,281,91.12163433274544
UEFA Champions League 2025/26,post_55_to_105m,282,91.15620223398
UEFA Champions League 2025/26,post_55_to_105m,283,91.19029982363315
UEFA Champions League 2025/26,post_55_to_105m,284,91.2243974132863
UEFA Champions League 2025/26,post_55_to_105m,285,91.25831863609642
UEFA Champions League 2025/26,post_55_to_105m,286,91.29206349206348
UEFA Champions League 2025/26,post_55_to_105m,287,91.32557319223986
UEFA Champions League 2025/26,post_55_to_105m,288,91.35908289241624
UEFA Champions League 2025/26,post_55_to_105m,289,91.39235743680187
UEFA Champions League 2025/26,post_55_to_105m,290,91.42551440329218
UEFA Champions League 2025/26,post_55_to_105m,291,91.45825984714874
UEFA Champions League 2025/26,post_55_to_105m,292,91.4909465020576
UEFA Champions League 2025/26,post_55_to_105m,293,91.52322163433274
UEFA Champions League 2025/26,post_55_to_105m,294,91.55561434450324
UEFA Champions League 2025/26,post_55_to_105m,295,91.58765432098764
UEFA Champions League 2025/26,post_55_to_105m,296,91.61951793062904
UEFA Champions League 2025/26,post_55_to_105m,297,91.6512051734274
UEFA Champions League 2025/26,post_55_to_105m,298,91.68289241622576
UEFA Champions League 2025/26,post_55_to_105m,299,91.71416813639036
UEFA Champions League 2025/26,post_55_to_105m,300,91.74538506760727
UEFA Champions League 2025/26,post_105_to_135m,1,1.9113266705859295
UEFA Champions League 2025/26,post_105_to_135m,2,4.870566333529297
UEFA Champions League 2025/26,post_105_to_135m,3,6.590632961003331
UEFA Champions League 2025/26,post_105_to_135m,4,8.334019204389575
UEFA Champions League 2025/26,post_105_to_135m,5,9.587497550460514
UEFA Champions League 2025/26,post_105_to_135m,6,10.840779933372524
UEFA Champions League 2025/26,post_105_to_135m,7,11.837252596511856
UEFA Champions League 2025/26,post_105_to_135m,8,12.8206937095826
UEFA Champions League 2025/26,post_105_to_135m,9,13.639917695473253
UEFA Champions League 2025/26,post_105_to_135m,10,14.453556731334508
UEFA Champions League 2025/26,post_105_to_135m,11,15.15363511659808
UEFA Champions League 2025/26,post_105_to_135m,12,15.85243974132863
UEFA Champions League 2025/26,post_105_to_135m,13,16.4673721340388
UEFA Champions League 2025/26,post_105_to_135m,14,17.08034489515971
UEFA Champions League 2025/26,post_105_to_135m,15,17.626004311189497
UEFA Champions League 2025/26,post_105_to_135m,16,18.168626298255926
UEFA Champions League 2025/26,post_105_to_135m,17,18.66294336664707
UEFA Champions League 2025/26,post_105_to_135m,18,19.156770527140896
UEFA Champions League 2025/26,post_105_to_135m,19,19.607387811091517
UEFA Champions League 2025/26,post_105_to_135m,20,20.05692729766804
UEFA Champions League 2025/26,post_105_to_135m,21,20.472075249853027
UEFA Champions League 2025/26,post_105_to_135m,22,20.88506760728983
UEFA Champions League 2025/26,post_105_to_135m,23,21.27336860670194
UEFA Champions League 2025/26,post_105_to_135m,24,21.661571624534588
UEFA Champions League 2025/26,post_105_to_135m,25,22.02586713697825
UEFA Champions League 2025/26,post_105_to_135m,26,22.387811091514795
UEFA Champions League 2025/26,post_105_to_135m,27,22.72878698804625
UEFA Champions League 2025/26,post_105_to_135m,28,23.068293160885755
UEFA Champions League 2025/26,post_105_to_135m,29,23.38800705467372
UEFA Champions League 2025/26,post_105_to_135m,30,23.705957280031352
UEFA Champions League 2025/26,post_105_to_135m,31,24.00862237899275
UEFA Champions League 2025/26,post_105_to_135m,32,24.30922986478542
UEFA Champions League 2025/26,post_105_to_135m,33,24.59484616892024
UEFA Champions League 2025/26,post_105_to_135m,34,24.88016852831668
UEFA Champions League 2025/26,post_105_to_135m,35,25.14951989026063
UEFA Champions League 2025/26,post_105_to_135m,36,25.419067215363512
UEFA Champions League 2025/26,post_105_to_135m,37,25.676660787771898
UEFA Champions League 2025/26,post_105_to_135m,38,25.93249069174995
UEFA Champions League 2025/26,post_105_to_135m,39,26.17764060356653
UEFA Champions League 2025/26,post_105_to_135m,40,26.42279051538311
UEFA Champions League 2025/26,post_105_to_135m,41,26.659220066627476
UEFA Champions League 2025/26,post_105_to_135m,42,26.895747599451305
UEFA Champions League 2025/26,post_105_to_135m,43,27.12218302959044
UEFA Champions League 2025/26,post_105_to_135m,44,27.34744268077601
UEFA Champions League 2025/26,post_105_to_135m,45,27.5633940819126
UEFA Champions League 2025/26,post_105_to_135m,46,27.779541446208118
UEFA Champions League 2025/26,post_105_to_135m,47,27.988536155202823
UEFA Champions League 2025/26,post_105_to_135m,48,28.196649029982364
UEFA Champions League 2025/26,post_105_to_135m,49,28.397707231040563
UEFA Champions League 2025/26,post_105_to_135m,50,28.599059376837157
UEFA Champions League 2025/26,post_105_to_135m,51,28.795610425240056
UEFA Champions League 2025/26,post_105_to_135m,52,28.991279639427788
UEFA Champions League 2025/26,post_105_to_135m,53,29.18185381148344
UEFA Champions League 2025/26,post_105_to_135m,54,29.371742112482853
UEFA Champions League 2025/26,post_105_to_135m,55,29.55535959239663
UEFA Champions League 2025/26,post_105_to_135m,56,29.73878110915148
UEFA Champions League 2025/26,post_105_to_135m,57,29.91700960219479
UEFA Champions League 2025/26,post_105_to_135m,58,30.095532039976483
UEFA Champions League 2025/26,post_105_to_135m,59,30.26856750930825
UEFA Champions League 2025/26,post_105_to_135m,60,30.44150499706055
UEFA Champions League 2025/26,post_105_to_135m,61,30.61111111111111
UEFA Champions League 2025/26,post_105_to_135m,62,30.780521262002743
UEFA Champions League 2025/26,post_105_to_135m,63,30.945620223398
UEFA Champions League 2025/26,post_105_to_135m,64,31.11042524005487
UEFA Champions League 2025/26,post_105_to_135m,65,31.27180090143053
UEFA Champions League 2025/26,post_105_to_135m,66,31.43268665490888
UEFA Champions League 2025/26,post_105_to_135m,67,31.58994708994709
UEFA Champions League 2025/26,post_105_to_135m,68,31.7482853223594
UEFA Champions League 2025/26,post_105_to_135m,69,31.903194199490496
UEFA Champions League 2025/26,post_105_to_135m,70,32.057711150303746
UEFA Champions League 2025/26,post_105_to_135m,71,32.20870076425632
UEFA Champions League 2025/26,post_105_to_135m,72,32.35959239662943
UEFA Champions League 2025/26,post_105_to_135m,73,32.50754458161865
UEFA Champions League 2025/26,post_105_to_135m,74,32.65539878502842
UEFA Champions League 2025/26,post_105_to_135m,75,32.80099941211052
UEFA Champions League 2025/26,post_105_to_135m,76,32.946012149715855
UEFA Champions League 2025/26,post_105_to_135m,77,33.08730158730159
UEFA Champions League 2025/26,post_105_to_135m,78,33.22849304330786
UEFA Champions League 2025/26,post_105_to_135m,79,33.36860670194004
UEFA Champions League 2025/26,post_105_to_135m,80,33.508230452674894
UEFA Champions League 2025/26,post_105_to_135m,81,33.644816774446404
UEFA Champions League 2025/26,post_105_to_135m,82,33.78150107779737
UEFA Champions League 2025/26,post_105_to_135m,83,33.91534391534392
UEFA Champions League 2025/26,post_105_to_135m,84,34.04908877131099
UEFA Champions League 2025/26,post_105_to_135m,85,34.181069958847736
UEFA Champions League 2025/26,post_105_to_135m,86,34.313247109543404
UEFA Champions League 2025/26,post_105_to_135m,87,34.44326866549089
UEFA Champions League 2025/26,post_105_to_135m,88,34.57309425827945
UEFA Champions League 2025/26,post_105_to_135m,89,34.70135214579659
UEFA Champions League 2025/26,post_105_to_135m,90,34.83000195963159
UEFA Champions League 2025/26,post_105_to_135m,91,34.95630021555947
UEFA Champions League 2025/26,post_105_to_135m,92,35.08279443464629
UEFA Champions League 2025/26,post_105_to_135m,93,35.208112874779545
UEFA Champions League 2025/26,post_105_to_135m,94,35.333431314912794
UEFA Champions League 2025/26,post_105_to_135m,95,35.456888105036256
UEFA Champions League 2025/26,post_105_to_135m,96,35.58024691358025
UEFA Champions League 2025/26,post_105_to_135m,97,35.702429943170685
UEFA Champions League 2025/26,post_105_to_135m,98,35.825102880658434
UEFA Champions League 2025/26,post_105_to_135m,99,35.94591416813639
UEFA Champions League 2025/26,post_105_to_135m,100,36.066529492455416
UEFA Champions League 2025/26,post_105_to_135m,101,36.18596903782089
UEFA Champions League 2025/26,post_105_to_135m,102,36.305114638447975
UEFA Champions League 2025/26,post_105_to_135m,103,36.42190868116794
UEFA Champions League 2025/26,post_105_to_135m,104,36.53870272388791
UEFA Champions League 2025/26,post_105_to_135m,105,36.654027042915935
UEFA Champions League 2025/26,post_105_to_135m,106,36.7689594356261
UEFA Champions League 2025/26,post_105_to_135m,107,36.882912012541645
UEFA Champions League 2025/26,post_105_to_135m,108,36.99666862629826
UEFA Champions League 2025/26,post_105_to_135m,109,37.10934744268078
UEFA Champions League 2025/26,post_105_to_135m,110,37.22232020380169
UEFA Champions League 2025/26,post_105_to_135m,111,37.33450911228689
UEFA Champions League 2025/26,post_105_to_135m,112,37.446796002351554
UEFA Champions League 2025/26,post_105_to_135m,113,37.55761316872428
UEFA Champions League 2025/26,post_105_to_135m,114,37.66823437193808
UEFA Champions League 2025/26,post_105_to_135m,115,37.777385851459925
UEFA Champions League 2025/26,post_105_to_135m,116,37.88663531256124
UEFA Champions League 2025/26,post_105_to_135m,117,37.99529688418577
UEFA Champions League 2025/26,post_105_to_135m,118,38.10356652949245
UEFA Champions League 2025/26,post_105_to_135m,119,38.21017048794827
UEFA Champions League 2025/26,post_105_to_135m,120,38.31746031746032
UEFA Champions League 2025/26,post_105_to_135m,121,38.42318244170096
UEFA Champions League 2025/26,post_105_to_135m,122,38.52880658436214
UEFA Champions League 2025/26,post_105_to_135m,123,38.63403880070547
UEFA Champions League 2025/26,post_105_to_135m,124,38.73907505388987
UEFA Champions League 2025/26,post_105_to_135m,125,38.84362139917695
UEFA Champions League 2025/26,post_105_to_135m,126,38.94797178130512
UEFA Champions League 2025/26,post_105_to_135m,127,39.05144032921811
UEFA Champions League 2025/26,post_105_to_135m,128,39.154810895551634
UEFA Champions League 2025/26,post_105_to_135m,129,39.25641779345483
UEFA Champions League 2025/26,post_105_to_135m,130,39.35822065451695
UEFA Champions League 2025/26,post_105_to_135m,131,39.45943562610229
UEFA Champions League 2025/26,post_105_to_135m,132,39.56065059768763
UEFA Champions League 2025/26,post_105_to_135m,133,39.66098373505781
UEFA Champions League 2025/26,post_105_to_135m,134,39.76141485400745
UEFA Champions League 2025/26,post_105_to_135m,135,39.86057221242407
UEFA Champions League 2025/26,post_105_to_135m,136,39.95923966294337
UEFA Champions League 2025/26,post_105_to_135m,137,40.05673133450911
UEFA Champions League 2025/26,post_105_to_135m,138,40.15432098765432
UEFA Champions League 2025/26,post_105_to_135m,139,40.251028806584365
UEFA Champions League 2025/26,post_105_to_135m,140,40.348128551832254
UEFA Champions League 2025/26,post_105_to_135m,141,40.444346462864985
UEFA Champions League 2025/26,post_105_to_135m,142,40.54066235547717
UEFA Champions League 2025/26,post_105_to_135m,143,40.63599843229473
UEFA Champions League 2025/26,post_105_to_135m,144,40.73113854595336
UEFA Champions League 2025/26,post_105_to_135m,145,40.8252008622379
UEFA Champions League 2025/26,post_105_to_135m,146,40.91906721536351
UEFA Champions League 2025/26,post_105_to_135m,147,41.01283558690966
UEFA Champions League 2025/26,post_105_to_135m,148,41.1068979031942
UEFA Champions League 2025/26,post_105_to_135m,149,41.19978444052518
UEFA Champions League 2025/26,post_105_to_135m,150,41.29286694101509
UEFA Champions League 2025/26,post_105_to_135m,151,41.38516558886929
UEFA Champions League 2025/26,post_105_to_135m,152,41.47756221830296
UEFA Champions League 2025/26,post_105_to_135m,153,41.56907701352146
UEFA Champions League 2025/26,post_105_to_135m,154,41.66059180873996
UEFA Champions League 2025/26,post_105_to_135m,155,41.75142073290221
UEFA Champions League 2025/26,post_105_to_135m,156,41.84254360180286
UEFA Champions League 2025/26,post_105_to_135m,157,41.93258867332941
UEFA Champions League 2025/26,post_105_to_135m,158,42.02224181853811
UEFA Champions League 2025/26,post_105_to_135m,159,42.11130707427004
UEFA Champions League 2025/26,post_105_to_135m,160,42.20066627474035
UEFA Champions League 2025/26,post_105_to_135m,161,42.28924162257496
UEFA Champions League 2025/26,post_105_to_135m,162,42.37752302567117
UEFA Champions League 2025/26,post_105_to_135m,163,42.46560846560847
UEFA Champions League 2025/26,post_105_to_135m,164,42.55369390554576
UEFA Champions League 2025/26,post_105_to_135m,165,42.64148540074466
UEFA Champions League 2025/26,post_105_to_135m,166,42.7291789143641
UEFA Champions League 2025/26,post_105_to_135m,167,42.81608857534784
UEFA Champions League 2025/26,post_105_to_135m,168,42.90280227317265
UEFA Champions League 2025/26,post_105_to_135m,169,42.98814422888497
UEFA Champions League 2025/26,post_105_to_135m,170,43.07378012933569
UEFA Champions League 2025/26,post_105_to_135m,171,43.15902410346855
UEFA Champions League 2025/26,post_105_to_135m,172,43.24426807760141
UEFA Champions League 2025/26,post_105_to_135m,173,43.32921810699588
UEFA Champions League 2025/26,post_105_to_135m,174,43.414070154810894
UEFA Champions League 2025/26,post_105_to_135m,175,43.49872623946698
UEFA Champions League 2025/26,post_105_to_135m,176,43.58367626886145
UEFA Champions League 2025/26,post_105_to_135m,177,43.667842445620224
UEFA Champions League 2025/26,post_105_to_135m,178,43.752008622379
UEFA Champions League 2025/26,post_105_to_135m,179,43.835292964922594
UEFA Champions League 2025/26,post_105_to_135m,180,43.91838134430727
UEFA Champions League 2025/26,post_105_to_135m,181,44.00137174211248
UEFA Champions League 2025/26,post_105_to_135m,182,44.084362139917694
UEFA Champions League 2025/26,post_105_to_135m,183,44.1668626298256
UEFA Champions League 2025/26,post_105_to_135m,184,44.2490691749951
UEFA Champions League 2025/26,post_105_to_135m,185,44.33058984910837
UEFA Champions League 2025/26,post_105_to_135m,186,44.41211052322164
UEFA Champions League 2025/26,post_105_to_135m,187,44.49333725259651
UEFA Champions League 2025/26,post_105_to_135m,188,44.57456398197139
UEFA Champions League 2025/26,post_105_to_135m,189,44.65559474818734
UEFA Champions League 2025/26,post_105_to_135m,190,44.73662551440329
UEFA Champions League 2025/26,post_105_to_135m,191,44.81706839114246
UEFA Champions League 2025/26,post_105_to_135m,192,44.89770723104056
UEFA Champions League 2025/26,post_105_to_135m,193,44.97795414462081
UEFA Champions League 2025/26,post_105_to_135m,194,45.05820105820106
UEFA Champions League 2025/26,post_105_to_135m,195,45.13756613756614
UEFA Champions League 2025/26,post_105_to_135m,196,45.216931216931215
UEFA Champions League 2025/26,post_105_to_135m,197,45.29610033313737
UEFA Champions League 2025/26,post_105_to_135m,198,45.375367430922985
UEFA Champions League 2025/26,post_105_to_135m,199,45.45453654712914
UEFA Champions League 2025/26,post_105_to_135m,200,45.53380364491476
UEFA Champions League 2025/26,post_105_to_135m,201,45.61277679796199
UEFA Champions League 2025/26,post_105_to_135m,202,45.69155398785029
UEFA Champions League 2025/26,post_105_to_135m,203,45.77072310405644
UEFA Champions League 2025/26,post_105_to_135m,204,45.85008818342152
UEFA Champions League 2025/26,post_105_to_135m,205,45.92915931804821
UEFA Champions League 2025/26,post_105_to_135m,206,46.00813247109544
UEFA Champions League 2025/26,post_105_to_135m,207,46.08651773466588
UEFA Champions League 2025/26,post_105_to_135m,208,46.164707035077406
UEFA Champions League 2025/26,post_105_to_135m,209,46.24289633548893
UEFA Champions League 2025/26,post_105_to_135m,210,46.32108563590045
UEFA Champions League 2025/26,post_105_to_135m,211,46.39878502841466
UEFA Champions League 2025/26,post_105_to_135m,212,46.47668038408779
UEFA Champions League 2025/26,post_105_to_135m,213,46.55447775818146
UEFA Champions League 2025/26,post_105_to_135m,214,46.6323731138546
UEFA Champions League 2025/26,post_105_to_135m,215,46.709778561630415
UEFA Champions League 2025/26,post_105_to_135m,216,46.78708602782677
UEFA Champions League 2025/26,post_105_to_135m,217,46.86400156770527
UEFA Champions League 2025/26,post_105_to_135m,218,46.9411130707427
UEFA Champions League 2025/26,post_105_to_135m,219,47.018126592200666
UEFA Champions League 2025/26,post_105_to_135m,220,47.095238095238095
UEFA Champions League 2025/26,post_105_to_135m,221,47.17146776406036
UEFA Champions League 2025/26,post_105_to_135m,222,47.24759945130315
UEFA Champions League 2025/26,post_105_to_135m,223,47.32324123064864
UEFA Champions League 2025/26,post_105_to_135m,224,47.39888300999412
UEFA Champions League 2025/26,post_105_to_135m,225,47.47432882618068
UEFA Champions League 2025/26,post_105_to_135m,226,47.549676660787775
UEFA Champions League 2025/26,post_105_to_135m,227,47.62482853223594
UEFA Champions League 2025/26,post_105_to_135m,228,47.69998040368411
UEFA Champions League 2025/26,post_105_to_135m,229,47.77483833039389
UEFA Champions League 2025/26,post_105_to_135m,230,47.84969625710367
UEFA Champions League 2025/26,post_105_to_135m,231,47.923966294336665
UEFA Champions League 2025/26,post_105_to_135m,232,47.99833431314913
UEFA Champions League 2025/26,post_105_to_135m,233,48.07221242406428
UEFA Champions League 2025/26,post_105_to_135m,234,48.14609053497942
UEFA Champions League 2025/26,post_105_to_135m,235,48.219772682735645
UEFA Champions League 2025/26,post_105_to_135m,236,48.29345483049187
UEFA Champions League 2025/26,post_105_to_135m,237,48.36674505193024
UEFA Champions League 2025/26,post_105_to_135m,238,48.44003527336861
UEFA Champions League 2025/26,post_105_to_135m,239,48.51312953164805
UEFA Champions League 2025/26,post_105_to_135m,240,48.58632177150696
UEFA Champions League 2025/26,post_105_to_135m,241,48.65922006662748
UEFA Champions League 2025/26,post_105_to_135m,242,48.731824417009605
UEFA Champions League 2025/26,post_105_to_135m,243,48.803742896335486
UEFA Champions League 2025/26,post_105_to_135m,244,48.87556339408192
UEFA Champions League 2025/26,post_105_to_135m,245,48.94689398393102
UEFA Champions League 2025/26,post_105_to_135m,246,49.0180286106212
UEFA Champions League 2025/26,post_105_to_135m,247,49.088869292572994
UEFA Champions League 2025/26,post_105_to_135m,248,49.15980795610425
UEFA Champions League 2025/26,post_105_to_135m,249,49.23084460121497
UEFA Champions League 2025/26,post_105_to_135m,250,49.30197922790516
UEFA Champions League 2025/26,post_105_to_135m,251,49.37291789143641
UEFA Champions League 2025/26,post_105_to_135m,252,49.4437585733882
UEFA Champions League 2025/26,post_105_to_135m,253,49.51440329218107
UEFA Champions League 2025/26,post_105_to_135m,254,49.5851459925534
UEFA Champions League 2025/26,post_105_to_135m,255,49.65549676660788
UEFA Champions League 2025/26,post_105_to_135m,256,49.72535763276504
UEFA Champions League 2025/26,post_105_to_135m,257,49.79512051734274
UEFA Champions League 2025/26,post_105_to_135m,258,49.86478542034098
UEFA Champions League 2025/26,post_105_to_135m,259,49.93435234175975
UEFA Champions League 2025/26,post_105_to_135m,260,50.00382128159906
UEFA Champions League 2025/26,post_105_to_135m,261,50.07289829512052
UEFA Champions League 2025/26,post_105_to_135m,262,50.142171271800905
UEFA Champions League 2025/26,post_105_to_135m,263,50.2111503037429
UEFA Champions League 2025/26,post_105_to_135m,264,50.28003135410543
UEFA Champions League 2025/26,post_105_to_135m,265,50.34871644130904
UEFA Champions League 2025/26,post_105_to_135m,266,50.41730354693318
UEFA Champions League 2025/26,post_105_to_135m,267,50.48530276308054
UEFA Champions League 2025/26,post_105_to_135m,268,50.553203997648446
UEFA Champions League 2025/26,post_105_to_135m,269,50.62130119537527
UEFA Champions League 2025/26,post_105_to_135m,270,50.68930041152263
UEFA Champions League 2025/26,post_105_to_135m,271,50.757005682931606
UEFA Champions League 2025/26,post_105_to_135m,272,50.82471095434058
UEFA Champions League 2025/26,post_105_to_135m,273,50.89222026259064
UEFA Champions League 2025/26,post_105_to_135m,274,50.959827552420144
UEFA Champions League 2025/26,post_105_to_135m,275,51.02723887909073
UEFA Champions League 2025/26,post_105_to_135m,276,51.094552224181854
UEFA Champions League 2025/26,post_105_to_135m,277,51.16137566137566
UEFA Champions League 2025/26,post_105_to_135m,278,51.22810111699
UEFA Champions League 2025/26,post_105_to_135m,279,51.29463060944543
UEFA Champions League 2025/26,post_105_to_135m,280,51.36116010190084
UEFA Champions League 2025/26,post_105_to_135m,281,51.42768959435626
UEFA Champions League 2025/26,post_105_to_135m,282,51.49421908681168
UEFA Champions League 2025/26,post_105_to_135m,283,51.5607485792671
UEFA Champions League 2025/26,post_105_to_135m,284,51.62718009014306
UEFA Champions League 2025/26,post_105_to_135m,285,51.69321967470116
UEFA Champions League 2025/26,post_105_to_135m,286,51.75925925925926
UEFA Champions League 2025/26,post_105_to_135m,287,51.825102880658434
UEFA Champions League 2025/26,post_105_to_135m,288,51.890946502057616
UEFA Champions League 2025/26,post_105_to_135m,289,51.956692141877326
UEFA Champions League 2025/26,post_105_to_135m,290,52.0225357632765
UEFA Champions League 2025/26,post_105_to_135m,291,52.08837938467568
UEFA Champions League 2025/26,post_105_to_135m,292,52.15422300607486
UEFA Champions League 2025/26,post_105_to_135m,293,52.21987066431511
UEFA Champions League 2025/26,post_105_to_135m,294,52.2854203409759
UEFA Champions League 2025/26,post_105_to_135m,295,52.350676072898295
UEFA Champions League 2025/26,post_105_to_135m,296,52.41602978640016
UEFA Champions League 2025/26,post_105_to_135m,297,52.48108955516363
UEFA Champions League 2025/26,post_105_to_135m,298,52.546149323927104
UEFA Champions League 2025/26,post_105_to_135m,299,52.61111111111112
UEFA Champions League 2025/26,post_105_to_135m,300,52.67617087987458
Premier League 2025/26,pre_24h_to_1h,1,0.0126520646592469
Premier League 2025/26,pre_24h_to_1h,2,0.0485395617497708
Premier League 2025/26,pre_24h_to_1h,3,0.0999731615673644
Premier League 2025/26,pre_24h_to_1h,4,0.1838967029104261
Premier League 2025/26,pre_24h_to_1h,5,0.3033526665051611
Premier League 2025/26,pre_24h_to_1h,6,0.4455856716020882
Premier League 2025/26,pre_24h_to_1h,7,0.5894337328222156
Premier League 2025/26,pre_24h_to_1h,8,0.739819208717503
Premier League 2025/26,pre_24h_to_1h,9,0.8901286819716985
Premier League 2025/26,pre_24h_to_1h,10,1.0457179636992386
Premier League 2025/26,pre_24h_to_1h,11,1.200247958616562
Premier League 2025/26,pre_24h_to_1h,12,1.3589818496192745
Premier League 2025/26,pre_24h_to_1h,13,1.516195687800151
Premier League 2025/26,pre_24h_to_1h,14,1.6770754658724392
Premier League 2025/26,pre_24h_to_1h,15,1.835780855884742
Premier League 2025/26,pre_24h_to_1h,16,1.997506163339176
Premier League 2025/26,pre_24h_to_1h,17,2.156832637434151
Premier League 2025/26,pre_24h_to_1h,18,2.3188738308656225
Premier League 2025/26,pre_24h_to_1h,19,2.47893420546364
Premier League 2025/26,pre_24h_to_1h,20,2.641085840232948
Premier League 2025/26,pre_24h_to_1h,21,2.8012744692878075
Premier League 2025/26,pre_24h_to_1h,22,2.963288349270137
Premier League 2025/26,pre_24h_to_1h,23,3.123341598620552
Premier League 2025/26,pre_24h_to_1h,24,3.2849291512880074
Premier League 2025/26,pre_24h_to_1h,25,3.444657014331248
Premier League 2025/26,pre_24h_to_1h,26,3.6060913741752527
Premier League 2025/26,pre_24h_to_1h,27,3.765421410894029
Premier League 2025/26,pre_24h_to_1h,28,3.9261634341793377
Premier League 2025/26,pre_24h_to_1h,29,4.084770258266475
Premier League 2025/26,pre_24h_to_1h,30,4.24477481842494
Premier League 2025/26,pre_24h_to_1h,31,4.402804497456287
Premier League 2025/26,pre_24h_to_1h,32,4.562041905956232
Premier League 2025/26,pre_24h_to_1h,33,4.719161928377011
Premier League 2025/26,pre_24h_to_1h,34,4.877272360214517
Premier League 2025/26,pre_24h_to_1h,35,5.033544478170616
Premier League 2025/26,pre_24h_to_1h,36,5.190554059253559
Premier League 2025/26,pre_24h_to_1h,37,5.345911770434022
Premier League 2025/26,pre_24h_to_1h,38,5.5021886385551895
Premier League 2025/26,pre_24h_to_1h,39,5.65643718619222
Premier League 2025/26,pre_24h_to_1h,40,5.811517012716192
Premier League 2025/26,pre_24h_to_1h,41,5.964703898460471
Premier League 2025/26,pre_24h_to_1h,42,6.118624684707793
Premier League 2025/26,pre_24h_to_1h,43,6.270835411530551
Premier League 2025/26,pre_24h_to_1h,44,6.4237301621231335
Premier League 2025/26,pre_24h_to_1h,45,6.5749742303545045
Premier League 2025/26,pre_24h_to_1h,46,6.726834632503479
Premier League 2025/26,pre_24h_to_1h,47,6.877019413924634
Premier League 2025/26,pre_24h_to_1h,48,7.027588958716315
Premier League 2025/26,pre_24h_to_1h,49,7.176551760173666
Premier League 2025/26,pre_24h_to_1h,50,7.325991953220375
Premier League 2025/26,pre_24h_to_1h,51,7.473933469188054
Premier League 2025/26,pre_24h_to_1h,52,7.622358314451427
Premier League 2025/26,pre_24h_to_1h,53,7.769377110854602
Premier League 2025/26,pre_24h_to_1h,54,7.916917237874016
Premier League 2025/26,pre_24h_to_1h,55,8.06281380777982
Premier League 2025/26,pre_24h_to_1h,56,8.20913551745923
Premier League 2025/26,pre_24h_to_1h,57,8.353908673326398
Premier League 2025/26,pre_24h_to_1h,58,8.499073717811694
Premier League 2025/26,pre_24h_to_1h,59,8.642651019622932
Premier League 2025/26,pre_24h_to_1h,60,8.786564395612748
Premier League 2025/26,pre_24h_to_1h,61,8.928837777112754
Premier League 2025/26,pre_24h_to_1h,62,9.071400918681924
Premier League 2025/26,pre_24h_to_1h,63,9.212694578636608
Premier League 2025/26,pre_24h_to_1h,64,9.35429581177946
Premier League 2025/26,pre_24h_to_1h,65,9.494602624941216
Premier League 2025/26,pre_24h_to_1h,66,9.635195635548335
Premier League 2025/26,pre_24h_to_1h,67,9.77454647799011
Premier League 2025/26,pre_24h_to_1h,68,9.91421439395019
Premier League 2025/26,pre_24h_to_1h,69,10.052547513526097
Premier League 2025/26,pre_24h_to_1h,70,10.191198894161571
Premier League 2025/26,pre_24h_to_1h,71,10.32854160432075
Premier League 2025/26,pre_24h_to_1h,72,10.466166949301488
Premier League 2025/26,pre_24h_to_1h,73,10.602468185769457
Premier League 2025/26,pre_24h_to_1h,74,10.739062744930386
Premier League 2025/26,pre_24h_to_1h,75,10.874417511008508
Premier League 2025/26,pre_24h_to_1h,76,11.009932595157682
Premier League 2025/26,pre_24h_to_1h,77,11.144369391836369
Premier League 2025/26,pre_24h_to_1h,78,11.279046071850996
Premier League 2025/26,pre_24h_to_1h,79,11.412604087992058
Premier League 2025/26,pre_24h_to_1h,80,11.546299858920095
Premier League 2025/26,pre_24h_to_1h,81,11.678857965314297
Premier League 2025/26,pre_24h_to_1h,82,11.811612016017556
Premier League 2025/26,pre_24h_to_1h,83,11.943260465801186
Premier League 2025/26,pre_24h_to_1h,84,12.075095359563743
Premier League 2025/26,pre_24h_to_1h,85,12.205747462224313
Premier League 2025/26,pre_24h_to_1h,86,12.336600259359011
Premier League 2025/26,pre_24h_to_1h,87,12.46644127133418
Premier League 2025/26,pre_24h_to_1h,88,12.596423600720126
Premier League 2025/26,pre_24h_to_1h,89,12.725366831497396
Premier League 2025/26,pre_24h_to_1h,90,12.854472755428253
Premier League 2025/26,pre_24h_to_1h,91,12.982615583391524
Premier League 2025/26,pre_24h_to_1h,92,13.110820163500682
Premier League 2025/26,pre_24h_to_1h,93,13.238069960431124
Premier League 2025/26,pre_24h_to_1h,94,13.365420698369268
Premier League 2025/26,pre_24h_to_1h,95,13.491791714762089
Premier League 2025/26,pre_24h_to_1h,96,13.618381238748048
Premier League 2025/26,pre_24h_to_1h,97,13.743989853647417
Premier League 2025/26,pre_24h_to_1h,98,13.869782537443175
Premier League 2025/26,pre_24h_to_1h,99,13.9944518072003
Premier League 2025/26,pre_24h_to_1h,100,14.119238643542865
Premier League 2025/26,pre_24h_to_1h,101,14.243022007514762
Premier League 2025/26,pre_24h_to_1h,102,14.36691462528323
Premier League 2025/26,pre_24h_to_1h,103,14.489851272331714
Premier League 2025/26,pre_24h_to_1h,104,14.612822358076944
Premier League 2025/26,pre_24h_to_1h,105,14.734911100660748
Premier League 2025/26,pre_24h_to_1h,106,14.856954716676404
Premier League 2025/26,pre_24h_to_1h,107,14.978121927236971
Premier League 2025/26,pre_24h_to_1h,108,15.099305763375275
Premier League 2025/26,pre_24h_to_1h,109,15.219597756022022
Premier League 2025/26,pre_24h_to_1h,110,15.339958626062256
Premier League 2025/26,pre_24h_to_1h,111,15.45950721787582
Premier League 2025/26,pre_24h_to_1h,112,15.579142500201884
Premier League 2025/26,pre_24h_to_1h,113,15.697901377072853
Premier League 2025/26,pre_24h_to_1h,114,15.816757632327723
Premier League 2025/26,pre_24h_to_1h,115,15.934762420494112
Premier League 2025/26,pre_24h_to_1h,116,16.052801647357246
Premier League 2025/26,pre_24h_to_1h,117,16.170000095003303
Premier League 2025/26,pre_24h_to_1h,118,16.287211605603293
Premier League 2025/26,pre_24h_to_1h,119,16.403608462894084
Premier League 2025/26,pre_24h_to_1h,120,16.520071822495833
Premier League 2025/26,pre_24h_to_1h,121,16.63572646649471
Premier League 2025/26,pre_24h_to_1h,122,16.751410799025265
Premier League 2025/26,pre_24h_to_1h,123,16.866360043511513
Premier League 2025/26,pre_24h_to_1h,124,16.981374602767445
Premier League 2025/26,pre_24h_to_1h,125,17.095504443779422
Premier League 2025/26,pre_24h_to_1h,126,17.20966516086434
Premier League 2025/26,pre_24h_to_1h,127,17.32302666267653
Premier League 2025/26,pre_24h_to_1h,128,17.43643091597433
Premier League 2025/26,pre_24h_to_1h,129,17.54902051596293
Premier League 2025/26,pre_24h_to_1h,130,17.661631491694337
Premier League 2025/26,pre_24h_to_1h,131,17.77351687971157
Premier League 2025/26,pre_24h_to_1h,132,17.88546401987469
Premier League 2025/26,pre_24h_to_1h,133,17.996678447076036
Premier League 2025/26,pre_24h_to_1h,134,18.10786912345204
Premier League 2025/26,pre_24h_to_1h,135,18.218257021931517
Premier League 2025/26,pre_24h_to_1h,136,18.328616419420573
Premier League 2025/26,pre_24h_to_1h,137,18.43832385675402
Premier League 2025/26,pre_24h_to_1h,138,18.548000418014524
Premier League 2025/26,pre_24h_to_1h,139,18.656992955505203
Premier League 2025/26,pre_24h_to_1h,140,18.7660353697291
Premier League 2025/26,pre_24h_to_1h,141,18.87441157330217
Premier League 2025/26,pre_24h_to_1h,142,18.982787776875245
Premier League 2025/26,pre_24h_to_1h,143,19.090432455027813
Premier League 2025/26,pre_24h_to_1h,144,19.198094946299385
Premier League 2025/26,pre_24h_to_1h,145,19.30509716462647
Premier League 2025/26,pre_24h_to_1h,146,19.4121266964027
Premier League 2025/26,pre_24h_to_1h,147,19.51849358015191
Premier League 2025/26,pre_24h_to_1h,148,19.62483433799325
Premier League 2025/26,pre_24h_to_1h,149,19.730527885844037
Premier League 2025/26,pre_24h_to_1h,150,19.836259435015368
Premier League 2025/26,pre_24h_to_1h,151,19.941334273866016
Premier League 2025/26,pre_24h_to_1h,152,20.04642573829441
Premier League 2025/26,pre_24h_to_1h,153,20.15082961632917
Premier League 2025/26,pre_24h_to_1h,154,20.25523705698773
Premier League 2025/26,pre_24h_to_1h,155,20.35901391323349
Premier League 2025/26,pre_24h_to_1h,156,20.46282639571725
Premier League 2025/26,pre_24h_to_1h,157,20.566007106246943
Premier League 2025/26,pre_24h_to_1h,158,20.66920206727184
Premier League 2025/26,pre_24h_to_1h,159,20.771759318636324
Premier League 2025/26,pre_24h_to_1h,160,20.87429994442307
Premier League 2025/26,pre_24h_to_1h,161,20.976242049411216
Premier League 2025/26,pre_24h_to_1h,162,21.078135465207417
Premier League 2025/26,pre_24h_to_1h,163,21.179386421178137
Premier League 2025/26,pre_24h_to_1h,164,21.280575625002967
Premier League 2025/26,pre_24h_to_1h,165,21.38111405621345
Premier League 2025/26,pre_24h_to_1h,166,21.481603798231987
Premier League 2025/26,pre_24h_to_1h,167,21.58150451978206
Premier League 2025/26,pre_24h_to_1h,168,21.681373177717926
Premier League 2025/26,pre_24h_to_1h,169,21.7806718158456
Premier League 2025/26,pre_24h_to_1h,170,21.88001083037636
Premier League 2025/26,pre_24h_to_1h,171,21.97884989003368
Premier League 2025/26,pre_24h_to_1h,172,22.0776853870672
Premier League 2025/26,pre_24h_to_1h,173,22.1759520518338
Premier League 2025/26,pre_24h_to_1h,174,22.274145089041845
Premier League 2025/26,pre_24h_to_1h,175,22.371819170716183
Premier League 2025/26,pre_24h_to_1h,176,22.46944575073984
Premier League 2025/26,pre_24h_to_1h,177,22.56647974767123
Premier League 2025/26,pre_24h_to_1h,178,22.66347455574081
Premier League 2025/26,pre_24h_to_1h,179,22.759943283029084
Premier League 2025/26,pre_24h_to_1h,180,22.85637519653808
Premier League 2025/26,pre_24h_to_1h,181,22.95225965352296
Premier League 2025/26,pre_24h_to_1h,182,23.04810610918729
Premier League 2025/26,pre_24h_to_1h,183,23.143393232914843
Premier League 2025/26,pre_24h_to_1h,184,23.23868154418366
Premier League 2025/26,pre_24h_to_1h,185,23.333409335974427
Premier League 2025/26,pre_24h_to_1h,186,23.428082500866903
Premier League 2025/26,pre_24h_to_1h,187,23.52224027284948
Premier League 2025/26,pre_24h_to_1h,188,23.616335105144906
Premier League 2025/26,pre_24h_to_1h,189,23.70992760748436
Premier League 2025/26,pre_24h_to_1h,190,23.803493983915946
Premier League 2025/26,pre_24h_to_1h,191,23.896571093345493
Premier League 2025/26,pre_24h_to_1h,192,23.989601888665632
Premier League 2025/26,pre_24h_to_1h,193,24.082182605845556
Premier League 2025/26,pre_24h_to_1h,194,24.17478944893335
Premier League 2025/26,pre_24h_to_1h,195,24.26691058764292
Premier League 2025/26,pre_24h_to_1h,196,24.35901391323349
Premier League 2025/26,pre_24h_to_1h,197,24.450574532465
Premier League 2025/26,pre_24h_to_1h,198,24.54211615103625
Premier League 2025/26,pre_24h_to_1h,199,24.633225504586285
Premier League 2025/26,pre_24h_to_1h,200,24.72435504633786
Premier League 2025/26,pre_24h_to_1h,201,24.81505944831583
Premier League 2025/26,pre_24h_to_1h,202,24.905744849633525
Premier League 2025/26,pre_24h_to_1h,203,24.99598136035227
Premier League 2025/26,pre_24h_to_1h,204,25.086184619915542
Premier League 2025/26,pre_24h_to_1h,205,25.175937801338595
Premier League 2025/26,pre_24h_to_1h,206,25.265638730945906
Premier League 2025/26,pre_24h_to_1h,207,25.35485039355117
Premier League 2025/26,pre_24h_to_1h,208,25.44404424303745
Premier League 2025/26,pre_24h_to_1h,209,25.53285570423572
Premier League 2025/26,pre_24h_to_1h,210,25.621627976572185
Premier League 2025/26,pre_24h_to_1h,211,25.70994304552083
Premier League 2025/26,pre_24h_to_1h,212,25.798236738726672
Premier League 2025/26,pre_24h_to_1h,213,25.88611479248904
Premier League 2025/26,pre_24h_to_1h,214,25.973966720343533
Premier League 2025/26,pre_24h_to_1h,215,26.061384008094283
Premier League 2025/26,pre_24h_to_1h,216,26.148726480745207
Premier League 2025/26,pre_24h_to_1h,217,26.23562956312732
Premier League 2025/26,pre_24h_to_1h,218,26.322487518941283
Premier League 2025/26,pre_24h_to_1h,219,26.408977336962455
Premier League 2025/26,pre_24h_to_1h,220,26.49542559103929
Premier League 2025/26,pre_24h_to_1h,221,26.581458205672646
Premier League 2025/26,pre_24h_to_1h,222,26.667470632104465
Premier League 2025/26,pre_24h_to_1h,223,26.7530211049834
Premier League 2025/26,pre_24h_to_1h,224,26.8385727654036
Premier League 2025/26,pre_24h_to_1h,225,26.92372659949933
Premier League 2025/26,pre_24h_to_1h,226,27.00884480735705
Premier League 2025/26,pre_24h_to_1h,227,27.093597252504523
Premier League 2025/26,pre_24h_to_1h,228,27.17832000912032
Premier League 2025/26,pre_24h_to_1h,229,27.262584374807023
Premier League 2025/26,pre_24h_to_1h,230,27.34681548933825
Premier League 2025/26,pre_24h_to_1h,231,27.430722405103577
Premier League 2025/26,pre_24h_to_1h,232,27.514569943805547
Premier League 2025/26,pre_24h_to_1h,233,27.598033906678257
Premier League 2025/26,pre_24h_to_1h,234,27.68143968002888
Premier League 2025/26,pre_24h_to_1h,235,27.764438126724905
Premier League 2025/26,pre_24h_to_1h,236,27.84741044751305
Premier League 2025/26,pre_24h_to_1h,237,27.929976629187863
Premier League 2025/26,pre_24h_to_1h,238,28.012520247578603
Premier League 2025/26,pre_24h_to_1h,239,28.094727791790763
Premier League 2025/26,pre_24h_to_1h,240,28.17692583567279
Premier League 2025/26,pre_24h_to_1h,241,28.25875099159696
Premier League 2025/26,pre_24h_to_1h,242,28.34052033308157
Premier League 2025/26,pre_24h_to_1h,243,28.421927474479737
Premier League 2025/26,pre_24h_to_1h,244,28.50329661455736
Premier League 2025/26,pre_24h_to_1h,245,28.584276241099374
Premier League 2025/26,pre_24h_to_1h,246,28.66518699024791
Premier League 2025/26,pre_24h_to_1h,247,28.745721288814785
Premier League 2025/26,pre_24h_to_1h,248,28.82621758606112
Premier League 2025/26,pre_24h_to_1h,249,28.90634930813846
Premier League 2025/26,pre_24h_to_1h,250,28.9864810302158
Premier League 2025/26,pre_24h_to_1h,251,29.06622205121628
Premier League 2025/26,pre_24h_to_1h,252,29.145953571886626
Premier League 2025/26,pre_24h_to_1h,253,29.22531576722291
Premier League 2025/26,pre_24h_to_1h,254,29.304638773697388
Premier League 2025/26,pre_24h_to_1h,255,29.38358770467274
Premier League 2025/26,pre_24h_to_1h,256,29.462518822529084
Premier League 2025/26,pre_24h_to_1h,257,29.541112678665584
Premier League 2025/26,pre_24h_to_1h,258,29.619693471848148
Premier League 2025/26,pre_24h_to_1h,259,29.697928690521994
Premier League 2025/26,pre_24h_to_1h,260,29.776125907875297
Premier League 2025/26,pre_24h_to_1h,261,29.853943112023146
Premier League 2025/26,pre_24h_to_1h,262,29.93172468993297
Premier League 2025/26,pre_24h_to_1h,263,30.00911675430721
Premier League 2025/26,pre_24h_to_1h,264,30.086463692113306
Premier League 2025/26,pre_24h_to_1h,265,30.16349711902489
Premier League 2025/26,pre_24h_to_1h,266,30.24052460823013
Premier League 2025/26,pre_24h_to_1h,267,30.317168521606124
Premier League 2025/26,pre_24h_to_1h,268,30.39379224678057
Premier League 2025/26,pre_24h_to_1h,269,30.470097710895452
Premier League 2025/26,pre_24h_to_1h,270,30.546365173689782
Premier League 2025/26,pre_24h_to_1h,271,30.622332188543552
Premier League 2025/26,pre_24h_to_1h,272,30.69828139027831
Premier League 2025/26,pre_24h_to_1h,273,30.77394439456771
Premier League 2025/26,pre_24h_to_1h,274,30.84954802179376
Premier League 2025/26,pre_24h_to_1h,275,30.924808449593623
Premier League 2025/26,pre_24h_to_1h,276,31.00006531476969
Premier League 2025/26,pre_24h_to_1h,277,31.074986105767174
Premier League 2025/26,pre_24h_to_1h,278,31.14988433348059
Premier League 2025/26,pre_24h_to_1h,279,31.22445954996936
Premier League 2025/26,pre_24h_to_1h,280,31.29900507792646
Premier League 2025/26,pre_24h_to_1h,281,31.373228782200183
Premier League 2025/26,pre_24h_to_1h,282,31.447408547447026
Premier League 2025/26,pre_24h_to_1h,283,31.52124748835022
Premier League 2025/26,pre_24h_to_1h,284,31.595041302685267
Premier League 2025/26,pre_24h_to_1h,285,31.668544169409888
Premier League 2025/26,pre_24h_to_1h,286,31.742019722685363
Premier League 2025/26,pre_24h_to_1h,287,31.815199578185343
Premier League 2025/26,pre_24h_to_1h,288,31.888349745153644
Premier League 2025/26,pre_24h_to_1h,289,31.96119946418138
Premier League 2025/26,pre_24h_to_1h,290,32.0339993064759
Premier League 2025/26,pre_24h_to_1h,291,32.106526014279
Premier League 2025/26,pre_24h_to_1h,292,32.17901115813775
Premier League 2025/26,pre_24h_to_1h,293,32.25117566585439
Premier League 2025/26,pre_24h_to_1h,294,32.323335423405965
Premier League 2025/26,pre_24h_to_1h,295,32.395226796631185
Premier League 2025/26,pre_24h_to_1h,296,32.46708848132472
Premier League 2025/26,pre_24h_to_1h,297,32.53867228136178
Premier League 2025/26,pre_24h_to_1h,298,32.61024064336236
Premier League 2025/26,pre_24h_to_1h,299,32.68155605907305
Premier League 2025/26,pre_24h_to_1h,300,32.752835848545736
Premier League 2025/26,pre_last_hour,1,0.5188189664590844
Premier League 2025/26,pre_last_hour,2,1.7968698787282855
Premier League 2025/26,pre_last_hour,3,3.1776466732218944
Premier League 2025/26,pre_last_hour,4,4.795449579372884
Premier League 2025/26,pre_last_hour,5,6.3691685786081065
Premier League 2025/26,pre_last_hour,6,8.032147929640555
Premier League 2025/26,pre_last_hour,7,9.574401835463782
Premier League 2025/26,pre_last_hour,8,11.1350923194581
Premier League 2025/26,pre_last_hour,9,12.587375723806405
Premier League 2025/26,pre_last_hour,10,14.051158090243636
Premier League 2025/26,pre_last_hour,11,15.416748607014094
Premier League 2025/26,pre_last_hour,12,16.78477002075822
Premier League 2025/26,pre_last_hour,13,18.05664809352125
Premier League 2025/26,pre_last_hour,14,19.33245930296078
Premier League 2025/26,pre_last_hour,15,20.52619359772752
Premier League 2025/26,pre_last_hour,16,21.72137550529881
Premier League 2025/26,pre_last_hour,17,22.8429203539823
Premier League 2025/26,pre_last_hour,18,23.96249863432754
Premier League 2025/26,pre_last_hour,19,25.015268218070577
Premier League 2025/26,pre_last_hour,20,26.06511526275538
Premier League 2025/26,pre_last_hour,21,27.06268436578171
Premier League 2025/26,pre_last_hour,22,28.05470883863214
Premier League 2025/26,pre_last_hour,23,29.000300447940567
Premier League 2025/26,pre_last_hour,24,29.94179503987764
Premier League 2025/26,pre_last_hour,25,30.83677482792527
Premier League 2025/26,pre_last_hour,26,31.72836774827925
Premier League 2025/26,pre_last_hour,27,32.57795258385229
Premier League 2025/26,pre_last_hour,28,33.42412323828253
Premier League 2025/26,pre_last_hour,29,34.23077133180378
Premier League 2025/26,pre_last_hour,30,35.03515240904621
Premier League 2025/26,pre_last_hour,31,35.804353763793294
Premier League 2025/26,pre_last_hour,32,36.57019556429586
Premier League 2025/26,pre_last_hour,33,37.30203212061619
Premier League 2025/26,pre_last_hour,34,38.03001748060745
Premier League 2025/26,pre_last_hour,35,38.73230088495576
Premier League 2025/26,pre_last_hour,36,39.42936742051786
Premier League 2025/26,pre_last_hour,37,40.10114170217416
Premier League 2025/26,pre_last_hour,38,40.76914672784879
Premier League 2025/26,pre_last_hour,39,41.41461815798099
Premier League 2025/26,pre_last_hour,40,42.05632033213154
Premier League 2025/26,pre_last_hour,41,42.67442368622309
Premier League 2025/26,pre_last_hour,42,43.290860919916966
Premier League 2025/26,pre_last_hour,43,43.88511963290724
Premier League 2025/26,pre_last_hour,44,44.47727521031356
Premier League 2025/26,pre_last_hour,45,45.0491368950071
Premier League 2025/26,pre_last_hour,46,45.61815798098984
Premier League 2025/26,pre_last_hour,47,46.1672675625478
Premier League 2025/26,pre_last_hour,48,46.714355948869226
Premier League 2025/26,pre_last_hour,49,47.24420954878182
Premier League 2025/26,pre_last_hour,50,47.77026657926363
Premier League 2025/26,pre_last_hour,51,48.27993554026003
Premier League 2025/26,pre_last_hour,52,48.787064350486176
Premier League 2025/26,pre_last_hour,53,49.2780509122692
Premier League 2025/26,pre_last_hour,54,49.76707090571397
Premier League 2025/26,pre_last_hour,55,50.24079536763902
Premier League 2025/26,pre_last_hour,56,50.71304490331039
Premier League 2025/26,pre_last_hour,57,51.17081831093631
Premier League 2025/26,pre_last_hour,58,51.62640664263083
Premier League 2025/26,pre_last_hour,59,52.06986780290615
Premier League 2025/26,pre_last_hour,60,52.511307767944935
Premier League 2025/26,pre_last_hour,61,52.93966459084453
Premier League 2025/26,pre_last_hour,62,53.36643723369387
Premier League 2025/26,pre_last_hour,63,53.78070031683601
Premier League 2025/26,pre_last_hour,64,54.19296951819076
Premier League 2025/26,pre_last_hour,65,54.59395826504971
Premier League 2025/26,pre_last_hour,66,54.99177865180815
Premier League 2025/26,pre_last_hour,67,55.37930186823992
Premier League 2025/26,pre_last_hour,68,55.7650223970283
Premier League 2025/26,pre_last_hour,69,56.14071888998143
Premier League 2025/26,pre_last_hour,70,56.51529553151972
Premier League 2025/26,pre_last_hour,71,56.880694854146185
Premier League 2025/26,pre_last_hour,72,57.24500163880695
Premier League 2025/26,pre_last_hour,73,57.6002676718016
Premier League 2025/26,pre_last_hour,74,57.95381295750028
Premier League 2025/26,pre_last_hour,75,58.299410029498524
Premier League 2025/26,pre_last_hour,76,58.64377799628537
Premier League 2025/26,pre_last_hour,77,58.97954222659237
Premier League 2025/26,pre_last_hour,78,59.31391347099312
Premier League 2025/26,pre_last_hour,79,59.6413470993117
Premier League 2025/26,pre_last_hour,80,59.96719654758003
Premier League 2025/26,pre_last_hour,81,60.28460614006337
Premier League 2025/26,pre_last_hour,82,60.600486179394736
Premier League 2025/26,pre_last_hour,83,60.90951054299137
Premier League 2025/26,pre_last_hour,84,61.21763356276631
Premier League 2025/26,pre_last_hour,85,61.51892822025565
Premier League 2025/26,pre_last_hour,86,61.81986780290615
Premier League 2025/26,pre_last_hour,87,62.11395170982192
Premier League 2025/26,pre_last_hour,88,62.406888451873705
Premier League 2025/26,pre_last_hour,89,62.69272369714847
Premier League 2025/26,pre_last_hour,90,62.97754834480498
Premier League 2025/26,pre_last_hour,91,63.25647328744674
Premier League 2025/26,pre_last_hour,92,63.534114497978806
Premier League 2025/26,pre_last_hour,93,63.80596525729269
Premier League 2025/26,pre_last_hour,94,64.07677810553916
Premier League 2025/26,pre_last_hour,95,64.3416912487709
Premier League 2025/26,pre_last_hour,96,64.60526603299465
Premier League 2025/26,pre_last_hour,97,64.8629137987545
Premier League 2025/26,pre_last_hour,98,65.11927783240468
Premier League 2025/26,pre_last_hour,99,65.37086201245494
Premier League 2025/26,pre_last_hour,100,65.62143559488692
Premier League 2025/26,pre_last_hour,101,65.86701081612586
Premier League 2025/26,pre_last_hour,102,66.11173932044139
Premier League 2025/26,pre_last_hour,103,66.3520157325467
Premier League 2025/26,pre_last_hour,104,66.59095378564405
Premier League 2025/26,pre_last_hour,105,66.82530317928548
Premier League 2025/26,pre_last_hour,106,67.0589424232492
Premier League 2025/26,pre_last_hour,107,67.28807494810445
Premier League 2025/26,pre_last_hour,108,67.51603299464657
Premier League 2025/26,pre_last_hour,109,67.73921118758877
Premier League 2025/26,pre_last_hour,110,67.96148803670927
Premier League 2025/26,pre_last_hour,111,68.1790669725773
Premier League 2025/26,pre_last_hour,112,68.39574456462363
Premier League 2025/26,pre_last_hour,113,68.60854364689173
Premier League 2025/26,pre_last_hour,114,68.82082377362613
Premier League 2025/26,pre_last_hour,115,69.02960777887031
Premier League 2025/26,pre_last_hour,116,69.2374904402928
Premier League 2025/26,pre_last_hour,117,69.44143996503878
Premier League 2025/26,pre_last_hour,118,69.64443351906479
Premier League 2025/26,pre_last_hour,119,69.84384901125314
Premier League 2025/26,pre_last_hour,120,70.04271823445865
Premier League 2025/26,pre_last_hour,121,70.23866491860592
Premier League 2025/26,pre_last_hour,122,70.43420190101607
Premier League 2025/26,pre_last_hour,123,70.6265158964274
Premier League 2025/26,pre_last_hour,124,70.81833824975418
Premier League 2025/26,pre_last_hour,125,71.00693761608215
Premier League 2025/26,pre_last_hour,126,71.19537310171529
Premier League 2025/26,pre_last_hour,127,71.37990276412106
Premier League 2025/26,pre_last_hour,128,71.56385884409484
Premier League 2025/26,pre_last_hour,129,71.74423686223096
Premier League 2025/26,pre_last_hour,130,71.92447831312138
Premier League 2025/26,pre_last_hour,131,72.1022069266907
Premier League 2025/26,pre_last_hour,132,72.27960777887031
Premier League 2025/26,pre_last_hour,133,72.45367639025456
Premier League 2025/26,pre_last_hour,134,72.62749918059653
Premier League 2025/26,pre_last_hour,135,72.79867256637168
Premier League 2025/26,pre_last_hour,136,72.9694362504097
Premier League 2025/26,pre_last_hour,137,73.13752321643177
Premier League 2025/26,pre_last_hour,138,73.30506391347099
Premier League 2025/26,pre_last_hour,139,73.46897192177428
Premier League 2025/26,pre_last_hour,140,73.63208784005244
Premier League 2025/26,pre_last_hour,141,73.79233584617066
Premier League 2025/26,pre_last_hour,142,73.95296624057686
Premier League 2025/26,pre_last_hour,143,74.11086529006883
Premier League 2025/26,pre_last_hour,144,74.26816344367967
Premier League 2025/26,pre_last_hour,145,74.42297607341855
Premier League 2025/26,pre_last_hour,146,74.57713318037801
Premier League 2025/26,pre_last_hour,147,74.72905058450782
Premier League 2025/26,pre_last_hour,148,74.8806402272479
Premier League 2025/26,pre_last_hour,149,75.02968971921774
Premier League 2025/26,pre_last_hour,150,75.17838413634874
Premier League 2025/26,pre_last_hour,151,75.32516661203977
Premier League 2025/26,pre_last_hour,152,75.47181252048509
Premier League 2025/26,pre_last_hour,153,75.61687424888015
Premier League 2025/26,pre_last_hour,154,75.76128045449579
Premier League 2025/26,pre_last_hour,155,75.90347427073091
Premier League 2025/26,pre_last_hour,156,76.04542226592375
Premier League 2025/26,pre_last_hour,157,76.1853217524309
Premier League 2025/26,pre_last_hour,158,76.32462034305692
Premier League 2025/26,pre_last_hour,159,76.46181579809898
Premier League 2025/26,pre_last_hour,160,76.59876543209876
Premier League 2025/26,pre_last_hour,161,76.7339396919043
Premier League 2025/26,pre_last_hour,162,76.86859499617611
Premier League 2025/26,pre_last_hour,163,77.00122910521141
Premier League 2025/26,pre_last_hour,164,77.1332896318147
Premier League 2025/26,pre_last_hour,165,77.26327433628319
Premier League 2025/26,pre_last_hour,166,77.39263083142139
Premier League 2025/26,pre_last_hour,167,77.51993881787392
Premier League 2025/26,pre_last_hour,168,77.64713755052988
Premier League 2025/26,pre_last_hour,169,77.77264284933902
Premier League 2025/26,pre_last_hour,170,77.89801158090243
Premier League 2025/26,pre_last_hour,171,78.02155031137332
Premier League 2025/26,pre_last_hour,172,78.14470665355621
Premier League 2025/26,pre_last_hour,173,78.26592374085
Premier League 2025/26,pre_last_hour,174,78.38678575330492
Premier League 2025/26,pre_last_hour,175,78.5058723915656
Premier League 2025/26,pre_last_hour,176,78.62465858188573
Premier League 2025/26,pre_last_hour,177,78.74186059215558
Premier League 2025/26,pre_last_hour,178,78.85884409483229
Premier League 2025/26,pre_last_hour,179,78.97440729815361
Premier League 2025/26,pre_last_hour,180,79.0896973669835
Premier League 2025/26,pre_last_hour,181,79.20345788266143
Premier League 2025/26,pre_last_hour,182,79.31708183109363
Premier League 2025/26,pre_last_hour,183,79.4288757784333
Premier League 2025/26,pre_last_hour,184,79.54036927783241
Premier League 2025/26,pre_last_hour,185,79.65068829891838
Premier League 2025/26,pre_last_hour,186,79.76073418551294
Premier League 2025/26,pre_last_hour,187,79.86875887687097
Premier League 2025/26,pre_last_hour,188,79.97656506063586
Premier League 2025/26,pre_last_hour,189,80.08275975090135
Premier League 2025/26,pre_last_hour,190,80.1886813066754
Premier League 2025/26,pre_last_hour,191,80.29318256309406
Premier League 2025/26,pre_last_hour,192,80.3972194908773
Premier League 2025/26,pre_last_hour,193,80.49991805965257
Premier League 2025/26,pre_last_hour,194,80.60242543428384
Premier League 2025/26,pre_last_hour,195,80.70373101715285
Premier League 2025/26,pre_last_hour,196,80.80476346553043
Premier League 2025/26,pre_last_hour,197,80.90459412214574
Premier League 2025/26,pre_last_hour,198,81.00409701737135
Premier League 2025/26,pre_last_hour,199,81.10217961324156
Premier League 2025/26,pre_last_hour,200,81.19985250737463
Premier League 2025/26,pre_last_hour,201,81.29599584835573
Premier League 2025/26,pre_last_hour,202,81.39175680104884
Premier League 2025/26,pre_last_hour,203,81.48598820058997
Premier League 2025/26,pre_last_hour,204,81.58002840598711
Premier League 2025/26,pre_last_hour,205,81.67289413307113
Premier League 2025/26,pre_last_hour,206,81.76543209876543
Premier League 2025/26,pre_last_hour,207,81.85668633235005
Premier League 2025/26,pre_last_hour,208,81.94772205834153
Premier League 2025/26,pre_last_hour,209,82.03747405222332
Premier League 2025/26,pre_last_hour,210,82.12722604610511
Premier League 2025/26,pre_last_hour,211,82.21553042718234
Premier League 2025/26,pre_last_hour,212,82.30358898721731
Premier League 2025/26,pre_last_hour,213,82.39052769583743
Premier League 2025/26,pre_last_hour,214,82.47738446411013
Premier League 2025/26,pre_last_hour,215,82.56301212717142
Premier League 2025/26,pre_last_hour,216,82.64844859608871
Premier League 2025/26,pre_last_hour,217,82.73309297498088
Premier League 2025/26,pre_last_hour,218,82.81765541352561
Premier League 2025/26,pre_last_hour,219,82.90120725445209
Premier League 2025/26,pre_last_hour,220,82.98456790123457
Premier League 2025/26,pre_last_hour,221,83.06656287555992
Premier League 2025/26,pre_last_hour,222,83.14825740194472
Premier League 2025/26,pre_last_hour,223,83.22921446520266
Premier League 2025/26,pre_last_hour,224,83.31008958811319
Premier League 2025/26,pre_last_hour,225,83.38989948650716
Premier League 2025/26,pre_last_hour,226,83.46935431006227
Premier League 2025/26,pre_last_hour,227,83.5479077897957
Premier League 2025/26,pre_last_hour,228,83.6263247022834
Premier League 2025/26,pre_last_hour,229,83.70384027094941
Premier League 2025/26,pre_last_hour,230,83.78119195892057
Premier League 2025/26,pre_last_hour,231,83.85769692996831
Premier League 2025/26,pre_last_hour,232,83.93398339342292
Premier League 2025/26,pre_last_hour,233,84.00950508030154
Premier League 2025/26,pre_last_hour,234,84.08475363268873
Premier League 2025/26,pre_last_hour,235,84.15896427400853
Premier League 2025/26,pre_last_hour,236,84.23314760187917
Premier League 2025/26,pre_last_hour,237,84.30659346662297
Premier League 2025/26,pre_last_hour,238,84.37979351032449
Premier League 2025/26,pre_last_hour,239,84.45206489675516
Premier League 2025/26,pre_last_hour,240,84.52414508904184
Premier League 2025/26,pre_last_hour,241,84.59537856440511
Premier League 2025/26,pre_last_hour,242,84.66625696492953
Premier League 2025/26,pre_last_hour,243,84.7362067081831
Premier League 2025/26,pre_last_hour,244,84.80599257074184
Premier League 2025/26,pre_last_hour,245,84.87482246258057
Premier League 2025/26,pre_last_hour,246,84.94359772752104
Premier League 2025/26,pre_last_hour,247,85.01149896208894
Premier League 2025/26,pre_last_hour,248,85.07923631596198
Premier League 2025/26,pre_last_hour,249,85.14609963946248
Premier League 2025/26,pre_last_hour,250,85.2127990822681
Premier League 2025/26,pre_last_hour,251,85.27867912159948
Premier League 2025/26,pre_last_hour,252,85.34444990713428
Premier League 2025/26,pre_last_hour,253,85.40951054299137
Premier League 2025/26,pre_last_hour,254,85.47454386539933
Premier League 2025/26,pre_last_hour,255,85.53903091882442
Premier League 2025/26,pre_last_hour,256,85.60338140500383
Premier League 2025/26,pre_last_hour,257,85.66696711460723
Premier League 2025/26,pre_last_hour,258,85.73036163006664
Premier League 2025/26,pre_last_hour,259,85.79310062274664
Premier League 2025/26,pre_last_hour,260,85.8556211078335
Premier League 2025/26,pre_last_hour,261,85.91732218944608
Premier League 2025/26,pre_last_hour,262,85.9789140172621
Premier League 2025/26,pre_last_hour,263,86.0400415164427
Premier League 2025/26,pre_last_hour,264,86.10108707527587
Premier League 2025/26,pre_last_hour,265,86.16142248443133
Premier League 2025/26,pre_last_hour,266,86.22170326668852
Premier League 2025/26,pre_last_hour,267,86.28162897410685
Premier League 2025/26,pre_last_hour,268,86.34144542772862
Premier League 2025/26,pre_last_hour,269,86.4006336720201
Premier League 2025/26,pre_last_hour,270,86.45952146837102
Premier League 2025/26,pre_last_hour,271,86.51789030918825
Premier League 2025/26,pre_last_hour,272,86.57628646345461
Premier League 2025/26,pre_last_hour,273,86.63402709494154
Premier League 2025/26,pre_last_hour,274,86.6917130995302
Premier League 2025/26,pre_last_hour,275,86.74860701409374
Premier League 2025/26,pre_last_hour,276,86.80511854036928
Premier League 2025/26,pre_last_hour,277,86.86089260351797
Premier League 2025/26,pre_last_hour,278,86.91653009942095
Premier League 2025/26,pre_last_hour,279,86.97151207254453
Premier League 2025/26,pre_last_hour,280,87.02635747842237
Premier League 2025/26,pre_last_hour,281,87.0807931825631
Premier League 2025/26,pre_last_hour,282,87.13525620015295
Premier League 2025/26,pre_last_hour,283,87.18917294875997
Premier League 2025/26,pre_last_hour,284,87.24306238391785
Premier League 2025/26,pre_last_hour,285,87.29632360974544
Premier League 2025/26,pre_last_hour,286,87.34933901453076
Premier League 2025/26,pre_last_hour,287,87.40180815033322
Premier League 2025/26,pre_last_hour,288,87.45416803233913
Premier League 2025/26,pre_last_hour,289,87.50614552605703
Premier League 2025/26,pre_last_hour,290,87.5580957063258
Premier League 2025/26,pre_last_hour,291,87.60963618485742
Premier League 2025/26,pre_last_hour,292,87.66098546924506
Premier League 2025/26,pre_last_hour,293,87.71167923085328
Premier League 2025/26,pre_last_hour,294,87.76234567901234
Premier League 2025/26,pre_last_hour,295,87.81262973888343
Premier League 2025/26,pre_last_hour,296,87.86274991805965
Premier League 2025/26,pre_last_hour,297,87.91237845515131
Premier League 2025/26,pre_last_hour,298,87.96192505189555
Premier League 2025/26,pre_last_hour,299,88.01054299136895
Premier League 2025/26,pre_last_hour,300,88.05902436359663
Premier League 2025/26,post_0_to_55m,1,1.8877566222698967
Premier League 2025/26,post_0_to_55m,2,6.018444027293585
Premier League 2025/26,post_0_to_55m,3,9.84669705908644
Premier League 2025/26,post_0_to_55m,4,13.976579958880844
Premier League 2025/26,post_0_to_55m,5,17.50841750841751
Premier League 2025/26,post_0_to_55m,6,21.052680194273115
Premier League 2025/26,post_0_to_55m,7,24.13762998718751
Premier League 2025/26,post_0_to_55m,8,27.1755013259438
Premier League 2025/26,post_0_to_55m,9,29.857066237597213
Premier League 2025/26,post_0_to_55m,10,32.49003307410387
Premier League 2025/26,post_0_to_55m,11,34.83084532642055
Premier League 2025/26,post_0_to_55m,12,37.12848246476565
Premier League 2025/26,post_0_to_55m,13,39.187002771073566
Premier League 2025/26,post_0_to_55m,14,41.21492208217872
Premier League 2025/26,post_0_to_55m,15,43.04436697357051
Premier League 2025/26,post_0_to_55m,16,44.85063019576294
Premier League 2025/26,post_0_to_55m,17,46.49325109502101
Premier League 2025/26,post_0_to_55m,18,48.11188581985042
Premier League 2025/26,post_0_to_55m,19,49.59476773636066
Premier League 2025/26,post_0_to_55m,20,51.05276958374304
Premier League 2025/26,post_0_to_55m,21,52.397008432406665
Premier League 2025/26,post_0_to_55m,22,53.71317898751527
Premier League 2025/26,post_0_to_55m,23,54.92965048717261
Premier League 2025/26,post_0_to_55m,24,56.12743958761658
Premier League 2025/26,post_0_to_55m,25,57.23822293733798
Premier League 2025/26,post_0_to_55m,26,58.333452519293225
Premier League 2025/26,post_0_to_55m,27,59.351092041357525
Premier League 2025/26,post_0_to_55m,28,60.35731950776199
Premier League 2025/26,post_0_to_55m,29,61.2922439736599
Premier League 2025/26,post_0_to_55m,30,62.21522004707845
Premier League 2025/26,post_0_to_55m,31,63.075474509102825
Premier League 2025/26,post_0_to_55m,32,63.924883048776856
Premier League 2025/26,post_0_to_55m,33,64.71982360477935
Premier League 2025/26,post_0_to_55m,34,65.5048419296207
Premier League 2025/26,post_0_to_55m,35,66.24319895116355
Premier League 2025/26,post_0_to_55m,36,66.97130598015553
Premier League 2025/26,post_0_to_55m,37,67.6590983582134
Premier League 2025/26,post_0_to_55m,38,68.33845832960877
Premier League 2025/26,post_0_to_55m,39,68.98048329906737
Premier League 2025/26,post_0_to_55m,40,69.61523792497243
Premier League 2025/26,post_0_to_55m,41,70.21465391376896
Premier League 2025/26,post_0_to_55m,42,70.80805101159083
Premier League 2025/26,post_0_to_55m,43,71.36759929680284
Premier League 2025/26,post_0_to_55m,44,71.92199278924943
Premier League 2025/26,post_0_to_55m,45,72.44727511099192
Premier League 2025/26,post_0_to_55m,46,72.96820714519829
Premier League 2025/26,post_0_to_55m,47,73.46256071034833
Premier League 2025/26,post_0_to_55m,48,73.95217663359256
Premier League 2025/26,post_0_to_55m,49,74.41744882452846
Premier League 2025/26,post_0_to_55m,50,74.87753642620899
Premier League 2025/26,post_0_to_55m,51,75.3169750603379
Premier League 2025/26,post_0_to_55m,52,75.7523613718304
Premier League 2025/26,post_0_to_55m,53,76.16760525610083
Premier League 2025/26,post_0_to_55m,54,76.57980989839398
Premier League 2025/26,post_0_to_55m,55,76.97127618366557
Premier League 2025/26,post_0_to_55m,56,77.35952444802003
Premier League 2025/26,post_0_to_55m,57,77.73007359733023
Premier League 2025/26,post_0_to_55m,58,78.09749411519323
Premier League 2025/26,post_0_to_55m,59,78.44891391794047
Premier League 2025/26,post_0_to_55m,60,78.79818837340962
Premier League 2025/26,post_0_to_55m,61,79.1313429278031
Premier League 2025/26,post_0_to_55m,62,79.46244152438842
Premier League 2025/26,post_0_to_55m,63,79.77929739876643
Premier League 2025/26,post_0_to_55m,64,80.0933821995769
Premier League 2025/26,post_0_to_55m,65,80.39364142903966
Premier League 2025/26,post_0_to_55m,66,80.69178510771431
Premier League 2025/26,post_0_to_55m,67,80.9787551026489
Premier League 2025/26,post_0_to_55m,68,81.2633711748756
Premier League 2025/26,post_0_to_55m,69,81.53699234230207
Premier League 2025/26,post_0_to_55m,70,81.80930246416972
Premier League 2025/26,post_0_to_55m,71,82.07088584964691
Premier League 2025/26,post_0_to_55m,72,82.33112839307529
Premier League 2025/26,post_0_to_55m,73,82.5816870772623
Premier League 2025/26,post_0_to_55m,74,82.83099430887042
Premier League 2025/26,post_0_to_55m,75,83.07070707070707
Premier League 2025/26,post_0_to_55m,76,83.30860224665534
Premier League 2025/26,post_0_to_55m,77,83.53797562647121
Premier League 2025/26,post_0_to_55m,78,83.76579958880843
Premier League 2025/26,post_0_to_55m,79,83.98477399362355
Premier League 2025/26,post_0_to_55m,80,84.20243735287983
Premier League 2025/26,post_0_to_55m,81,84.4128005720926
Premier League 2025/26,post_0_to_55m,82,84.62209111766634
Premier League 2025/26,post_0_to_55m,83,84.82408152319657
Premier League 2025/26,post_0_to_55m,84,85.02502905157772
Premier League 2025/26,post_0_to_55m,85,85.21900420130508
Premier League 2025/26,post_0_to_55m,86,85.41238342123297
Premier League 2025/26,post_0_to_55m,87,85.59879026250708
Premier League 2025/26,post_0_to_55m,88,85.78439259855189
Premier League 2025/26,post_0_to_55m,89,85.96388665415213
Premier League 2025/26,post_0_to_55m,90,86.14236762909329
Premier League 2025/26,post_0_to_55m,91,86.31468073060994
Premier League 2025/26,post_0_to_55m,92,86.48598075146748
Premier League 2025/26,post_0_to_55m,93,86.65206638657966
Premier League 2025/26,post_0_to_55m,94,86.81740710944251
Premier League 2025/26,post_0_to_55m,95,86.9780995798695
Premier League 2025/26,post_0_to_55m,96,87.13804713804714
Premier League 2025/26,post_0_to_55m,97,87.29272071749948
Premier League 2025/26,post_0_to_55m,98,87.44694734960221
Premier League 2025/26,post_0_to_55m,99,87.59548285212001
Premier League 2025/26,post_0_to_55m,100,87.74357140728821
Premier League 2025/26,post_0_to_55m,101,87.88671374512083
Premier League 2025/26,post_0_to_55m,102,88.02949852507375
Premier League 2025/26,post_0_to_55m,103,88.16709871577129
Premier League 2025/26,post_0_to_55m,104,88.3040433836894
Premier League 2025/26,post_0_to_55m,105,88.43702511844104
Premier League 2025/26,post_0_to_55m,106,88.56935133041328
Premier League 2025/26,post_0_to_55m,107,88.69735705133935
Premier League 2025/26,post_0_to_55m,108,88.82491582491582
Premier League 2025/26,post_0_to_55m,109,88.94863085128571
Premier League 2025/26,post_0_to_55m,110,89.07210750573583
Premier League 2025/26,post_0_to_55m,111,89.19182980244928
Premier League 2025/26,post_0_to_55m,112,89.31128393075296
Premier League 2025/26,post_0_to_55m,113,89.42683471887011
Premier League 2025/26,post_0_to_55m,114,89.5421471350675
Premier League 2025/26,post_0_to_55m,115,89.65412234438783
Premier League 2025/26,post_0_to_55m,116,89.76568040284855
Premier League 2025/26,post_0_to_55m,117,89.87363308602247
Premier League 2025/26,post_0_to_55m,118,89.98116861833677
Premier League 2025/26,post_0_to_55m,119,90.08638002443313
Premier League 2025/26,post_0_to_55m,120,90.19111468668991
Premier League 2025/26,post_0_to_55m,121,90.29319746133903
Premier League 2025/26,post_0_to_55m,122,90.39519084651828
Premier League 2025/26,post_0_to_55m,123,90.49435356515002
Premier League 2025/26,post_0_to_55m,124,90.593248115372
Premier League 2025/26,post_0_to_55m,125,90.68886505169692
Premier League 2025/26,post_0_to_55m,126,90.78412443014211
Premier League 2025/26,post_0_to_55m,127,90.8772980542892
Premier League 2025/26,post_0_to_55m,128,90.97041208545632
Premier League 2025/26,post_0_to_55m,129,91.0610232114657
Premier League 2025/26,post_0_to_55m,130,91.1512469831054
Premier League 2025/26,post_0_to_55m,131,91.2392062215071
Premier League 2025/26,post_0_to_55m,132,91.32677810553916
Premier League 2025/26,post_0_to_55m,133,91.41205565984328
Premier League 2025/26,post_0_to_55m,134,91.4970650457376
Premier League 2025/26,post_0_to_55m,135,91.57936295104436
Premier League 2025/26,post_0_to_55m,136,91.66142248443133
Premier League 2025/26,post_0_to_55m,137,91.74097911266053
Premier League 2025/26,post_0_to_55m,138,91.82023777599
Premier League 2025/26,post_0_to_55m,139,91.89750007449122
Premier League 2025/26,post_0_to_55m,140,91.9746133905426
Premier League 2025/26,post_0_to_55m,141,92.04973034176574
Premier League 2025/26,post_0_to_55m,142,92.12484729298887
Premier League 2025/26,post_0_to_55m,143,92.19811686183368
Premier League 2025/26,post_0_to_55m,144,92.27135663418848
Premier League 2025/26,post_0_to_55m,145,92.34289800661482
Premier League 2025/26,post_0_to_55m,146,92.41423080361132
Premier League 2025/26,post_0_to_55m,147,92.48401418312925
Premier League 2025/26,post_0_to_55m,148,92.55367837668724
Premier League 2025/26,post_0_to_55m,149,92.62182294925658
Premier League 2025/26,post_0_to_55m,150,92.68969935341616
Premier League 2025/26,post_0_to_55m,151,92.75602634009714
Premier League 2025/26,post_0_to_55m,152,92.82214475134828
Premier League 2025/26,post_0_to_55m,153,92.88665415214088
Premier League 2025/26,post_0_to_55m,154,92.9511337564435
Premier League 2025/26,post_0_to_55m,155,93.0142725186973
Premier League 2025/26,post_0_to_55m,156,93.07726229850124
Premier League 2025/26,post_0_to_55m,157,93.1386430678466
Premier League 2025/26,post_0_to_55m,158,93.1998748547421
Premier League 2025/26,post_0_to_55m,159,93.25884210839963
Premier League 2025/26,post_0_to_55m,160,93.31757099013736
Premier League 2025/26,post_0_to_55m,161,93.37513780876613
Premier League 2025/26,post_0_to_55m,162,93.43255564494504
Premier League 2025/26,post_0_to_55m,163,93.48839426715531
Premier League 2025/26,post_0_to_55m,164,93.54387533148596
Premier League 2025/26,post_0_to_55m,165,93.59792616429785
Premier League 2025/26,post_0_to_55m,166,93.6517982181699
Premier League 2025/26,post_0_to_55m,167,93.70444861595304
Premier League 2025/26,post_0_to_55m,168,93.75692023479634
Premier League 2025/26,post_0_to_55m,169,93.80817019755072
Premier League 2025/26,post_0_to_55m,170,93.85924138136528
Premier League 2025/26,post_0_to_55m,171,93.90912070558088
Premier League 2025/26,post_0_to_55m,172,93.9587616578767
Premier League 2025/26,post_0_to_55m,173,94.00694258216382
Premier League 2025/26,post_0_to_55m,174,94.05497452400108
Premier League 2025/26,post_0_to_55m,175,94.1020231816692
Premier League 2025/26,post_0_to_55m,176,94.1491016358273
Premier League 2025/26,post_0_to_55m,177,94.19543517773606
Premier League 2025/26,post_0_to_55m,178,94.2416793301749
Premier League 2025/26,post_0_to_55m,179,94.28702958791456
Premier League 2025/26,post_0_to_55m,180,94.33232025267424
Premier League 2025/26,post_0_to_55m,181,94.37650844730491
Premier League 2025/26,post_0_to_55m,182,94.4206668454456
Premier League 2025/26,post_0_to_55m,183,94.46396114537708
Premier League 2025/26,post_0_to_55m,184,94.50725544530854
Premier League 2025/26,post_0_to_55m,185,94.54950686809094
Premier League 2025/26,post_0_to_55m,186,94.59163910491344
Premier League 2025/26,post_0_to_55m,187,94.63311581895653
Premier League 2025/26,post_0_to_55m,188,94.67447334703972
Premier League 2025/26,post_0_to_55m,189,94.71502636989362
Premier League 2025/26,post_0_to_55m,190,94.7554900032776
Premier League 2025/26,post_0_to_55m,191,94.79520872441226
Premier League 2025/26,post_0_to_55m,192,94.834838056077
Premier League 2025/26,post_0_to_55m,193,94.87357349304251
Premier League 2025/26,post_0_to_55m,194,94.9122493370281
Premier League 2025/26,post_0_to_55m,195,94.95015047227436
Premier League 2025/26,post_0_to_55m,196,94.98790262507076
Premier League 2025/26,post_0_to_55m,197,95.02496945859778
Premier League 2025/26,post_0_to_55m,198,95.06185751318496
Premier League 2025/26,post_0_to_55m,199,95.0982092309526
Premier League 2025/26,post_0_to_55m,200,95.13453115223028
Premier League 2025/26,post_0_to_55m,201,95.16992938231876
Premier League 2025/26,post_0_to_55m,202,95.20520842644736
Premier League 2025/26,post_0_to_55m,203,95.23983194779656
Premier League 2025/26,post_0_to_55m,204,95.2743660796758
Premier League 2025/26,post_0_to_55m,205,95.30821489228568
Premier League 2025/26,post_0_to_55m,206,95.3420339084056
Premier League 2025/26,post_0_to_55m,207,95.37513780876613
Premier League 2025/26,post_0_to_55m,208,95.40824170912668
Premier League 2025/26,post_0_to_55m,209,95.4408986621376
Premier League 2025/26,post_0_to_55m,210,95.4733768362087
Premier League 2025/26,post_0_to_55m,211,95.50522928399036
Premier League 2025/26,post_0_to_55m,212,95.53705193528202
Premier League 2025/26,post_0_to_55m,213,95.5683084532642
Premier League 2025/26,post_0_to_55m,214,95.59956497124638
Premier League 2025/26,post_0_to_55m,215,95.63037454187896
Premier League 2025/26,post_0_to_55m,216,95.66115431602157
Premier League 2025/26,post_0_to_55m,217,95.69127856738476
Premier League 2025/26,post_0_to_55m,218,95.72143261523792
Premier League 2025/26,post_0_to_55m,219,95.7510205297816
Premier League 2025/26,post_0_to_55m,220,95.78057864783528
Premier League 2025/26,post_0_to_55m,221,95.8096600220494
Premier League 2025/26,post_0_to_55m,222,95.83874139626352
Premier League 2025/26,post_0_to_55m,223,95.86746521259796
Premier League 2025/26,post_0_to_55m,224,95.8961890289324
Premier League 2025/26,post_0_to_55m,225,95.92416793301749
Premier League 2025/26,post_0_to_55m,226,95.95208724412264
Premier League 2025/26,post_0_to_55m,227,95.97950001489824
Premier League 2025/26,post_0_to_55m,228,96.00688298918388
Premier League 2025/26,post_0_to_55m,229,96.03384881260988
Premier League 2025/26,post_0_to_55m,230,96.06072524656597
Premier League 2025/26,post_0_to_55m,231,96.08724412264236
Premier League 2025/26,post_0_to_55m,232,96.11376299871876
Premier League 2025/26,post_0_to_55m,233,96.1397753344656
Premier League 2025/26,post_0_to_55m,234,96.16578767021244
Premier League 2025/26,post_0_to_55m,235,96.19117427966984
Premier League 2025/26,post_0_to_55m,236,96.21650129614731
Premier League 2025/26,post_0_to_55m,237,96.24144095825513
Premier League 2025/26,post_0_to_55m,238,96.26632102738296
Premier League 2025/26,post_0_to_55m,239,96.29087333512112
Premier League 2025/26,post_0_to_55m,240,96.3153958463693
Premier League 2025/26,post_0_to_55m,241,96.33962039271772
Premier League 2025/26,post_0_to_55m,242,96.36384493906618
Premier League 2025/26,post_0_to_55m,243,96.38777152051487
Premier League 2025/26,post_0_to_55m,244,96.41157891600368
Premier League 2025/26,post_0_to_55m,245,96.4350585501028
Premier League 2025/26,post_0_to_55m,246,96.45850838771192
Premier League 2025/26,post_0_to_55m,247,96.48163046393137
Premier League 2025/26,post_0_to_55m,248,96.50475254015078
Premier League 2025/26,post_0_to_55m,249,96.52751705849052
Premier League 2025/26,post_0_to_55m,250,96.55019218736032
Premier League 2025/26,post_0_to_55m,251,96.57253955484045
Premier League 2025/26,post_0_to_55m,252,96.59488692232055
Premier League 2025/26,post_0_to_55m,253,96.61693632490092
Premier League 2025/26,post_0_to_55m,254,96.63889633801138
Premier League 2025/26,post_0_to_55m,255,96.6604392002622
Premier League 2025/26,post_0_to_55m,256,96.68195226602306
Premier League 2025/26,post_0_to_55m,257,96.70310777390424
Premier League 2025/26,post_0_to_55m,258,96.72417389231548
Premier League 2025/26,post_0_to_55m,259,96.74479306337712
Premier League 2025/26,post_0_to_55m,260,96.76541223443878
Premier League 2025/26,post_0_to_55m,261,96.7857334406007
Premier League 2025/26,post_0_to_55m,262,96.80602485027264
Premier League 2025/26,post_0_to_55m,263,96.82592890557493
Premier League 2025/26,post_0_to_55m,264,96.84580316438723
Premier League 2025/26,post_0_to_55m,265,96.86520067935996
Premier League 2025/26,post_0_to_55m,266,96.88459819433272
Premier League 2025/26,post_0_to_55m,267,96.90375733738566
Premier League 2025/26,post_0_to_55m,268,96.9229164804386
Premier League 2025/26,post_0_to_55m,269,96.94171806561188
Premier League 2025/26,post_0_to_55m,270,96.96048985429516
Premier League 2025/26,post_0_to_55m,271,96.97902327105868
Premier League 2025/26,post_0_to_55m,272,96.9975268913322
Premier League 2025/26,post_0_to_55m,273,97.01576234319596
Premier League 2025/26,post_0_to_55m,274,97.03411698101964
Premier League 2025/26,post_0_to_55m,275,97.05217365394356
Premier League 2025/26,post_0_to_55m,276,97.07023032686747
Premier League 2025/26,post_0_to_55m,277,97.08813801734156
Premier League 2025/26,post_0_to_55m,278,97.10610530079556
Premier League 2025/26,post_0_to_55m,279,97.1238044158398
Premier League 2025/26,post_0_to_55m,280,97.14150353088408
Premier League 2025/26,post_0_to_55m,281,97.15890468102856
Premier League 2025/26,post_0_to_55m,282,97.17630583117308
Premier League 2025/26,post_0_to_55m,283,97.19343881290784
Premier League 2025/26,post_0_to_55m,284,97.21054199815262
Premier League 2025/26,post_0_to_55m,285,97.2274068114776
Premier League 2025/26,post_0_to_55m,286,97.2442716248026
Premier League 2025/26,post_0_to_55m,287,97.26080867673788
Premier League 2025/26,post_0_to_55m,288,97.2773159321832
Premier League 2025/26,post_0_to_55m,289,97.29358481570873
Premier League 2025/26,post_0_to_55m,290,97.30985369923422
Premier League 2025/26,post_0_to_55m,291,97.32594380381992
Premier League 2025/26,post_0_to_55m,292,97.3420041119156
Premier League 2025/26,post_0_to_55m,293,97.35773665862162
Premier League 2025/26,post_0_to_55m,294,97.3734692053276
Premier League 2025/26,post_0_to_55m,295,97.38893358362384
Premier League 2025/26,post_0_to_55m,296,97.40436816543011
Premier League 2025/26,post_0_to_55m,297,97.41959417180657
Premier League 2025/26,post_0_to_55m,298,97.43476058520308
Premier League 2025/26,post_0_to_55m,299,97.44971842316976
Premier League 2025/26,post_0_to_55m,300,97.46470605762642
Premier League 2025/26,post_55_to_105m,1,2.5987545067191085
Premier League 2025/26,post_55_to_105m,2,7.768108816781383
Premier League 2025/26,post_55_to_105m,3,12.155817764667322
Premier League 2025/26,post_55_to_105m,4,16.745394952474598
Premier League 2025/26,post_55_to_105m,5,20.520878400524417
Premier League 2025/26,post_55_to_105m,6,24.248312028843003
Premier League 2025/26,post_55_to_105m,7,27.416420845624387
Premier League 2025/26,post_55_to_105m,8,30.50481809242871
Premier League 2025/26,post_55_to_105m,9,33.16827269747624
Premier League 2025/26,post_55_to_105m,10,35.76368403802032
Premier League 2025/26,post_55_to_105m,11,38.02671255326123
Premier League 2025/26,post_55_to_105m,12,40.24768928220256
Premier League 2025/26,post_55_to_105m,13,42.20662078007211
Premier League 2025/26,post_55_to_105m,14,44.13687315634218
Premier League 2025/26,post_55_to_105m,15,45.8532612258276
Premier League 2025/26,post_55_to_105m,16,47.54605047525401
Premier League 2025/26,post_55_to_105m,17,49.06637168141593
Premier League 2025/26,post_55_to_105m,18,50.55984922976074
Premier League 2025/26,post_55_to_105m,19,51.9125860373648
Premier League 2025/26,post_55_to_105m,20,53.24142903965913
Premier League 2025/26,post_55_to_105m,21,54.45424450999672
Premier League 2025/26,post_55_to_105m,22,55.64175680104884
Premier League 2025/26,post_55_to_105m,23,56.73126843657817
Premier League 2025/26,post_55_to_105m,24,57.80485086856768
Premier League 2025/26,post_55_to_105m,25,58.795018026876434
Premier League 2025/26,post_55_to_105m,26,59.77358243198951
Premier League 2025/26,post_55_to_105m,27,60.674893477548345
Premier League 2025/26,post_55_to_105m,28,61.56814159292036
Premier League 2025/26,post_55_to_105m,29,62.39619796787938
Premier League 2025/26,post_55_to_105m,30,63.21661750245821
Premier League 2025/26,post_55_to_105m,31,63.97613897082924
Premier League 2025/26,post_55_to_105m,32,64.72720419534579
Premier League 2025/26,post_55_to_105m,33,65.42681088167814
Premier League 2025/26,post_55_to_105m,34,66.11851851851851
Premier League 2025/26,post_55_to_105m,35,66.7671910848902
Premier League 2025/26,post_55_to_105m,36,67.40698131760078
Premier League 2025/26,post_55_to_105m,37,68.00803015404786
Premier League 2025/26,post_55_to_105m,38,68.60219600131104
Premier League 2025/26,post_55_to_105m,39,69.16142248443133
Premier League 2025/26,post_55_to_105m,40,69.7160603080957
Premier League 2025/26,post_55_to_105m,41,70.23828253031793
Premier League 2025/26,post_55_to_105m,42,70.75657161586365
Premier League 2025/26,post_55_to_105m,43,71.24450999672239
Premier League 2025/26,post_55_to_105m,44,71.73041625696493
Premier League 2025/26,post_55_to_105m,45,72.18934775483449
Premier League 2025/26,post_55_to_105m,46,72.64552605703048
Premier League 2025/26,post_55_to_105m,47,73.07764667322189
Premier League 2025/26,post_55_to_105m,48,73.50632579482136
Premier League 2025/26,post_55_to_105m,49,73.9138315306457
Premier League 2025/26,post_55_to_105m,50,74.31858407079646
Premier League 2025/26,post_55_to_105m,51,74.70321206161914
Premier League 2025/26,post_55_to_105m,52,75.08466076696165
Premier League 2025/26,post_55_to_105m,53,75.44860701409374
Premier League 2025/26,post_55_to_105m,54,75.80993117010816
Premier League 2025/26,post_55_to_105m,55,76.1534906588004
Premier League 2025/26,post_55_to_105m,56,76.4957391019338
Premier League 2025/26,post_55_to_105m,57,76.82294329727958
Premier League 2025/26,post_55_to_105m,58,77.14893477548345
Premier League 2025/26,post_55_to_105m,59,77.46116027531957
Premier League 2025/26,post_55_to_105m,60,77.77184529662406
Premier League 2025/26,post_55_to_105m,61,78.06840380203212
Premier League 2025/26,post_55_to_105m,62,78.36309406751884
Premier League 2025/26,post_55_to_105m,63,78.64542772861357
Premier League 2025/26,post_55_to_105m,64,78.92612258275975
Premier League 2025/26,post_55_to_105m,65,79.1949524745985
Premier League 2025/26,post_55_to_105m,66,79.46204523107178
Premier League 2025/26,post_55_to_105m,67,79.71750245821042
Premier League 2025/26,post_55_to_105m,68,79.9721402818748
Premier League 2025/26,post_55_to_105m,69,80.21668305473615
Premier League 2025/26,post_55_to_105m,70,80.46073418551295
Premier League 2025/26,post_55_to_105m,71,80.69534578826614
Premier League 2025/26,post_55_to_105m,72,80.92884300229433
Premier League 2025/26,post_55_to_105m,73,81.15339233038348
Premier League 2025/26,post_55_to_105m,74,81.37666338905277
Premier League 2025/26,post_55_to_105m,75,81.5918059652573
Premier League 2025/26,post_55_to_105m,76,81.80606358570961
Premier League 2025/26,post_55_to_105m,77,82.01320878400524
Premier League 2025/26,post_55_to_105m,78,82.21917404129793
Premier League 2025/26,post_55_to_105m,79,82.41710914454278
Premier League 2025/26,post_55_to_105m,80,82.61396263520157
Premier League 2025/26,post_55_to_105m,81,82.80396591281547
Premier League 2025/26,post_55_to_105m,82,82.9931497869551
Premier League 2025/26,post_55_to_105m,83,83.17564732874467
Premier League 2025/26,post_55_to_105m,84,83.35725991478203
Premier League 2025/26,post_55_to_105m,85,83.53274336283185
Premier League 2025/26,post_55_to_105m,86,83.70757128810226
Premier League 2025/26,post_55_to_105m,87,83.87676171746968
Premier League 2025/26,post_55_to_105m,88,84.04523107177974
Premier League 2025/26,post_55_to_105m,89,84.20881678138315
Premier League 2025/26,post_55_to_105m,90,84.3716814159292
Premier League 2025/26,post_55_to_105m,91,84.5296624057686
Premier League 2025/26,post_55_to_105m,92,84.68721730580138
Premier League 2025/26,post_55_to_105m,93,84.84028187479515
Premier League 2025/26,post_55_to_105m,94,84.99272369714848
Premier League 2025/26,post_55_to_105m,95,85.1402163225172
Premier League 2025/26,post_55_to_105m,96,85.28770894788595
Premier League 2025/26,post_55_to_105m,97,85.43136676499509
Premier League 2025/26,post_55_to_105m,98,85.57472959685349
Premier League 2025/26,post_55_to_105m,99,85.71356932153392
Premier League 2025/26,post_55_to_105m,100,85.85204850868568
Premier League 2025/26,post_55_to_105m,101,85.98649623074402
Premier League 2025/26,post_55_to_105m,102,86.12019010160603
Premier League 2025/26,post_55_to_105m,103,86.2498852835136
Premier League 2025/26,post_55_to_105m,104,86.37915437561455
Premier League 2025/26,post_55_to_105m,105,86.50409701737135
Premier League 2025/26,post_55_to_105m,106,86.62890855457228
Premier League 2025/26,post_55_to_105m,107,86.7497869550967
Premier League 2025/26,post_55_to_105m,108,86.87014093739758
Premier League 2025/26,post_55_to_105m,109,86.98751229105211
Premier League 2025/26,post_55_to_105m,110,87.10465421173386
Premier League 2025/26,post_55_to_105m,111,87.21838741396263
Premier League 2025/26,post_55_to_105m,112,87.33182563094067
Premier League 2025/26,post_55_to_105m,113,87.44221566699443
Premier League 2025/26,post_55_to_105m,114,87.55221238938053
Premier League 2025/26,post_55_to_105m,115,87.6593248115372
Premier League 2025/26,post_55_to_105m,116,87.76620780072108
Premier League 2025/26,post_55_to_105m,117,87.87059980334317
Premier League 2025/26,post_55_to_105m,118,87.97463126843658
Premier League 2025/26,post_55_to_105m,119,88.07627007538512
Premier League 2025/26,post_55_to_105m,120,88.17781055391674
Premier League 2025/26,post_55_to_105m,121,88.27712225499836
Premier League 2025/26,post_55_to_105m,122,88.37604064241232
Premier League 2025/26,post_55_to_105m,123,88.47230416256964
Premier League 2025/26,post_55_to_105m,124,88.568534906588
Premier League 2025/26,post_55_to_105m,125,88.66250409701738
Premier League 2025/26,post_55_to_105m,126,88.75624385447394
Premier League 2025/26,post_55_to_105m,127,88.84782038675844
Premier League 2025/26,post_55_to_105m,128,88.93929859062602
Premier League 2025/26,post_55_to_105m,129,89.02871189773845
Premier League 2025/26,post_55_to_105m,130,89.11796132415601
Premier League 2025/26,post_55_to_105m,131,89.20501474926253
Premier League 2025/26,post_55_to_105m,132,89.2918059652573
Premier League 2025/26,post_55_to_105m,133,89.37627007538512
Premier League 2025/26,post_55_to_105m,134,89.46063585709604
Premier League 2025/26,post_55_to_105m,135,89.54323172730253
Premier League 2025/26,post_55_to_105m,136,89.6257292690921
Premier League 2025/26,post_55_to_105m,137,89.70599803343165
Premier League 2025/26,post_55_to_105m,138,89.78587348410358
Premier League 2025/26,post_55_to_105m,139,89.86365126188134
Premier League 2025/26,post_55_to_105m,140,89.94133071124222
Premier League 2025/26,post_55_to_105m,141,90.0176335627663
Premier League 2025/26,post_55_to_105m,142,90.0938053097345
Premier League 2025/26,post_55_to_105m,143,90.16837102589317
Premier League 2025/26,post_55_to_105m,144,90.242707309079
Premier League 2025/26,post_55_to_105m,145,90.3152736807604
Premier League 2025/26,post_55_to_105m,146,90.38761061946904
Premier League 2025/26,post_55_to_105m,147,90.45837430350704
Premier League 2025/26,post_55_to_105m,148,90.5287446738774
Premier League 2025/26,post_55_to_105m,149,90.59786955096688
Premier League 2025/26,post_55_to_105m,150,90.66676499508358
Premier League 2025/26,post_55_to_105m,151,90.73431661750246
Premier League 2025/26,post_55_to_105m,152,90.8020321206162
Premier League 2025/26,post_55_to_105m,153,90.8680760406424
Premier League 2025/26,post_55_to_105m,154,90.93402163225171
Premier League 2025/26,post_55_to_105m,155,90.9981973123566
Premier League 2025/26,post_55_to_105m,156,91.06211078334972
Premier League 2025/26,post_55_to_105m,157,91.124713208784
Premier League 2025/26,post_55_to_105m,158,91.18728285807931
Premier League 2025/26,post_55_to_105m,159,91.2490003277614
Premier League 2025/26,post_55_to_105m,160,91.31058669288758
Premier League 2025/26,post_55_to_105m,161,91.37125532612258
Premier League 2025/26,post_55_to_105m,162,91.43159619796788
Premier League 2025/26,post_55_to_105m,163,91.49105211406096
Premier League 2025/26,post_55_to_105m,164,91.55027859718123
Premier League 2025/26,post_55_to_105m,165,91.60816125860372
Premier League 2025/26,post_55_to_105m,166,91.66604392002624
Premier League 2025/26,post_55_to_105m,167,91.7229105211406
Premier League 2025/26,post_55_to_105m,168,91.77964601769912
Premier League 2025/26,post_55_to_105m,169,91.83523434939364
Premier League 2025/26,post_55_to_105m,170,91.89065880039333
Premier League 2025/26,post_55_to_105m,171,91.9446083251393
Premier League 2025/26,post_55_to_105m,172,91.99839396919045
Premier League 2025/26,post_55_to_105m,173,92.05116355293346
Premier League 2025/26,post_55_to_105m,174,92.1038020321206
Premier League 2025/26,post_55_to_105m,175,92.1556211078335
Premier League 2025/26,post_55_to_105m,176,92.20737463126844
Premier League 2025/26,post_55_to_105m,177,92.2577515568666
Premier League 2025/26,post_55_to_105m,178,92.30799737790888
Premier League 2025/26,post_55_to_105m,179,92.35725991478203
Premier League 2025/26,post_55_to_105m,180,92.4062930186824
Premier League 2025/26,post_55_to_105m,181,92.45440839069158
Premier League 2025/26,post_55_to_105m,182,92.5023598820059
Premier League 2025/26,post_55_to_105m,183,92.54949196984596
Premier League 2025/26,post_55_to_105m,184,92.59668960996396
Premier League 2025/26,post_55_to_105m,185,92.64310062274664
Premier League 2025/26,post_55_to_105m,186,92.68954441166832
Premier League 2025/26,post_55_to_105m,187,92.73526712553262
Premier League 2025/26,post_55_to_105m,188,92.78098983939692
Premier League 2025/26,post_55_to_105m,189,92.82586037364798
Premier League 2025/26,post_55_to_105m,190,92.8705670272042
Premier League 2025/26,post_55_to_105m,191,92.91442150114716
Premier League 2025/26,post_55_to_105m,192,92.9582104228122
Premier League 2025/26,post_55_to_105m,193,93.00114716486398
Premier League 2025/26,post_55_to_105m,194,93.04401835463784
Premier League 2025/26,post_55_to_105m,195,93.08587348410356
Premier League 2025/26,post_55_to_105m,196,93.1276302851524
Premier League 2025/26,post_55_to_105m,197,93.16889544411669
Premier League 2025/26,post_55_to_105m,198,93.2102261553589
Premier League 2025/26,post_55_to_105m,199,93.2509996722386
Premier League 2025/26,post_55_to_105m,200,93.2917076368404
Premier League 2025/26,post_55_to_105m,201,93.33182563094068
Premier League 2025/26,post_55_to_105m,202,93.37187807276302
Premier League 2025/26,post_55_to_105m,203,93.41130776794492
Premier League 2025/26,post_55_to_105m,204,93.45060635857097
Premier League 2025/26,post_55_to_105m,205,93.48908554572272
Premier League 2025/26,post_55_to_105m,206,93.52723697148475
Premier League 2025/26,post_55_to_105m,207,93.56473287446738
Premier League 2025/26,post_55_to_105m,208,93.60222877745002
Premier League 2025/26,post_55_to_105m,209,93.63903638151426
Premier League 2025/26,post_55_to_105m,210,93.67587676171748
Premier League 2025/26,post_55_to_105m,211,93.71196329072436
Premier League 2025/26,post_55_to_105m,212,93.74798426745328
Premier League 2025/26,post_55_to_105m,213,93.78344804981973
Premier League 2025/26,post_55_to_105m,214,93.8189773844641
Premier League 2025/26,post_55_to_105m,215,93.85391674860702
Premier League 2025/26,post_55_to_105m,216,93.88879056047196
Premier League 2025/26,post_55_to_105m,217,93.92274664044577
Premier League 2025/26,post_55_to_105m,218,93.95660439200262
Premier League 2025/26,post_55_to_105m,219,93.98997050147491
Premier League 2025/26,post_55_to_105m,220,94.02317273025236
Premier League 2025/26,post_55_to_105m,221,94.05588331694528
Premier League 2025/26,post_55_to_105m,222,94.08862667977712
Premier League 2025/26,post_55_to_105m,223,94.12097672894132
Premier League 2025/26,post_55_to_105m,224,94.15316289741068
Premier League 2025/26,post_55_to_105m,225,94.18479187151752
Premier League 2025/26,post_55_to_105m,226,94.21638806948542
Premier League 2025/26,post_55_to_105m,227,94.24759095378565
Premier League 2025/26,post_55_to_105m,228,94.27876106194692
Premier League 2025/26,post_55_to_105m,229,94.30950508030152
Premier League 2025/26,post_55_to_105m,230,94.3401179941003
Premier League 2025/26,post_55_to_105m,231,94.37007538511963
Premier League 2025/26,post_55_to_105m,232,94.39996722386104
Premier League 2025/26,post_55_to_105m,233,94.42940019665684
Premier League 2025/26,post_55_to_105m,234,94.45857096034088
Premier League 2025/26,post_55_to_105m,235,94.4871845296624
Premier League 2025/26,post_55_to_105m,236,94.51583087512292
Premier League 2025/26,post_55_to_105m,237,94.54411668305474
Premier League 2025/26,post_55_to_105m,238,94.5723697148476
Premier League 2025/26,post_55_to_105m,239,94.60003277613896
Premier League 2025/26,post_55_to_105m,240,94.6276630612914
Premier League 2025/26,post_55_to_105m,241,94.65476892822024
Premier League 2025/26,post_55_to_105m,242,94.68184201901016
Premier League 2025/26,post_55_to_105m,243,94.70865290068828
Premier League 2025/26,post_55_to_105m,244,94.73539823008848
Premier League 2025/26,post_55_to_105m,245,94.76175024582103
Premier League 2025/26,post_55_to_105m,246,94.78806948541462
Premier League 2025/26,post_55_to_105m,247,94.81406096361847
Premier League 2025/26,post_55_to_105m,248,94.8400196656834
Premier League 2025/26,post_55_to_105m,249,94.86555227794166
Premier League 2025/26,post_55_to_105m,250,94.89098656178302
Premier League 2025/26,post_55_to_105m,251,94.91599475581776
Premier League 2025/26,post_55_to_105m,252,94.94097017371354
Premier League 2025/26,post_55_to_105m,253,94.96565060635857
Premier League 2025/26,post_55_to_105m,254,94.99036381514256
Premier League 2025/26,post_55_to_105m,255,95.01478203867585
Premier League 2025/26,post_55_to_105m,256,95.0392002622091
Premier League 2025/26,post_55_to_105m,257,95.0633562766306
Premier League 2025/26,post_55_to_105m,258,95.08757784333004
Premier League 2025/26,post_55_to_105m,259,95.1113405440839
Premier League 2025/26,post_55_to_105m,260,95.1350704686988
Premier League 2025/26,post_55_to_105m,261,95.15850540806294
Premier League 2025/26,post_55_to_105m,262,95.18194034742709
Premier League 2025/26,post_55_to_105m,263,95.20498197312357
Premier League 2025/26,post_55_to_105m,264,95.22802359882006
Premier League 2025/26,post_55_to_105m,265,95.25080301540478
Premier League 2025/26,post_55_to_105m,266,95.27345132743363
Premier League 2025/26,post_55_to_105m,267,95.29587020648968
Premier League 2025/26,post_55_to_105m,268,95.31825630940676
Premier League 2025/26,post_55_to_105m,269,95.34034742707308
Premier League 2025/26,post_55_to_105m,270,95.36243854473943
Premier League 2025/26,post_55_to_105m,271,95.38416912487708
Premier League 2025/26,post_55_to_105m,272,95.40586692887578
Premier League 2025/26,post_55_to_105m,273,95.42733529990169
Premier League 2025/26,post_55_to_105m,274,95.4487708947886
Premier League 2025/26,post_55_to_105m,275,95.4700098328417
Premier League 2025/26,post_55_to_105m,276,95.49121599475582
Premier League 2025/26,post_55_to_105m,277,95.51232382825305
Premier League 2025/26,post_55_to_105m,278,95.53336610947233
Premier League 2025/26,post_55_to_105m,279,95.553916748607
Premier League 2025/26,post_55_to_105m,280,95.5743690593248
Premier League 2025/26,post_55_to_105m,281,95.5946247132088
Premier League 2025/26,post_55_to_105m,282,95.6148475909538
Premier League 2025/26,post_55_to_105m,283,95.63480825958702
Premier League 2025/26,post_55_to_105m,284,95.65476892822024
Premier League 2025/26,post_55_to_105m,285,95.67453294001966
Premier League 2025/26,post_55_to_105m,286,95.69423139954114
Premier League 2025/26,post_55_to_105m,287,95.7137004260898
Premier League 2025/26,post_55_to_105m,288,95.73316945263848
Premier League 2025/26,post_55_to_105m,289,95.75240904621435
Premier League 2025/26,post_55_to_105m,290,95.77161586365126
Premier League 2025/26,post_55_to_105m,291,95.79052769583744
Premier League 2025/26,post_55_to_105m,292,95.80940675188462
Premier League 2025/26,post_55_to_105m,293,95.82802359882004
Premier League 2025/26,post_55_to_105m,294,95.84664044575548
Premier League 2025/26,post_55_to_105m,295,95.86499508357916
Premier League 2025/26,post_55_to_105m,296,95.8833824975418
Premier League 2025/26,post_55_to_105m,297,95.9013438216978
Premier League 2025/26,post_55_to_105m,298,95.9193051458538
Premier League 2025/26,post_55_to_105m,299,95.93710258931496
Premier League 2025/26,post_55_to_105m,300,95.95486725663716
Premier League 2025/26,post_105_to_135m,1,2.3895990385665904
Premier League 2025/26,post_105_to_135m,2,6.569867802906151
Premier League 2025/26,post_105_to_135m,3,9.47590953785644
Premier League 2025/26,post_105_to_135m,4,12.35589424232492
Premier League 2025/26,post_105_to_135m,5,14.473287446738777
Premier League 2025/26,post_105_to_135m,6,16.514257620452312
Premier League 2025/26,post_105_to_135m,7,18.12072544520922
Premier League 2025/26,post_105_to_135m,8,19.671965475800285
Premier League 2025/26,post_105_to_135m,9,20.939965038785097
Premier League 2025/26,post_105_to_135m,10,22.17518846279908
Premier League 2025/26,post_105_to_135m,11,23.21572162132634
Premier League 2025/26,post_105_to_135m,12,24.23915656069049
Premier League 2025/26,post_105_to_135m,13,25.11411559051677
Premier League 2025/26,post_105_to_135m,14,25.977439091008414
Premier League 2025/26,post_105_to_135m,15,26.72959685349066
Premier League 2025/26,post_105_to_135m,16,27.47694744892385
Premier League 2025/26,post_105_to_135m,17,28.1422484431334
Premier League 2025/26,post_105_to_135m,18,28.800611821260787
Premier League 2025/26,post_105_to_135m,19,29.394242324920796
Premier League 2025/26,post_105_to_135m,20,29.98049819731236
Premier League 2025/26,post_105_to_135m,21,30.51540478531629
Premier League 2025/26,post_105_to_135m,22,31.04452092210204
Premier League 2025/26,post_105_to_135m,23,31.532830765869114
Premier League 2025/26,post_105_to_135m,24,32.01879165300994
Premier League 2025/26,post_105_to_135m,25,32.47121162460395
Premier League 2025/26,post_105_to_135m,26,32.91789577187807
Premier League 2025/26,post_105_to_135m,27,33.332841691248774
Premier League 2025/26,post_105_to_135m,28,33.745438653993226
Premier League 2025/26,post_105_to_135m,29,34.12875559925708
Premier League 2025/26,post_105_to_135m,30,34.50972358789468
Premier League 2025/26,post_105_to_135m,31,34.86496230744018
Premier League 2025/26,post_105_to_135m,32,35.21785207035944
Premier League 2025/26,post_105_to_135m,33,35.551622418879056
Premier League 2025/26,post_105_to_135m,34,35.8834808259587
Premier League 2025/26,post_105_to_135m,35,36.19867802906151
Premier League 2025/26,post_105_to_135m,36,36.51114388725008
Premier League 2025/26,post_105_to_135m,37,36.809734513274336
Premier League 2025/26,post_105_to_135m,38,37.106959466841474
Premier League 2025/26,post_105_to_135m,39,37.38959903856659
Premier League 2025/26,post_105_to_135m,40,37.67032666885174
Premier League 2025/26,post_105_to_135m,41,37.93969190429368
Premier League 2025/26,post_105_to_135m,42,38.20763684038021
Premier League 2025/26,post_105_to_135m,43,38.46372773953895
Premier League 2025/26,post_105_to_135m,44,38.71910848902
Premier League 2025/26,post_105_to_135m,45,38.96312684365782
Premier League 2025/26,post_105_to_135m,46,39.20572489894024
Premier League 2025/26,post_105_to_135m,47,39.43958265049711
Premier League 2025/26,post_105_to_135m,48,39.67240249098656
Premier League 2025/26,post_105_to_135m,49,39.895935758767614
Premier League 2025/26,post_105_to_135m,50,40.118594996176114
Premier League 2025/26,post_105_to_135m,51,40.33437124440074
Premier League 2025/26,post_105_to_135m,52,40.54878182016825
Premier League 2025/26,post_105_to_135m,53,40.7566371681416
Premier League 2025/26,post_105_to_135m,54,40.96367311264066
Premier League 2025/26,post_105_to_135m,55,41.16508248661641
Premier League 2025/26,post_105_to_135m,56,41.366928875778434
Premier League 2025/26,post_105_to_135m,57,41.564186605484544
Premier League 2025/26,post_105_to_135m,58,41.76106194690266
Premier League 2025/26,post_105_to_135m,59,41.951382060526605
Premier League 2025/26,post_105_to_135m,60,42.14164754725227
Premier League 2025/26,post_105_to_135m,61,42.327324374522014
Premier League 2025/26,post_105_to_135m,62,42.51256418660549
Premier League 2025/26,post_105_to_135m,63,42.69266907025019
Premier League 2025/26,post_105_to_135m,64,42.87195455042063
Premier League 2025/26,post_105_to_135m,65,43.04692450562657
Premier League 2025/26,post_105_to_135m,66,43.2215666994428
Premier League 2025/26,post_105_to_135m,67,43.392767398667104
Premier League 2025/26,post_105_to_135m,68,43.563531082705126
Premier League 2025/26,post_105_to_135m,69,43.72986998798208
Premier League 2025/26,post_105_to_135m,70,43.896700535343605
Premier League 2025/26,post_105_to_135m,71,44.059379438435485
Premier League 2025/26,post_105_to_135m,72,44.22145744564624
Premier League 2025/26,post_105_to_135m,73,44.38042171965476
Premier League 2025/26,post_105_to_135m,74,44.538948978477
Premier League 2025/26,post_105_to_135m,75,44.694198623402166
Premier League 2025/26,post_105_to_135m,76,44.84922976073418
Premier League 2025/26,post_105_to_135m,77,45.00174806074511
Premier League 2025/26,post_105_to_135m,78,45.15377471867147
Premier League 2025/26,post_105_to_135m,79,45.30367092756473
Premier League 2025/26,post_105_to_135m,80,45.45313012127171
Premier League 2025/26,post_105_to_135m,81,45.59942095487818
Premier League 2025/26,post_105_to_135m,82,45.74538402709494
Premier League 2025/26,post_105_to_135m,83,45.889380530973455
Premier League 2025/26,post_105_to_135m,84,46.03277613897083
Premier League 2025/26,post_105_to_135m,85,46.17376816344368
Premier League 2025/26,post_105_to_135m,86,46.31492406861138
Premier League 2025/26,post_105_to_135m,87,46.45405877854255
Premier League 2025/26,post_105_to_135m,88,46.59286572708402
Premier League 2025/26,post_105_to_135m,89,46.72959685349066
Premier League 2025/26,post_105_to_135m,90,46.86556320332132
Premier League 2025/26,post_105_to_135m,91,46.999617611712
Premier League 2025/26,post_105_to_135m,92,47.13345351250956
Premier League 2025/26,post_105_to_135m,93,47.26586911395171
Premier League 2025/26,post_105_to_135m,94,47.397793073309295
Premier League 2025/26,post_105_to_135m,95,47.52818747951491
Premier League 2025/26,post_105_to_135m,96,47.65858188572053
Premier League 2025/26,post_105_to_135m,97,47.78690046979133
Premier League 2025/26,post_105_to_135m,98,47.91489129247241
Premier League 2025/26,post_105_to_135m,99,48.04064241232383
Premier League 2025/26,post_105_to_135m,100,48.1661750245821
Premier League 2025/26,post_105_to_135m,101,48.29012345679013
Premier League 2025/26,post_105_to_135m,102,48.41396263520157
Premier League 2025/26,post_105_to_135m,103,48.53632688735934
Premier League 2025/26,post_105_to_135m,104,48.65863651261881
Premier League 2025/26,post_105_to_135m,105,48.77930733092975
Premier League 2025/26,post_105_to_135m,106,48.89954113405441
Premier League 2025/26,post_105_to_135m,107,49.018409264721946
Premier League 2025/26,post_105_to_135m,108,49.13716814159292
Premier League 2025/26,post_105_to_135m,109,49.25406970392221
Premier League 2025/26,post_105_to_135m,110,49.37058887796351
Premier League 2025/26,post_105_to_135m,111,49.4860701409374
Premier League 2025/26,post_105_to_135m,112,49.60138752321643
Premier League 2025/26,post_105_to_135m,113,49.71517535234349
Premier League 2025/26,post_105_to_135m,114,49.82885392767399
Premier League 2025/26,post_105_to_135m,115,49.94165847263192
Premier League 2025/26,post_105_to_135m,116,50.05424450999672
Premier League 2025/26,post_105_to_135m,117,50.16590189009068
Premier League 2025/26,post_105_to_135m,118,50.27783240467606
Premier League 2025/26,post_105_to_135m,119,50.388943515787176
Premier League 2025/26,post_105_to_135m,120,50.49989074620344
Premier League 2025/26,post_105_to_135m,121,50.610182453840274
Premier League 2025/26,post_105_to_135m,122,50.7205287883754
Premier League 2025/26,post_105_to_135m,123,50.8295094504534
Premier League 2025/26,post_105_to_135m,124,50.93832623183656
Premier League 2025/26,post_105_to_135m,125,51.04594122145745
Premier League 2025/26,post_105_to_135m,126,51.15361083797662
Premier League 2025/26,post_105_to_135m,127,51.25991478203868
Premier League 2025/26,post_105_to_135m,128,51.365781710914455
Premier League 2025/26,post_105_to_135m,129,51.47050147492625
Premier League 2025/26,post_105_to_135m,130,51.575166612039766
Premier League 2025/26,post_105_to_135m,131,51.67912159947558
Premier League 2025/26,post_105_to_135m,132,51.78313121380968
Premier League 2025/26,post_105_to_135m,133,51.8859936632798
Premier League 2025/26,post_105_to_135m,134,51.98874685895335
Premier League 2025/26,post_105_to_135m,135,52.0904075166612
Premier League 2025/26,post_105_to_135m,136,52.191904293674206
Premier League 2025/26,post_105_to_135m,137,52.2923631596198
Premier League 2025/26,post_105_to_135m,138,52.39298590626024
Premier League 2025/26,post_105_to_135m,139,52.49273462252813
Premier League 2025/26,post_105_to_135m,140,52.59226483120288
Premier League 2025/26,post_105_to_135m,141,52.6904839943188
Premier League 2025/26,post_105_to_135m,142,52.78870315743472
Premier League 2025/26,post_105_to_135m,143,52.88610291707637
Premier League 2025/26,post_105_to_135m,144,52.98328416912488
Premier League 2025/26,post_105_to_135m,145,53.079755271495685
Premier League 2025/26,post_105_to_135m,146,53.17628100076477
Premier League 2025/26,post_105_to_135m,147,53.27209658035617
Premier League 2025/26,post_105_to_135m,148,53.36796678684584
Premier League 2025/26,post_105_to_135m,149,53.46361848574238
Premier League 2025/26,post_105_to_135m,150,53.55910630394406
Premier League 2025/26,post_105_to_135m,151,53.65361083797662
Premier League 2025/26,post_105_to_135m,152,53.7476783568229
Premier League 2025/26,post_105_to_135m,153,53.84125423358461
Premier League 2025/26,post_105_to_135m,154,53.93472085654977
Premier League 2025/26,post_105_to_135m,155,54.02698568775265
Premier League 2025/26,post_105_to_135m,156,54.11919589205725
Premier League 2025/26,post_105_to_135m,157,54.21069594668415
Premier League 2025/26,post_105_to_135m,158,54.30197749371791
Premier League 2025/26,post_105_to_135m,159,54.39309516005681
Premier League 2025/26,post_105_to_135m,160,54.4839396919043
Premier League 2025/26,post_105_to_135m,161,54.57412870097236
Premier League 2025/26,post_105_to_135m,162,54.66437233693871
Premier League 2025/26,post_105_to_135m,163,54.75423358461707
Premier League 2025/26,post_105_to_135m,164,54.84414945919371
Premier League 2025/26,post_105_to_135m,165,54.93368294548235
Premier League 2025/26,post_105_to_135m,166,55.02332568556757
Premier League 2025/26,post_105_to_135m,167,55.11253141046652
Premier League 2025/26,post_105_to_135m,168,55.2019556429586
Premier League 2025/26,post_105_to_135m,169,55.29083360646783
Premier League 2025/26,post_105_to_135m,170,55.379711569977054
Premier League 2025/26,post_105_to_135m,171,55.46815251830001
Premier League 2025/26,post_105_to_135m,172,55.55664809352125
Premier League 2025/26,post_105_to_135m,173,55.644488145963074
Premier League 2025/26,post_105_to_135m,174,55.73205506391347
Premier League 2025/26,post_105_to_135m,175,55.8188025783896
Premier League 2025/26,post_105_to_135m,176,55.90555009286573
Premier League 2025/26,post_105_to_135m,177,55.99180596525729
Premier League 2025/26,post_105_to_135m,178,56.07784333005572
Premier League 2025/26,post_105_to_135m,179,56.16355293346444
Premier League 2025/26,post_105_to_135m,180,56.24931716377144
Premier League 2025/26,post_105_to_135m,181,56.33431661750246
Premier League 2025/26,post_105_to_135m,182,56.419316071233474
Premier League 2025/26,post_105_to_135m,183,56.50420627116792
Premier League 2025/26,post_105_to_135m,184,56.58893259040752
Premier League 2025/26,post_105_to_135m,185,56.67322189446083
Premier League 2025/26,post_105_to_135m,186,56.757347317819296
Premier League 2025/26,post_105_to_135m,187,56.841090352889765
Premier League 2025/26,post_105_to_135m,188,56.924614880367095
Premier League 2025/26,post_105_to_135m,189,57.00781164645471
Premier League 2025/26,post_105_to_135m,190,57.09095378564405
Premier League 2025/26,post_105_to_135m,191,57.173604282748826
Premier League 2025/26,post_105_to_135m,192,57.2562547798536
Premier League 2025/26,post_105_to_135m,193,57.33841363487381
Premier League 2025/26,post_105_to_135m,194,57.42040860919917
Premier League 2025/26,post_105_to_135m,195,57.5018026876434
Premier League 2025/26,post_105_to_135m,196,57.58314213918933
Premier League 2025/26,post_105_to_135m,197,57.66398994865072
Premier League 2025/26,post_105_to_135m,198,57.74478313121381
Premier League 2025/26,post_105_to_135m,199,57.82530317928548
Premier League 2025/26,post_105_to_135m,200,57.905987108052
Premier League 2025/26,post_105_to_135m,201,57.986616409920245
Premier League 2025/26,post_105_to_135m,202,58.0671910848902
Premier League 2025/26,post_105_to_135m,203,58.14776575986016
Premier League 2025/26,post_105_to_135m,204,58.22823118103354
Premier League 2025/26,post_105_to_135m,205,58.30847809461379
Premier League 2025/26,post_105_to_135m,206,58.388888888888886
Premier League 2025/26,post_105_to_135m,207,58.46886266797771
Premier League 2025/26,post_105_to_135m,208,58.54889107396482
Premier League 2025/26,post_105_to_135m,209,58.62853709166394
Premier League 2025/26,post_105_to_135m,210,58.70823773626134
Premier League 2025/26,post_105_to_135m,211,58.7877198732656
Premier League 2025/26,post_105_to_135m,212,58.86725663716814
Premier League 2025/26,post_105_to_135m,213,58.94662952037584
Premier League 2025/26,post_105_to_135m,214,59.02605703048181
Premier League 2025/26,post_105_to_135m,215,59.10493827160494
Premier League 2025/26,post_105_to_135m,216,59.183819512728064
Premier League 2025/26,post_105_to_135m,217,59.26248224625806
Premier League 2025/26,post_105_to_135m,218,59.34114497978805
Premier League 2025/26,post_105_to_135m,219,59.41975308641975
Premier League 2025/26,post_105_to_135m,220,59.49808805856004
Premier League 2025/26,post_105_to_135m,221,59.576095269310606
Premier League 2025/26,post_105_to_135m,222,59.65421173385775
Premier League 2025/26,post_105_to_135m,223,59.731891183218615
Premier League 2025/26,post_105_to_135m,224,59.80940675188463
Premier League 2025/26,post_105_to_135m,225,59.88659455916093
Premier League 2025/26,post_105_to_135m,226,59.9638916202338
Premier League 2025/26,post_105_to_135m,227,60.04069703922211
Premier League 2025/26,post_105_to_135m,228,60.11755708510871
Premier League 2025/26,post_105_to_135m,229,60.19403474270731
Premier League 2025/26,post_105_to_135m,230,60.270348519611055
Premier League 2025/26,post_105_to_135m,231,60.34638916202338
Premier League 2025/26,post_105_to_135m,232,60.422320550639135
Premier League 2025/26,post_105_to_135m,233,60.49797880476346
Premier League 2025/26,post_105_to_135m,234,60.57374631268437
Premier League 2025/26,post_105_to_135m,235,60.64924068611384
Premier League 2025/26,post_105_to_135m,236,60.72468043264504
Premier League 2025/26,post_105_to_135m,237,60.79979241778652
Premier League 2025/26,post_105_to_135m,238,60.87479514913143
Premier League 2025/26,post_105_to_135m,239,60.94957937288321
Premier League 2025/26,post_105_to_135m,240,61.02419971594013
Premier League 2025/26,post_105_to_135m,241,61.09843767070906
Premier League 2025/26,post_105_to_135m,242,61.17267562547799
Premier League 2025/26,post_105_to_135m,243,61.24664044575549
Premier League 2025/26,post_105_to_135m,244,61.32065989293128
Premier League 2025/26,post_105_to_135m,245,61.394406205615645
Premier League 2025/26,post_105_to_135m,246,61.46793401070687
Premier League 2025/26,post_105_to_135m,247,61.541297935103245
Premier League 2025/26,post_105_to_135m,248,61.61455260570305
Premier League 2025/26,post_105_to_135m,249,61.68758876870972
Premier League 2025/26,post_105_to_135m,250,61.76073418551295
Premier League 2025/26,post_105_to_135m,251,61.83371572162133
Premier League 2025/26,post_105_to_135m,252,61.90680651152628
Premier League 2025/26,post_105_to_135m,253,61.97967879383808
Premier League 2025/26,post_105_to_135m,254,62.05266032994646
Premier League 2025/26,post_105_to_135m,255,62.12536873156342
Premier League 2025/26,post_105_to_135m,256,62.19796787938381
Premier League 2025/26,post_105_to_135m,257,62.27023926581449
Premier League 2025/26,post_105_to_135m,258,62.34223751775375
Premier League 2025/26,post_105_to_135m,259,62.41379875450672
Premier League 2025/26,post_105_to_135m,260,62.48541461815798
Premier League 2025/26,post_105_to_135m,261,62.55664809352125
Premier League 2025/26,post_105_to_135m,262,62.62782694198624
Premier League 2025/26,post_105_to_135m,263,62.69862340216323
Premier League 2025/26,post_105_to_135m,264,62.76920135474708
Premier League 2025/26,post_105_to_135m,265,62.83967005353436
Premier League 2025/26,post_105_to_135m,266,62.91013875232164
Premier League 2025/26,post_105_to_135m,267,62.98006118212608
Premier League 2025/26,post_105_to_135m,268,63.04987435813395
Premier League 2025/26,post_105_to_135m,269,63.11941439965039
Premier League 2025/26,post_105_to_135m,270,63.18884518737026
Premier League 2025/26,post_105_to_135m,271,63.257675079209
Premier League 2025/26,post_105_to_135m,272,63.3266688517426
Premier League 2025/26,post_105_to_135m,273,63.3952802359882
Premier League 2025/26,post_105_to_135m,274,63.46378236643724
Premier League 2025/26,post_105_to_135m,275,63.532175243089696
Premier League 2025/26,post_105_to_135m,276,63.60045886594559
Premier League 2025/26,post_105_to_135m,277,63.66841472741178
Premier League 2025/26,post_105_to_135m,278,63.736261335081394
Premier League 2025/26,post_105_to_135m,279,63.80388943515787
Premier League 2025/26,post_105_to_135m,280,63.87140828143778
Premier League 2025/26,post_105_to_135m,281,63.93843548563313
Premier League 2025/26,post_105_to_135m,282,64.00551731672675
Premier League 2025/26,post_105_to_135m,283,64.07248989402382
Premier League 2025/26,post_105_to_135m,284,64.13946247132088
Premier League 2025/26,post_105_to_135m,285,64.2062165410248
Premier League 2025/26,post_105_to_135m,286,64.27280673003386
Premier League 2025/26,post_105_to_135m,287,64.33934229214465
Premier League 2025/26,post_105_to_135m,288,64.40582322735715
Premier League 2025/26,post_105_to_135m,289,64.47203102807822
Premier League 2025/26,post_105_to_135m,290,64.53812957500273
Premier League 2025/26,post_105_to_135m,291,64.60411886813067
Premier League 2025/26,post_105_to_135m,292,64.66999890746203
Premier League 2025/26,post_105_to_135m,293,64.73566043920026
Premier League 2025/26,post_105_to_135m,294,64.80121271714192
Premier League 2025/26,post_105_to_135m,295,64.8663279798973
Premier League 2025/26,post_105_to_135m,296,64.93133398885611
Premier League 2025/26,post_105_to_135m,297,64.9960668633235
Premier League 2025/26,post_105_to_135m,298,65.06069048399432
Premier League 2025/26,post_105_to_135m,299,65.12520485086857
Premier League 2025/26,post_105_to_135m,300,65.1897738446411
La Liga 2025/26,pre_24h_to_1h,1,0.0066005770263016
La Liga 2025/26,pre_24h_to_1h,2,0.025019649566751
La Liga 2025/26,pre_24h_to_1h,3,0.0517035215857679
La Liga 2025/26,pre_24h_to_1h,4,0.0969574323288091
La Liga 2025/26,pre_24h_to_1h,5,0.1604423069549881
La Liga 2025/26,pre_24h_to_1h,6,0.2343294705160647
La Liga 2025/26,pre_24h_to_1h,7,0.3093800322061191
La Liga 2025/26,pre_24h_to_1h,8,0.3876895464304885
La Liga 2025/26,pre_24h_to_1h,9,0.4659223794187562
La Liga 2025/26,pre_24h_to_1h,10,0.5465335288704853
La Liga 2025/26,pre_24h_to_1h,11,0.6266139003910743
La Liga 2025/26,pre_24h_to_1h,12,0.7087011636377578
La Liga 2025/26,pre_24h_to_1h,13,0.7899257629782992
La Liga 2025/26,pre_24h_to_1h,14,0.8730026934284181
La Liga 2025/26,pre_24h_to_1h,15,0.9548647055440532
La Liga 2025/26,pre_24h_to_1h,16,1.0382208036193543
La Liga 2025/26,pre_24h_to_1h,17,1.1203344260409478
La Liga 2025/26,pre_24h_to_1h,18,1.203639003910743
La Liga 2025/26,pre_24h_to_1h,19,1.286120456636761
La Liga 2025/26,pre_24h_to_1h,20,1.36961673759681
La Liga 2025/26,pre_24h_to_1h,21,1.4521461160953917
La Liga 2025/26,pre_24h_to_1h,22,1.5355285733456023
La Liga 2025/26,pre_24h_to_1h,23,1.6181082739053754
La Liga 2025/26,pre_24h_to_1h,24,1.7015122977532398
La Liga 2025/26,pre_24h_to_1h,25,1.784024902231424
La Liga 2025/26,pre_24h_to_1h,26,1.8673546411318152
La Liga 2025/26,pre_24h_to_1h,27,1.9497330534468216
La Liga 2025/26,pre_24h_to_1h,28,2.0328519189479333
La Liga 2025/26,pre_24h_to_1h,29,2.1148924545663674
La Liga 2025/26,pre_24h_to_1h,30,2.1976363008971704
La Liga 2025/26,pre_24h_to_1h,31,2.2794563779618127
La Liga 2025/26,pre_24h_to_1h,32,2.3618467717199603
La Liga 2025/26,pre_24h_to_1h,33,2.4433109999233187
La Liga 2025/26,pre_24h_to_1h,34,2.525216145234261
La Liga 2025/26,pre_24h_to_1h,35,2.6061927287017865
La Liga 2025/26,pre_24h_to_1h,36,2.6875730868031598
La Liga 2025/26,pre_24h_to_1h,37,2.76823455831608
La Liga 2025/26,pre_24h_to_1h,38,2.8493609098228663
La Liga 2025/26,pre_24h_to_1h,39,2.929870217007898
La Liga 2025/26,pre_24h_to_1h,40,3.010767722950694
La Liga 2025/26,pre_24h_to_1h,41,3.0908373111724563
La Liga 2025/26,pre_24h_to_1h,42,3.171371779388084
La Liga 2025/26,pre_24h_to_1h,43,3.2509896672034357
La Liga 2025/26,pre_24h_to_1h,44,3.3310436795491145
La Liga 2025/26,pre_24h_to_1h,45,3.4103835978835977
La Liga 2025/26,pre_24h_to_1h,46,3.490157244459781
La Liga 2025/26,pre_24h_to_1h,47,3.56926711908596
La Liga 2025/26,pre_24h_to_1h,48,3.6486345947396672
La Liga 2025/26,pre_24h_to_1h,49,3.727329911433172
La Liga 2025/26,pre_24h_to_1h,50,3.806252875546354
La Liga 2025/26,pre_24h_to_1h,51,3.8845563990491527
La Liga 2025/26,pre_24h_to_1h,52,3.9630839755386855
La Liga 2025/26,pre_24h_to_1h,53,4.040959761521356
La Liga 2025/26,pre_24h_to_1h,54,4.119046420903305
La Liga 2025/26,pre_24h_to_1h,55,4.196464515757994
La Liga 2025/26,pre_24h_to_1h,56,4.2741210413311865
La Liga 2025/26,pre_24h_to_1h,57,4.351110200521433
La Liga 2025/26,pre_24h_to_1h,58,4.428370140326662
La Liga 2025/26,pre_24h_to_1h,59,4.504989072923856
La Liga 2025/26,pre_24h_to_1h,60,4.581814086343072
La Liga 2025/26,pre_24h_to_1h,61,4.657815974618511
La Liga 2025/26,pre_24h_to_1h,62,4.733956847634384
La Liga 2025/26,pre_24h_to_1h,63,4.809526205812437
La Liga 2025/26,pre_24h_to_1h,64,4.88524772831838
La Liga 2025/26,pre_24h_to_1h,65,4.960379763821793
La Liga 2025/26,pre_24h_to_1h,66,5.035699907982517
La Liga 2025/26,pre_24h_to_1h,67,5.110539596273292
La Liga 2025/26,pre_24h_to_1h,68,5.185557808066866
La Liga 2025/26,pre_24h_to_1h,69,5.260023675331646
La Liga 2025/26,pre_24h_to_1h,70,5.334664471666283
La Liga 2025/26,pre_24h_to_1h,71,5.408648684916801
La Liga 2025/26,pre_24h_to_1h,72,5.482793449505406
La Liga 2025/26,pre_24h_to_1h,73,5.55644817306955
La Liga 2025/26,pre_24h_to_1h,74,5.630307779311402
La Liga 2025/26,pre_24h_to_1h,75,5.703569511540526
La Liga 2025/26,pre_24h_to_1h,76,5.77694866191243
La Liga 2025/26,pre_24h_to_1h,77,5.84982219538379
La Liga 2025/26,pre_24h_to_1h,78,5.922774806379879
La Liga 2025/26,pre_24h_to_1h,79,5.995294887278583
La Liga 2025/26,pre_24h_to_1h,80,6.067998284257342
La Liga 2025/26,pre_24h_to_1h,81,6.140222423510467
La Liga 2025/26,pre_24h_to_1h,82,6.212563980906372
La Liga 2025/26,pre_24h_to_1h,83,6.284393930680163
La Liga 2025/26,pre_24h_to_1h,84,6.356408394678322
La Liga 2025/26,pre_24h_to_1h,85,6.427871712292002
La Liga 2025/26,pre_24h_to_1h,86,6.499414107430412
La Liga 2025/26,pre_24h_to_1h,87,6.570533557625949
La Liga 2025/26,pre_24h_to_1h,88,6.641735679779158
La Liga 2025/26,pre_24h_to_1h,89,6.712474120082816
La Liga 2025/26,pre_24h_to_1h,90,6.783283250901005
La Liga 2025/26,pre_24h_to_1h,91,6.853676625642206
La Liga 2025/26,pre_24h_to_1h,92,6.924131105743425
La Liga 2025/26,pre_24h_to_1h,93,6.9942021796641365
La Liga 2025/26,pre_24h_to_1h,94,7.064377492140173
La Liga 2025/26,pre_24h_to_1h,95,7.134045989571352
La Liga 2025/26,pre_24h_to_1h,96,7.203795960815889
La Liga 2025/26,pre_24h_to_1h,97,7.27297561536692
La Liga 2025/26,pre_24h_to_1h,98,7.342217573422284
La Liga 2025/26,pre_24h_to_1h,99,7.411029397668891
La Liga 2025/26,pre_24h_to_1h,100,7.479945460470823
La Liga 2025/26,pre_24h_to_1h,101,7.548413417299287
La Liga 2025/26,pre_24h_to_1h,102,7.616959253508167
La Liga 2025/26,pre_24h_to_1h,103,7.685112098382026
La Liga 2025/26,pre_24h_to_1h,104,7.753286509853539
La Liga 2025/26,pre_24h_to_1h,105,7.8211074687523965
La Liga 2025/26,pre_24h_to_1h,106,7.888955984970478
La Liga 2025/26,pre_24h_to_1h,107,7.956436670884135
La Liga 2025/26,pre_24h_to_1h,108,8.023988047312322
La Liga 2025/26,pre_24h_to_1h,109,8.091139243539606
La Liga 2025/26,pre_24h_to_1h,110,8.158352743271221
La Liga 2025/26,pre_24h_to_1h,111,8.225145694348592
La Liga 2025/26,pre_24h_to_1h,112,8.292017722950694
La Liga 2025/26,pre_24h_to_1h,113,8.358454825166781
La Liga 2025/26,pre_24h_to_1h,114,8.425010543669964
La Liga 2025/26,pre_24h_to_1h,115,8.491175667126754
La Liga 2025/26,pre_24h_to_1h,116,8.557411481098075
La Liga 2025/26,pre_24h_to_1h,117,8.623336975692048
La Liga 2025/26,pre_24h_to_1h,118,8.689285235027988
La Liga 2025/26,pre_24h_to_1h,119,8.75493755271835
La Liga 2025/26,pre_24h_to_1h,120,8.820621022160877
La Liga 2025/26,pre_24h_to_1h,121,8.885973803772718
La Liga 2025/26,pre_24h_to_1h,122,8.951343359404953
La Liga 2025/26,pre_24h_to_1h,123,9.016335499578254
La Liga 2025/26,pre_24h_to_1h,124,9.081421095008052
La Liga 2025/26,pre_24h_to_1h,125,9.146094528793803
La Liga 2025/26,pre_24h_to_1h,126,9.210821879073691
La Liga 2025/26,pre_24h_to_1h,127,9.275207758224065
La Liga 2025/26,pre_24h_to_1h,128,9.339637968714056
La Liga 2025/26,pre_24h_to_1h,129,9.403675187869029
La Liga 2025/26,pre_24h_to_1h,130,9.467723190322827
La Liga 2025/26,pre_24h_to_1h,131,9.531457278966338
La Liga 2025/26,pre_24h_to_1h,132,9.595238095238097
La Liga 2025/26,pre_24h_to_1h,133,9.65865467563837
La Liga 2025/26,pre_24h_to_1h,134,9.722132361398666
La Liga 2025/26,pre_24h_to_1h,135,9.785317699946322
La Liga 2025/26,pre_24h_to_1h,136,9.848556954988114
La Liga 2025/26,pre_24h_to_1h,137,9.911524231270608
La Liga 2025/26,pre_24h_to_1h,138,9.974547820335864
La Liga 2025/26,pre_24h_to_1h,139,10.037282656621423
La Liga 2025/26,pre_24h_to_1h,140,10.100088183421516
La Liga 2025/26,pre_24h_to_1h,141,10.162564220535234
La Liga 2025/26,pre_24h_to_1h,142,10.22511813702937
La Liga 2025/26,pre_24h_to_1h,143,10.287377310022238
La Liga 2025/26,pre_24h_to_1h,144,10.349659247757074
La Liga 2025/26,pre_24h_to_1h,145,10.411572157043173
La Liga 2025/26,pre_24h_to_1h,146,10.473516218081436
La Liga 2025/26,pre_24h_to_1h,147,10.53519908365923
La Liga 2025/26,pre_24h_to_1h,148,10.59688674181428
La Liga 2025/26,pre_24h_to_1h,149,10.658298826777088
La Liga 2025/26,pre_24h_to_1h,150,10.719768422666974
La Liga 2025/26,pre_24h_to_1h,151,10.780952860210109
La Liga 2025/26,pre_24h_to_1h,152,10.842193610536002
La Liga 2025/26,pre_24h_to_1h,153,10.90311565447435
La Liga 2025/26,pre_24h_to_1h,154,10.964077237175063
La Liga 2025/26,pre_24h_to_1h,155,11.024757255961966
La Liga 2025/26,pre_24h_to_1h,156,11.085476813511232
La Liga 2025/26,pre_24h_to_1h,157,11.145936373744345
La Liga 2025/26,pre_24h_to_1h,158,11.206424689440992
La Liga 2025/26,pre_24h_to_1h,159,11.266650611532858
La Liga 2025/26,pre_24h_to_1h,160,11.326894505789433
La Liga 2025/26,pre_24h_to_1h,161,11.386856836132198
La Liga 2025/26,pre_24h_to_1h,162,11.446831147918104
La Liga 2025/26,pre_24h_to_1h,163,11.506534679089029
La Liga 2025/26,pre_24h_to_1h,164,11.566252587991718
La Liga 2025/26,pre_24h_to_1h,165,11.625711697722569
La Liga 2025/26,pre_24h_to_1h,166,11.685209148071468
La Liga 2025/26,pre_24h_to_1h,167,11.74446097883598
La Liga 2025/26,pre_24h_to_1h,168,11.803748753929913
La Liga 2025/26,pre_24h_to_1h,169,11.862697454182962
La Liga 2025/26,pre_24h_to_1h,170,11.921706061651712
La Liga 2025/26,pre_24h_to_1h,171,11.980447482938423
La Liga 2025/26,pre_24h_to_1h,172,12.03923083927613
La Liga 2025/26,pre_24h_to_1h,173,12.0977817556169
La Liga 2025/26,pre_24h_to_1h,174,12.156354238555323
La Liga 2025/26,pre_24h_to_1h,175,12.21467151675485
La Liga 2025/26,pre_24h_to_1h,176,12.272993587531632
La Liga 2025/26,pre_24h_to_1h,177,12.331104784909131
La Liga 2025/26,pre_24h_to_1h,178,12.38924953032743
La Liga 2025/26,pre_24h_to_1h,179,12.447160637604478
La Liga 2025/26,pre_24h_to_1h,180,12.505051376428188
La Liga 2025/26,pre_24h_to_1h,181,12.56264377731769
La Liga 2025/26,pre_24h_to_1h,182,12.620272122536615
La Liga 2025/26,pre_24h_to_1h,183,12.677650055593896
La Liga 2025/26,pre_24h_to_1h,184,12.735027988651176
La Liga 2025/26,pre_24h_to_1h,185,12.792151915113871
La Liga 2025/26,pre_24h_to_1h,186,12.849302200751476
La Liga 2025/26,pre_24h_to_1h,187,12.906215253814892
La Liga 2025/26,pre_24h_to_1h,188,12.96313789203282
La Liga 2025/26,pre_24h_to_1h,189,13.019810118089104
La Liga 2025/26,pre_24h_to_1h,190,13.0765003163101
La Liga 2025/26,pre_24h_to_1h,191,13.132968857832989
La Liga 2025/26,pre_24h_to_1h,192,13.189450578943331
La Liga 2025/26,pre_24h_to_1h,193,13.245746587684993
La Liga 2025/26,pre_24h_to_1h,194,13.302056974158424
La Liga 2025/26,pre_24h_to_1h,195,13.35815528908826
La Liga 2025/26,pre_24h_to_1h,196,13.414294340924776
La Liga 2025/26,pre_24h_to_1h,197,13.470198556475731
La Liga 2025/26,pre_24h_to_1h,198,13.526130329345907
La Liga 2025/26,pre_24h_to_1h,199,13.581794916034047
La Liga 2025/26,pre_24h_to_1h,200,13.637473880453951
La Liga 2025/26,pre_24h_to_1h,201,13.692913216011044
La Liga 2025/26,pre_24h_to_1h,202,13.748336975692048
La Liga 2025/26,pre_24h_to_1h,203,13.803527097231807
La Liga 2025/26,pre_24h_to_1h,204,13.85868846330803
La Liga 2025/26,pre_24h_to_1h,205,13.91365093742811
La Liga 2025/26,pre_24h_to_1h,206,13.968622996702706
La Liga 2025/26,pre_24h_to_1h,207,14.023390173299594
La Liga 2025/26,pre_24h_to_1h,208,14.078158548040795
La Liga 2025/26,pre_24h_to_1h,209,14.132742408557624
La Liga 2025/26,pre_24h_to_1h,210,14.187343043094854
La Liga 2025/26,pre_24h_to_1h,211,14.241742389387316
La Liga 2025/26,pre_24h_to_1h,212,14.296154915267234
La Liga 2025/26,pre_24h_to_1h,213,14.350330208572965
La Liga 2025/26,pre_24h_to_1h,214,14.40449711486849
La Liga 2025/26,pre_24h_to_1h,215,14.458425590445518
La Liga 2025/26,pre_24h_to_1h,216,14.512330103136264
La Liga 2025/26,pre_24h_to_1h,217,14.566045309025382
La Liga 2025/26,pre_24h_to_1h,218,14.619732957595277
La Liga 2025/26,pre_24h_to_1h,219,14.673196553178435
La Liga 2025/26,pre_24h_to_1h,220,14.726650563607086
La Liga 2025/26,pre_24h_to_1h,221,14.779896096925082
La Liga 2025/26,pre_24h_to_1h,222,14.833163196840731
La Liga 2025/26,pre_24h_to_1h,223,14.88619186603788
La Liga 2025/26,pre_24h_to_1h,224,14.939207355647572
La Liga 2025/26,pre_24h_to_1h,225,14.99197482938425
La Liga 2025/26,pre_24h_to_1h,226,15.044783040027603
La Liga 2025/26,pre_24h_to_1h,227,15.097374386550111
La Liga 2025/26,pre_24h_to_1h,228,15.149945364619278
La Liga 2025/26,pre_24h_to_1h,229,15.202323441453876
La Liga 2025/26,pre_24h_to_1h,230,15.254671564680622
La Liga 2025/26,pre_24h_to_1h,231,15.306892684610077
La Liga 2025/26,pre_24h_to_1h,232,15.35910541752933
La Liga 2025/26,pre_24h_to_1h,233,15.411130041791274
La Liga 2025/26,pre_24h_to_1h,234,15.463159458630471
La Liga 2025/26,pre_24h_to_1h,235,15.515000766812362
La Liga 2025/26,pre_24h_to_1h,236,15.566855254581704
La Liga 2025/26,pre_24h_to_1h,237,15.618556379878845
La Liga 2025/26,pre_24h_to_1h,238,15.670264694041869
La Liga 2025/26,pre_24h_to_1h,239,15.721782503258952
La Liga 2025/26,pre_24h_to_1h,240,15.773287132888582
La Liga 2025/26,pre_24h_to_1h,241,15.824625220458554
La Liga 2025/26,pre_24h_to_1h,242,15.875977685760294
La Liga 2025/26,pre_24h_to_1h,243,15.927166005291005
La Liga 2025/26,pre_24h_to_1h,244,15.978351928533089
La Liga 2025/26,pre_24h_to_1h,245,16.029358130128056
La Liga 2025/26,pre_24h_to_1h,246,16.08034995399126
La Liga 2025/26,pre_24h_to_1h,247,16.13120998197991
La Liga 2025/26,pre_24h_to_1h,248,16.182055632236793
La Liga 2025/26,pre_24h_to_1h,249,16.232673635073997
La Liga 2025/26,pre_24h_to_1h,250,16.28324371213864
La Liga 2025/26,pre_24h_to_1h,251,16.333622086113028
La Liga 2025/26,pre_24h_to_1h,252,16.383976497201136
La Liga 2025/26,pre_24h_to_1h,253,16.434138007054674
La Liga 2025/26,pre_24h_to_1h,254,16.484299516908212
La Liga 2025/26,pre_24h_to_1h,255,16.534274116248753
La Liga 2025/26,pre_24h_to_1h,256,16.584257102599494
La Liga 2025/26,pre_24h_to_1h,257,16.63407714132352
La Liga 2025/26,pre_24h_to_1h,258,16.68386962272832
La Liga 2025/26,pre_24h_to_1h,259,16.733464410321293
La Liga 2025/26,pre_24h_to_1h,260,16.783048414615443
La Liga 2025/26,pre_24h_to_1h,261,16.83246467870562
La Liga 2025/26,pre_24h_to_1h,262,16.881889329805997
La Liga 2025/26,pre_24h_to_1h,263,16.931130664826316
La Liga 2025/26,pre_24h_to_1h,264,16.98034084809447
La Liga 2025/26,pre_24h_to_1h,265,17.029362922705314
La Liga 2025/26,pre_24h_to_1h,266,17.078382601027528
La Liga 2025/26,pre_24h_to_1h,267,17.127241728011654
La Liga 2025/26,pre_24h_to_1h,268,17.176122421593437
La Liga 2025/26,pre_24h_to_1h,269,17.22483777125987
La Liga 2025/26,pre_24h_to_1h,270,17.27356270608082
La Liga 2025/26,pre_24h_to_1h,271,17.322123495130743
La Liga 2025/26,pre_24h_to_1h,272,17.37069027490223
La Liga 2025/26,pre_24h_to_1h,273,17.41910968292309
La Liga 2025/26,pre_24h_to_1h,274,17.467543468675714
La Liga 2025/26,pre_24h_to_1h,275,17.515828684533396
La Liga 2025/26,pre_24h_to_1h,276,17.56410072080362
La Liga 2025/26,pre_24h_to_1h,277,17.612228979756154
La Liga 2025/26,pre_24h_to_1h,278,17.6603668238632
La Liga 2025/26,pre_24h_to_1h,279,17.708332135189018
La Liga 2025/26,pre_24h_to_1h,280,17.756302239092093
La Liga 2025/26,pre_24h_to_1h,281,17.804083036193543
La Liga 2025/26,pre_24h_to_1h,282,17.851843464841654
La Liga 2025/26,pre_24h_to_1h,283,17.899432558852848
La Liga 2025/26,pre_24h_to_1h,284,17.946998888122078
La Liga 2025/26,pre_24h_to_1h,285,17.994456186258724
La Liga 2025/26,pre_24h_to_1h,286,18.04191228625105
La Liga 2025/26,pre_24h_to_1h,287,18.08922700521432
La Liga 2025/26,pre_24h_to_1h,288,18.13653213902308
La Liga 2025/26,pre_24h_to_1h,289,18.183711467678854
La Liga 2025/26,pre_24h_to_1h,290,18.23087641860287
La Liga 2025/26,pre_24h_to_1h,291,18.27793713097155
La Liga 2025/26,pre_24h_to_1h,292,18.324997843340235
La Liga 2025/26,pre_24h_to_1h,293,18.371908787669657
La Liga 2025/26,pre_24h_to_1h,294,18.418814939421825
La Liga 2025/26,pre_24h_to_1h,295,18.465572521279043
La Liga 2025/26,pre_24h_to_1h,296,18.51231692354881
La Liga 2025/26,pre_24h_to_1h,297,18.558922341078137
La Liga 2025/26,pre_24h_to_1h,298,18.605491814278047
La Liga 2025/26,pre_24h_to_1h,299,18.65194386933517
La Liga 2025/26,pre_24h_to_1h,300,18.69838394294916
La Liga 2025/26,pre_last_hour,1,0.3131062610229277
La Liga 2025/26,pre_last_hour,2,1.033013668430335
La Liga 2025/26,pre_last_hour,3,1.781029541446208
La Liga 2025/26,pre_last_hour,4,2.6549548059964727
La Liga 2025/26,pre_last_hour,5,3.5204750881834217
La Liga 2025/26,pre_last_hour,6,4.42920524691358
La Liga 2025/26,pre_last_hour,7,5.280009920634921
La Liga 2025/26,pre_last_hour,8,6.141754850088184
La Liga 2025/26,pre_last_hour,9,6.950424382716049
La Liga 2025/26,pre_last_hour,10,7.768766534391534
La Liga 2025/26,pre_last_hour,11,8.540068342151676
La Liga 2025/26,pre_last_hour,12,9.316743827160494
La Liga 2025/26,pre_last_hour,13,10.047867063492063
La Liga 2025/26,pre_last_hour,14,10.78472222222222
La Liga 2025/26,pre_last_hour,15,11.483630952380953
La Liga 2025/26,pre_last_hour,16,12.186563051146384
La Liga 2025/26,pre_last_hour,17,12.854993386243386
La Liga 2025/26,pre_last_hour,18,13.525655864197532
La Liga 2025/26,pre_last_hour,19,14.16771384479718
La Liga 2025/26,pre_last_hour,20,14.810378086419751
La Liga 2025/26,pre_last_hour,21,15.42802028218695
La Liga 2025/26,pre_last_hour,22,16.043375220458554
La Liga 2025/26,pre_last_hour,23,16.63952270723104
La Liga 2025/26,pre_last_hour,24,17.235146604938272
La Liga 2025/26,pre_last_hour,25,17.810405643738978
La Liga 2025/26,pre_last_hour,26,18.384727733686063
La Liga 2025/26,pre_last_hour,27,18.93805114638448
La Liga 2025/26,pre_last_hour,28,19.49211860670194
La Liga 2025/26,pre_last_hour,29,20.027502204585534
La Liga 2025/26,pre_last_hour,30,20.56285824514991
La Liga 2025/26,pre_last_hour,31,21.08134920634921
La Liga 2025/26,pre_last_hour,32,21.598076499118164
La Liga 2025/26,pre_last_hour,33,22.09967482363316
La Liga 2025/26,pre_last_hour,34,22.60041887125221
La Liga 2025/26,pre_last_hour,35,23.08650242504409
La Liga 2025/26,pre_last_hour,36,23.569472001763668
La Liga 2025/26,pre_last_hour,37,24.04050925925926
La Liga 2025/26,pre_last_hour,38,24.51085758377425
La Liga 2025/26,pre_last_hour,39,24.968143738977076
La Liga 2025/26,pre_last_hour,40,25.423776455026456
La Liga 2025/26,pre_last_hour,41,25.867228835978835
La Liga 2025/26,pre_last_hour,42,26.31103946208113
La Liga 2025/26,pre_last_hour,43,26.743193342151677
La Liga 2025/26,pre_last_hour,44,27.174162257495592
La Liga 2025/26,pre_last_hour,45,27.595293209876544
La Liga 2025/26,pre_last_hour,46,28.01559744268077
La Liga 2025/26,pre_last_hour,47,28.42628417107584
La Liga 2025/26,pre_last_hour,48,28.83564814814815
La Liga 2025/26,pre_last_hour,49,29.23611111111111
La Liga 2025/26,pre_last_hour,50,29.634424603174605
La Liga 2025/26,pre_last_hour,51,30.022845017636683
La Liga 2025/26,pre_last_hour,52,30.40994268077601
La Liga 2025/26,pre_last_hour,53,30.788883377425044
La Liga 2025/26,pre_last_hour,54,31.166639109347443
La Liga 2025/26,pre_last_hour,55,31.537229938271604
La Liga 2025/26,pre_last_hour,56,31.90740740740741
La Liga 2025/26,pre_last_hour,57,32.27030974426808
La Liga 2025/26,pre_last_hour,58,32.63241291887125
La Liga 2025/26,pre_last_hour,59,32.98707561728395
La Liga 2025/26,pre_last_hour,60,33.34173831569665
La Liga 2025/26,pre_last_hour,61,33.689677028218696
La Liga 2025/26,pre_last_hour,62,34.036320546737215
La Liga 2025/26,pre_last_hour,63,34.37692901234568
La Liga 2025/26,pre_last_hour,64,34.716380070546734
La Liga 2025/26,pre_last_hour,65,35.05045745149912
La Liga 2025/26,pre_last_hour,66,35.383597883597886
La Liga 2025/26,pre_last_hour,67,35.71188822751323
La Liga 2025/26,pre_last_hour,68,36.03921406525573
La Liga 2025/26,pre_last_hour,69,36.35981591710758
La Liga 2025/26,pre_last_hour,70,36.680335097001766
La Liga 2025/26,pre_last_hour,71,36.9953979276896
La Liga 2025/26,pre_last_hour,72,37.30993716931217
La Liga 2025/26,pre_last_hour,73,37.61838624338624
La Liga 2025/26,pre_last_hour,74,37.92625661375661
La Liga 2025/26,pre_last_hour,75,38.229387125220455
La Liga 2025/26,pre_last_hour,76,38.53213183421517
La Liga 2025/26,pre_last_hour,77,38.83055004409171
La Liga 2025/26,pre_last_hour,78,39.12872023809524
La Liga 2025/26,pre_last_hour,79,39.42157186948854
La Liga 2025/26,pre_last_hour,80,39.71332120811287
La Liga 2025/26,pre_last_hour,81,40.000936948853614
La Liga 2025/26,pre_last_hour,82,40.28800154320987
La Liga 2025/26,pre_last_hour,83,40.569802689594354
La Liga 2025/26,pre_last_hour,84,40.85108024691358
La Liga 2025/26,pre_last_hour,85,41.12720458553792
La Liga 2025/26,pre_last_hour,86,41.40244708994709
La Liga 2025/26,pre_last_hour,87,41.673638668430335
La Liga 2025/26,pre_last_hour,88,41.94408619929453
La Liga 2025/26,pre_last_hour,89,42.20973875661376
La Liga 2025/26,pre_last_hour,90,42.47420634920635
La Liga 2025/26,pre_last_hour,91,42.73454034391534
La Liga 2025/26,pre_last_hour,92,42.99396494708995
La Liga 2025/26,pre_last_hour,93,43.24969686948854
La Liga 2025/26,pre_last_hour,94,43.50432649911816
La Liga 2025/26,pre_last_hour,95,43.7555114638448
La Liga 2025/26,pre_last_hour,96,44.00611772486773
La Liga 2025/26,pre_last_hour,97,44.2526455026455
La Liga 2025/26,pre_last_hour,98,44.49914572310406
La Liga 2025/26,pre_last_hour,99,44.741677689594354
La Liga 2025/26,pre_last_hour,100,44.98360339506173
La Liga 2025/26,pre_last_hour,101,45.22189153439153
La Liga 2025/26,pre_last_hour,102,45.45943562610229
La Liga 2025/26,pre_last_hour,103,45.69375551146384
La Liga 2025/26,pre_last_hour,104,45.92771715167549
La Liga 2025/26,pre_last_hour,105,46.15925374779541
La Liga 2025/26,pre_last_hour,106,46.38971560846561
La Liga 2025/26,pre_last_hour,107,46.61662257495591
La Liga 2025/26,pre_last_hour,108,46.842482363315696
La Liga 2025/26,pre_last_hour,109,47.0658344356261
La Liga 2025/26,pre_last_hour,110,47.288910934744266
La Liga 2025/26,pre_last_hour,111,47.50931437389771
La Liga 2025/26,pre_last_hour,112,47.72974537037037
La Liga 2025/26,pre_last_hour,113,47.94697971781305
La Liga 2025/26,pre_last_hour,114,48.16338734567901
La Liga 2025/26,pre_last_hour,115,48.37612985008818
La Liga 2025/26,pre_last_hour,116,48.58848655202822
La Liga 2025/26,pre_last_hour,117,48.79742614638448
La Liga 2025/26,pre_last_hour,118,49.00545634920635
La Liga 2025/26,pre_last_hour,119,49.21062059082893
La Liga 2025/26,pre_last_hour,120,49.41501322751323
La Liga 2025/26,pre_last_hour,121,49.61629188712522
La Liga 2025/26,pre_last_hour,122,49.81699184303351
La Liga 2025/26,pre_last_hour,123,50.01499118165785
La Liga 2025/26,pre_last_hour,124,50.21219135802469
La Liga 2025/26,pre_last_hour,125,50.40658068783069
La Liga 2025/26,pre_last_hour,126,50.60074955908289
La Liga 2025/26,pre_last_hour,127,50.79263117283951
La Liga 2025/26,pre_last_hour,128,50.98349316578484
La Liga 2025/26,pre_last_hour,129,51.17140652557319
La Liga 2025/26,pre_last_hour,130,51.35885141093475
La Liga 2025/26,pre_last_hour,131,51.54472552910053
La Liga 2025/26,pre_last_hour,132,51.73021384479718
La Liga 2025/26,pre_last_hour,133,51.91369047619048
La Liga 2025/26,pre_last_hour,134,52.09658840388007
La Liga 2025/26,pre_last_hour,135,52.277805335097
La Liga 2025/26,pre_last_hour,136,52.45841600529101
La Liga 2025/26,pre_last_hour,137,52.63662918871252
La Liga 2025/26,pre_last_hour,138,52.81489748677249
La Liga 2025/26,pre_last_hour,139,52.991402116402114
La Liga 2025/26,pre_last_hour,140,53.16768628747796
La Liga 2025/26,pre_last_hour,141,53.341793430335095
La Liga 2025/26,pre_last_hour,142,53.51523919753087
La Liga 2025/26,pre_last_hour,143,53.68664572310406
La Liga 2025/26,pre_last_hour,144,53.85747354497354
La Liga 2025/26,pre_last_hour,145,54.02601410934744
La Liga 2025/26,pre_last_hour,146,54.19403108465608
La Liga 2025/26,pre_last_hour,147,54.36089065255732
La Liga 2025/26,pre_last_hour,148,54.52741953262787
La Liga 2025/26,pre_last_hour,149,54.6922123015873
La Liga 2025/26,pre_last_hour,150,54.85667438271605
La Liga 2025/26,pre_last_hour,151,55.01948302469136
La Liga 2025/26,pre_last_hour,152,55.18201609347442
La Liga 2025/26,pre_last_hour,153,55.3430610670194
La Liga 2025/26,pre_last_hour,154,55.50394069664903
La Liga 2025/26,pre_last_hour,155,55.66286375661376
La Liga 2025/26,pre_last_hour,156,55.82123567019401
La Liga 2025/26,pre_last_hour,157,55.97778880070547
La Liga 2025/26,pre_last_hour,158,56.13420414462081
La Liga 2025/26,pre_last_hour,159,56.28877314814815
La Liga 2025/26,pre_last_hour,160,56.44295634920635
La Liga 2025/26,pre_last_hour,161,56.595375881834215
La Liga 2025/26,pre_last_hour,162,56.74710648148148
La Liga 2025/26,pre_last_hour,163,56.89745921516755
La Liga 2025/26,pre_last_hour,164,57.0474537037037
La Liga 2025/26,pre_last_hour,165,57.195739638447975
La Liga 2025/26,pre_last_hour,166,57.34355709876543
La Liga 2025/26,pre_last_hour,167,57.48963844797178
La Liga 2025/26,pre_last_hour,168,57.635609567901234
La Liga 2025/26,pre_last_hour,169,57.77995480599648
La Liga 2025/26,pre_last_hour,170,57.924052028218696
La Liga 2025/26,pre_last_hour,171,58.06633046737213
La Liga 2025/26,pre_last_hour,172,58.20825066137566
La Liga 2025/26,pre_last_hour,173,58.348489858906525
La Liga 2025/26,pre_last_hour,174,58.4882881393298
La Liga 2025/26,pre_last_hour,175,58.62681878306879
La Liga 2025/26,pre_last_hour,176,58.7650462962963
La Liga 2025/26,pre_last_hour,177,58.90181327160494
La Liga 2025/26,pre_last_hour,178,59.03816688712522
La Liga 2025/26,pre_last_hour,179,59.17305996472663
La Liga 2025/26,pre_last_hour,180,59.30787037037037
La Liga 2025/26,pre_last_hour,181,59.44130291005291
La Liga 2025/26,pre_last_hour,182,59.57443231922399
La Liga 2025/26,pre_last_hour,183,59.70574294532628
La Liga 2025/26,pre_last_hour,184,59.83710868606702
La Liga 2025/26,pre_last_hour,185,59.967206790123456
La Liga 2025/26,pre_last_hour,186,60.09716710758377
La Liga 2025/26,pre_last_hour,187,60.22585978835979
La Liga 2025/26,pre_last_hour,188,60.35430445326279
La Liga 2025/26,pre_last_hour,189,60.48170194003527
La Liga 2025/26,pre_last_hour,190,60.60882385361552
La Liga 2025/26,pre_last_hour,191,60.73470568783069
La Liga 2025/26,pre_last_hour,192,60.86009149029982
La Liga 2025/26,pre_last_hour,193,60.98470568783069
La Liga 2025/26,pre_last_hour,194,61.10934744268078
La Liga 2025/26,pre_last_hour,195,61.232666446208114
La Liga 2025/26,pre_last_hour,196,61.35595789241623
La Liga 2025/26,pre_last_hour,197,61.47803681657848
La Liga 2025/26,pre_last_hour,198,61.59997795414462
La Liga 2025/26,pre_last_hour,199,61.72067901234568
La Liga 2025/26,pre_last_hour,200,61.8411044973545
La Liga 2025/26,pre_last_hour,201,61.96053791887125
La Liga 2025/26,pre_last_hour,202,62.07986111111112
La Liga 2025/26,pre_last_hour,203,62.19797178130512
La Liga 2025/26,pre_last_hour,204,62.31577932098765
La Liga 2025/26,pre_last_hour,205,62.43262235449736
La Liga 2025/26,pre_last_hour,206,62.549107142857146
La Liga 2025/26,pre_last_hour,207,62.66446208112875
La Liga 2025/26,pre_last_hour,208,62.77967923280424
La Liga 2025/26,pre_last_hour,209,62.89382164902998
La Liga 2025/26,pre_last_hour,210,63.007660934744266
La Liga 2025/26,pre_last_hour,211,63.12056327160494
La Liga 2025/26,pre_last_hour,212,63.23341049382716
La Liga 2025/26,pre_last_hour,213,63.345651455026456
La Liga 2025/26,pre_last_hour,214,63.45747905643739
La Liga 2025/26,pre_last_hour,215,63.56803902116402
La Liga 2025/26,pre_last_hour,216,63.67829585537919
La Liga 2025/26,pre_last_hour,217,63.78767085537919
La Liga 2025/26,pre_last_hour,218,63.89693562610229
La Liga 2025/26,pre_last_hour,219,64.00509810405644
La Liga 2025/26,pre_last_hour,220,64.11317791005291
La Liga 2025/26,pre_last_hour,221,64.22018298059965
La Liga 2025/26,pre_last_hour,222,64.32716049382717
La Liga 2025/26,pre_last_hour,223,64.43339395943562
La Liga 2025/26,pre_last_hour,224,64.53965498236332
La Liga 2025/26,pre_last_hour,225,64.64462081128748
La Liga 2025/26,pre_last_hour,226,64.74950396825396
La Liga 2025/26,pre_last_hour,227,64.85350529100529
La Liga 2025/26,pre_last_hour,228,64.95745149911816
La Liga 2025/26,pre_last_hour,229,65.06029541446208
La Liga 2025/26,pre_last_hour,230,65.16305665784833
La Liga 2025/26,pre_last_hour,231,65.26490850970018
La Liga 2025/26,pre_last_hour,232,65.36667768959435
La Liga 2025/26,pre_last_hour,233,65.46734457671958
La Liga 2025/26,pre_last_hour,234,65.56781856261023
La Liga 2025/26,pre_last_hour,235,65.66754850088184
La Liga 2025/26,pre_last_hour,236,65.76716820987654
La Liga 2025/26,pre_last_hour,237,65.86612654320987
La Liga 2025/26,pre_last_hour,238,65.96480930335098
La Liga 2025/26,pre_last_hour,239,66.06252755731923
La Liga 2025/26,pre_last_hour,240,66.16016313932981
La Liga 2025/26,pre_last_hour,241,66.25697200176367
La Liga 2025/26,pre_last_hour,242,66.35356040564373
La Liga 2025/26,pre_last_hour,243,66.44940476190476
La Liga 2025/26,pre_last_hour,244,66.54511133156967
La Liga 2025/26,pre_last_hour,245,66.64023919753086
La Liga 2025/26,pre_last_hour,246,66.73525683421516
La Liga 2025/26,pre_last_hour,247,66.8292824074074
La Liga 2025/26,pre_last_hour,248,66.9230324074074
La Liga 2025/26,pre_last_hour,249,67.01581790123457
La Liga 2025/26,pre_last_hour,250,67.10841049382717
La Liga 2025/26,pre_last_hour,251,67.20014880952381
La Liga 2025/26,pre_last_hour,252,67.29180445326278
La Liga 2025/26,pre_last_hour,253,67.38290895061728
La Liga 2025/26,pre_last_hour,254,67.47365520282187
La Liga 2025/26,pre_last_hour,255,67.56360229276896
La Liga 2025/26,pre_last_hour,256,67.65341159611992
La Liga 2025/26,pre_last_hour,257,67.74214616402116
La Liga 2025/26,pre_last_hour,258,67.8307705026455
La Liga 2025/26,pre_last_hour,259,67.91895392416225
La Liga 2025/26,pre_last_hour,260,68.00708223104057
La Liga 2025/26,pre_last_hour,261,68.09449404761905
La Liga 2025/26,pre_last_hour,262,68.18165784832452
La Liga 2025/26,pre_last_hour,263,68.26813271604938
La Liga 2025/26,pre_last_hour,264,68.35438712522046
La Liga 2025/26,pre_last_hour,265,68.4395667989418
La Liga 2025/26,pre_last_hour,266,68.52477402998237
La Liga 2025/26,pre_last_hour,267,68.6092647707231
La Liga 2025/26,pre_last_hour,268,68.69364528218695
La Liga 2025/26,pre_last_hour,269,68.77719907407408
La Liga 2025/26,pre_last_hour,270,68.86067019400353
La Liga 2025/26,pre_last_hour,271,68.94350749559082
La Liga 2025/26,pre_last_hour,272,69.02606922398589
La Liga 2025/26,pre_last_hour,273,69.10807980599647
La Liga 2025/26,pre_last_hour,274,69.18984237213404
La Liga 2025/26,pre_last_hour,275,69.27130180776014
La Liga 2025/26,pre_last_hour,276,69.35223765432099
La Liga 2025/26,pre_last_hour,277,69.43242945326278
La Liga 2025/26,pre_last_hour,278,69.51245590828924
La Liga 2025/26,pre_last_hour,279,69.59184854497354
La Liga 2025/26,pre_last_hour,280,69.67137896825396
La Liga 2025/26,pre_last_hour,281,69.75038580246914
La Liga 2025/26,pre_last_hour,282,69.8291721781305
La Liga 2025/26,pre_last_hour,283,69.9074074074074
La Liga 2025/26,pre_last_hour,284,69.98567019400353
La Liga 2025/26,pre_last_hour,285,70.06327160493827
La Liga 2025/26,pre_last_hour,286,70.14079034391534
La Liga 2025/26,pre_last_hour,287,70.21778549382717
La Liga 2025/26,pre_last_hour,288,70.2945877425044
La Liga 2025/26,pre_last_hour,289,70.3708664021164
La Liga 2025/26,pre_last_hour,290,70.44695216049382
La Liga 2025/26,pre_last_hour,291,70.52232142857143
La Liga 2025/26,pre_last_hour,292,70.59741512345678
La Liga 2025/26,pre_last_hour,293,70.671875
La Liga 2025/26,pre_last_hour,294,70.74619708994709
La Liga 2025/26,pre_last_hour,295,70.8199680335097
La Liga 2025/26,pre_last_hour,296,70.89354607583775
La Liga 2025/26,pre_last_hour,297,70.9665729717813
La Liga 2025/26,pre_last_hour,298,71.03948963844798
La Liga 2025/26,pre_last_hour,299,71.11204805996472
La Liga 2025/26,pre_last_hour,300,71.18474426807761
La Liga 2025/26,post_0_to_55m,1,1.113095238095238
La Liga 2025/26,post_0_to_55m,2,3.547468734968735
La Liga 2025/26,post_0_to_55m,3,5.864448051948052
La Liga 2025/26,post_0_to_55m,4,8.419763107263107
La Liga 2025/26,post_0_to_55m,5,10.697901635401635
La Liga 2025/26,post_0_to_55m,6,13.02008177008177
La Liga 2025/26,post_0_to_55m,7,15.144510582010582
La Liga 2025/26,post_0_to_55m,8,17.26247594997595
La Liga 2025/26,post_0_to_55m,9,19.201839826839823
La Liga 2025/26,post_0_to_55m,10,21.12106180856181
La Liga 2025/26,post_0_to_55m,11,22.88305675805676
La Liga 2025/26,post_0_to_55m,12,24.631643819143815
La Liga 2025/26,post_0_to_55m,13,26.240530303030305
La Liga 2025/26,post_0_to_55m,14,27.838323713323717
La Liga 2025/26,post_0_to_55m,15,29.311477873977875
La Liga 2025/26,post_0_to_55m,16,30.770352332852333
La Liga 2025/26,post_0_to_55m,17,32.12091149591149
La Liga 2025/26,post_0_to_55m,18,33.456649831649834
La Liga 2025/26,post_0_to_55m,19,34.70547739297739
La Liga 2025/26,post_0_to_55m,20,35.939604377104374
La Liga 2025/26,post_0_to_55m,21,37.10248316498316
La Liga 2025/26,post_0_to_55m,22,38.245791245791246
La Liga 2025/26,post_0_to_55m,23,39.32446488696489
La Liga 2025/26,post_0_to_55m,24,40.38690476190476
La Liga 2025/26,post_0_to_55m,25,41.388618326118326
La Liga 2025/26,post_0_to_55m,26,42.37899831649832
La Liga 2025/26,post_0_to_55m,27,43.31499518999519
La Liga 2025/26,post_0_to_55m,28,44.24449855699856
La Liga 2025/26,post_0_to_55m,29,45.122835497835496
La Liga 2025/26,post_0_to_55m,30,45.99083092833093
La Liga 2025/26,post_0_to_55m,31,46.809583934583934
La Liga 2025/26,post_0_to_55m,32,47.61820586820587
La Liga 2025/26,post_0_to_55m,33,48.388468013468014
La Liga 2025/26,post_0_to_55m,34,49.15034271284272
La Liga 2025/26,post_0_to_55m,35,49.87695406445406
La Liga 2025/26,post_0_to_55m,36,50.59511784511785
La Liga 2025/26,post_0_to_55m,37,51.28258778258778
La Liga 2025/26,post_0_to_55m,38,51.96203102453102
La Liga 2025/26,post_0_to_55m,39,52.61258417508417
La Liga 2025/26,post_0_to_55m,40,53.25643338143338
La Liga 2025/26,post_0_to_55m,41,53.87103174603175
La Liga 2025/26,post_0_to_55m,42,54.4798581048581
La Liga 2025/26,post_0_to_55m,43,55.06472462722463
La Liga 2025/26,post_0_to_55m,44,55.644330206830205
La Liga 2025/26,post_0_to_55m,45,56.19997594997595
La Liga 2025/26,post_0_to_55m,46,56.75162337662338
La Liga 2025/26,post_0_to_55m,47,57.283579846079846
La Liga 2025/26,post_0_to_55m,48,57.810425685425685
La Liga 2025/26,post_0_to_55m,49,58.31902356902357
La Liga 2025/26,post_0_to_55m,50,58.82224025974026
La Liga 2025/26,post_0_to_55m,51,59.30826118326118
La Liga 2025/26,post_0_to_55m,52,59.789953102453104
La Liga 2025/26,post_0_to_55m,53,60.25547138047138
La Liga 2025/26,post_0_to_55m,54,60.71786315536316
La Liga 2025/26,post_0_to_55m,55,61.1625481000481
La Liga 2025/26,post_0_to_55m,56,61.60509860509861
La Liga 2025/26,post_0_to_55m,57,62.030693843193845
La Liga 2025/26,post_0_to_55m,58,62.45412457912458
La Liga 2025/26,post_0_to_55m,59,62.86300505050505
La Liga 2025/26,post_0_to_55m,60,63.26878908128908
La Liga 2025/26,post_0_to_55m,61,63.66107503607503
La Liga 2025/26,post_0_to_55m,62,64.05017436267437
La Liga 2025/26,post_0_to_55m,63,64.4268278018278
La Liga 2025/26,post_0_to_55m,64,64.800474987975
La Liga 2025/26,post_0_to_55m,65,65.16441197691198
La Liga 2025/26,post_0_to_55m,66,65.52552308802309
La Liga 2025/26,post_0_to_55m,67,65.87484968734968
La Liga 2025/26,post_0_to_55m,68,66.2215909090909
La Liga 2025/26,post_0_to_55m,69,66.55796055796056
La Liga 2025/26,post_0_to_55m,70,66.89339826839827
La Liga 2025/26,post_0_to_55m,71,67.21885521885523
La Liga 2025/26,post_0_to_55m,72,67.5425986050986
La Liga 2025/26,post_0_to_55m,73,67.85699254449254
La Liga 2025/26,post_0_to_55m,74,68.1693722943723
La Liga 2025/26,post_0_to_55m,75,68.47429653679653
La Liga 2025/26,post_0_to_55m,76,68.77795815295815
La Liga 2025/26,post_0_to_55m,77,69.07275132275132
La Liga 2025/26,post_0_to_55m,78,69.36519961519961
La Liga 2025/26,post_0_to_55m,79,69.65052308802309
La Liga 2025/26,post_0_to_55m,80,69.93425324675324
La Liga 2025/26,post_0_to_55m,81,70.20992664742664
La Liga 2025/26,post_0_to_55m,82,70.48406685906686
La Liga 2025/26,post_0_to_55m,83,70.75138287638288
La Liga 2025/26,post_0_to_55m,84,71.01725589225589
La Liga 2025/26,post_0_to_55m,85,71.27654521404521
La Liga 2025/26,post_0_to_55m,86,71.53448172198172
La Liga 2025/26,post_0_to_55m,87,71.78574434824435
La Liga 2025/26,post_0_to_55m,88,72.03556397306397
La Liga 2025/26,post_0_to_55m,89,72.2797619047619
La Liga 2025/26,post_0_to_55m,90,72.52227633477634
La Liga 2025/26,post_0_to_55m,91,72.75874819624819
La Liga 2025/26,post_0_to_55m,92,72.99401755651756
La Liga 2025/26,post_0_to_55m,93,73.22414622414622
La Liga 2025/26,post_0_to_55m,94,73.45301226551227
La Liga 2025/26,post_0_to_55m,95,73.67637686387687
La Liga 2025/26,post_0_to_55m,96,73.89865921115921
La Liga 2025/26,post_0_to_55m,97,74.11583092833092
La Liga 2025/26,post_0_to_55m,98,74.33231120731121
La Liga 2025/26,post_0_to_55m,99,74.54377104377105
La Liga 2025/26,post_0_to_55m,100,74.75444925444926
La Liga 2025/26,post_0_to_55m,101,74.9609187109187
La Liga 2025/26,post_0_to_55m,102,75.16636604136605
La Liga 2025/26,post_0_to_55m,103,75.36700336700336
La Liga 2025/26,post_0_to_55m,104,75.56649831649831
La Liga 2025/26,post_0_to_55m,105,75.76184463684464
La Liga 2025/26,post_0_to_55m,106,75.95628908128909
La Liga 2025/26,post_0_to_55m,107,76.14664502164503
La Liga 2025/26,post_0_to_55m,108,76.3362493987494
La Liga 2025/26,post_0_to_55m,109,76.52167508417509
La Liga 2025/26,post_0_to_55m,110,76.70622895622895
La Liga 2025/26,post_0_to_55m,111,76.88699494949495
La Liga 2025/26,post_0_to_55m,112,77.06694925444926
La Liga 2025/26,post_0_to_55m,113,77.24257455507455
La Liga 2025/26,post_0_to_55m,114,77.41768879268879
La Liga 2025/26,post_0_to_55m,115,77.58946608946609
La Liga 2025/26,post_0_to_55m,116,77.7603415103415
La Liga 2025/26,post_0_to_55m,117,77.92763949013948
La Liga 2025/26,post_0_to_55m,118,78.0942760942761
La Liga 2025/26,post_0_to_55m,119,78.25718494468495
La Liga 2025/26,post_0_to_55m,120,78.41958273208273
La Liga 2025/26,post_0_to_55m,121,78.57924482924483
La Liga 2025/26,post_0_to_55m,122,78.73806517556518
La Liga 2025/26,post_0_to_55m,123,78.89306758056757
La Liga 2025/26,post_0_to_55m,124,79.04707792207792
La Liga 2025/26,post_0_to_55m,125,79.1979316979317
La Liga 2025/26,post_0_to_55m,126,79.34845478595479
La Liga 2025/26,post_0_to_55m,127,79.49555074555074
La Liga 2025/26,post_0_to_55m,128,79.64207551707551
La Liga 2025/26,post_0_to_55m,129,79.7853835978836
La Liga 2025/26,post_0_to_55m,130,79.92830086580086
La Liga 2025/26,post_0_to_55m,131,80.06878306878306
La Liga 2025/26,post_0_to_55m,132,80.20839345839346
La Liga 2025/26,post_0_to_55m,133,80.3452380952381
La Liga 2025/26,post_0_to_55m,134,80.4813011063011
La Liga 2025/26,post_0_to_55m,135,80.61537999037999
La Liga 2025/26,post_0_to_55m,136,80.74876743626744
La Liga 2025/26,post_0_to_55m,137,80.87974987974988
La Liga 2025/26,post_0_to_55m,138,81.01055194805195
La Liga 2025/26,post_0_to_55m,139,81.13858826358826
La Liga 2025/26,post_0_to_55m,140,81.26590307840308
La Liga 2025/26,post_0_to_55m,141,81.39063251563252
La Liga 2025/26,post_0_to_55m,142,81.51512145262146
La Liga 2025/26,post_0_to_55m,143,81.63705507455508
La Liga 2025/26,post_0_to_55m,144,81.75856782106783
La Liga 2025/26,post_0_to_55m,145,81.87791606541606
La Liga 2025/26,post_0_to_55m,146,81.99693362193362
La Liga 2025/26,post_0_to_55m,147,82.1137566137566
La Liga 2025/26,post_0_to_55m,148,82.23042929292929
La Liga 2025/26,post_0_to_55m,149,82.34538840788841
La Liga 2025/26,post_0_to_55m,150,82.45983645983647
La Liga 2025/26,post_0_to_55m,151,82.57175925925925
La Liga 2025/26,post_0_to_55m,152,82.68329124579125
La Liga 2025/26,post_0_to_55m,153,82.79241822991823
La Liga 2025/26,post_0_to_55m,154,82.90121452621453
La Liga 2025/26,post_0_to_55m,155,83.00829725829726
La Liga 2025/26,post_0_to_55m,156,83.11501924001924
La Liga 2025/26,post_0_to_55m,157,83.21969696969697
La Liga 2025/26,post_0_to_55m,158,83.32416426166427
La Liga 2025/26,post_0_to_55m,159,83.42661736411736
La Liga 2025/26,post_0_to_55m,160,83.52867965367966
La Liga 2025/26,post_0_to_55m,161,83.62911856661857
La Liga 2025/26,post_0_to_55m,162,83.72934704184703
La Liga 2025/26,post_0_to_55m,163,83.8279822029822
La Liga 2025/26,post_0_to_55m,164,83.92643698893698
La Liga 2025/26,post_0_to_55m,165,84.02344877344878
La Liga 2025/26,post_0_to_55m,166,84.12022005772006
La Liga 2025/26,post_0_to_55m,167,84.21554834054834
La Liga 2025/26,post_0_to_55m,168,84.31066618566618
La Liga 2025/26,post_0_to_55m,169,84.40419071669072
La Liga 2025/26,post_0_to_55m,170,84.49753487253487
La Liga 2025/26,post_0_to_55m,171,84.58949615199616
La Liga 2025/26,post_0_to_55m,172,84.68121693121694
La Liga 2025/26,post_0_to_55m,173,84.77155483405484
La Liga 2025/26,post_0_to_55m,174,84.86162217412218
La Liga 2025/26,post_0_to_55m,175,84.95036676286676
La Liga 2025/26,post_0_to_55m,176,85.03890091390092
La Liga 2025/26,post_0_to_55m,177,85.12611231361231
La Liga 2025/26,post_0_to_55m,178,85.21299302549302
La Liga 2025/26,post_0_to_55m,179,85.29800986050986
La Liga 2025/26,post_0_to_55m,180,85.38275613275613
La Liga 2025/26,post_0_to_55m,181,85.46620971620972
La Liga 2025/26,post_0_to_55m,182,85.54945286195286
La Liga 2025/26,post_0_to_55m,183,85.63140331890332
La Liga 2025/26,post_0_to_55m,184,85.71314333814334
La Liga 2025/26,post_0_to_55m,185,85.79374098124099
La Liga 2025/26,post_0_to_55m,186,85.87409812409813
La Liga 2025/26,post_0_to_55m,187,85.95277176527176
La Liga 2025/26,post_0_to_55m,188,86.03123496873496
La Liga 2025/26,post_0_to_55m,189,86.10810485810485
La Liga 2025/26,post_0_to_55m,190,86.184613997114
La Liga 2025/26,post_0_to_55m,191,86.25992063492063
La Liga 2025/26,post_0_to_55m,192,86.33507696007696
La Liga 2025/26,post_0_to_55m,193,86.40960197210197
La Liga 2025/26,post_0_to_55m,194,86.48394660894661
La Liga 2025/26,post_0_to_55m,195,86.5574494949495
La Liga 2025/26,post_0_to_55m,196,86.63095238095238
La Liga 2025/26,post_0_to_55m,197,86.70280182780182
La Liga 2025/26,post_0_to_55m,198,86.77453102453103
La Liga 2025/26,post_0_to_55m,199,86.8452380952381
La Liga 2025/26,post_0_to_55m,200,86.9157647907648
La Liga 2025/26,post_0_to_55m,201,86.98547979797979
La Liga 2025/26,post_0_to_55m,202,87.0550444925445
La Liga 2025/26,post_0_to_55m,203,87.12376743626744
La Liga 2025/26,post_0_to_55m,204,87.19218975468975
La Liga 2025/26,post_0_to_55m,205,87.25983044733044
La Liga 2025/26,post_0_to_55m,206,87.32738095238095
La Liga 2025/26,post_0_to_55m,207,87.39405964405964
La Liga 2025/26,post_0_to_55m,208,87.46067821067821
La Liga 2025/26,post_0_to_55m,209,87.5260040885041
La Liga 2025/26,post_0_to_55m,210,87.59114959114959
La Liga 2025/26,post_0_to_55m,211,87.65521284271284
La Liga 2025/26,post_0_to_55m,212,87.71915584415585
La Liga 2025/26,post_0_to_55m,213,87.78210678210678
La Liga 2025/26,post_0_to_55m,214,87.84493746993746
La Liga 2025/26,post_0_to_55m,215,87.9072570947571
La Liga 2025/26,post_0_to_55m,216,87.96957671957672
La Liga 2025/26,post_0_to_55m,217,88.03093434343434
La Liga 2025/26,post_0_to_55m,218,88.09205146705146
La Liga 2025/26,post_0_to_55m,219,88.15229677729678
La Liga 2025/26,post_0_to_55m,220,88.21251202501203
La Liga 2025/26,post_0_to_55m,221,88.27224627224628
La Liga 2025/26,post_0_to_55m,222,88.33177008177009
La Liga 2025/26,post_0_to_55m,223,88.39075276575277
La Liga 2025/26,post_0_to_55m,224,88.44970538720538
La Liga 2025/26,post_0_to_55m,225,88.5080266955267
La Liga 2025/26,post_0_to_55m,226,88.56607744107744
La Liga 2025/26,post_0_to_55m,227,88.6233164983165
La Liga 2025/26,post_0_to_55m,228,88.68034511784512
La Liga 2025/26,post_0_to_55m,229,88.73683261183261
La Liga 2025/26,post_0_to_55m,230,88.79325998075998
La Liga 2025/26,post_0_to_55m,231,88.84902597402598
La Liga 2025/26,post_0_to_55m,232,88.90470177970178
La Liga 2025/26,post_0_to_55m,233,88.95944564694565
La Liga 2025/26,post_0_to_55m,234,89.01394901394902
La Liga 2025/26,post_0_to_55m,235,89.0675505050505
La Liga 2025/26,post_0_to_55m,236,89.12100168350169
La Liga 2025/26,post_0_to_55m,237,89.17367123617123
La Liga 2025/26,post_0_to_55m,238,89.2262506012506
La Liga 2025/26,post_0_to_55m,239,89.27789802789803
La Liga 2025/26,post_0_to_55m,240,89.32930495430496
La Liga 2025/26,post_0_to_55m,241,89.3800505050505
La Liga 2025/26,post_0_to_55m,242,89.43064574314575
La Liga 2025/26,post_0_to_55m,243,89.48060966810966
La Liga 2025/26,post_0_to_55m,244,89.53051346801347
La Liga 2025/26,post_0_to_55m,245,89.57969576719577
La Liga 2025/26,post_0_to_55m,246,89.62875781625782
La Liga 2025/26,post_0_to_55m,247,89.67718855218855
La Liga 2025/26,post_0_to_55m,248,89.72558922558923
La Liga 2025/26,post_0_to_55m,249,89.77338864838865
La Liga 2025/26,post_0_to_55m,250,89.82112794612794
La Liga 2025/26,post_0_to_55m,251,89.8680254930255
La Liga 2025/26,post_0_to_55m,252,89.91480278980279
La Liga 2025/26,post_0_to_55m,253,89.96112914862915
La Liga 2025/26,post_0_to_55m,254,90.00739538239539
La Liga 2025/26,post_0_to_55m,255,90.0532708032708
La Liga 2025/26,post_0_to_55m,256,90.0990860990861
La Liga 2025/26,post_0_to_55m,257,90.14408970658972
La Liga 2025/26,post_0_to_55m,258,90.18900312650312
La Liga 2025/26,post_0_to_55m,259,90.233645983646
La Liga 2025/26,post_0_to_55m,260,90.27834896584896
La Liga 2025/26,post_0_to_55m,261,90.32245069745068
La Liga 2025/26,post_0_to_55m,262,90.36643217893216
La Liga 2025/26,post_0_to_55m,263,90.40993265993266
La Liga 2025/26,post_0_to_55m,264,90.45340307840308
La Liga 2025/26,post_0_to_55m,265,90.49633237133236
La Liga 2025/26,post_0_to_55m,266,90.53920153920154
La Liga 2025/26,post_0_to_55m,267,90.58164983164984
La Liga 2025/26,post_0_to_55m,268,90.62406806156808
La Liga 2025/26,post_0_to_55m,269,90.66582491582491
La Liga 2025/26,post_0_to_55m,270,90.70749158249158
La Liga 2025/26,post_0_to_55m,271,90.74867724867724
La Liga 2025/26,post_0_to_55m,272,90.78965247715249
La Liga 2025/26,post_0_to_55m,273,90.83023689273688
La Liga 2025/26,post_0_to_55m,274,90.87082130832133
La Liga 2025/26,post_0_to_55m,275,90.91089466089466
La Liga 2025/26,post_0_to_55m,276,90.95084776334777
La Liga 2025/26,post_0_to_55m,277,90.99037999038
La Liga 2025/26,post_0_to_55m,278,91.02997234247236
La Liga 2025/26,post_0_to_55m,279,91.06920394420396
La Liga 2025/26,post_0_to_55m,280,91.1084656084656
La Liga 2025/26,post_0_to_55m,281,91.1473063973064
La Liga 2025/26,post_0_to_55m,282,91.18608706108706
La Liga 2025/26,post_0_to_55m,283,91.22468734968734
La Liga 2025/26,post_0_to_55m,284,91.26313732563732
La Liga 2025/26,post_0_to_55m,285,91.30131673881674
La Liga 2025/26,post_0_to_55m,286,91.33940596440596
La Liga 2025/26,post_0_to_55m,287,91.376924001924
La Liga 2025/26,post_0_to_55m,288,91.4143217893218
La Liga 2025/26,post_0_to_55m,289,91.45108826358826
La Liga 2025/26,post_0_to_55m,290,91.48779461279462
La Liga 2025/26,post_0_to_55m,291,91.52417027417027
La Liga 2025/26,post_0_to_55m,292,91.56048581048582
La Liga 2025/26,post_0_to_55m,293,91.59638047138048
La Liga 2025/26,post_0_to_55m,294,91.63224506974508
La Liga 2025/26,post_0_to_55m,295,91.6675986050986
La Liga 2025/26,post_0_to_55m,296,91.70295214045214
La Liga 2025/26,post_0_to_55m,297,91.73794492544492
La Liga 2025/26,post_0_to_55m,298,91.77299783549785
La Liga 2025/26,post_0_to_55m,299,91.80778018278018
La Liga 2025/26,post_0_to_55m,300,91.84253246753246
La Liga 2025/26,post_55_to_105m,1,1.6160052910052911
La Liga 2025/26,post_55_to_105m,2,5.004993386243386
La Liga 2025/26,post_55_to_105m,3,8.092361111111112
La Liga 2025/26,post_55_to_105m,4,11.410152116402116
La Liga 2025/26,post_55_to_105m,5,14.270337301587302
La Liga 2025/26,post_55_to_105m,6,17.12744708994709
La Liga 2025/26,post_55_to_105m,7,19.6520171957672
La Liga 2025/26,post_55_to_105m,8,22.131481481481483
La Liga 2025/26,post_55_to_105m,9,24.34599867724868
La Liga 2025/26,post_55_to_105m,10,26.513458994708994
La Liga 2025/26,post_55_to_105m,11,28.45793650793651
La Liga 2025/26,post_55_to_105m,12,30.373809523809523
La Liga 2025/26,post_55_to_105m,13,32.099074074074075
La Liga 2025/26,post_55_to_105m,14,33.805423280423284
La Liga 2025/26,post_55_to_105m,15,35.34467592592593
La Liga 2025/26,post_55_to_105m,16,36.86699735449736
La Liga 2025/26,post_55_to_105m,17,38.25277777777778
La Liga 2025/26,post_55_to_105m,18,39.6171626984127
La Liga 2025/26,post_55_to_105m,19,40.87430555555556
La Liga 2025/26,post_55_to_105m,20,42.108300264550266
La Liga 2025/26,post_55_to_105m,21,43.25122354497355
La Liga 2025/26,post_55_to_105m,22,44.37443783068783
La Liga 2025/26,post_55_to_105m,23,45.42374338624339
La Liga 2025/26,post_55_to_105m,24,46.45777116402117
La Liga 2025/26,post_55_to_105m,25,47.42509920634921
La Liga 2025/26,post_55_to_105m,26,48.38125
La Liga 2025/26,post_55_to_105m,27,49.27334656084656
La Liga 2025/26,post_55_to_105m,28,50.157407407407405
La Liga 2025/26,post_55_to_105m,29,50.9838955026455
La Liga 2025/26,post_55_to_105m,30,51.80376984126984
La Liga 2025/26,post_55_to_105m,31,52.57443783068783
La Liga 2025/26,post_55_to_105m,32,53.33905423280423
La Liga 2025/26,post_55_to_105m,33,54.06094576719577
La Liga 2025/26,post_55_to_105m,34,54.77387566137566
La Liga 2025/26,post_55_to_105m,35,55.452281746031744
La Liga 2025/26,post_55_to_105m,36,56.12172619047619
La Liga 2025/26,post_55_to_105m,37,56.75601851851852
La Liga 2025/26,post_55_to_105m,38,57.38300264550264
La Liga 2025/26,post_55_to_105m,39,57.979993386243386
La Liga 2025/26,post_55_to_105m,40,58.57364417989418
La Liga 2025/26,post_55_to_105m,41,59.13905423280424
La Liga 2025/26,post_55_to_105m,42,59.70099206349207
La Liga 2025/26,post_55_to_105m,43,60.23693783068783
La Liga 2025/26,post_55_to_105m,44,60.769444444444446
La Liga 2025/26,post_55_to_105m,45,61.27652116402116
La Liga 2025/26,post_55_to_105m,46,61.77976190476191
La Liga 2025/26,post_55_to_105m,47,62.260714285714286
La Liga 2025/26,post_55_to_105m,48,62.73759920634921
La Liga 2025/26,post_55_to_105m,49,63.195965608465606
La Liga 2025/26,post_55_to_105m,50,63.649007936507935
La Liga 2025/26,post_55_to_105m,51,64.08578042328043
La Liga 2025/26,post_55_to_105m,52,64.51960978835979
La Liga 2025/26,post_55_to_105m,53,64.93673941798941
La Liga 2025/26,post_55_to_105m,54,65.3515873015873
La Liga 2025/26,post_55_to_105m,55,65.74937169312169
La Liga 2025/26,post_55_to_105m,56,66.14470899470899
La Liga 2025/26,post_55_to_105m,57,66.52519841269842
La Liga 2025/26,post_55_to_105m,58,66.90406746031746
La Liga 2025/26,post_55_to_105m,59,67.26772486772487
La Liga 2025/26,post_55_to_105m,60,67.62953042328043
La Liga 2025/26,post_55_to_105m,61,67.97767857142857
La Liga 2025/26,post_55_to_105m,62,68.3234126984127
La Liga 2025/26,post_55_to_105m,63,68.65925925925926
La Liga 2025/26,post_55_to_105m,64,68.99335317460317
La Liga 2025/26,post_55_to_105m,65,69.31669973544973
La Liga 2025/26,post_55_to_105m,66,69.63743386243387
La Liga 2025/26,post_55_to_105m,67,69.94702380952381
La Liga 2025/26,post_55_to_105m,68,70.25539021164022
La Liga 2025/26,post_55_to_105m,69,70.55390211640211
La Liga 2025/26,post_55_to_105m,70,70.8514880952381
La Liga 2025/26,post_55_to_105m,71,71.13978174603174
La Liga 2025/26,post_55_to_105m,72,71.42688492063492
La Liga 2025/26,post_55_to_105m,73,71.70433201058201
La Liga 2025/26,post_55_to_105m,74,71.98055555555555
La Liga 2025/26,post_55_to_105m,75,72.24728835978836
La Liga 2025/26,post_55_to_105m,76,72.51253306878307
La Liga 2025/26,post_55_to_105m,77,72.77003968253969
La Liga 2025/26,post_55_to_105m,78,73.02632275132275
La Liga 2025/26,post_55_to_105m,79,73.2745701058201
La Liga 2025/26,post_55_to_105m,80,73.52106481481482
La Liga 2025/26,post_55_to_105m,81,73.76087962962963
La Liga 2025/26,post_55_to_105m,82,74.00003306878307
La Liga 2025/26,post_55_to_105m,83,74.2333664021164
La Liga 2025/26,post_55_to_105m,84,74.46593915343915
La Liga 2025/26,post_55_to_105m,85,74.69203042328043
La Liga 2025/26,post_55_to_105m,86,74.91693121693122
La Liga 2025/26,post_55_to_105m,87,75.13531746031747
La Liga 2025/26,post_55_to_105m,88,75.35281084656084
La Liga 2025/26,post_55_to_105m,89,75.56418650793651
La Liga 2025/26,post_55_to_105m,90,75.77427248677249
La Liga 2025/26,post_55_to_105m,91,75.97817460317461
La Liga 2025/26,post_55_to_105m,92,76.18121693121694
La Liga 2025/26,post_55_to_105m,93,76.37943121693122
La Liga 2025/26,post_55_to_105m,94,76.57688492063492
La Liga 2025/26,post_55_to_105m,95,76.7690806878307
La Liga 2025/26,post_55_to_105m,96,76.96028439153439
La Liga 2025/26,post_55_to_105m,97,77.14593253968253
La Liga 2025/26,post_55_to_105m,98,77.33095238095238
La Liga 2025/26,post_55_to_105m,99,77.51127645502646
La Liga 2025/26,post_55_to_105m,100,77.69107142857143
La Liga 2025/26,post_55_to_105m,101,77.86739417989418
La Liga 2025/26,post_55_to_105m,102,78.04282407407408
La Liga 2025/26,post_55_to_105m,103,78.21412037037037
La Liga 2025/26,post_55_to_105m,104,78.3850529100529
La Liga 2025/26,post_55_to_105m,105,78.5521164021164
La Liga 2025/26,post_55_to_105m,106,78.7182208994709
La Liga 2025/26,post_55_to_105m,107,78.88048941798942
La Liga 2025/26,post_55_to_105m,108,79.04186507936508
La Liga 2025/26,post_55_to_105m,109,79.1996693121693
La Liga 2025/26,post_55_to_105m,110,79.35697751322752
La Liga 2025/26,post_55_to_105m,111,79.51054894179894
La Liga 2025/26,post_55_to_105m,112,79.66392195767196
La Liga 2025/26,post_55_to_105m,113,79.81402116402117
La Liga 2025/26,post_55_to_105m,114,79.96375661375662
La Liga 2025/26,post_55_to_105m,115,80.11064814814814
La Liga 2025/26,post_55_to_105m,116,80.2568783068783
La Liga 2025/26,post_55_to_105m,117,80.39980158730158
La Liga 2025/26,post_55_to_105m,118,80.54219576719576
La Liga 2025/26,post_55_to_105m,119,80.68151455026455
La Liga 2025/26,post_55_to_105m,120,80.82040343915344
La Liga 2025/26,post_55_to_105m,121,80.95641534391534
La Liga 2025/26,post_55_to_105m,122,81.0916335978836
La Liga 2025/26,post_55_to_105m,123,81.22440476190476
La Liga 2025/26,post_55_to_105m,124,81.35694444444445
La Liga 2025/26,post_55_to_105m,125,81.48574735449735
La Liga 2025/26,post_55_to_105m,126,81.61428571428571
La Liga 2025/26,post_55_to_105m,127,81.73988095238096
La Liga 2025/26,post_55_to_105m,128,81.86491402116403
La Liga 2025/26,post_55_to_105m,129,81.98763227513227
La Liga 2025/26,post_55_to_105m,130,82.10998677248678
La Liga 2025/26,post_55_to_105m,131,82.2299933862434
La Liga 2025/26,post_55_to_105m,132,82.34970238095238
La Liga 2025/26,post_55_to_105m,133,82.46683201058201
La Liga 2025/26,post_55_to_105m,134,82.58363095238096
La Liga 2025/26,post_55_to_105m,135,82.69801587301588
La Liga 2025/26,post_55_to_105m,136,82.81207010582011
La Liga 2025/26,post_55_to_105m,137,82.92367724867725
La Liga 2025/26,post_55_to_105m,138,83.0349537037037
La Liga 2025/26,post_55_to_105m,139,83.14371693121693
La Liga 2025/26,post_55_to_105m,140,83.25251322751323
La Liga 2025/26,post_55_to_105m,141,83.3594246031746
La Liga 2025/26,post_55_to_105m,142,83.46613756613756
La Liga 2025/26,post_55_to_105m,143,83.57066798941798
La Liga 2025/26,post_55_to_105m,144,83.67506613756613
La Liga 2025/26,post_55_to_105m,145,83.77728174603175
La Liga 2025/26,post_55_to_105m,146,83.8791335978836
La Liga 2025/26,post_55_to_105m,147,83.97939814814815
La Liga 2025/26,post_55_to_105m,148,84.07916666666667
La Liga 2025/26,post_55_to_105m,149,84.17728174603175
La Liga 2025/26,post_55_to_105m,150,84.27523148148148
La Liga 2025/26,post_55_to_105m,151,84.37189153439154
La Liga 2025/26,post_55_to_105m,152,84.46832010582011
La Liga 2025/26,post_55_to_105m,153,84.56292989417989
La Liga 2025/26,post_55_to_105m,154,84.65734126984127
La Liga 2025/26,post_55_to_105m,155,84.75
La Liga 2025/26,post_55_to_105m,156,84.84249338624339
La Liga 2025/26,post_55_to_105m,157,84.93313492063493
La Liga 2025/26,post_55_to_105m,158,85.02347883597884
La Liga 2025/26,post_55_to_105m,159,85.11309523809524
La Liga 2025/26,post_55_to_105m,160,85.20271164021165
La Liga 2025/26,post_55_to_105m,161,85.29064153439154
La Liga 2025/26,post_55_to_105m,162,85.3782738095238
La Liga 2025/26,post_55_to_105m,163,85.46455026455027
La Liga 2025/26,post_55_to_105m,164,85.55056216931217
La Liga 2025/26,post_55_to_105m,165,85.63535052910053
La Liga 2025/26,post_55_to_105m,166,85.71974206349206
La Liga 2025/26,post_55_to_105m,167,85.80284391534391
La Liga 2025/26,post_55_to_105m,168,85.88587962962963
La Liga 2025/26,post_55_to_105m,169,85.96732804232805
La Liga 2025/26,post_55_to_105m,170,86.04847883597884
La Liga 2025/26,post_55_to_105m,171,86.12804232804233
La Liga 2025/26,post_55_to_105m,172,86.20737433862433
La Liga 2025/26,post_55_to_105m,173,86.28564814814816
La Liga 2025/26,post_55_to_105m,174,86.36359126984127
La Liga 2025/26,post_55_to_105m,175,86.44031084656085
La Liga 2025/26,post_55_to_105m,176,86.51689814814814
La Liga 2025/26,post_55_to_105m,177,86.59203042328042
La Liga 2025/26,post_55_to_105m,178,86.66693121693122
La Liga 2025/26,post_55_to_105m,179,86.74087301587302
La Liga 2025/26,post_55_to_105m,180,86.81458333333333
La Liga 2025/26,post_55_to_105m,181,86.88713624338624
La Liga 2025/26,post_55_to_105m,182,86.95958994708995
La Liga 2025/26,post_55_to_105m,183,87.03055555555555
La Liga 2025/26,post_55_to_105m,184,87.10155423280423
La Liga 2025/26,post_55_to_105m,185,87.17142857142858
La Liga 2025/26,post_55_to_105m,186,87.24113756613757
La Liga 2025/26,post_55_to_105m,187,87.30978835978836
La Liga 2025/26,post_55_to_105m,188,87.37830687830687
La Liga 2025/26,post_55_to_105m,189,87.44560185185185
La Liga 2025/26,post_55_to_105m,190,87.51259920634921
La Liga 2025/26,post_55_to_105m,191,87.57833994708994
La Liga 2025/26,post_55_to_105m,192,87.64401455026454
La Liga 2025/26,post_55_to_105m,193,87.70892857142857
La Liga 2025/26,post_55_to_105m,194,87.77357804232804
La Liga 2025/26,post_55_to_105m,195,87.83726851851851
La Liga 2025/26,post_55_to_105m,196,87.90072751322751
La Liga 2025/26,post_55_to_105m,197,87.96335978835978
La Liga 2025/26,post_55_to_105m,198,88.025958994709
La Liga 2025/26,post_55_to_105m,199,88.08806216931217
La Liga 2025/26,post_55_to_105m,200,88.14996693121694
La Liga 2025/26,post_55_to_105m,201,88.21087962962963
La Liga 2025/26,post_55_to_105m,202,88.27166005291005
La Liga 2025/26,post_55_to_105m,203,88.33151455026454
La Liga 2025/26,post_55_to_105m,204,88.39130291005291
La Liga 2025/26,post_55_to_105m,205,88.45009920634921
La Liga 2025/26,post_55_to_105m,206,88.50869708994709
La Liga 2025/26,post_55_to_105m,207,88.56617063492064
La Liga 2025/26,post_55_to_105m,208,88.62354497354498
La Liga 2025/26,post_55_to_105m,209,88.6801917989418
La Liga 2025/26,post_55_to_105m,210,88.73690476190477
La Liga 2025/26,post_55_to_105m,211,88.79279100529101
La Liga 2025/26,post_55_to_105m,212,88.84867724867725
La Liga 2025/26,post_55_to_105m,213,88.9038029100529
La Liga 2025/26,post_55_to_105m,214,88.9586970899471
La Liga 2025/26,post_55_to_105m,215,89.0130291005291
La Liga 2025/26,post_55_to_105m,216,89.06739417989418
La Liga 2025/26,post_55_to_105m,217,89.12103174603175
La Liga 2025/26,post_55_to_105m,218,89.17427248677248
La Liga 2025/26,post_55_to_105m,219,89.22695105820105
La Liga 2025/26,post_55_to_105m,220,89.27946428571428
La Liga 2025/26,post_55_to_105m,221,89.33125
La Liga 2025/26,post_55_to_105m,222,89.38280423280423
La Liga 2025/26,post_55_to_105m,223,89.43366402116402
La Liga 2025/26,post_55_to_105m,224,89.48445767195767
La Liga 2025/26,post_55_to_105m,225,89.5344246031746
La Liga 2025/26,post_55_to_105m,226,89.58435846560846
La Liga 2025/26,post_55_to_105m,227,89.63359788359789
La Liga 2025/26,post_55_to_105m,228,89.68277116402116
La Liga 2025/26,post_55_to_105m,229,89.73144841269841
La Liga 2025/26,post_55_to_105m,230,89.78012566137566
La Liga 2025/26,post_55_to_105m,231,89.82800925925926
La Liga 2025/26,post_55_to_105m,232,89.87585978835979
La Liga 2025/26,post_55_to_105m,233,89.92324735449735
La Liga 2025/26,post_55_to_105m,234,89.97056878306879
La Liga 2025/26,post_55_to_105m,235,90.01722883597884
La Liga 2025/26,post_55_to_105m,236,90.06372354497354
La Liga 2025/26,post_55_to_105m,237,90.10978835978835
La Liga 2025/26,post_55_to_105m,238,90.15562169312167
La Liga 2025/26,post_55_to_105m,239,90.20069444444444
La Liga 2025/26,post_55_to_105m,240,90.24560185185184
La Liga 2025/26,post_55_to_105m,241,90.28981481481482
La Liga 2025/26,post_55_to_105m,242,90.33396164021164
La Liga 2025/26,post_55_to_105m,243,90.377414021164
La Liga 2025/26,post_55_to_105m,244,90.4207671957672
La Liga 2025/26,post_55_to_105m,245,90.46359126984127
La Liga 2025/26,post_55_to_105m,246,90.50631613756612
La Liga 2025/26,post_55_to_105m,247,90.54861111111111
La Liga 2025/26,post_55_to_105m,248,90.59074074074074
La Liga 2025/26,post_55_to_105m,249,90.6323082010582
La Liga 2025/26,post_55_to_105m,250,90.67387566137566
La Liga 2025/26,post_55_to_105m,251,90.71488095238097
La Liga 2025/26,post_55_to_105m,252,90.75585317460316
La Liga 2025/26,post_55_to_105m,253,90.79623015873015
La Liga 2025/26,post_55_to_105m,254,90.83660714285716
La Liga 2025/26,post_55_to_105m,255,90.87662037037038
La Liga 2025/26,post_55_to_105m,256,90.91660052910052
La Liga 2025/26,post_55_to_105m,257,90.95608465608466
La Liga 2025/26,post_55_to_105m,258,90.99546957671956
La Liga 2025/26,post_55_to_105m,259,91.03425925925926
La Liga 2025/26,post_55_to_105m,260,91.07301587301588
La Liga 2025/26,post_55_to_105m,261,91.11137566137566
La Liga 2025/26,post_55_to_105m,262,91.14966931216932
La Liga 2025/26,post_55_to_105m,263,91.18746693121692
La Liga 2025/26,post_55_to_105m,264,91.22513227513228
La Liga 2025/26,post_55_to_105m,265,91.26243386243388
La Liga 2025/26,post_55_to_105m,266,91.2998015873016
La Liga 2025/26,post_55_to_105m,267,91.33677248677247
La Liga 2025/26,post_55_to_105m,268,91.3737433862434
La Liga 2025/26,post_55_to_105m,269,91.4103835978836
La Liga 2025/26,post_55_to_105m,270,91.44689153439154
La Liga 2025/26,post_55_to_105m,271,91.48300264550264
La Liga 2025/26,post_55_to_105m,272,91.51901455026454
La Liga 2025/26,post_55_to_105m,273,91.55459656084656
La Liga 2025/26,post_55_to_105m,274,91.59007936507936
La Liga 2025/26,post_55_to_105m,275,91.62503306878308
La Liga 2025/26,post_55_to_105m,276,91.66001984126984
La Liga 2025/26,post_55_to_105m,277,91.69441137566136
La Liga 2025/26,post_55_to_105m,278,91.7287037037037
La Liga 2025/26,post_55_to_105m,279,91.76276455026456
La Liga 2025/26,post_55_to_105m,280,91.79685846560848
La Liga 2025/26,post_55_to_105m,281,91.8306216931217
La Liga 2025/26,post_55_to_105m,282,91.864417989418
La Liga 2025/26,post_55_to_105m,283,91.89775132275132
La Liga 2025/26,post_55_to_105m,284,91.93101851851851
La Liga 2025/26,post_55_to_105m,285,91.96388888888887
La Liga 2025/26,post_55_to_105m,286,91.99666005291006
La Liga 2025/26,post_55_to_105m,287,92.02886904761904
La Liga 2025/26,post_55_to_105m,288,92.06111111111112
La Liga 2025/26,post_55_to_105m,289,92.09305555555557
La Liga 2025/26,post_55_to_105m,290,92.12486772486773
La Liga 2025/26,post_55_to_105m,291,92.15618386243386
La Liga 2025/26,post_55_to_105m,292,92.1875
La Liga 2025/26,post_55_to_105m,293,92.21832010582013
La Liga 2025/26,post_55_to_105m,294,92.24910714285714
La Liga 2025/26,post_55_to_105m,295,92.27959656084656
La Liga 2025/26,post_55_to_105m,296,92.3100529100529
La Liga 2025/26,post_55_to_105m,297,92.34011243386244
La Liga 2025/26,post_55_to_105m,298,92.37013888888887
La Liga 2025/26,post_55_to_105m,299,92.39983465608464
La Liga 2025/26,post_55_to_105m,300,92.4295634920635
La Liga 2025/26,post_105_to_135m,1,1.6438492063492065
La Liga 2025/26,post_105_to_135m,2,4.667713844797178
La Liga 2025/26,post_105_to_135m,3,6.9319885361552025
La Liga 2025/26,post_105_to_135m,4,9.203979276895945
La Liga 2025/26,post_105_to_135m,5,10.952656525573191
La Liga 2025/26,post_105_to_135m,6,12.640652557319225
La Liga 2025/26,post_105_to_135m,7,14.028604497354497
La Liga 2025/26,post_105_to_135m,8,15.361221340388006
La Liga 2025/26,post_105_to_135m,9,16.493110670194003
La Liga 2025/26,post_105_to_135m,10,17.59259259259259
La Liga 2025/26,post_105_to_135m,11,18.546406525573197
La Liga 2025/26,post_105_to_135m,12,19.478615520282187
La Liga 2025/26,post_105_to_135m,13,20.293154761904763
La Liga 2025/26,post_105_to_135m,14,21.097167107583772
La Liga 2025/26,post_105_to_135m,15,21.8111221340388
La Liga 2025/26,post_105_to_135m,16,22.52061287477954
La Liga 2025/26,post_105_to_135m,17,23.1617614638448
La Liga 2025/26,post_105_to_135m,18,23.794201940035272
La Liga 2025/26,post_105_to_135m,19,24.3694885361552
La Liga 2025/26,post_105_to_135m,20,24.93529541446208
La Liga 2025/26,post_105_to_135m,21,25.4564594356261
La Liga 2025/26,post_105_to_135m,22,25.97145061728395
La Liga 2025/26,post_105_to_135m,23,26.449680335097003
La Liga 2025/26,post_105_to_135m,24,26.924327601410933
La Liga 2025/26,post_105_to_135m,25,27.36717372134039
La Liga 2025/26,post_105_to_135m,26,27.807429453262788
La Liga 2025/26,post_105_to_135m,27,28.219466490299823
La Liga 2025/26,post_105_to_135m,28,28.62803130511464
La Liga 2025/26,post_105_to_135m,29,29.010471781305117
La Liga 2025/26,post_105_to_135m,30,29.39225088183421
La Liga 2025/26,post_105_to_135m,31,29.75187389770723
La Liga 2025/26,post_105_to_135m,32,30.110559964726637
La Liga 2025/26,post_105_to_135m,33,30.45188492063492
La Liga 2025/26,post_105_to_135m,34,30.790399029982364
La Liga 2025/26,post_105_to_135m,35,31.11199294532628
La Liga 2025/26,post_105_to_135m,36,31.43094135802469
La Liga 2025/26,post_105_to_135m,37,31.734402557319225
La Liga 2025/26,post_105_to_135m,38,32.03461199294533
La Liga 2025/26,post_105_to_135m,39,32.32225529100529
La Liga 2025/26,post_105_to_135m,40,32.60841049382716
La Liga 2025/26,post_105_to_135m,41,32.88299162257496
La Liga 2025/26,post_105_to_135m,42,33.15641534391534
La Liga 2025/26,post_105_to_135m,43,33.41738315696649
La Liga 2025/26,post_105_to_135m,44,33.67829585537919
La Liga 2025/26,post_105_to_135m,45,33.92879188712522
La Liga 2025/26,post_105_to_135m,46,34.17802028218695
La Liga 2025/26,post_105_to_135m,47,34.419642857142854
La Liga 2025/26,post_105_to_135m,48,34.661044973544975
La Liga 2025/26,post_105_to_135m,49,34.894896384479715
La Liga 2025/26,post_105_to_135m,50,35.12770061728395
La Liga 2025/26,post_105_to_135m,51,35.35543430335097
La Liga 2025/26,post_105_to_135m,52,35.58234126984127
La Liga 2025/26,post_105_to_135m,53,35.801477072310405
La Liga 2025/26,post_105_to_135m,54,36.01945546737213
La Liga 2025/26,post_105_to_135m,55,36.23043430335097
La Liga 2025/26,post_105_to_135m,56,36.44086199294533
La Liga 2025/26,post_105_to_135m,57,36.6454475308642
La Liga 2025/26,post_105_to_135m,58,36.84942680776014
La Liga 2025/26,post_105_to_135m,59,37.04673721340388
La Liga 2025/26,post_105_to_135m,60,37.24371693121693
La Liga 2025/26,post_105_to_135m,61,37.43551587301587
La Liga 2025/26,post_105_to_135m,62,37.62687389770724
La Liga 2025/26,post_105_to_135m,63,37.813712522045854
La Liga 2025/26,post_105_to_135m,64,37.99994488536155
La Liga 2025/26,post_105_to_135m,65,38.18193342151675
La Liga 2025/26,post_105_to_135m,66,38.36304012345679
La Liga 2025/26,post_105_to_135m,67,38.54050925925926
La Liga 2025/26,post_105_to_135m,68,38.71786816578484
La Liga 2025/26,post_105_to_135m,69,38.89076278659612
La Liga 2025/26,post_105_to_135m,70,39.063712522045854
La Liga 2025/26,post_105_to_135m,71,39.233024691358025
La Liga 2025/26,post_105_to_135m,72,39.40200617283951
La Liga 2025/26,post_105_to_135m,73,39.5664131393298
La Liga 2025/26,post_105_to_135m,74,39.73015873015873
La Liga 2025/26,post_105_to_135m,75,39.89059744268078
La Liga 2025/26,post_105_to_135m,76,40.05026455026455
La Liga 2025/26,post_105_to_135m,77,40.20673500881834
La Liga 2025/26,post_105_to_135m,78,40.36287477954145
La Liga 2025/26,post_105_to_135m,79,40.516975308641975
La Liga 2025/26,post_105_to_135m,80,40.67091049382716
La Liga 2025/26,post_105_to_135m,81,40.82131834215168
La Liga 2025/26,post_105_to_135m,82,40.97128527336861
La Liga 2025/26,post_105_to_135m,83,41.1193783068783
La Liga 2025/26,post_105_to_135m,84,41.26708553791888
La Liga 2025/26,post_105_to_135m,85,41.4117614638448
La Liga 2025/26,post_105_to_135m,86,41.55649250440917
La Liga 2025/26,post_105_to_135m,87,41.698192239858905
La Liga 2025/26,post_105_to_135m,88,41.839175485008816
La Liga 2025/26,post_105_to_135m,89,41.97872574955908
La Liga 2025/26,post_105_to_135m,90,42.11789021164021
La Liga 2025/26,post_105_to_135m,91,42.25435405643739
La Liga 2025/26,post_105_to_135m,92,42.3899360670194
La Liga 2025/26,post_105_to_135m,93,42.52314814814815
La Liga 2025/26,post_105_to_135m,94,42.65580908289242
La Liga 2025/26,post_105_to_135m,95,42.78692680776014
La Liga 2025/26,post_105_to_135m,96,42.91809964726632
La Liga 2025/26,post_105_to_135m,97,43.0475639329806
La Liga 2025/26,post_105_to_135m,98,43.17664241622575
La Liga 2025/26,post_105_to_135m,99,43.30395723104056
La Liga 2025/26,post_105_to_135m,100,43.43132716049383
La Liga 2025/26,post_105_to_135m,101,43.557153880070544
La Liga 2025/26,post_105_to_135m,102,43.68220899470899
La Liga 2025/26,post_105_to_135m,103,43.80610670194004
La Liga 2025/26,post_105_to_135m,104,43.930114638447975
La Liga 2025/26,post_105_to_135m,105,44.05230379188713
La Liga 2025/26,post_105_to_135m,106,44.17449294532628
La Liga 2025/26,post_105_to_135m,107,44.29458774250441
La Liga 2025/26,post_105_to_135m,108,44.41479276895944
La Liga 2025/26,post_105_to_135m,109,44.53345458553792
La Liga 2025/26,post_105_to_135m,110,44.6523368606702
La Liga 2025/26,post_105_to_135m,111,44.76912477954145
La Liga 2025/26,post_105_to_135m,112,44.885637125220455
La Liga 2025/26,post_105_to_135m,113,45.00088183421517
La Liga 2025/26,post_105_to_135m,114,45.11634700176367
La Liga 2025/26,post_105_to_135m,115,45.23026895943563
La Liga 2025/26,post_105_to_135m,116,45.34380511463845
La Liga 2025/26,post_105_to_135m,117,45.455302028218696
La Liga 2025/26,post_105_to_135m,118,45.5664131393298
La Liga 2025/26,post_105_to_135m,119,45.676532186948855
La Liga 2025/26,post_105_to_135m,120,45.786320546737215
La Liga 2025/26,post_105_to_135m,121,45.89506172839506
La Liga 2025/26,post_105_to_135m,122,46.00358245149912
La Liga 2025/26,post_105_to_135m,123,46.111276455026456
La Liga 2025/26,post_105_to_135m,124,46.21847442680776
La Liga 2025/26,post_105_to_135m,125,46.32418430335097
La Liga 2025/26,post_105_to_135m,126,46.4293430335097
La Liga 2025/26,post_105_to_135m,127,46.53361992945327
La Liga 2025/26,post_105_to_135m,128,46.63756613756614
La Liga 2025/26,post_105_to_135m,129,46.7404651675485
La Liga 2025/26,post_105_to_135m,130,46.84292328042328
La Liga 2025/26,post_105_to_135m,131,46.94449955908289
La Liga 2025/26,post_105_to_135m,132,47.045800264550266
La Liga 2025/26,post_105_to_135m,133,47.14605379188713
La Liga 2025/26,post_105_to_135m,134,47.24625220458554
La Liga 2025/26,post_105_to_135m,135,47.34567901234568
La Liga 2025/26,post_105_to_135m,136,47.445160934744266
La Liga 2025/26,post_105_to_135m,137,47.54337522045855
La Liga 2025/26,post_105_to_135m,138,47.64158950617284
La Liga 2025/26,post_105_to_135m,139,47.73914241622575
La Liga 2025/26,post_105_to_135m,140,47.83675044091711
La Liga 2025/26,post_105_to_135m,141,47.93380731922399
La Liga 2025/26,post_105_to_135m,142,48.03064373897707
La Liga 2025/26,post_105_to_135m,143,48.12714947089947
La Liga 2025/26,post_105_to_135m,144,48.223544973544975
La Liga 2025/26,post_105_to_135m,145,48.31900352733686
La Liga 2025/26,post_105_to_135m,146,48.414186507936506
La Liga 2025/26,post_105_to_135m,147,48.50887345679013
La Liga 2025/26,post_105_to_135m,148,48.60345017636684
La Liga 2025/26,post_105_to_135m,149,48.69725529100529
La Liga 2025/26,post_105_to_135m,150,48.79089506172839
La Liga 2025/26,post_105_to_135m,151,48.88398368606702
La Liga 2025/26,post_105_to_135m,152,48.9769069664903
La Liga 2025/26,post_105_to_135m,153,49.0691688712522
La Liga 2025/26,post_105_to_135m,154,49.161320546737215
La Liga 2025/26,post_105_to_135m,155,49.25225970017637
La Liga 2025/26,post_105_to_135m,156,49.34308862433863
La Liga 2025/26,post_105_to_135m,157,49.43298059964727
La Liga 2025/26,post_105_to_135m,158,49.5229828042328
La Liga 2025/26,post_105_to_135m,159,49.61259920634921
La Liga 2025/26,post_105_to_135m,160,49.70210537918872
La Liga 2025/26,post_105_to_135m,161,49.79128086419753
La Liga 2025/26,post_105_to_135m,162,49.88056657848325
La Liga 2025/26,post_105_to_135m,163,49.96924603174603
La Liga 2025/26,post_105_to_135m,164,50.057925485008816
La Liga 2025/26,post_105_to_135m,165,50.14627425044092
La Liga 2025/26,post_105_to_135m,166,50.23429232804233
La Liga 2025/26,post_105_to_135m,167,50.32170414462081
La Liga 2025/26,post_105_to_135m,168,50.40922619047619
La Liga 2025/26,post_105_to_135m,169,50.4959766313933
La Liga 2025/26,post_105_to_135m,170,50.58267195767196
La Liga 2025/26,post_105_to_135m,171,50.66859567901235
La Liga 2025/26,post_105_to_135m,172,50.754629629629626
La Liga 2025/26,post_105_to_135m,173,50.8397266313933
La Liga 2025/26,post_105_to_135m,174,50.92460317460318
La Liga 2025/26,post_105_to_135m,175,51.00914902998236
La Liga 2025/26,post_105_to_135m,176,51.09347442680776
La Liga 2025/26,post_105_to_135m,177,51.17757936507937
La Liga 2025/26,post_105_to_135m,178,51.261353615520285
La Liga 2025/26,post_105_to_135m,179,51.34413580246913
La Liga 2025/26,post_105_to_135m,180,51.42697310405644
La Liga 2025/26,post_105_to_135m,181,51.50964506172839
La Liga 2025/26,post_105_to_135m,182,51.5923721340388
La Liga 2025/26,post_105_to_135m,183,51.67460317460318
La Liga 2025/26,post_105_to_135m,184,51.75672398589065
La Liga 2025/26,post_105_to_135m,185,51.83845899470899
La Liga 2025/26,post_105_to_135m,186,51.91997354497354
La Liga 2025/26,post_105_to_135m,187,52.001212522045854
La Liga 2025/26,post_105_to_135m,188,52.08239638447972
La Liga 2025/26,post_105_to_135m,189,52.1630291005291
La Liga 2025/26,post_105_to_135m,190,52.24355158730159
La Liga 2025/26,post_105_to_135m,191,52.323853615520285
La Liga 2025/26,post_105_to_135m,192,52.40410052910053
La Liga 2025/26,post_105_to_135m,193,52.4836860670194
La Liga 2025/26,post_105_to_135m,194,52.56327160493827
La Liga 2025/26,post_105_to_135m,195,52.642526455026456
La Liga 2025/26,post_105_to_135m,196,52.72200176366843
La Liga 2025/26,post_105_to_135m,197,52.80136684303351
La Liga 2025/26,post_105_to_135m,198,52.88067680776014
La Liga 2025/26,post_105_to_135m,199,52.95965608465608
La Liga 2025/26,post_105_to_135m,200,53.03869047619048
La Liga 2025/26,post_105_to_135m,201,53.11717372134039
La Liga 2025/26,post_105_to_135m,202,53.195546737213405
La Liga 2025/26,post_105_to_135m,203,53.273533950617285
La Liga 2025/26,post_105_to_135m,204,53.351410934744266
La Liga 2025/26,post_105_to_135m,205,53.42884700176367
La Liga 2025/26,post_105_to_135m,206,53.50617283950617
La Liga 2025/26,post_105_to_135m,207,53.583278218694886
La Liga 2025/26,post_105_to_135m,208,53.66043871252205
La Liga 2025/26,post_105_to_135m,209,53.73699294532628
La Liga 2025/26,post_105_to_135m,210,53.81354717813051
La Liga 2025/26,post_105_to_135m,211,53.88988095238095
La Liga 2025/26,post_105_to_135m,212,53.96621472663139
La Liga 2025/26,post_105_to_135m,213,54.042217813051145
La Liga 2025/26,post_105_to_135m,214,54.11827601410935
La Liga 2025/26,post_105_to_135m,215,54.19411375661376
La Liga 2025/26,post_105_to_135m,216,54.27000661375661
La Liga 2025/26,post_105_to_135m,217,54.34567901234568
La Liga 2025/26,post_105_to_135m,218,54.42146164021164
La Liga 2025/26,post_105_to_135m,219,54.49702380952381
La Liga 2025/26,post_105_to_135m,220,54.57242063492063
La Liga 2025/26,post_105_to_135m,221,54.64743165784832
La Liga 2025/26,post_105_to_135m,222,54.72233245149912
La Liga 2025/26,post_105_to_135m,223,54.79679232804233
La Liga 2025/26,post_105_to_135m,224,54.87125220458554
La Liga 2025/26,post_105_to_135m,225,54.945436507936506
La Liga 2025/26,post_105_to_135m,226,55.01956569664903
La Liga 2025/26,post_105_to_135m,227,55.09341931216931
La Liga 2025/26,post_105_to_135m,228,55.167493386243386
La Liga 2025/26,post_105_to_135m,229,55.24123677248677
La Liga 2025/26,post_105_to_135m,230,55.31492504409171
La Liga 2025/26,post_105_to_135m,231,55.38817239858906
La Liga 2025/26,post_105_to_135m,232,55.46141975308642
La Liga 2025/26,post_105_to_135m,233,55.53444664902998
La Liga 2025/26,post_105_to_135m,234,55.6073082010582
La Liga 2025/26,post_105_to_135m,235,55.680114638447975
La Liga 2025/26,post_105_to_135m,236,55.7528659611993
La Liga 2025/26,post_105_to_135m,237,55.82517636684303
La Liga 2025/26,post_105_to_135m,238,55.89759700176367
La Liga 2025/26,post_105_to_135m,239,55.969686948853614
La Liga 2025/26,post_105_to_135m,240,56.04177689594356
La Liga 2025/26,post_105_to_135m,241,56.11375661375661
La Liga 2025/26,post_105_to_135m,242,56.185681216931215
La Liga 2025/26,post_105_to_135m,243,56.25733024691358
La Liga 2025/26,post_105_to_135m,244,56.32908950617284
La Liga 2025/26,post_105_to_135m,245,56.40040784832451
La Liga 2025/26,post_105_to_135m,246,56.47189153439153
La Liga 2025/26,post_105_to_135m,247,56.54326499118166
La Liga 2025/26,post_105_to_135m,248,56.614583333333336
La Liga 2025/26,post_105_to_135m,249,56.68584656084656
La Liga 2025/26,post_105_to_135m,250,56.75722001763668
La Liga 2025/26,post_105_to_135m,251,56.82826278659612
La Liga 2025/26,post_105_to_135m,252,56.89941578483245
La Liga 2025/26,post_105_to_135m,253,56.970293209876544
La Liga 2025/26,post_105_to_135m,254,57.04100529100529
La Liga 2025/26,post_105_to_135m,255,57.11166225749559
La Liga 2025/26,post_105_to_135m,256,57.18242945326279
La Liga 2025/26,post_105_to_135m,257,57.25308641975309
La Liga 2025/26,post_105_to_135m,258,57.323743386243386
La Liga 2025/26,post_105_to_135m,259,57.394069664903
La Liga 2025/26,post_105_to_135m,260,57.46428571428572
La Liga 2025/26,post_105_to_135m,261,57.53417107583774
La Liga 2025/26,post_105_to_135m,262,57.60400132275132
La Liga 2025/26,post_105_to_135m,263,57.673555996472665
La Liga 2025/26,post_105_to_135m,264,57.74305555555556
La Liga 2025/26,post_105_to_135m,265,57.81244488536155
La Liga 2025/26,post_105_to_135m,266,57.88194444444444
La Liga 2025/26,post_105_to_135m,267,57.95100308641975
La Liga 2025/26,post_105_to_135m,268,58.02017195767196
La Liga 2025/26,post_105_to_135m,269,58.089175485008816
La Liga 2025/26,post_105_to_135m,270,58.15812389770724
La Liga 2025/26,post_105_to_135m,271,58.2269069664903
La Liga 2025/26,post_105_to_135m,272,58.29557980599648
La Liga 2025/26,post_105_to_135m,273,58.36386684303351
La Liga 2025/26,post_105_to_135m,274,58.4319885361552
La Liga 2025/26,post_105_to_135m,275,58.49972442680776
La Liga 2025/26,post_105_to_135m,276,58.56746031746032
La Liga 2025/26,post_105_to_135m,277,58.63470017636684
La Liga 2025/26,post_105_to_135m,278,58.70182980599648
La Liga 2025/26,post_105_to_135m,279,58.76901455026455
La Liga 2025/26,post_105_to_135m,280,58.83619929453263
La Liga 2025/26,post_105_to_135m,281,58.90310846560847
La Liga 2025/26,post_105_to_135m,282,58.970017636684304
La Liga 2025/26,post_105_to_135m,283,59.0367614638448
La Liga 2025/26,post_105_to_135m,284,59.10345017636684
La Liga 2025/26,post_105_to_135m,285,59.169918430335095
La Liga 2025/26,post_105_to_135m,286,59.2364417989418
La Liga 2025/26,post_105_to_135m,287,59.30279982363316
La Liga 2025/26,post_105_to_135m,288,59.36899250440917
La Liga 2025/26,post_105_to_135m,289,59.43518518518518
La Liga 2025/26,post_105_to_135m,290,59.5013778659612
La Liga 2025/26,post_105_to_135m,291,59.567570546737215
La Liga 2025/26,post_105_to_135m,292,59.63365299823633
La Liga 2025/26,post_105_to_135m,293,59.69962522045855
La Liga 2025/26,post_105_to_135m,294,59.76559744268078
La Liga 2025/26,post_105_to_135m,295,59.831569664903
La Liga 2025/26,post_105_to_135m,296,59.89748677248677
La Liga 2025/26,post_105_to_135m,297,59.96318342151675
La Liga 2025/26,post_105_to_135m,298,60.02882495590829
La Liga 2025/26,post_105_to_135m,299,60.09435626102293
La Liga 2025/26,post_105_to_135m,300,60.15983245149912
Serie A 2025/26,pre_24h_to_1h,1,0.0019943731837784
Serie A 2025/26,pre_24h_to_1h,2,0.0080897051474262
Serie A 2025/26,pre_24h_to_1h,3,0.0172217132174653
Serie A 2025/26,pre_24h_to_1h,4,0.0363394691543117
Serie A 2025/26,pre_24h_to_1h,5,0.0678271975123549
Serie A 2025/26,pre_24h_to_1h,6,0.1063021729875802
Serie A 2025/26,pre_24h_to_1h,7,0.1452445073759416
Serie A 2025/26,pre_24h_to_1h,8,0.1857115423769596
Serie A 2025/26,pre_24h_to_1h,9,0.2261913024968997
Serie A 2025/26,pre_24h_to_1h,10,0.2680303366835101
Serie A 2025/26,pre_24h_to_1h,11,0.3097895496696096
Serie A 2025/26,pre_24h_to_1h,12,0.3526026338682511
Serie A 2025/26,pre_24h_to_1h,13,0.3952815259037148
Serie A 2025/26,pre_24h_to_1h,14,0.4389749569659614
Serie A 2025/26,pre_24h_to_1h,15,0.4824404927166046
Serie A 2025/26,pre_24h_to_1h,16,0.5267447294871083
Serie A 2025/26,pre_24h_to_1h,17,0.5709413811612712
Serie A 2025/26,pre_24h_to_1h,18,0.6160403594499047
Serie A 2025/26,pre_24h_to_1h,19,0.6610005182593888
Serie A 2025/26,pre_24h_to_1h,20,0.7067172432302368
Serie A 2025/26,pre_24h_to_1h,21,0.7521887204545875
Serie A 2025/26,pre_24h_to_1h,22,0.7983589223906565
Serie A 2025/26,pre_24h_to_1h,23,0.8442364465915191
Serie A 2025/26,pre_24h_to_1h,24,0.8908011272141707
Serie A 2025/26,pre_24h_to_1h,25,0.9370685027856442
Serie A 2025/26,pre_24h_to_1h,26,0.9838691765228496
Serie A 2025/26,pre_24h_to_1h,27,1.0304292298295297
Serie A 2025/26,pre_24h_to_1h,28,1.077478621800211
Serie A 2025/26,pre_24h_to_1h,29,1.1241879060469766
Serie A 2025/26,pre_24h_to_1h,30,1.1713980972476723
Serie A 2025/26,pre_24h_to_1h,31,1.2184220389805098
Serie A 2025/26,pre_24h_to_1h,32,1.265928378403391
Serie A 2025/26,pre_24h_to_1h,33,1.313110805708257
Serie A 2025/26,pre_24h_to_1h,34,1.3607143187665427
Serie A 2025/26,pre_24h_to_1h,35,1.408087622855239
Serie A 2025/26,pre_24h_to_1h,36,1.4558970514742628
Serie A 2025/26,pre_24h_to_1h,37,1.5033548040794418
Serie A 2025/26,pre_24h_to_1h,38,1.5511954670812742
Serie A 2025/26,pre_24h_to_1h,39,1.598783941362652
Serie A 2025/26,pre_24h_to_1h,40,1.6467021119070095
Serie A 2025/26,pre_24h_to_1h,41,1.6943102522812667
Serie A 2025/26,pre_24h_to_1h,42,1.7422318933126029
Serie A 2025/26,pre_24h_to_1h,43,1.7897821922372148
Serie A 2025/26,pre_24h_to_1h,44,1.8376575601088343
Serie A 2025/26,pre_24h_to_1h,45,1.8852414070742407
Serie A 2025/26,pre_24h_to_1h,46,1.9331884983434209
Serie A 2025/26,pre_24h_to_1h,47,1.9809898291594945
Serie A 2025/26,pre_24h_to_1h,48,2.029034094064079
Serie A 2025/26,pre_24h_to_1h,49,2.076841209025117
Serie A 2025/26,pre_24h_to_1h,50,2.1249028263645955
Serie A 2025/26,pre_24h_to_1h,51,2.172722666444556
Serie A 2025/26,pre_24h_to_1h,52,2.220849066207637
Serie A 2025/26,pre_24h_to_1h,53,2.2687290613952285
Serie A 2025/26,pre_24h_to_1h,54,2.3168323245784515
Serie A 2025/26,pre_24h_to_1h,55,2.364745867806837
Serie A 2025/26,pre_24h_to_1h,56,2.4129046587817204
Serie A 2025/26,pre_24h_to_1h,57,2.46078002665334
Serie A 2025/26,pre_24h_to_1h,58,2.508912210561386
Serie A 2025/26,pre_24h_to_1h,59,2.5568396357376866
Serie A 2025/26,pre_24h_to_1h,60,2.6049868584226403
Serie A 2025/26,pre_24h_to_1h,61,2.6529212245728986
Serie A 2025/26,pre_24h_to_1h,62,2.7010187036111573
Serie A 2025/26,pre_24h_to_1h,63,2.748876719047884
Serie A 2025/26,pre_24h_to_1h,64,2.796967257112185
Serie A 2025/26,pre_24h_to_1h,65,2.844755862809336
Serie A 2025/26,pre_24h_to_1h,66,2.8927388157772964
Serie A 2025/26,pre_24h_to_1h,67,2.940492716604661
Serie A 2025/26,pre_24h_to_1h,68,2.9884721990856424
Serie A 2025/26,pre_24h_to_1h,69,3.036206433820127
Serie A 2025/26,pre_24h_to_1h,70,3.084144270457364
Serie A 2025/26,pre_24h_to_1h,71,3.1317755474114795
Serie A 2025/26,pre_24h_to_1h,72,3.1796138967553262
Serie A 2025/26,pre_24h_to_1h,73,3.22717692079886
Serie A 2025/26,pre_24h_to_1h,74,3.274904214559387
Serie A 2025/26,pre_24h_to_1h,75,3.32235965350658
Serie A 2025/26,pre_24h_to_1h,76,3.370041830936384
Serie A 2025/26,pre_24h_to_1h,77,3.4174949562255907
Serie A 2025/26,pre_24h_to_1h,78,3.4651273900086994
Serie A 2025/26,pre_24h_to_1h,79,3.5124555777666724
Serie A 2025/26,pre_24h_to_1h,80,3.559930682806745
Serie A 2025/26,pre_24h_to_1h,81,3.60715244229737
Serie A 2025/26,pre_24h_to_1h,82,3.654531530531031
Serie A 2025/26,pre_24h_to_1h,83,3.701644548096322
Serie A 2025/26,pre_24h_to_1h,84,3.7489391878135008
Serie A 2025/26,pre_24h_to_1h,85,3.7959920502711606
Serie A 2025/26,pre_24h_to_1h,86,3.84323116219668
Serie A 2025/26,pre_24h_to_1h,87,3.890249319784552
Serie A 2025/26,pre_24h_to_1h,88,3.937376219297759
Serie A 2025/26,pre_24h_to_1h,89,3.984304144224184
Serie A 2025/26,pre_24h_to_1h,90,4.0313720454587525
Serie A 2025/26,pre_24h_to_1h,91,4.078169248708979
Serie A 2025/26,pre_24h_to_1h,92,4.125065939252596
Serie A 2025/26,pre_24h_to_1h,93,4.171782164473319
Serie A 2025/26,pre_24h_to_1h,94,4.218634895515206
Serie A 2025/26,pre_24h_to_1h,95,4.265294436115275
Serie A 2025/26,pre_24h_to_1h,96,4.312063875469673
Serie A 2025/26,pre_24h_to_1h,97,4.3586447516982245
Serie A 2025/26,pre_24h_to_1h,98,4.4053054491272885
Serie A 2025/26,pre_24h_to_1h,99,4.451745192218706
Serie A 2025/26,pre_24h_to_1h,100,4.49829136357747
Serie A 2025/26,pre_24h_to_1h,101,4.544625835230533
Serie A 2025/26,pre_24h_to_1h,102,4.591048225887056
Serie A 2025/26,pre_24h_to_1h,103,4.637190663927296
Serie A 2025/26,pre_24h_to_1h,104,4.6834684509597055
Serie A 2025/26,pre_24h_to_1h,105,4.729538008773391
Serie A 2025/26,pre_24h_to_1h,106,4.775734817776297
Serie A 2025/26,pre_24h_to_1h,107,4.821722240731486
Serie A 2025/26,pre_24h_to_1h,108,4.867777916597257
Serie A 2025/26,pre_24h_to_1h,109,4.913562894478686
Serie A 2025/26,pre_24h_to_1h,110,4.959471653062358
Serie A 2025/26,pre_24h_to_1h,111,5.005139791215504
Serie A 2025/26,pre_24h_to_1h,112,5.050885436911174
Serie A 2025/26,pre_24h_to_1h,113,5.096375423399412
Serie A 2025/26,pre_24h_to_1h,114,5.141916310363337
Serie A 2025/26,pre_24h_to_1h,115,5.187218890554723
Serie A 2025/26,pre_24h_to_1h,116,5.232600135117626
Serie A 2025/26,pre_24h_to_1h,117,5.277795130212671
Serie A 2025/26,pre_24h_to_1h,118,5.323117376496937
Serie A 2025/26,pre_24h_to_1h,119,5.368240648194421
Serie A 2025/26,pre_24h_to_1h,120,5.413454152553353
Serie A 2025/26,pre_24h_to_1h,121,5.458480250615433
Serie A 2025/26,pre_24h_to_1h,122,5.503581542562053
Serie A 2025/26,pre_24h_to_1h,123,5.548444527736132
Serie A 2025/26,pre_24h_to_1h,124,5.593385020452737
Serie A 2025/26,pre_24h_to_1h,125,5.638149675162419
Serie A 2025/26,pre_24h_to_1h,126,5.682980269124697
Serie A 2025/26,pre_24h_to_1h,127,5.727639652396024
Serie A 2025/26,pre_24h_to_1h,128,5.772368445406926
Serie A 2025/26,pre_24h_to_1h,129,5.816865872619246
Serie A 2025/26,pre_24h_to_1h,130,5.861417670794233
Serie A 2025/26,pre_24h_to_1h,131,5.905725378051715
Serie A 2025/26,pre_24h_to_1h,132,5.950112906509708
Serie A 2025/26,pre_24h_to_1h,133,5.994360458659559
Serie A 2025/26,pre_24h_to_1h,134,6.0386913024969
Serie A 2025/26,pre_24h_to_1h,135,6.082869444907176
Serie A 2025/26,pre_24h_to_1h,136,6.127137819978899
Serie A 2025/26,pre_24h_to_1h,137,6.171206063634849
Serie A 2025/26,pre_24h_to_1h,138,6.2153228941085015
Serie A 2025/26,pre_24h_to_1h,139,6.25928355266811
Serie A 2025/26,pre_24h_to_1h,140,6.303362207784996
Serie A 2025/26,pre_24h_to_1h,141,6.347288161474818
Serie A 2025/26,pre_24h_to_1h,142,6.391300877339108
Serie A 2025/26,pre_24h_to_1h,143,6.435140068854461
Serie A 2025/26,pre_24h_to_1h,144,6.479057924741333
Serie A 2025/26,pre_24h_to_1h,145,6.522836961149055
Serie A 2025/26,pre_24h_to_1h,146,6.566661113887501
Serie A 2025/26,pre_24h_to_1h,147,6.610286292039166
Serie A 2025/26,pre_24h_to_1h,148,6.653948488718604
Serie A 2025/26,pre_24h_to_1h,149,6.697425592759176
Serie A 2025/26,pre_24h_to_1h,150,6.740950126788458
Serie A 2025/26,pre_24h_to_1h,151,6.784333527680604
Serie A 2025/26,pre_24h_to_1h,152,6.827788651970312
Serie A 2025/26,pre_24h_to_1h,153,6.8710922316619465
Serie A 2025/26,pre_24h_to_1h,154,6.914465221093157
Serie A 2025/26,pre_24h_to_1h,155,6.957670470320395
Serie A 2025/26,pre_24h_to_1h,156,7.000939345142244
Serie A 2025/26,pre_24h_to_1h,157,7.043995363429397
Serie A 2025/26,pre_24h_to_1h,158,7.087124261943103
Serie A 2025/26,pre_24h_to_1h,159,7.130043774409092
Serie A 2025/26,pre_24h_to_1h,160,7.17300261906084
Serie A 2025/26,pre_24h_to_1h,161,7.215779841560701
Serie A 2025/26,pre_24h_to_1h,162,7.2585894552723635
Serie A 2025/26,pre_24h_to_1h,163,7.301257935846891
Serie A 2025/26,pre_24h_to_1h,164,7.343957650804228
Serie A 2025/26,pre_24h_to_1h,165,7.386494252873563
Serie A 2025/26,pre_24h_to_1h,166,7.429080598589594
Serie A 2025/26,pre_24h_to_1h,167,7.471516556536547
Serie A 2025/26,pre_24h_to_1h,168,7.514013826420123
Serie A 2025/26,pre_24h_to_1h,169,7.556338728783756
Serie A 2025/26,pre_24h_to_1h,170,7.598685610898254
Serie A 2025/26,pre_24h_to_1h,171,7.640889046217632
Serie A 2025/26,pre_24h_to_1h,172,7.6831561071316195
Serie A 2025/26,pre_24h_to_1h,173,7.725271623447536
Serie A 2025/26,pre_24h_to_1h,174,7.767387139763452
Serie A 2025/26,pre_24h_to_1h,175,7.809343013678346
Serie A 2025/26,pre_24h_to_1h,176,7.851332435634035
Serie A 2025/26,pre_24h_to_1h,177,7.89315758787273
Serie A 2025/26,pre_24h_to_1h,178,7.935019758639199
Serie A 2025/26,pre_24h_to_1h,179,7.976751207729468
Serie A 2025/26,pre_24h_to_1h,180,8.01855090973032
Serie A 2025/26,pre_24h_to_1h,181,8.06020716493605
Serie A 2025/26,pre_24h_to_1h,182,8.101908536472504
Serie A 2025/26,pre_24h_to_1h,183,8.143429442686065
Serie A 2025/26,pre_24h_to_1h,184,8.184982740111426
Serie A 2025/26,pre_24h_to_1h,185,8.226381022451736
Serie A 2025/26,pre_24h_to_1h,186,8.267838303070686
Serie A 2025/26,pre_24h_to_1h,187,8.309144039091565
Serie A 2025/26,pre_24h_to_1h,188,8.350475225350287
Serie A 2025/26,pre_24h_to_1h,189,8.391689571880727
Serie A 2025/26,pre_24h_to_1h,190,8.432930525478001
Serie A 2025/26,pre_24h_to_1h,191,8.474015307161235
Serie A 2025/26,pre_24h_to_1h,192,8.515150989320155
Serie A 2025/26,pre_24h_to_1h,193,8.556158263460862
Serie A 2025/26,pre_24h_to_1h,194,8.597207183445315
Serie A 2025/26,pre_24h_to_1h,195,8.63809877468673
Serie A 2025/26,pre_24h_to_1h,196,8.679021600310955
Serie A 2025/26,pre_24h_to_1h,197,8.719822958890925
Serie A 2025/26,pre_24h_to_1h,198,8.760639356247802
Serie A 2025/26,pre_24h_to_1h,199,8.801342384363373
Serie A 2025/26,pre_24h_to_1h,200,8.84206276491384
Serie A 2025/26,pre_24h_to_1h,201,8.882643169156163
Serie A 2025/26,pre_24h_to_1h,202,8.92325249412331
Serie A 2025/26,pre_24h_to_1h,203,8.963743822533178
Serie A 2025/26,pre_24h_to_1h,204,9.004245562403984
Serie A 2025/26,pre_24h_to_1h,205,9.044629305717512
Serie A 2025/26,pre_24h_to_1h,206,9.085043126584855
Serie A 2025/26,pre_24h_to_1h,207,9.125294991393192
Serie A 2025/26,pre_24h_to_1h,208,9.16557114961038
Serie A 2025/26,pre_24h_to_1h,209,9.20570501786144
Serie A 2025/26,pre_24h_to_1h,210,9.24585161123142
Serie A 2025/26,pre_24h_to_1h,211,9.285892933163048
Serie A 2025/26,pre_24h_to_1h,212,9.325949293871584
Serie A 2025/26,pre_24h_to_1h,213,9.365872619245932
Serie A 2025/26,pre_24h_to_1h,214,9.405831806319062
Serie A 2025/26,pre_24h_to_1h,215,9.445652173913045
Serie A 2025/26,pre_24h_to_1h,216,9.485523441982712
Serie A 2025/26,pre_24h_to_1h,217,9.525252420086254
Serie A 2025/26,pre_24h_to_1h,218,9.565004534769653
Serie A 2025/26,pre_24h_to_1h,219,9.604622457289874
Serie A 2025/26,pre_24h_to_1h,220,9.644251948100024
Serie A 2025/26,pre_24h_to_1h,221,9.68376459918189
Serie A 2025/26,pre_24h_to_1h,222,9.723300386843617
Serie A 2025/26,pre_24h_to_1h,223,9.762723962093029
Serie A 2025/26,pre_24h_to_1h,224,9.802169517093306
Serie A 2025/26,pre_24h_to_1h,225,9.841519055287172
Serie A 2025/26,pre_24h_to_1h,226,9.880876691283987
Serie A 2025/26,pre_24h_to_1h,227,9.920132526329429
Serie A 2025/26,pre_24h_to_1h,228,9.959410341125734
Serie A 2025/26,pre_24h_to_1h,229,9.99857362985174
Serie A 2025/26,pre_24h_to_1h,230,10.037772780276528
Serie A 2025/26,pre_24h_to_1h,231,10.076860875117996
Serie A 2025/26,pre_24h_to_1h,232,10.11598714531623
Serie A 2025/26,pre_24h_to_1h,233,10.154974596035316
Serie A 2025/26,pre_24h_to_1h,234,10.193993281137208
Serie A 2025/26,pre_24h_to_1h,235,10.232910165287729
Serie A 2025/26,pre_24h_to_1h,236,10.271850186018105
Serie A 2025/26,pre_24h_to_1h,237,10.31064444629537
Serie A 2025/26,pre_24h_to_1h,238,10.349457215836528
Serie A 2025/26,pre_24h_to_1h,239,10.388147361504434
Serie A 2025/26,pre_24h_to_1h,240,10.42684560497529
Serie A 2025/26,pre_24h_to_1h,241,10.46541428359894
Serie A 2025/26,pre_24h_to_1h,242,10.5039818053936
Serie A 2025/26,pre_24h_to_1h,243,10.542466035500768
Serie A 2025/26,pre_24h_to_1h,244,10.58097571584578
Serie A 2025/26,pre_24h_to_1h,245,10.619374340607472
Serie A 2025/26,pre_24h_to_1h,246,10.657769494882189
Serie A 2025/26,pre_24h_to_1h,247,10.696042025283656
Serie A 2025/26,pre_24h_to_1h,248,10.734355044699871
Serie A 2025/26,pre_24h_to_1h,249,10.772537342439891
Serie A 2025/26,pre_24h_to_1h,250,10.810725424324875
Serie A 2025/26,pre_24h_to_1h,251,10.848761961611787
Serie A 2025/26,pre_24h_to_1h,252,10.886815851333592
Serie A 2025/26,pre_24h_to_1h,253,10.924750587669129
Serie A 2025/26,pre_24h_to_1h,254,10.962706146926536
Serie A 2025/26,pre_24h_to_1h,255,11.000565689377533
Serie A 2025/26,pre_24h_to_1h,256,11.038455309382346
Serie A 2025/26,pre_24h_to_1h,257,11.07622577600089
Serie A 2025/26,pre_24h_to_1h,258,11.11403094748922
Serie A 2025/26,pre_24h_to_1h,259,11.151728533881208
Serie A 2025/26,pre_24h_to_1h,260,11.189442315879097
Serie A 2025/26,pre_24h_to_1h,261,11.227034630832732
Serie A 2025/26,pre_24h_to_1h,262,11.26463157310234
Serie A 2025/26,pre_24h_to_1h,263,11.302140596368483
Serie A 2025/26,pre_24h_to_1h,264,11.339662344753547
Serie A 2025/26,pre_24h_to_1h,265,11.37706262609436
Serie A 2025/26,pre_24h_to_1h,266,11.414455966461214
Serie A 2025/26,pre_24h_to_1h,267,11.4517463490477
Serie A 2025/26,pre_24h_to_1h,268,11.489042515779149
Serie A 2025/26,pre_24h_to_1h,269,11.526229940585264
Serie A 2025/26,pre_24h_to_1h,270,11.563427776852317
Serie A 2025/26,pre_24h_to_1h,271,11.600498361930146
Serie A 2025/26,pre_24h_to_1h,272,11.637583985784886
Serie A 2025/26,pre_24h_to_1h,273,11.674538887963426
Serie A 2025/26,pre_24h_to_1h,274,11.711492633312972
Serie A 2025/26,pre_24h_to_1h,275,11.748349205027116
Serie A 2025/26,pre_24h_to_1h,276,11.785201149425289
Serie A 2025/26,pre_24h_to_1h,277,11.82195823384604
Serie A 2025/26,pre_24h_to_1h,278,11.858715318266793
Serie A 2025/26,pre_24h_to_1h,279,11.895381013197104
Serie A 2025/26,pre_24h_to_1h,280,11.932062903733318
Serie A 2025/26,pre_24h_to_1h,281,11.96866034575305
Serie A 2025/26,pre_24h_to_1h,282,12.005263571917745
Serie A 2025/26,pre_24h_to_1h,283,12.041769624447037
Serie A 2025/26,pre_24h_to_1h,284,12.07829302941122
Serie A 2025/26,pre_24h_to_1h,285,12.114730829029927
Serie A 2025/26,pre_24h_to_1h,286,12.151176726451588
Serie A 2025/26,pre_24h_to_1h,287,12.187510411460936
Serie A 2025/26,pre_24h_to_1h,288,12.22384641012827
Serie A 2025/26,pre_24h_to_1h,289,12.26005053029041
Serie A 2025/26,pre_24h_to_1h,290,12.296244238991616
Serie A 2025/26,pre_24h_to_1h,291,12.332352342347344
Serie A 2025/26,pre_24h_to_1h,292,12.36849052325689
Serie A 2025/26,pre_24h_to_1h,293,12.404533844189016
Serie A 2025/26,pre_24h_to_1h,294,12.44061534047791
Serie A 2025/26,pre_24h_to_1h,295,12.47660429044737
Serie A 2025/26,pre_24h_to_1h,296,12.512596710903807
Serie A 2025/26,pre_24h_to_1h,297,12.548486173579876
Serie A 2025/26,pre_24h_to_1h,298,12.584377949913932
Serie A 2025/26,pre_24h_to_1h,299,12.620137847742797
Serie A 2025/26,pre_24h_to_1h,300,12.655915098006552
Serie A 2025/26,pre_last_hour,1,0.0957056194125159
Serie A 2025/26,pre_last_hour,2,0.3577852277564921
Serie A 2025/26,pre_last_hour,3,0.6921562366964665
Serie A 2025/26,pre_last_hour,4,1.1373722860791826
Serie A 2025/26,pre_last_hour,5,1.638250319284802
Serie A 2025/26,pre_last_hour,6,2.191916773094934
Serie A 2025/26,pre_last_hour,7,2.7308429118773945
Serie A 2025/26,pre_last_hour,8,3.2911611323967644
Serie A 2025/26,pre_last_hour,9,3.837217965091528
Serie A 2025/26,pre_last_hour,10,4.397855470412941
Serie A 2025/26,pre_last_hour,11,4.941358024691358
Serie A 2025/26,pre_last_hour,12,5.49659429544487
Serie A 2025/26,pre_last_hour,13,6.033924010217114
Serie A 2025/26,pre_last_hour,14,6.577479778629204
Serie A 2025/26,pre_last_hour,15,7.102836313324819
Serie A 2025/26,pre_last_hour,16,7.63487122179651
Serie A 2025/26,pre_last_hour,17,8.149638143891018
Serie A 2025/26,pre_last_hour,18,8.669460408684547
Serie A 2025/26,pre_last_hour,19,9.173105576841207
Serie A 2025/26,pre_last_hour,20,9.679145381013198
Serie A 2025/26,pre_last_hour,21,10.173052362707535
Serie A 2025/26,pre_last_hour,22,10.66969987228608
Serie A 2025/26,pre_last_hour,23,11.1517134951043
Serie A 2025/26,pre_last_hour,24,11.636334610472542
Serie A 2025/26,pre_last_hour,25,12.106215410813112
Serie A 2025/26,pre_last_hour,26,12.578411025968498
Serie A 2025/26,pre_last_hour,27,13.036558109833972
Serie A 2025/26,pre_last_hour,28,13.49686036611324
Serie A 2025/26,pre_last_hour,29,13.942528735632184
Serie A 2025/26,pre_last_hour,30,14.389979778629204
Serie A 2025/26,pre_last_hour,31,14.82410068114091
Serie A 2025/26,pre_last_hour,32,15.259019795657728
Serie A 2025/26,pre_last_hour,33,15.682684120902511
Serie A 2025/26,pre_last_hour,34,16.107386121753937
Serie A 2025/26,pre_last_hour,35,16.52165815240528
Serie A 2025/26,pre_last_hour,36,16.93680821626224
Serie A 2025/26,pre_last_hour,37,17.342379736057897
Serie A 2025/26,pre_last_hour,38,17.748137505321413
Serie A 2025/26,pre_last_hour,39,18.144316730523627
Serie A 2025/26,pre_last_hour,40,18.54052256279268
Serie A 2025/26,pre_last_hour,41,18.92824074074074
Serie A 2025/26,pre_last_hour,42,19.31550659855257
Serie A 2025/26,pre_last_hour,43,19.69447105151128
Serie A 2025/26,pre_last_hour,44,20.074100681140912
Serie A 2025/26,pre_last_hour,45,20.44526926351639
Serie A 2025/26,pre_last_hour,46,20.81633141762452
Serie A 2025/26,pre_last_hour,47,21.179650915283094
Serie A 2025/26,pre_last_hour,48,21.543076841209025
Serie A 2025/26,pre_last_hour,49,21.899398680289487
Serie A 2025/26,pre_last_hour,50,22.254842486164325
Serie A 2025/26,pre_last_hour,51,22.60310238399319
Serie A 2025/26,pre_last_hour,52,22.950164963814387
Serie A 2025/26,pre_last_hour,53,23.290203277990635
Serie A 2025/26,pre_last_hour,54,23.629656236696466
Serie A 2025/26,pre_last_hour,55,23.96378778203491
Serie A 2025/26,pre_last_hour,56,24.29818539804172
Serie A 2025/26,pre_last_hour,57,24.62611749680715
Serie A 2025/26,pre_last_hour,58,24.95325138356748
Serie A 2025/26,pre_last_hour,59,25.273786717752238
Serie A 2025/26,pre_last_hour,60,25.5941091954023
Serie A 2025/26,pre_last_hour,61,25.908471690080887
Serie A 2025/26,pre_last_hour,62,26.221663473818648
Serie A 2025/26,pre_last_hour,63,26.528948488718605
Serie A 2025/26,pre_last_hour,64,26.836020647083867
Serie A 2025/26,pre_last_hour,65,27.137345679012345
Serie A 2025/26,pre_last_hour,66,27.438032141336738
Serie A 2025/26,pre_last_hour,67,27.733743082162626
Serie A 2025/26,pre_last_hour,68,28.028575989782887
Serie A 2025/26,pre_last_hour,69,28.31904533844189
Serie A 2025/26,pre_last_hour,70,28.609434865900383
Serie A 2025/26,pre_last_hour,71,28.894955300127712
Serie A 2025/26,pre_last_hour,72,29.18055555555556
Serie A 2025/26,pre_last_hour,73,29.46181885908897
Serie A 2025/26,pre_last_hour,74,29.742283950617285
Serie A 2025/26,pre_last_hour,75,30.017613878246063
Serie A 2025/26,pre_last_hour,76,30.29225202213708
Serie A 2025/26,pre_last_hour,77,30.56271285653469
Serie A 2025/26,pre_last_hour,78,30.8330938697318
Serie A 2025/26,pre_last_hour,79,31.099297573435503
Serie A 2025/26,pre_last_hour,80,31.365527884206045
Serie A 2025/26,pre_last_hour,81,31.62710195828012
Serie A 2025/26,pre_last_hour,82,31.888170498084293
Serie A 2025/26,pre_last_hour,83,32.14482226479353
Serie A 2025/26,pre_last_hour,84,32.4015006385696
Serie A 2025/26,pre_last_hour,85,32.654267773520644
Serie A 2025/26,pre_last_hour,86,32.90690187313751
Serie A 2025/26,pre_last_hour,87,33.15578437633035
Serie A 2025/26,pre_last_hour,88,33.40410813111963
Serie A 2025/26,pre_last_hour,89,33.64955832269051
Serie A 2025/26,pre_last_hour,90,33.89524797786292
Serie A 2025/26,pre_last_hour,91,34.137186036611325
Serie A 2025/26,pre_last_hour,92,34.37901766709238
Serie A 2025/26,pre_last_hour,93,34.61749680715198
Serie A 2025/26,pre_last_hour,94,34.85501809280545
Serie A 2025/26,pre_last_hour,95,35.089426351639
Serie A 2025/26,pre_last_hour,96,35.32386121753938
Serie A 2025/26,pre_last_hour,97,35.55528948488718
Serie A 2025/26,pre_last_hour,98,35.78639846743295
Serie A 2025/26,pre_last_hour,99,36.014181566624096
Serie A 2025/26,pre_last_hour,100,36.24172520221371
Serie A 2025/26,pre_last_hour,101,36.46604938271605
Serie A 2025/26,pre_last_hour,102,36.689894636015325
Serie A 2025/26,pre_last_hour,103,36.91041400595999
Serie A 2025/26,pre_last_hour,104,37.13109301830566
Serie A 2025/26,pre_last_hour,105,37.34916453810132
Serie A 2025/26,pre_last_hour,106,37.56691677309493
Serie A 2025/26,pre_last_hour,107,37.78192848020434
Serie A 2025/26,pre_last_hour,108,37.99696679438059
Serie A 2025/26,pre_last_hour,109,38.20921136653895
Serie A 2025/26,pre_last_hour,110,38.42118986802895
Serie A 2025/26,pre_last_hour,111,38.63013516389953
Serie A 2025/26,pre_last_hour,112,38.838734567901234
Serie A 2025/26,pre_last_hour,113,39.044487015751386
Serie A 2025/26,pre_last_hour,114,39.25010642826735
Serie A 2025/26,pre_last_hour,115,39.45357066836952
Serie A 2025/26,pre_last_hour,116,39.65676883780332
Serie A 2025/26,pre_last_hour,117,39.85781183482333
Serie A 2025/26,pre_last_hour,118,40.05834929757344
Serie A 2025/26,pre_last_hour,119,40.25598659003831
Serie A 2025/26,pre_last_hour,120,40.45303852703278
Serie A 2025/26,pre_last_hour,121,40.64790868454661
Serie A 2025/26,pre_last_hour,122,40.84264580672627
Serie A 2025/26,pre_last_hour,123,41.03419008088548
Serie A 2025/26,pre_last_hour,124,41.22528203490848
Serie A 2025/26,pre_last_hour,125,41.41389953171562
Serie A 2025/26,pre_last_hour,126,41.60241060025543
Serie A 2025/26,pre_last_hour,127,41.7884472115794
Serie A 2025/26,pre_last_hour,128,41.97429757343551
Serie A 2025/26,pre_last_hour,129,42.15799276287782
Serie A 2025/26,pre_last_hour,130,42.34158152405279
Serie A 2025/26,pre_last_hour,131,42.52373350361856
Serie A 2025/26,pre_last_hour,132,42.70556619838229
Serie A 2025/26,pre_last_hour,133,42.88572264793529
Serie A 2025/26,pre_last_hour,134,43.06521392081737
Serie A 2025/26,pre_last_hour,135,43.242816091954026
Serie A 2025/26,pre_last_hour,136,43.42009897828864
Serie A 2025/26,pre_last_hour,137,43.59546615581098
Serie A 2025/26,pre_last_hour,138,43.77032779906343
Serie A 2025/26,pre_last_hour,139,43.943646232439335
Serie A 2025/26,pre_last_hour,140,44.1166453810132
Serie A 2025/26,pre_last_hour,141,44.2877288207748
Serie A 2025/26,pre_last_hour,142,44.45889208173691
Serie A 2025/26,pre_last_hour,143,44.62859195402299
Serie A 2025/26,pre_last_hour,144,44.79805236270754
Serie A 2025/26,pre_last_hour,145,44.96578331204768
Serie A 2025/26,pre_last_hour,146,45.13316836951894
Serie A 2025/26,pre_last_hour,147,45.29895700297999
Serie A 2025/26,pre_last_hour,148,45.46424010217114
Serie A 2025/26,pre_last_hour,149,45.62792677735207
Serie A 2025/26,pre_last_hour,150,45.7914005959983
Serie A 2025/26,pre_last_hour,151,45.95319816943381
Serie A 2025/26,pre_last_hour,152,46.11488931460196
Serie A 2025/26,pre_last_hour,153,46.274904214559385
Serie A 2025/26,pre_last_hour,154,46.43470625798212
Serie A 2025/26,pre_last_hour,155,46.59296509152831
Serie A 2025/26,pre_last_hour,156,46.75106428267348
Serie A 2025/26,pre_last_hour,157,46.90777990634312
Serie A 2025/26,pre_last_hour,158,47.06412303107705
Serie A 2025/26,pre_last_hour,159,47.218630268199234
Serie A 2025/26,pre_last_hour,160,47.37313750532142
Serie A 2025/26,pre_last_hour,161,47.52602171136654
Serie A 2025/26,pre_last_hour,162,47.67834716900809
Serie A 2025/26,pre_last_hour,163,47.82966155810984
Serie A 2025/26,pre_last_hour,164,47.98100255427842
Serie A 2025/26,pre_last_hour,165,48.13109301830566
Serie A 2025/26,pre_last_hour,166,48.281369731800766
Serie A 2025/26,pre_last_hour,167,48.430023414218816
Serie A 2025/26,pre_last_hour,168,48.57846424010217
Serie A 2025/26,pre_last_hour,169,48.72493614303959
Serie A 2025/26,pre_last_hour,170,48.8711153682418
Serie A 2025/26,pre_last_hour,171,49.015831204767984
Serie A 2025/26,pre_last_hour,172,49.16030757769264
Serie A 2025/26,pre_last_hour,173,49.303639846743295
Serie A 2025/26,pre_last_hour,174,49.44654640272456
Serie A 2025/26,pre_last_hour,175,49.58828224776501
Serie A 2025/26,pre_last_hour,176,49.729698808003405
Serie A 2025/26,pre_last_hour,177,49.86957215836526
Serie A 2025/26,pre_last_hour,178,50.00923265219242
Serie A 2025/26,pre_last_hour,179,50.147828863346106
Serie A 2025/26,pre_last_hour,180,50.28618561089826
Serie A 2025/26,pre_last_hour,181,50.42361111111112
Serie A 2025/26,pre_last_hour,182,50.56079714772243
Serie A 2025/26,pre_last_hour,183,50.69681247339293
Serie A 2025/26,pre_last_hour,184,50.83274797786292
Serie A 2025/26,pre_last_hour,185,50.96708705832269
Serie A 2025/26,pre_last_hour,186,51.10126649638144
Serie A 2025/26,pre_last_hour,187,51.2343018305662
Serie A 2025/26,pre_last_hour,188,51.36736377181779
Serie A 2025/26,pre_last_hour,189,51.49901553852703
Serie A 2025/26,pre_last_hour,190,51.63021498510004
Serie A 2025/26,pre_last_hour,191,51.7602969348659
Serie A 2025/26,pre_last_hour,192,51.8901926351639
Serie A 2025/26,pre_last_hour,193,52.01849191145168
Serie A 2025/26,pre_last_hour,194,52.14655172413793
Serie A 2025/26,pre_last_hour,195,52.2735472541507
Serie A 2025/26,pre_last_hour,196,52.40017028522776
Serie A 2025/26,pre_last_hour,197,52.52591528309919
Serie A 2025/26,pre_last_hour,198,52.65163367390379
Serie A 2025/26,pre_last_hour,199,52.77642081736909
Serie A 2025/26,pre_last_hour,200,52.901154746700726
Serie A 2025/26,pre_last_hour,201,53.02493082162622
Serie A 2025/26,pre_last_hour,202,53.14828118348233
Serie A 2025/26,pre_last_hour,203,53.27048744146445
Serie A 2025/26,pre_last_hour,204,53.39234780757769
Serie A 2025/26,pre_last_hour,205,53.513223712217965
Serie A 2025/26,pre_last_hour,206,53.63388676032354
Serie A 2025/26,pre_last_hour,207,53.75391123882503
Serie A 2025/26,pre_last_hour,208,53.8739889314602
Serie A 2025/26,pre_last_hour,209,53.9928693060877
Serie A 2025/26,pre_last_hour,210,54.1115368241805
Serie A 2025/26,pre_last_hour,211,54.22921988080034
Serie A 2025/26,pre_last_hour,212,54.34682311621967
Serie A 2025/26,pre_last_hour,213,54.46333546189868
Serie A 2025/26,pre_last_hour,214,54.579634951043
Serie A 2025/26,pre_last_hour,215,54.69529587058323
Serie A 2025/26,pre_last_hour,216,54.81082375478927
Serie A 2025/26,pre_last_hour,217,54.92523414218817
Serie A 2025/26,pre_last_hour,218,55.03956470838655
Serie A 2025/26,pre_last_hour,219,55.15307045551298
Serie A 2025/26,pre_last_hour,220,55.26644316730523
Serie A 2025/26,pre_last_hour,221,55.37912409535973
Serie A 2025/26,pre_last_hour,222,55.491805023414216
Serie A 2025/26,pre_last_hour,223,55.6036877394636
Serie A 2025/26,pre_last_hour,224,55.71551724137931
Serie A 2025/26,pre_last_hour,225,55.82684120902512
Serie A 2025/26,pre_last_hour,226,55.93789910600256
Serie A 2025/26,pre_last_hour,227,56.048371647509576
Serie A 2025/26,pre_last_hour,228,56.158790974882926
Serie A 2025/26,pre_last_hour,229,56.26849191145168
Serie A 2025/26,pre_last_hour,230,56.37805981268625
Serie A 2025/26,pre_last_hour,231,56.48680289484887
Serie A 2025/26,pre_last_hour,232,56.59527990634312
Serie A 2025/26,pre_last_hour,233,56.70253299276288
Serie A 2025/26,pre_last_hour,234,56.80944018731375
Serie A 2025/26,pre_last_hour,235,56.91541613452533
Serie A 2025/26,pre_last_hour,236,57.02139208173691
Serie A 2025/26,pre_last_hour,237,57.12662303107705
Serie A 2025/26,pre_last_hour,238,57.23172094508301
Serie A 2025/26,pre_last_hour,239,57.33594082588336
Serie A 2025/26,pre_last_hour,240,57.440134099616856
Serie A 2025/26,pre_last_hour,241,57.54358237547893
Serie A 2025/26,pre_last_hour,242,57.64692422307365
Serie A 2025/26,pre_last_hour,243,57.74965410813112
Serie A 2025/26,pre_last_hour,244,57.852517028522776
Serie A 2025/26,pre_last_hour,245,57.95487441464453
Serie A 2025/26,pre_last_hour,246,58.05685930183056
Serie A 2025/26,pre_last_hour,247,58.158019369944654
Serie A 2025/26,pre_last_hour,248,58.25896658152405
Serie A 2025/26,pre_last_hour,249,58.35940825883355
Serie A 2025/26,pre_last_hour,250,58.45961047254151
Serie A 2025/26,pre_last_hour,251,58.559147509578544
Serie A 2025/26,pre_last_hour,252,58.65863133248191
Serie A 2025/26,pre_last_hour,253,58.75731694338016
Serie A 2025/26,pre_last_hour,254,58.855922733077904
Serie A 2025/26,pre_last_hour,255,58.95373031077054
Serie A 2025/26,pre_last_hour,256,59.051218603661134
Serie A 2025/26,pre_last_hour,257,59.14772243507876
Serie A 2025/26,pre_last_hour,258,59.244173052362704
Serie A 2025/26,pre_last_hour,259,59.339692422307365
Serie A 2025/26,pre_last_hour,260,59.43515857811835
Serie A 2025/26,pre_last_hour,261,59.52995955725841
Serie A 2025/26,pre_last_hour,262,59.62462750106428
Serie A 2025/26,pre_last_hour,263,59.718630268199234
Serie A 2025/26,pre_last_hour,264,59.81255321413367
Serie A 2025/26,pre_last_hour,265,59.905944018731375
Serie A 2025/26,pre_last_hour,266,59.99920178799489
Serie A 2025/26,pre_last_hour,267,60.091687952320136
Serie A 2025/26,pre_last_hour,268,60.18393465304385
Serie A 2025/26,pre_last_hour,269,60.27554278416348
Serie A 2025/26,pre_last_hour,270,60.36701787994892
Serie A 2025/26,pre_last_hour,271,60.45769476372924
Serie A 2025/26,pre_last_hour,272,60.54815879097488
Serie A 2025/26,pre_last_hour,273,60.63785121328225
Serie A 2025/26,pre_last_hour,274,60.72741060025543
Serie A 2025/26,pre_last_hour,275,60.81641123882503
Serie A 2025/26,pre_last_hour,276,60.90519902085994
Serie A 2025/26,pre_last_hour,277,60.99345466155811
Serie A 2025/26,pre_last_hour,278,61.08160387398893
Serie A 2025/26,pre_last_hour,279,61.16908790974883
Serie A 2025/26,pre_last_hour,280,61.25646551724138
Serie A 2025/26,pre_last_hour,281,61.34285866326096
Serie A 2025/26,pre_last_hour,282,61.42941145168157
Serie A 2025/26,pre_last_hour,283,61.51524584929757
Serie A 2025/26,pre_last_hour,284,61.60097381864623
Serie A 2025/26,pre_last_hour,285,61.68622286079183
Serie A 2025/26,pre_last_hour,286,61.77136547467007
Serie A 2025/26,pre_last_hour,287,61.85594934014474
Serie A 2025/26,pre_last_hour,288,61.9403735632184
Serie A 2025/26,pre_last_hour,289,62.02439868028949
Serie A 2025/26,pre_last_hour,290,62.10850361856109
Serie A 2025/26,pre_last_hour,291,62.19223605789698
Serie A 2025/26,pre_last_hour,292,62.27578224776501
Serie A 2025/26,pre_last_hour,293,62.35861004682844
Serie A 2025/26,pre_last_hour,294,62.441278203490846
Serie A 2025/26,pre_last_hour,295,62.52352064708386
Serie A 2025/26,pre_last_hour,296,62.605603448275865
Serie A 2025/26,pre_last_hour,297,62.687287143465305
Serie A 2025/26,pre_last_hour,298,62.76881119625372
Serie A 2025/26,pre_last_hour,299,62.84982971477224
Serie A 2025/26,pre_last_hour,300,62.93092805449128
Serie A 2025/26,post_0_to_55m,1,0.6036224312086381
Serie A 2025/26,post_0_to_55m,2,2.097962382445141
Serie A 2025/26,post_0_to_55m,3,3.713775687913619
Serie A 2025/26,post_0_to_55m,4,5.584465343086033
Serie A 2025/26,post_0_to_55m,5,7.340996168582375
Serie A 2025/26,post_0_to_55m,6,9.185707651224892
Serie A 2025/26,post_0_to_55m,7,10.904533844189016
Serie A 2025/26,post_0_to_55m,8,12.661296876814118
Serie A 2025/26,post_0_to_55m,9,14.29763148728666
Serie A 2025/26,post_0_to_55m,10,15.943805874840358
Serie A 2025/26,post_0_to_55m,11,17.481336352026005
Serie A 2025/26,post_0_to_55m,12,19.021711366538952
Serie A 2025/26,post_0_to_55m,13,20.461163357715083
Serie A 2025/26,post_0_to_55m,14,21.90389527458493
Serie A 2025/26,post_0_to_55m,15,23.2488970161384
Serie A 2025/26,post_0_to_55m,16,24.590560780215952
Serie A 2025/26,post_0_to_55m,17,25.850835945663533
Serie A 2025/26,post_0_to_55m,18,27.104696389179143
Serie A 2025/26,post_0_to_55m,19,28.28651457099733
Serie A 2025/26,post_0_to_55m,20,29.457912457912457
Serie A 2025/26,post_0_to_55m,21,30.56501799605248
Serie A 2025/26,post_0_to_55m,22,31.65999071171485
Serie A 2025/26,post_0_to_55m,23,32.70161383954488
Serie A 2025/26,post_0_to_55m,24,33.73444212237316
Serie A 2025/26,post_0_to_55m,25,34.7167363288053
Serie A 2025/26,post_0_to_55m,26,35.69003250899802
Serie A 2025/26,post_0_to_55m,27,36.61444908858702
Serie A 2025/26,post_0_to_55m,28,37.53410542203645
Serie A 2025/26,post_0_to_55m,29,38.40891675374434
Serie A 2025/26,post_0_to_55m,30,39.2776326483223
Serie A 2025/26,post_0_to_55m,31,40.10539301056542
Serie A 2025/26,post_0_to_55m,32,40.92546151166841
Serie A 2025/26,post_0_to_55m,33,41.709073493556254
Serie A 2025/26,post_0_to_55m,34,42.485922442819
Serie A 2025/26,post_0_to_55m,35,43.23226518054104
Serie A 2025/26,post_0_to_55m,36,43.9706548241031
Serie A 2025/26,post_0_to_55m,37,44.67949611053059
Serie A 2025/26,post_0_to_55m,38,45.38299663299663
Serie A 2025/26,post_0_to_55m,39,46.05718100545687
Serie A 2025/26,post_0_to_55m,40,46.726982468361776
Serie A 2025/26,post_0_to_55m,41,47.37153140601416
Serie A 2025/26,post_0_to_55m,42,48.01155230465575
Serie A 2025/26,post_0_to_55m,43,48.62626262626262
Serie A 2025/26,post_0_to_55m,44,49.23676419366075
Serie A 2025/26,post_0_to_55m,45,49.82494485080692
Serie A 2025/26,post_0_to_55m,46,50.40839428770463
Serie A 2025/26,post_0_to_55m,47,50.97184488563799
Serie A 2025/26,post_0_to_55m,48,51.53097062579821
Serie A 2025/26,post_0_to_55m,49,52.07192615813305
Serie A 2025/26,post_0_to_55m,50,52.607540926506445
Serie A 2025/26,post_0_to_55m,51,53.1264077557181
Serie A 2025/26,post_0_to_55m,52,53.64068849413677
Serie A 2025/26,post_0_to_55m,53,54.138047138047135
Serie A 2025/26,post_0_to_55m,54,54.631922675026125
Serie A 2025/26,post_0_to_55m,55,55.1083826773482
Serie A 2025/26,post_0_to_55m,56,55.58208522001625
Serie A 2025/26,post_0_to_55m,57,56.04054916985952
Serie A 2025/26,post_0_to_55m,58,56.49683617787066
Serie A 2025/26,post_0_to_55m,59,56.93840705909671
Serie A 2025/26,post_0_to_55m,60,57.37698827354
Serie A 2025/26,post_0_to_55m,61,57.80186926738651
Serie A 2025/26,post_0_to_55m,62,58.22378962034134
Serie A 2025/26,post_0_to_55m,63,58.63340299547196
Serie A 2025/26,post_0_to_55m,64,59.04043306629514
Serie A 2025/26,post_0_to_55m,65,59.43718797167073
Serie A 2025/26,post_0_to_55m,66,59.83040171833275
Serie A 2025/26,post_0_to_55m,67,60.21307906652734
Serie A 2025/26,post_0_to_55m,68,60.59357947288981
Serie A 2025/26,post_0_to_55m,69,60.96313711830953
Serie A 2025/26,post_0_to_55m,70,61.33101126204574
Serie A 2025/26,post_0_to_55m,71,61.68785556716591
Serie A 2025/26,post_0_to_55m,72,62.04324857773133
Serie A 2025/26,post_0_to_55m,73,62.38920817369093
Serie A 2025/26,post_0_to_55m,74,62.73316498316498
Serie A 2025/26,post_0_to_55m,75,63.068414025310574
Serie A 2025/26,post_0_to_55m,76,63.401892488099385
Serie A 2025/26,post_0_to_55m,77,63.72733077905492
Serie A 2025/26,post_0_to_55m,78,64.0502438174852
Serie A 2025/26,post_0_to_55m,79,64.36476837338907
Serie A 2025/26,post_0_to_55m,80,64.67644839196564
Serie A 2025/26,post_0_to_55m,81,64.97947869499593
Serie A 2025/26,post_0_to_55m,82,65.28082549634274
Serie A 2025/26,post_0_to_55m,83,65.57482874724253
Serie A 2025/26,post_0_to_55m,84,65.8679612214095
Serie A 2025/26,post_0_to_55m,85,66.15383722280274
Serie A 2025/26,post_0_to_55m,86,66.43863926622548
Serie A 2025/26,post_0_to_55m,87,66.71647509578544
Serie A 2025/26,post_0_to_55m,88,66.99277255311738
Serie A 2025/26,post_0_to_55m,89,67.26239405549751
Serie A 2025/26,post_0_to_55m,90,67.53056426332289
Serie A 2025/26,post_0_to_55m,91,67.7928131893649
Serie A 2025/26,post_0_to_55m,92,68.05340763961453
Serie A 2025/26,post_0_to_55m,93,68.30860327412051
Serie A 2025/26,post_0_to_55m,94,68.56287008011147
Serie A 2025/26,post_0_to_55m,95,68.81127365610124
Serie A 2025/26,post_0_to_55m,96,69.05819691164518
Serie A 2025/26,post_0_to_55m,97,69.2985022640195
Serie A 2025/26,post_0_to_55m,98,69.53782073609659
Serie A 2025/26,post_0_to_55m,99,69.77136305584581
Serie A 2025/26,post_0_to_55m,100,70.00386044351562
Serie A 2025/26,post_0_to_55m,101,70.23049460118426
Serie A 2025/26,post_0_to_55m,102,70.45631603390224
Serie A 2025/26,post_0_to_55m,103,70.67673865087659
Serie A 2025/26,post_0_to_55m,104,70.89663880181122
Serie A 2025/26,post_0_to_55m,105,71.11221409497271
Serie A 2025/26,post_0_to_55m,106,71.32686055961918
Serie A 2025/26,post_0_to_55m,107,71.53732729594799
Serie A 2025/26,post_0_to_55m,108,71.74683617787066
Serie A 2025/26,post_0_to_55m,109,71.95213630558459
Serie A 2025/26,post_0_to_55m,110,72.15679786369442
Serie A 2025/26,post_0_to_55m,111,72.35806339254616
Serie A 2025/26,post_0_to_55m,112,72.55845814466504
Serie A 2025/26,post_0_to_55m,113,72.75426680599094
Serie A 2025/26,post_0_to_55m,114,72.94929176825728
Serie A 2025/26,post_0_to_55m,115,73.14068849413677
Serie A 2025/26,post_0_to_55m,116,73.33202716823406
Serie A 2025/26,post_0_to_55m,117,73.51965052827121
Serie A 2025/26,post_0_to_55m,118,73.70631603390224
Serie A 2025/26,post_0_to_55m,119,73.88920817369093
Serie A 2025/26,post_0_to_55m,120,74.0711714849646
Serie A 2025/26,post_0_to_55m,121,74.24910019737607
Serie A 2025/26,post_0_to_55m,122,74.42633228840126
Serie A 2025/26,post_0_to_55m,123,74.60054568675258
Serie A 2025/26,post_0_to_55m,124,74.77403343782655
Serie A 2025/26,post_0_to_55m,125,74.94377684894927
Serie A 2025/26,post_0_to_55m,126,75.11276558690352
Serie A 2025/26,post_0_to_55m,127,75.27867758040172
Serie A 2025/26,post_0_to_55m,128,75.44403808196911
Serie A 2025/26,post_0_to_55m,129,75.60574132125856
Serie A 2025/26,post_0_to_55m,130,75.76663183559735
Serie A 2025/26,post_0_to_55m,131,75.92432950191571
Serie A 2025/26,post_0_to_55m,132,76.0813015209567
Serie A 2025/26,post_0_to_55m,133,76.23595146871008
Serie A 2025/26,post_0_to_55m,134,76.3900208986416
Serie A 2025/26,post_0_to_55m,135,76.54144897248345
Serie A 2025/26,post_0_to_55m,136,76.69206432137467
Serie A 2025/26,post_0_to_55m,137,76.840270521305
Serie A 2025/26,post_0_to_55m,138,76.98789620341344
Serie A 2025/26,post_0_to_55m,139,77.13279345175897
Serie A 2025/26,post_0_to_55m,140,77.27702310460931
Serie A 2025/26,post_0_to_55m,141,77.41800185765703
Serie A 2025/26,post_0_to_55m,142,77.55840009288285
Serie A 2025/26,post_0_to_55m,143,77.69662138627656
Serie A 2025/26,post_0_to_55m,144,77.83443631719494
Serie A 2025/26,post_0_to_55m,145,77.97024846162778
Serie A 2025/26,post_0_to_55m,146,78.10562521769418
Serie A 2025/26,post_0_to_55m,147,78.23830256588877
Serie A 2025/26,post_0_to_55m,148,78.37051549982584
Serie A 2025/26,post_0_to_55m,149,78.50029025891095
Serie A 2025/26,post_0_to_55m,150,78.62962962962963
Serie A 2025/26,post_0_to_55m,151,78.75687913618948
Serie A 2025/26,post_0_to_55m,152,78.88378033205619
Serie A 2025/26,post_0_to_55m,153,79.0090560780216
Serie A 2025/26,post_0_to_55m,154,79.13389643562057
Serie A 2025/26,post_0_to_55m,155,79.25685011029839
Serie A 2025/26,post_0_to_55m,156,79.37928131893649
Serie A 2025/26,post_0_to_55m,157,79.49985487054452
Serie A 2025/26,post_0_to_55m,158,79.6201381632416
Serie A 2025/26,post_0_to_55m,159,79.73908626494834
Serie A 2025/26,post_0_to_55m,160,79.85736677115987
Serie A 2025/26,post_0_to_55m,161,79.97387669801464
Serie A 2025/26,post_0_to_55m,162,80.09012539184953
Serie A 2025/26,post_0_to_55m,163,80.20466155810983
Serie A 2025/26,post_0_to_55m,164,80.31876233600372
Serie A 2025/26,post_0_to_55m,165,80.43083130152095
Serie A 2025/26,post_0_to_55m,166,80.54261000812726
Serie A 2025/26,post_0_to_55m,167,80.65279229072333
Serie A 2025/26,post_0_to_55m,168,80.76262626262626
Serie A 2025/26,post_0_to_55m,169,80.87095088819227
Serie A 2025/26,post_0_to_55m,170,80.9790723325206
Serie A 2025/26,post_0_to_55m,171,81.08556832694764
Serie A 2025/26,post_0_to_55m,172,81.1919191919192
Serie A 2025/26,post_0_to_55m,173,81.29638337396958
Serie A 2025/26,post_0_to_55m,174,81.4006443747823
Serie A 2025/26,post_0_to_55m,175,81.50351213282248
Serie A 2025/26,post_0_to_55m,176,81.6060896319517
Serie A 2025/26,post_0_to_55m,177,81.70724486241727
Serie A 2025/26,post_0_to_55m,178,81.80819691164518
Serie A 2025/26,post_0_to_55m,179,81.90772669220945
Serie A 2025/26,post_0_to_55m,180,82.00696621386277
Serie A 2025/26,post_0_to_55m,181,82.10484151863463
Serie A 2025/26,post_0_to_55m,182,82.2026007198421
Serie A 2025/26,post_0_to_55m,183,82.29916985951469
Serie A 2025/26,post_0_to_55m,184,82.39550679205851
Serie A 2025/26,post_0_to_55m,185,82.4904214559387
Serie A 2025/26,post_0_to_55m,186,82.58504586090793
Serie A 2025/26,post_0_to_55m,187,82.67816091954023
Serie A 2025/26,post_0_to_55m,188,82.77107279693486
Serie A 2025/26,post_0_to_55m,189,82.86262045744805
Serie A 2025/26,post_0_to_55m,190,82.95370370370371
Serie A 2025/26,post_0_to_55m,191,83.04319052594914
Serie A 2025/26,post_0_to_55m,192,83.13238708928364
Serie A 2025/26,post_0_to_55m,193,83.22030651340997
Serie A 2025/26,post_0_to_55m,194,83.30813885986299
Serie A 2025/26,post_0_to_55m,195,83.39460698943458
Serie A 2025/26,post_0_to_55m,196,83.48098804133286
Serie A 2025/26,post_0_to_55m,197,83.56617903169628
Serie A 2025/26,post_0_to_55m,198,83.6512829443864
Serie A 2025/26,post_0_to_55m,199,83.73510971786834
Serie A 2025/26,post_0_to_55m,200,83.81896551724138
Serie A 2025/26,post_0_to_55m,201,83.90166028097063
Serie A 2025/26,post_0_to_55m,202,83.9841518634622
Serie A 2025/26,post_0_to_55m,203,84.06530825496343
Serie A 2025/26,post_0_to_55m,204,84.14652269824684
Serie A 2025/26,post_0_to_55m,205,84.2268663647974
Serie A 2025/26,post_0_to_55m,206,84.30712295367468
Serie A 2025/26,post_0_to_55m,207,84.38633461047255
Serie A 2025/26,post_0_to_55m,208,84.46534308603275
Serie A 2025/26,post_0_to_55m,209,84.54336468129571
Serie A 2025/26,post_0_to_55m,210,84.62124114710322
Serie A 2025/26,post_0_to_55m,211,84.69789852548473
Serie A 2025/26,post_0_to_55m,212,84.7742656449553
Serie A 2025/26,post_0_to_55m,213,84.84967491001974
Serie A 2025/26,post_0_to_55m,214,84.92476489028213
Serie A 2025/26,post_0_to_55m,215,84.9988679902473
Serie A 2025/26,post_0_to_55m,216,85.07273888308372
Serie A 2025/26,post_0_to_55m,217,85.14582607686056
Serie A 2025/26,post_0_to_55m,218,85.21856495994427
Serie A 2025/26,post_0_to_55m,219,85.29022988505747
Serie A 2025/26,post_0_to_55m,220,85.3616626030419
Serie A 2025/26,post_0_to_55m,221,85.43210844072912
Serie A 2025/26,post_0_to_55m,222,85.50235109717869
Serie A 2025/26,post_0_to_55m,223,85.57183908045977
Serie A 2025/26,post_0_to_55m,224,85.641065830721
Serie A 2025/26,post_0_to_55m,225,85.70918959712063
Serie A 2025/26,post_0_to_55m,226,85.77702310460931
Serie A 2025/26,post_0_to_55m,227,85.84398583536515
Serie A 2025/26,post_0_to_55m,228,85.91068733310112
Serie A 2025/26,post_0_to_55m,229,85.97669220945083
Serie A 2025/26,post_0_to_55m,230,86.04272611169164
Serie A 2025/26,post_0_to_55m,231,86.1077731336352
Serie A 2025/26,post_0_to_55m,232,86.1726460002322
Serie A 2025/26,post_0_to_55m,233,86.23615464994775
Serie A 2025/26,post_0_to_55m,234,86.29957622199001
Serie A 2025/26,post_0_to_55m,235,86.362301172646
Serie A 2025/26,post_0_to_55m,236,86.42491001973761
Serie A 2025/26,post_0_to_55m,237,86.48670614187856
Serie A 2025/26,post_0_to_55m,238,86.54835713456403
Serie A 2025/26,post_0_to_55m,239,86.60922442818995
Serie A 2025/26,post_0_to_55m,240,86.67000464414258
Serie A 2025/26,post_0_to_55m,241,86.72994310925345
Serie A 2025/26,post_0_to_55m,242,86.78979449669104
Serie A 2025/26,post_0_to_55m,243,86.8487751073958
Serie A 2025/26,post_0_to_55m,244,86.90769766631836
Serie A 2025/26,post_0_to_55m,245,86.9661558109834
Serie A 2025/26,post_0_to_55m,246,87.02443980030186
Serie A 2025/26,post_0_to_55m,247,87.08199814234297
Serie A 2025/26,post_0_to_55m,248,87.1394113549286
Serie A 2025/26,post_0_to_55m,249,87.19606989434575
Serie A 2025/26,post_0_to_55m,250,87.25252525252525
Serie A 2025/26,post_0_to_55m,251,87.30822593753628
Serie A 2025/26,post_0_to_55m,252,87.36389759665622
Serie A 2025/26,post_0_to_55m,253,87.41890166028097
Serie A 2025/26,post_0_to_55m,254,87.47378962034135
Serie A 2025/26,post_0_to_55m,255,87.52812608847091
Serie A 2025/26,post_0_to_55m,256,87.58228840125392
Serie A 2025/26,post_0_to_55m,257,87.6359862997794
Serie A 2025/26,post_0_to_55m,258,87.68945199117613
Serie A 2025/26,post_0_to_55m,259,87.74227911296877
Serie A 2025/26,post_0_to_55m,260,87.7951642865436
Serie A 2025/26,post_0_to_55m,261,87.84735283873215
Serie A 2025/26,post_0_to_55m,262,87.89925113200975
Serie A 2025/26,post_0_to_55m,263,87.95059793335655
Serie A 2025/26,post_0_to_55m,264,88.00179960524788
Serie A 2025/26,post_0_to_55m,265,88.0525078369906
Serie A 2025/26,post_0_to_55m,266,88.10298386160456
Serie A 2025/26,post_0_to_55m,267,88.15308254963428
Serie A 2025/26,post_0_to_55m,268,88.20309415999071
Serie A 2025/26,post_0_to_55m,269,88.25255427841634
Serie A 2025/26,post_0_to_55m,270,88.3018982932776
Serie A 2025/26,post_0_to_55m,271,88.35051666086149
Serie A 2025/26,post_0_to_55m,272,88.39887379542552
Serie A 2025/26,post_0_to_55m,273,88.44662138627656
Serie A 2025/26,post_0_to_55m,274,88.49428189945431
Serie A 2025/26,post_0_to_55m,275,88.54139092070126
Serie A 2025/26,post_0_to_55m,276,88.58832578660164
Serie A 2025/26,post_0_to_55m,277,88.6348833159178
Serie A 2025/26,post_0_to_55m,278,88.68141181934286
Serie A 2025/26,post_0_to_55m,279,88.72730175316383
Serie A 2025/26,post_0_to_55m,280,88.7731336352026
Serie A 2025/26,post_0_to_55m,281,88.81850110298386
Serie A 2025/26,post_0_to_55m,282,88.86381051898293
Serie A 2025/26,post_0_to_55m,283,88.90848136537792
Serie A 2025/26,post_0_to_55m,284,88.9531522117729
Serie A 2025/26,post_0_to_55m,285,88.99738766980147
Serie A 2025/26,post_0_to_55m,286,89.04150702426564
Serie A 2025/26,post_0_to_55m,287,89.0852200162545
Serie A 2025/26,post_0_to_55m,288,89.1286137234413
Serie A 2025/26,post_0_to_55m,289,89.17165911993499
Serie A 2025/26,post_0_to_55m,290,89.21467549053756
Serie A 2025/26,post_0_to_55m,291,89.25711134331824
Serie A 2025/26,post_0_to_55m,292,89.29943109253455
Serie A 2025/26,post_0_to_55m,293,89.34151863462208
Serie A 2025/26,post_0_to_55m,294,89.38363520260071
Serie A 2025/26,post_0_to_55m,295,89.42522930453966
Serie A 2025/26,post_0_to_55m,296,89.46682340647858
Serie A 2025/26,post_0_to_55m,297,89.5078660164867
Serie A 2025/26,post_0_to_55m,298,89.54879252293046
Serie A 2025/26,post_0_to_55m,299,89.58939974457216
Serie A 2025/26,post_0_to_55m,300,89.62994891443168
Serie A 2025/26,post_55_to_105m,1,0.8900063856960408
Serie A 2025/26,post_55_to_105m,2,2.975862068965517
Serie A 2025/26,post_55_to_105m,3,5.101564495530012
Serie A 2025/26,post_55_to_105m,4,7.490900383141763
Serie A 2025/26,post_55_to_105m,5,9.646232439335888
Serie A 2025/26,post_55_to_105m,6,11.855906768837803
Serie A 2025/26,post_55_to_105m,7,13.857854406130269
Serie A 2025/26,post_55_to_105m,8,15.861717752234991
Serie A 2025/26,post_55_to_105m,9,17.681864623243932
Serie A 2025/26,post_55_to_105m,10,19.48943167305236
Serie A 2025/26,post_55_to_105m,11,21.14441251596424
Serie A 2025/26,post_55_to_105m,12,22.78799489144317
Serie A 2025/26,post_55_to_105m,13,24.299010217113665
Serie A 2025/26,post_55_to_105m,14,25.799872286079182
Serie A 2025/26,post_55_to_105m,15,27.1801404853129
Serie A 2025/26,post_55_to_105m,16,28.55079821200511
Serie A 2025/26,post_55_to_105m,17,29.825478927203065
Serie A 2025/26,post_55_to_105m,18,31.09169859514687
Serie A 2025/26,post_55_to_105m,19,32.2727650063857
Serie A 2025/26,post_55_to_105m,20,33.44112388250319
Serie A 2025/26,post_55_to_105m,21,34.53556832694764
Serie A 2025/26,post_55_to_105m,22,35.616858237547895
Serie A 2025/26,post_55_to_105m,23,36.63726053639847
Serie A 2025/26,post_55_to_105m,24,37.64591315453384
Serie A 2025/26,post_55_to_105m,25,38.598595146871006
Serie A 2025/26,post_55_to_105m,26,39.54457215836526
Serie A 2025/26,post_55_to_105m,27,40.43518518518518
Serie A 2025/26,post_55_to_105m,28,41.320019157088126
Serie A 2025/26,post_55_to_105m,29,42.1536717752235
Serie A 2025/26,post_55_to_105m,30,42.98109833971903
Serie A 2025/26,post_55_to_105m,31,43.76254789272031
Serie A 2025/26,post_55_to_105m,32,44.53726053639847
Serie A 2025/26,post_55_to_105m,33,45.2742656449553
Serie A 2025/26,post_55_to_105m,34,46.00616219667944
Serie A 2025/26,post_55_to_105m,35,46.704533844189015
Serie A 2025/26,post_55_to_105m,36,47.39607279693487
Serie A 2025/26,post_55_to_105m,37,48.05434227330779
Serie A 2025/26,post_55_to_105m,38,48.70775862068965
Serie A 2025/26,post_55_to_105m,39,49.33371647509578
Serie A 2025/26,post_55_to_105m,40,49.95475734355045
Serie A 2025/26,post_55_to_105m,41,50.5485632183908
Serie A 2025/26,post_55_to_105m,42,51.13812260536398
Serie A 2025/26,post_55_to_105m,43,51.70175606641124
Serie A 2025/26,post_55_to_105m,44,52.2625159642401
Serie A 2025/26,post_55_to_105m,45,52.79984035759898
Serie A 2025/26,post_55_to_105m,46,53.3345466155811
Serie A 2025/26,post_55_to_105m,47,53.84802043422733
Serie A 2025/26,post_55_to_105m,48,54.35705619412516
Serie A 2025/26,post_55_to_105m,49,54.847988505747125
Serie A 2025/26,post_55_to_105m,50,55.33512132822478
Serie A 2025/26,post_55_to_105m,51,55.806353767560665
Serie A 2025/26,post_55_to_105m,52,56.27436143039591
Serie A 2025/26,post_55_to_105m,53,56.724616858237546
Serie A 2025/26,post_55_to_105m,54,57.17228607918263
Serie A 2025/26,post_55_to_105m,55,57.60373563218391
Serie A 2025/26,post_55_to_105m,56,58.03349297573436
Serie A 2025/26,post_55_to_105m,57,58.44859514687101
Serie A 2025/26,post_55_to_105m,58,58.86149425287356
Serie A 2025/26,post_55_to_105m,59,59.26123882503193
Serie A 2025/26,post_55_to_105m,60,59.6587803320562
Serie A 2025/26,post_55_to_105m,61,60.04517879948914
Serie A 2025/26,post_55_to_105m,62,60.4286717752235
Serie A 2025/26,post_55_to_105m,63,60.79910600255428
Serie A 2025/26,post_55_to_105m,64,61.16663473818646
Serie A 2025/26,post_55_to_105m,65,61.52397828863346
Serie A 2025/26,post_55_to_105m,66,61.87998084291188
Serie A 2025/26,post_55_to_105m,67,62.22477650063857
Serie A 2025/26,post_55_to_105m,68,62.56819923371648
Serie A 2025/26,post_55_to_105m,69,62.90242656449553
Serie A 2025/26,post_55_to_105m,70,63.23473818646232
Serie A 2025/26,post_55_to_105m,71,63.55708812260536
Serie A 2025/26,post_55_to_105m,72,63.87854406130269
Serie A 2025/26,post_55_to_105m,73,64.19150702426565
Serie A 2025/26,post_55_to_105m,74,64.50280970625798
Serie A 2025/26,post_55_to_105m,75,64.80526819923372
Serie A 2025/26,post_55_to_105m,76,65.10613026819924
Serie A 2025/26,post_55_to_105m,77,65.39872286079182
Serie A 2025/26,post_55_to_105m,78,65.69000638569604
Serie A 2025/26,post_55_to_105m,79,65.97270114942529
Serie A 2025/26,post_55_to_105m,80,66.25399106002554
Serie A 2025/26,post_55_to_105m,81,66.52812899106003
Serie A 2025/26,post_55_to_105m,82,66.8014687100894
Serie A 2025/26,post_55_to_105m,83,67.06730523627076
Serie A 2025/26,post_55_to_105m,84,67.33189655172414
Serie A 2025/26,post_55_to_105m,85,67.58882503192848
Serie A 2025/26,post_55_to_105m,86,67.8448914431673
Serie A 2025/26,post_55_to_105m,87,68.09454022988506
Serie A 2025/26,post_55_to_105m,88,68.3433269476373
Serie A 2025/26,post_55_to_105m,89,68.58623882503193
Serie A 2025/26,post_55_to_105m,90,68.8279374201788
Serie A 2025/26,post_55_to_105m,91,69.06379310344828
Serie A 2025/26,post_55_to_105m,92,69.29865900383142
Serie A 2025/26,post_55_to_105m,93,69.52844827586208
Serie A 2025/26,post_55_to_105m,94,69.75670498084291
Serie A 2025/26,post_55_to_105m,95,69.98052362707536
Serie A 2025/26,post_55_to_105m,96,70.20354406130268
Serie A 2025/26,post_55_to_105m,97,70.42088122605364
Serie A 2025/26,post_55_to_105m,98,70.63770753512132
Serie A 2025/26,post_55_to_105m,99,70.8507024265645
Serie A 2025/26,post_55_to_105m,100,71.06350574712644
Serie A 2025/26,post_55_to_105m,101,71.27100893997445
Serie A 2025/26,post_55_to_105m,102,71.47812899106003
Serie A 2025/26,post_55_to_105m,103,71.68077905491698
Serie A 2025/26,post_55_to_105m,104,71.88317369093231
Serie A 2025/26,post_55_to_105m,105,72.08122605363985
Serie A 2025/26,post_55_to_105m,106,72.2786717752235
Serie A 2025/26,post_55_to_105m,107,72.47228607918264
Serie A 2025/26,post_55_to_105m,108,72.6647190293742
Serie A 2025/26,post_55_to_105m,109,72.8528735632184
Serie A 2025/26,post_55_to_105m,110,73.03991060025542
Serie A 2025/26,post_55_to_105m,111,73.22318007662835
Serie A 2025/26,post_55_to_105m,112,73.40616219667943
Serie A 2025/26,post_55_to_105m,113,73.58540868454662
Serie A 2025/26,post_55_to_105m,114,73.7639846743295
Serie A 2025/26,post_55_to_105m,115,73.9381864623244
Serie A 2025/26,post_55_to_105m,116,74.11187739463601
Serie A 2025/26,post_55_to_105m,117,74.28224776500639
Serie A 2025/26,post_55_to_105m,118,74.45239463601533
Serie A 2025/26,post_55_to_105m,119,74.61976372924649
Serie A 2025/26,post_55_to_105m,120,74.7859514687101
Serie A 2025/26,post_55_to_105m,121,74.94907407407408
Serie A 2025/26,post_55_to_105m,122,75.11149425287357
Serie A 2025/26,post_55_to_105m,123,75.27014687100893
Serie A 2025/26,post_55_to_105m,124,75.42876756066411
Serie A 2025/26,post_55_to_105m,125,75.58451468710089
Serie A 2025/26,post_55_to_105m,126,75.73991060025543
Serie A 2025/26,post_55_to_105m,127,75.89262452107279
Serie A 2025/26,post_55_to_105m,128,76.04476372924648
Serie A 2025/26,post_55_to_105m,129,76.19425287356322
Serie A 2025/26,post_55_to_105m,130,76.3434227330779
Serie A 2025/26,post_55_to_105m,131,76.49035759897829
Serie A 2025/26,post_55_to_105m,132,76.6368454661558
Serie A 2025/26,post_55_to_105m,133,76.78106641123883
Serie A 2025/26,post_55_to_105m,134,76.92480842911877
Serie A 2025/26,post_55_to_105m,135,77.06574074074074
Serie A 2025/26,post_55_to_105m,136,77.20635376756067
Serie A 2025/26,post_55_to_105m,137,77.3447637292465
Serie A 2025/26,post_55_to_105m,138,77.48288633461047
Serie A 2025/26,post_55_to_105m,139,77.6184546615581
Serie A 2025/26,post_55_to_105m,140,77.7537356321839
Serie A 2025/26,post_55_to_105m,141,77.88607918263091
Serie A 2025/26,post_55_to_105m,142,78.01794380587484
Serie A 2025/26,post_55_to_105m,143,78.14757343550447
Serie A 2025/26,post_55_to_105m,144,78.27678799489145
Serie A 2025/26,post_55_to_105m,145,78.40325670498085
Serie A 2025/26,post_55_to_105m,146,78.5295019157088
Serie A 2025/26,post_55_to_105m,147,78.65399106002555
Serie A 2025/26,post_55_to_105m,148,78.77812899106003
Serie A 2025/26,post_55_to_105m,149,78.9006704980843
Serie A 2025/26,post_55_to_105m,150,79.0228607918263
Serie A 2025/26,post_55_to_105m,151,79.1433908045977
Serie A 2025/26,post_55_to_105m,152,79.26363346104725
Serie A 2025/26,post_55_to_105m,153,79.3816091954023
Serie A 2025/26,post_55_to_105m,154,79.49945721583653
Serie A 2025/26,post_55_to_105m,155,79.61516602809706
Serie A 2025/26,post_55_to_105m,156,79.73068326947637
Serie A 2025/26,post_55_to_105m,157,79.84441251596424
Serie A 2025/26,post_55_to_105m,158,79.95785440613027
Serie A 2025/26,post_55_to_105m,159,80.06938058748403
Serie A 2025/26,post_55_to_105m,160,80.18065134099616
Serie A 2025/26,post_55_to_105m,161,80.29007024265645
Serie A 2025/26,post_55_to_105m,162,80.39948914431673
Serie A 2025/26,post_55_to_105m,163,80.50795019157088
Serie A 2025/26,post_55_to_105m,164,80.61602809706258
Serie A 2025/26,post_55_to_105m,165,80.72231800766284
Serie A 2025/26,post_55_to_105m,166,80.82857598978289
Serie A 2025/26,post_55_to_105m,167,80.93298212005108
Serie A 2025/26,post_55_to_105m,168,81.03726053639846
Serie A 2025/26,post_55_to_105m,169,81.14003831417625
Serie A 2025/26,post_55_to_105m,170,81.24240102171137
Serie A 2025/26,post_55_to_105m,171,81.34329501915708
Serie A 2025/26,post_55_to_105m,172,81.44364623243933
Serie A 2025/26,post_55_to_105m,173,81.54182630906769
Serie A 2025/26,post_55_to_105m,174,81.63984674329502
Serie A 2025/26,post_55_to_105m,175,81.73633461047254
Serie A 2025/26,post_55_to_105m,176,81.83247126436781
Serie A 2025/26,post_55_to_105m,177,81.92704342273308
Serie A 2025/26,post_55_to_105m,178,82.02158365261813
Serie A 2025/26,post_55_to_105m,179,82.11455938697318
Serie A 2025/26,post_55_to_105m,180,82.20753512132822
Serie A 2025/26,post_55_to_105m,181,82.29955300127713
Serie A 2025/26,post_55_to_105m,182,82.3912196679438
Serie A 2025/26,post_55_to_105m,183,82.48100255427842
Serie A 2025/26,post_55_to_105m,184,82.570625798212
Serie A 2025/26,post_55_to_105m,185,82.65906768837803
Serie A 2025/26,post_55_to_105m,186,82.74744572158366
Serie A 2025/26,post_55_to_105m,187,82.83438697318007
Serie A 2025/26,post_55_to_105m,188,82.92120051085568
Serie A 2025/26,post_55_to_105m,189,83.00632183908046
Serie A 2025/26,post_55_to_105m,190,83.09128352490421
Serie A 2025/26,post_55_to_105m,191,83.17493614303959
Serie A 2025/26,post_55_to_105m,192,83.25830140485313
Serie A 2025/26,post_55_to_105m,193,83.34061302681992
Serie A 2025/26,post_55_to_105m,194,83.4228288633461
Serie A 2025/26,post_55_to_105m,195,83.50357598978289
Serie A 2025/26,post_55_to_105m,196,83.58397190293742
Serie A 2025/26,post_55_to_105m,197,83.66280332056193
Serie A 2025/26,post_55_to_105m,198,83.74153895274586
Serie A 2025/26,post_55_to_105m,199,83.8190932311622
Serie A 2025/26,post_55_to_105m,200,83.89651979565772
Serie A 2025/26,post_55_to_105m,201,83.9728607918263
Serie A 2025/26,post_55_to_105m,202,84.04920178799489
Serie A 2025/26,post_55_to_105m,203,84.12445721583653
Serie A 2025/26,post_55_to_105m,204,84.19955300127714
Serie A 2025/26,post_55_to_105m,205,84.27298850574712
Serie A 2025/26,post_55_to_105m,206,84.3463282247765
Serie A 2025/26,post_55_to_105m,207,84.41845466155812
Serie A 2025/26,post_55_to_105m,208,84.49035759897829
Serie A 2025/26,post_55_to_105m,209,84.56133461047254
Serie A 2025/26,post_55_to_105m,210,84.63205619412516
Serie A 2025/26,post_55_to_105m,211,84.70134099616858
Serie A 2025/26,post_55_to_105m,212,84.77046615581098
Serie A 2025/26,post_55_to_105m,213,84.8389208173691
Serie A 2025/26,post_55_to_105m,214,84.9073116219668
Serie A 2025/26,post_55_to_105m,215,84.97490421455939
Serie A 2025/26,post_55_to_105m,216,85.04230523627075
Serie A 2025/26,post_55_to_105m,217,85.10897190293743
Serie A 2025/26,post_55_to_105m,218,85.17560664112388
Serie A 2025/26,post_55_to_105m,219,85.24131545338442
Serie A 2025/26,post_55_to_105m,220,85.30686462324394
Serie A 2025/26,post_55_to_105m,221,85.37155172413793
Serie A 2025/26,post_55_to_105m,222,85.43627075351213
Serie A 2025/26,post_55_to_105m,223,85.49980842911877
Serie A 2025/26,post_55_to_105m,224,85.56312260536399
Serie A 2025/26,post_55_to_105m,225,85.6257343550447
Serie A 2025/26,post_55_to_105m,226,85.6881864623244
Serie A 2025/26,post_55_to_105m,227,85.75019157088123
Serie A 2025/26,post_55_to_105m,228,85.81219667943806
Serie A 2025/26,post_55_to_105m,229,85.87314814814815
Serie A 2025/26,post_55_to_105m,230,85.93400383141763
Serie A 2025/26,post_55_to_105m,231,85.99386973180077
Serie A 2025/26,post_55_to_105m,232,86.05376756066411
Serie A 2025/26,post_55_to_105m,233,86.11286717752235
Serie A 2025/26,post_55_to_105m,234,86.17174329501916
Serie A 2025/26,post_55_to_105m,235,86.2301724137931
Serie A 2025/26,post_55_to_105m,236,86.28837803320562
Serie A 2025/26,post_55_to_105m,237,86.34607279693486
Serie A 2025/26,post_55_to_105m,238,86.4036717752235
Serie A 2025/26,post_55_to_105m,239,86.46040868454662
Serie A 2025/26,post_55_to_105m,240,86.5169540229885
Serie A 2025/26,post_55_to_105m,241,86.57270114942528
Serie A 2025/26,post_55_to_105m,242,86.62838441890166
Serie A 2025/26,post_55_to_105m,243,86.68333333333334
Serie A 2025/26,post_55_to_105m,244,86.73812260536398
Serie A 2025/26,post_55_to_105m,245,86.79224137931034
Serie A 2025/26,post_55_to_105m,246,86.84623243933589
Serie A 2025/26,post_55_to_105m,247,86.89952107279693
Serie A 2025/26,post_55_to_105m,248,86.95287356321839
Serie A 2025/26,post_55_to_105m,249,87.00577905491699
Serie A 2025/26,post_55_to_105m,250,87.05865261813538
Serie A 2025/26,post_55_to_105m,251,87.11072796934866
Serie A 2025/26,post_55_to_105m,252,87.16280332056193
Serie A 2025/26,post_55_to_105m,253,87.21420817369093
Serie A 2025/26,post_55_to_105m,254,87.26561302681992
Serie A 2025/26,post_55_to_105m,255,87.31637931034483
Serie A 2025/26,post_55_to_105m,256,87.36717752234993
Serie A 2025/26,post_55_to_105m,257,87.41727330779055
Serie A 2025/26,post_55_to_105m,258,87.46724137931035
Serie A 2025/26,post_55_to_105m,259,87.51666666666667
Serie A 2025/26,post_55_to_105m,260,87.56599616858237
Serie A 2025/26,post_55_to_105m,261,87.61500638569603
Serie A 2025/26,post_55_to_105m,262,87.66404853128991
Serie A 2025/26,post_55_to_105m,263,87.7125798212005
Serie A 2025/26,post_55_to_105m,264,87.76095146871009
Serie A 2025/26,post_55_to_105m,265,87.80855683269476
Serie A 2025/26,post_55_to_105m,266,87.85609833971903
Serie A 2025/26,post_55_to_105m,267,87.90328863346105
Serie A 2025/26,post_55_to_105m,268,87.95044699872287
Serie A 2025/26,post_55_to_105m,269,87.99690293742017
Serie A 2025/26,post_55_to_105m,270,88.0433588761175
Serie A 2025/26,post_55_to_105m,271,88.08939974457216
Serie A 2025/26,post_55_to_105m,272,88.135312899106
Serie A 2025/26,post_55_to_105m,273,88.18045977011494
Serie A 2025/26,post_55_to_105m,274,88.22560664112389
Serie A 2025/26,post_55_to_105m,275,88.27033844189016
Serie A 2025/26,post_55_to_105m,276,88.31481481481481
Serie A 2025/26,post_55_to_105m,277,88.3587803320562
Serie A 2025/26,post_55_to_105m,278,88.40268199233716
Serie A 2025/26,post_55_to_105m,279,88.44610472541507
Serie A 2025/26,post_55_to_105m,280,88.48946360153256
Serie A 2025/26,post_55_to_105m,281,88.53212005108557
Serie A 2025/26,post_55_to_105m,282,88.57474457215837
Serie A 2025/26,post_55_to_105m,283,88.61711366538952
Serie A 2025/26,post_55_to_105m,284,88.65925925925926
Serie A 2025/26,post_55_to_105m,285,88.70083014048531
Serie A 2025/26,post_55_to_105m,286,88.74236909323116
Serie A 2025/26,post_55_to_105m,287,88.78346104725415
Serie A 2025/26,post_55_to_105m,288,88.82448914431673
Serie A 2025/26,post_55_to_105m,289,88.86510217113666
Serie A 2025/26,post_55_to_105m,290,88.90561941251596
Serie A 2025/26,post_55_to_105m,291,88.9456577266922
Serie A 2025/26,post_55_to_105m,292,88.98572796934866
Serie A 2025/26,post_55_to_105m,293,89.02538314176245
Serie A 2025/26,post_55_to_105m,294,89.06503831417625
Serie A 2025/26,post_55_to_105m,295,89.10453384418902
Serie A 2025/26,post_55_to_105m,296,89.14396551724138
Serie A 2025/26,post_55_to_105m,297,89.18298212005108
Serie A 2025/26,post_55_to_105m,298,89.22196679438059
Serie A 2025/26,post_55_to_105m,299,89.26060025542785
Serie A 2025/26,post_55_to_105m,300,89.29910600255428
Serie A 2025/26,post_105_to_135m,1,0.864516815666241
Serie A 2025/26,post_105_to_135m,2,2.618827160493827
Serie A 2025/26,post_105_to_135m,3,4.123084291187739
Serie A 2025/26,post_105_to_135m,4,5.718497232865049
Serie A 2025/26,post_105_to_135m,5,7.047094508301405
Serie A 2025/26,post_105_to_135m,6,8.362813963388676
Serie A 2025/26,post_105_to_135m,7,9.479778629203915
Serie A 2025/26,post_105_to_135m,8,10.573435504469987
Serie A 2025/26,post_105_to_135m,9,11.521764580672627
Serie A 2025/26,post_105_to_135m,10,12.456577266922094
Serie A 2025/26,post_105_to_135m,11,13.280917411664538
Serie A 2025/26,post_105_to_135m,12,14.095732226479353
Serie A 2025/26,post_105_to_135m,13,14.818486590038312
Serie A 2025/26,post_105_to_135m,14,15.535387398893146
Serie A 2025/26,post_105_to_135m,15,16.18401447424436
Serie A 2025/26,post_105_to_135m,16,16.830619412515965
Serie A 2025/26,post_105_to_135m,17,17.421509152830993
Serie A 2025/26,post_105_to_135m,18,18.007982120051086
Serie A 2025/26,post_105_to_135m,19,18.54837164750958
Serie A 2025/26,post_105_to_135m,20,19.084450830140486
Serie A 2025/26,post_105_to_135m,21,19.57987441464453
Serie A 2025/26,post_105_to_135m,22,20.06981694338016
Serie A 2025/26,post_105_to_135m,23,20.531183482332903
Serie A 2025/26,post_105_to_135m,24,20.9891975308642
Serie A 2025/26,post_105_to_135m,25,21.41767773520647
Serie A 2025/26,post_105_to_135m,26,21.843018305661985
Serie A 2025/26,post_105_to_135m,27,22.243773946360157
Serie A 2025/26,post_105_to_135m,28,22.642613878246063
Serie A 2025/26,post_105_to_135m,29,23.017773520647083
Serie A 2025/26,post_105_to_135m,30,23.390591741166453
Serie A 2025/26,post_105_to_135m,31,23.74249680715198
Serie A 2025/26,post_105_to_135m,32,24.09243295019157
Serie A 2025/26,post_105_to_135m,33,24.425925925925927
Serie A 2025/26,post_105_to_135m,34,24.757822477650063
Serie A 2025/26,post_105_to_135m,35,25.075723712217965
Serie A 2025/26,post_105_to_135m,36,25.39064495530013
Serie A 2025/26,post_105_to_135m,37,25.690613026819925
Serie A 2025/26,post_105_to_135m,38,25.98882503192848
Serie A 2025/26,post_105_to_135m,39,26.2742656449553
Serie A 2025/26,post_105_to_135m,40,26.560025542784164
Serie A 2025/26,post_105_to_135m,41,26.832854406130267
Serie A 2025/26,post_105_to_135m,42,27.10536398467433
Serie A 2025/26,post_105_to_135m,43,27.368667518092806
Serie A 2025/26,post_105_to_135m,44,27.630534269902085
Serie A 2025/26,post_105_to_135m,45,27.88425925925926
Serie A 2025/26,post_105_to_135m,46,28.137664963814387
Serie A 2025/26,post_105_to_135m,47,28.38362068965517
Serie A 2025/26,post_105_to_135m,48,28.62936355896126
Serie A 2025/26,post_105_to_135m,49,28.86776287782035
Serie A 2025/26,post_105_to_135m,50,29.104459344401874
Serie A 2025/26,post_105_to_135m,51,29.335355470412942
Serie A 2025/26,post_105_to_135m,52,29.56518731375053
Serie A 2025/26,post_105_to_135m,53,29.787835249042143
Serie A 2025/26,post_105_to_135m,54,30.00872711792252
Serie A 2025/26,post_105_to_135m,55,30.223499361430395
Serie A 2025/26,post_105_to_135m,56,30.43795232013623
Serie A 2025/26,post_105_to_135m,57,30.6468177948063
Serie A 2025/26,post_105_to_135m,58,30.855204342273307
Serie A 2025/26,post_105_to_135m,59,31.05779054916986
Serie A 2025/26,post_105_to_135m,60,31.26000425713069
Serie A 2025/26,post_105_to_135m,61,31.45742869306088
Serie A 2025/26,post_105_to_135m,62,31.653682418050234
Serie A 2025/26,post_105_to_135m,63,31.845093656875267
Serie A 2025/26,post_105_to_135m,64,32.035919540229884
Serie A 2025/26,post_105_to_135m,65,32.22232865048957
Serie A 2025/26,post_105_to_135m,66,32.40815240527884
Serie A 2025/26,post_105_to_135m,67,32.58998510004257
Serie A 2025/26,post_105_to_135m,68,32.77117922520221
Serie A 2025/26,post_105_to_135m,69,32.94816943380162
Serie A 2025/26,post_105_to_135m,70,33.125
Serie A 2025/26,post_105_to_135m,71,33.29863771817795
Serie A 2025/26,post_105_to_135m,72,33.47174329501916
Serie A 2025/26,post_105_to_135m,73,33.64138995317156
Serie A 2025/26,post_105_to_135m,74,33.81103661132397
Serie A 2025/26,post_105_to_135m,75,33.97743720732227
Serie A 2025/26,post_105_to_135m,76,34.14394423158791
Serie A 2025/26,post_105_to_135m,77,34.30741805023414
Serie A 2025/26,post_105_to_135m,78,34.47078544061303
Serie A 2025/26,post_105_to_135m,79,34.63101319710515
Serie A 2025/26,post_105_to_135m,80,34.79054916985952
Serie A 2025/26,post_105_to_135m,81,34.94689229459345
Serie A 2025/26,post_105_to_135m,82,35.10339506172839
Serie A 2025/26,post_105_to_135m,83,35.25702426564496
Serie A 2025/26,post_105_to_135m,84,35.41113239676458
Serie A 2025/26,post_105_to_135m,85,35.563005534269905
Serie A 2025/26,post_105_to_135m,86,35.71477224350787
Serie A 2025/26,post_105_to_135m,87,35.86345253299276
Serie A 2025/26,post_105_to_135m,88,36.012079608343974
Serie A 2025/26,post_105_to_135m,89,36.15868454661558
Serie A 2025/26,post_105_to_135m,90,36.30497020008514
Serie A 2025/26,post_105_to_135m,91,36.448009791400594
Serie A 2025/26,post_105_to_135m,92,36.59067688378033
Serie A 2025/26,post_105_to_135m,93,36.73132183908046
Serie A 2025/26,post_105_to_135m,94,36.872073222647934
Serie A 2025/26,post_105_to_135m,95,37.01133461047254
Serie A 2025/26,post_105_to_135m,96,37.15054278416348
Serie A 2025/26,post_105_to_135m,97,37.2877288207748
Serie A 2025/26,post_105_to_135m,98,37.42507449978714
Serie A 2025/26,post_105_to_135m,99,37.56039804171988
Serie A 2025/26,post_105_to_135m,100,37.69561515538527
Serie A 2025/26,post_105_to_135m,101,37.82881013197105
Serie A 2025/26,post_105_to_135m,102,37.96157939548744
Serie A 2025/26,post_105_to_135m,103,38.0923797360579
Serie A 2025/26,post_105_to_135m,104,38.2232865048957
Serie A 2025/26,post_105_to_135m,105,38.35233077905492
Serie A 2025/26,post_105_to_135m,106,38.48105576841209
Serie A 2025/26,post_105_to_135m,107,38.6080779054917
Serie A 2025/26,post_105_to_135m,108,38.73499361430396
Serie A 2025/26,post_105_to_135m,109,38.86036611323968
Serie A 2025/26,post_105_to_135m,110,38.98605789697744
Serie A 2025/26,post_105_to_135m,111,39.11036611323968
Serie A 2025/26,post_105_to_135m,112,39.23478075776927
Serie A 2025/26,post_105_to_135m,113,39.35738612175394
Serie A 2025/26,post_105_to_135m,114,39.47993827160494
Serie A 2025/26,post_105_to_135m,115,39.60121328224776
Serie A 2025/26,post_105_to_135m,116,39.72259472115794
Serie A 2025/26,post_105_to_135m,117,39.8423797360579
Serie A 2025/26,post_105_to_135m,118,39.96189868028949
Serie A 2025/26,post_105_to_135m,119,40.08045977011494
Serie A 2025/26,post_105_to_135m,120,40.19939335887612
Serie A 2025/26,post_105_to_135m,121,40.3166773094934
Serie A 2025/26,post_105_to_135m,122,40.43417411664538
Serie A 2025/26,post_105_to_135m,123,40.550553426990206
Serie A 2025/26,post_105_to_135m,124,40.66703916560238
Serie A 2025/26,post_105_to_135m,125,40.78246062154109
Serie A 2025/26,post_105_to_135m,126,40.897828863346106
Serie A 2025/26,post_105_to_135m,127,41.012239250745
Serie A 2025/26,post_105_to_135m,128,41.12670285227757
Serie A 2025/26,post_105_to_135m,129,41.23994252873563
Serie A 2025/26,post_105_to_135m,130,41.35275649212431
Serie A 2025/26,post_105_to_135m,131,41.46455938697318
Serie A 2025/26,post_105_to_135m,132,41.57636228182205
Serie A 2025/26,post_105_to_135m,133,41.687100893997446
Serie A 2025/26,post_105_to_135m,134,41.79762664963815
Serie A 2025/26,post_105_to_135m,135,41.907407407407405
Serie A 2025/26,post_105_to_135m,136,42.016975308641975
Serie A 2025/26,post_105_to_135m,137,42.12558535547041
Serie A 2025/26,post_105_to_135m,138,42.23446147296722
Serie A 2025/26,post_105_to_135m,139,42.34243295019157
Serie A 2025/26,post_105_to_135m,140,42.45040442741592
Serie A 2025/26,post_105_to_135m,141,42.55773733503619
Serie A 2025/26,post_105_to_135m,142,42.66485738612175
Serie A 2025/26,post_105_to_135m,143,42.77123243933589
Serie A 2025/26,post_105_to_135m,144,42.877394636015325
Serie A 2025/26,post_105_to_135m,145,42.98254576415496
Serie A 2025/26,post_105_to_135m,146,43.08753724989357
Serie A 2025/26,post_105_to_135m,147,43.19204980842912
Serie A 2025/26,post_105_to_135m,148,43.29624308216263
Serie A 2025/26,post_105_to_135m,149,43.39963814389102
Serie A 2025/26,post_105_to_135m,150,43.503246062154105
Serie A 2025/26,post_105_to_135m,151,43.6058429118774
Serie A 2025/26,post_105_to_135m,152,43.70822690506599
Serie A 2025/26,post_105_to_135m,153,43.80970625798212
Serie A 2025/26,post_105_to_135m,154,43.91118561089826
Serie A 2025/26,post_105_to_135m,155,44.011707109408256
Serie A 2025/26,post_105_to_135m,156,44.11201575138357
Serie A 2025/26,post_105_to_135m,157,44.211739037888464
Serie A 2025/26,post_105_to_135m,158,44.31135589612601
Serie A 2025/26,post_105_to_135m,159,44.41001489995743
Serie A 2025/26,post_105_to_135m,160,44.50872711792252
Serie A 2025/26,post_105_to_135m,161,44.60626862494679
Serie A 2025/26,post_105_to_135m,162,44.703756917837374
Serie A 2025/26,post_105_to_135m,163,44.80023414218817
Serie A 2025/26,post_105_to_135m,164,44.89655172413793
Serie A 2025/26,post_105_to_135m,165,44.992177522349934
Serie A 2025/26,post_105_to_135m,166,45.08785653469562
Serie A 2025/26,post_105_to_135m,167,45.18289697743721
Serie A 2025/26,post_105_to_135m,168,45.27777777777778
Serie A 2025/26,post_105_to_135m,169,45.37180715197957
Serie A 2025/26,post_105_to_135m,170,45.46588974031503
Serie A 2025/26,post_105_to_135m,171,45.55938697318008
Serie A 2025/26,post_105_to_135m,172,45.65304384844615
Serie A 2025/26,post_105_to_135m,173,45.74579608343976
Serie A 2025/26,post_105_to_135m,174,45.83876117496807
Serie A 2025/26,post_105_to_135m,175,45.931247339293314
Serie A 2025/26,post_105_to_135m,176,46.02373350361856
Serie A 2025/26,post_105_to_135m,177,46.11590038314176
Serie A 2025/26,post_105_to_135m,178,46.20806726266496
Serie A 2025/26,post_105_to_135m,179,46.29948914431673
Serie A 2025/26,post_105_to_135m,180,46.39059174116645
Serie A 2025/26,post_105_to_135m,181,46.48132183908046
Serie A 2025/26,post_105_to_135m,182,46.57205193699446
Serie A 2025/26,post_105_to_135m,183,46.661983822903366
Serie A 2025/26,post_105_to_135m,184,46.75186249467858
Serie A 2025/26,post_105_to_135m,185,46.84067688378033
Serie A 2025/26,post_105_to_135m,186,46.92954448701576
Serie A 2025/26,post_105_to_135m,187,47.017933163048106
Serie A 2025/26,post_105_to_135m,188,47.10594934014474
Serie A 2025/26,post_105_to_135m,189,47.19359301830566
Serie A 2025/26,post_105_to_135m,190,47.28107705406556
Serie A 2025/26,post_105_to_135m,191,47.36845466155811
Serie A 2025/26,post_105_to_135m,192,47.45593869731801
Serie A 2025/26,post_105_to_135m,193,47.54294380587484
Serie A 2025/26,post_105_to_135m,194,47.62994891443167
Serie A 2025/26,post_105_to_135m,195,47.716687952320136
Serie A 2025/26,post_105_to_135m,196,47.80337377607493
Serie A 2025/26,post_105_to_135m,197,47.8894742443593
Serie A 2025/26,post_105_to_135m,198,47.97568114091103
Serie A 2025/26,post_105_to_135m,199,48.06114303959132
Serie A 2025/26,post_105_to_135m,200,48.14671136653895
Serie A 2025/26,post_105_to_135m,201,48.2318539804172
Serie A 2025/26,post_105_to_135m,202,48.31683695189442
Serie A 2025/26,post_105_to_135m,203,48.40187313750532
Serie A 2025/26,post_105_to_135m,204,48.4867496807152
Serie A 2025/26,post_105_to_135m,205,48.57104086845466
Serie A 2025/26,post_105_to_135m,206,48.6551724137931
Serie A 2025/26,post_105_to_135m,207,48.73914431673053
Serie A 2025/26,post_105_to_135m,208,48.82316943380162
Serie A 2025/26,post_105_to_135m,209,48.9066091954023
Serie A 2025/26,post_105_to_135m,210,48.99004895700298
Serie A 2025/26,post_105_to_135m,211,49.0725840783312
Serie A 2025/26,post_105_to_135m,212,49.15511919965943
Serie A 2025/26,post_105_to_135m,213,49.23728182205193
Serie A 2025/26,post_105_to_135m,214,49.31917837377608
Serie A 2025/26,post_105_to_135m,215,49.40064921243082
Serie A 2025/26,post_105_to_135m,216,49.48201362281822
Serie A 2025/26,post_105_to_135m,217,49.56300553426991
Serie A 2025/26,post_105_to_135m,218,49.6443699446573
Serie A 2025/26,post_105_to_135m,219,49.725415070242654
Serie A 2025/26,post_105_to_135m,220,49.80656662409536
Serie A 2025/26,post_105_to_135m,221,49.88750532141336
Serie A 2025/26,post_105_to_135m,222,49.96849723286505
Serie A 2025/26,post_105_to_135m,223,50.04916985951469
Serie A 2025/26,post_105_to_135m,224,50.129895700298
Serie A 2025/26,post_105_to_135m,225,50.21024904214559
Serie A 2025/26,post_105_to_135m,226,50.29070881226053
Serie A 2025/26,post_105_to_135m,227,50.37068965517241
Serie A 2025/26,post_105_to_135m,228,50.450723712217965
Serie A 2025/26,post_105_to_135m,229,50.5301724137931
Serie A 2025/26,post_105_to_135m,230,50.60951468710089
Serie A 2025/26,post_105_to_135m,231,50.68832481907194
Serie A 2025/26,post_105_to_135m,232,50.76718816517667
Serie A 2025/26,post_105_to_135m,233,50.845625798212005
Serie A 2025/26,post_105_to_135m,234,50.92416985951469
Serie A 2025/26,post_105_to_135m,235,51.00218177948063
Serie A 2025/26,post_105_to_135m,236,51.080193699446575
Serie A 2025/26,post_105_to_135m,237,51.1580459770115
Serie A 2025/26,post_105_to_135m,238,51.23584504044274
Serie A 2025/26,post_105_to_135m,239,51.31348446147297
Serie A 2025/26,post_105_to_135m,240,51.39117709663687
Serie A 2025/26,post_105_to_135m,241,51.468444018731375
Serie A 2025/26,post_105_to_135m,242,51.54576415495956
Serie A 2025/26,post_105_to_135m,243,51.62271179225202
Serie A 2025/26,post_105_to_135m,244,51.69939335887612
Serie A 2025/26,post_105_to_135m,245,51.77559599829715
Serie A 2025/26,post_105_to_135m,246,51.851851851851855
Serie A 2025/26,post_105_to_135m,247,51.92800127713921
Serie A 2025/26,post_105_to_135m,248,52.00415070242656
Serie A 2025/26,post_105_to_135m,249,52.07976798637719
Serie A 2025/26,post_105_to_135m,250,52.15543848446147
Serie A 2025/26,post_105_to_135m,251,52.23094934014474
Serie A 2025/26,post_105_to_135m,252,52.30661983822903
Serie A 2025/26,post_105_to_135m,253,52.3821306939123
Serie A 2025/26,post_105_to_135m,254,52.45764154959557
Serie A 2025/26,post_105_to_135m,255,52.53288633461048
Serie A 2025/26,post_105_to_135m,256,52.60797147722435
Serie A 2025/26,post_105_to_135m,257,52.68268412090252
Serie A 2025/26,post_105_to_135m,258,52.75744997871435
Serie A 2025/26,post_105_to_135m,259,52.83179012345679
Serie A 2025/26,post_105_to_135m,260,52.90597062579821
Serie A 2025/26,post_105_to_135m,261,52.97988505747127
Serie A 2025/26,post_105_to_135m,262,53.053746275010646
Serie A 2025/26,post_105_to_135m,263,53.12734142188165
Serie A 2025/26,post_105_to_135m,264,53.20098978288633
Serie A 2025/26,post_105_to_135m,265,53.27431885908897
Serie A 2025/26,post_105_to_135m,266,53.34780757769264
Serie A 2025/26,post_105_to_135m,267,53.42097701149425
Serie A 2025/26,post_105_to_135m,268,53.49404001702853
Serie A 2025/26,post_105_to_135m,269,53.5666773094934
Serie A 2025/26,post_105_to_135m,270,53.63931460195828
Serie A 2025/26,post_105_to_135m,271,53.711739037888464
Serie A 2025/26,post_105_to_135m,272,53.78421668795232
Serie A 2025/26,post_105_to_135m,273,53.85658790974883
Serie A 2025/26,post_105_to_135m,274,53.929065559812685
Serie A 2025/26,post_105_to_135m,275,54.00133035334185
Serie A 2025/26,post_105_to_135m,276,54.07338229033631
Serie A 2025/26,post_105_to_135m,277,54.14527458492976
Serie A 2025/26,post_105_to_135m,278,54.217060451255854
Serie A 2025/26,post_105_to_135m,279,54.28858024691358
Serie A 2025/26,post_105_to_135m,280,54.360206470838655
Serie A 2025/26,post_105_to_135m,281,54.43140698169434
Serie A 2025/26,post_105_to_135m,282,54.50255427841635
Serie A 2025/26,post_105_to_135m,283,54.57327586206897
Serie A 2025/26,post_105_to_135m,284,54.64415708812261
Serie A 2025/26,post_105_to_135m,285,54.71487867177522
Serie A 2025/26,post_105_to_135m,286,54.78570668369519
Serie A 2025/26,post_105_to_135m,287,54.85642826734781
Serie A 2025/26,post_105_to_135m,288,54.9272030651341
Serie A 2025/26,post_105_to_135m,289,54.997552149851
Serie A 2025/26,post_105_to_135m,290,55.06800766283525
Serie A 2025/26,post_105_to_135m,291,55.138409961685824
Serie A 2025/26,post_105_to_135m,292,55.208759046402726
Serie A 2025/26,post_105_to_135m,293,55.278948488718605
Serie A 2025/26,post_105_to_135m,294,55.34924435930183
Serie A 2025/26,post_105_to_135m,295,55.41911451681567
Serie A 2025/26,post_105_to_135m,296,55.48925074499787
Serie A 2025/26,post_105_to_135m,297,55.55922733077905
Serie A 2025/26,post_105_to_135m,298,55.62931034482759
Serie A 2025/26,post_105_to_135m,299,55.69928693060877
Serie A 2025/26,post_105_to_135m,300,55.76915708812261
UEFA Champions League 2026/27,pre_24h_to_1h,1,0.0002867668144618
UEFA Champions League 2026/27,pre_24h_to_1h,2,0.0011194935256876
UEFA Champions League 2026/27,pre_24h_to_1h,3,0.0031103169876249
UEFA Champions League 2026/27,pre_24h_to_1h,4,0.0069596099971323
UEFA Champions League 2026/27,pre_24h_to_1h,5,0.0114265546070191
UEFA Champions League 2026/27,pre_24h_to_1h,6,0.0161306333134802
UEFA Champions League 2026/27,pre_24h_to_1h,7,0.0210497871307877
UEFA Champions League 2026/27,pre_24h_to_1h,8,0.0262171045375333
UEFA Champions League 2026/27,pre_24h_to_1h,9,0.0317318509694924
UEFA Champions League 2026/27,pre_24h_to_1h,10,0.0374506430194339
UEFA Champions League 2026/27,pre_24h_to_1h,11,0.0433955396730858
UEFA Champions League 2026/27,pre_24h_to_1h,12,0.049434187016081
UEFA Champions League 2026/27,pre_24h_to_1h,13,0.055627247259171
UEFA Champions League 2026/27,pre_24h_to_1h,14,0.0620684710916992
UEFA Champions League 2026/27,pre_24h_to_1h,15,0.068691681556482
UEFA Champions League 2026/27,pre_24h_to_1h,16,0.0755465113714071
UEFA Champions League 2026/27,pre_24h_to_1h,17,0.0826053868043147
UEFA Champions League 2026/27,pre_24h_to_1h,18,0.0899013963337965
UEFA Champions League 2026/27,pre_24h_to_1h,19,0.0974014514812608
UEFA Champions League 2026/27,pre_24h_to_1h,20,0.1051717292038912
UEFA Champions League 2026/27,pre_24h_to_1h,21,0.1131295083052081
UEFA Champions League 2026/27,pre_24h_to_1h,22,0.1211810380958683
UEFA Champions League 2026/27,pre_24h_to_1h,23,0.1293649218008956
UEFA Champions League 2026/27,pre_24h_to_1h,24,0.137664615180994
UEFA Champions League 2026/27,pre_24h_to_1h,25,0.1461021772218913
UEFA Champions League 2026/27,pre_24h_to_1h,26,0.1547437848807711
UEFA Champions League 2026/27,pre_24h_to_1h,27,0.1635728939183376
UEFA Champions League 2026/27,pre_24h_to_1h,28,0.1725619306024309
UEFA Champions League 2026/27,pre_24h_to_1h,29,0.1817660423973705
UEFA Champions League 2026/27,pre_24h_to_1h,30,0.1910969933602453
UEFA Champions League 2026/27,pre_24h_to_1h,31,0.2004941212803035
UEFA Champions League 2026/27,pre_24h_to_1h,32,0.2100677210861844
UEFA Champions League 2026/27,pre_24h_to_1h,33,0.2197461010742726
UEFA Champions League 2026/27,pre_24h_to_1h,34,0.2295568349767277
UEFA Champions League 2026/27,pre_24h_to_1h,35,0.2394723490613901
UEFA Champions League 2026/27,pre_24h_to_1h,36,0.2495422760461474
UEFA Champions League 2026/27,pre_24h_to_1h,37,0.2597059537202479
UEFA Champions League 2026/27,pre_24h_to_1h,38,0.2700019853087155
UEFA Champions League 2026/27,pre_24h_to_1h,39,0.2803641938543665
UEFA Champions League 2026/27,pre_24h_to_1h,40,0.2908366973286568
UEFA Champions League 2026/27,pre_24h_to_1h,41,0.3014360399708821
UEFA Champions League 2026/27,pre_24h_to_1h,42,0.3122118544989301
UEFA Champions League 2026/27,pre_24h_to_1h,43,0.3231089934484812
UEFA Champions League 2026/27,pre_24h_to_1h,44,0.3341329715659674
UEFA Champions League 2026/27,pre_24h_to_1h,45,0.3452782741049566
UEFA Champions League 2026/27,pre_24h_to_1h,46,0.3565118125868572
UEFA Champions League 2026/27,pre_24h_to_1h,47,0.3678391017581011
UEFA Champions League 2026/27,pre_24h_to_1h,48,0.3793594070544636
UEFA Champions League 2026/27,pre_24h_to_1h,49,0.3909514040544415
UEFA Champions League 2026/27,pre_24h_to_1h,50,0.4026261222508989
UEFA Champions League 2026/27,pre_24h_to_1h,51,0.4144111353759954
UEFA Champions League 2026/27,pre_24h_to_1h,52,0.4262678402047073
UEFA Champions League 2026/27,pre_24h_to_1h,53,0.4382624136942183
UEFA Champions League 2026/27,pre_24h_to_1h,54,0.4503286788873447
UEFA Champions League 2026/27,pre_24h_to_1h,55,0.4624886947698144
UEFA Champions League 2026/27,pre_24h_to_1h,56,0.4747038581166038
UEFA Champions League 2026/27,pre_24h_to_1h,57,0.4869907131670086
UEFA Champions League 2026/27,pre_24h_to_1h,58,0.4993382304281649
UEFA Champions League 2026/27,pre_24h_to_1h,59,0.5117684688858006
UEFA Champions League 2026/27,pre_24h_to_1h,60,0.5242924580327797
UEFA Champions League 2026/27,pre_24h_to_1h,61,0.5368329914190546
UEFA Champions League 2026/27,pre_24h_to_1h,62,0.5494783049875367
UEFA Champions League 2026/27,pre_24h_to_1h,63,0.5621622217810425
UEFA Champions League 2026/27,pre_24h_to_1h,64,0.5749068007852999
UEFA Champions League 2026/27,pre_24h_to_1h,65,0.5877451304789005
UEFA Champions League 2026/27,pre_24h_to_1h,66,0.6006606666225487
UEFA Champions League 2026/27,pre_24h_to_1h,67,0.6135431142876051
UEFA Champions League 2026/27,pre_24h_to_1h,68,0.6264917389098449
UEFA Champions League 2026/27,pre_24h_to_1h,69,0.6394348487856528
UEFA Champions League 2026/27,pre_24h_to_1h,70,0.652466194604372
UEFA Champions League 2026/27,pre_24h_to_1h,71,0.6655637173802749
UEFA Champions League 2026/27,pre_24h_to_1h,72,0.6787549908455209
UEFA Champions League 2026/27,pre_24h_to_1h,73,0.6919076610857433
UEFA Champions League 2026/27,pre_24h_to_1h,74,0.7051265082831492
UEFA Champions League 2026/27,pre_24h_to_1h,75,0.7184225619306024
UEFA Champions League 2026/27,pre_24h_to_1h,76,0.731685527099464
UEFA Champions League 2026/27,pre_24h_to_1h,77,0.7450532724505328
UEFA Champions League 2026/27,pre_24h_to_1h,78,0.7585202832373767
UEFA Champions League 2026/27,pre_24h_to_1h,79,0.7719762645313568
UEFA Champions League 2026/27,pre_24h_to_1h,80,0.7854708490503607
UEFA Champions League 2026/27,pre_24h_to_1h,81,0.7990536695122759
UEFA Champions League 2026/27,pre_24h_to_1h,82,0.8126750931992147
UEFA Champions League 2026/27,pre_24h_to_1h,83,0.8263296053647453
UEFA Champions League 2026/27,pre_24h_to_1h,84,0.8400172060088678
UEFA Champions League 2026/27,pre_24h_to_1h,85,0.8537434098780138
UEFA Champions League 2026/27,pre_24h_to_1h,86,0.8675413054507753
UEFA Champions League 2026/27,pre_24h_to_1h,87,0.8813502305164008
UEFA Champions League 2026/27,pre_24h_to_1h,88,0.8951701850748902
UEFA Champions League 2026/27,pre_24h_to_1h,89,0.9090177133655396
UEFA Champions League 2026/27,pre_24h_to_1h,90,0.9228873006419164
UEFA Champions League 2026/27,pre_24h_to_1h,91,0.9368230648754772
UEFA Champions League 2026/27,pre_24h_to_1h,92,0.9507864028411972
UEFA Champions League 2026/27,pre_24h_to_1h,93,0.9648379767498292
UEFA Champions League 2026/27,pre_24h_to_1h,94,0.9789612423620762
UEFA Champions League 2026/27,pre_24h_to_1h,95,0.9930789932278914
UEFA Champions League 2026/27,pre_24h_to_1h,96,1.0073125537687777
UEFA Champions League 2026/27,pre_24h_to_1h,97,1.021540599563232
UEFA Champions League 2026/27,pre_24h_to_1h,98,1.0357245273862308
UEFA Champions League 2026/27,pre_24h_to_1h,99,1.049974632166413
UEFA Champions League 2026/27,pre_24h_to_1h,100,1.064246795932323
UEFA Champions League 2026/27,pre_24h_to_1h,101,1.0785741071625528
UEFA Champions League 2026/27,pre_24h_to_1h,102,1.0929675953499658
UEFA Champions League 2026/27,pre_24h_to_1h,103,1.1074162310016986
UEFA Champions League 2026/27,pre_24h_to_1h,104,1.121886925639159
UEFA Champions League 2026/27,pre_24h_to_1h,105,1.1363851940087797
UEFA Champions League 2026/27,pre_24h_to_1h,106,1.150866918139104
UEFA Champions League 2026/27,pre_24h_to_1h,107,1.1653651865087242
UEFA Champions League 2026/27,pre_24h_to_1h,108,1.1799186023426642
UEFA Champions League 2026/27,pre_24h_to_1h,109,1.194505106655196
UEFA Champions League 2026/27,pre_24h_to_1h,110,1.2091467584320472
UEFA Champions League 2026/27,pre_24h_to_1h,111,1.2238214986874902
UEFA Champions League 2026/27,pre_24h_to_1h,112,1.238551386407253
UEFA Champions League 2026/27,pre_24h_to_1h,113,1.2532757593805837
UEFA Champions League 2026/27,pre_24h_to_1h,114,1.268027706086074
UEFA Champions League 2026/27,pre_24h_to_1h,115,1.28285134449518
UEFA Champions League 2026/27,pre_24h_to_1h,116,1.2977356451150377
UEFA Champions League 2026/27,pre_24h_to_1h,117,1.3126530342134868
UEFA Champions League 2026/27,pre_24h_to_1h,118,1.3276476297619837
UEFA Champions League 2026/27,pre_24h_to_1h,119,1.342647740056912
UEFA Champions League 2026/27,pre_24h_to_1h,120,1.3576809388304325
UEFA Champions League 2026/27,pre_24h_to_1h,121,1.3727306818432488
UEFA Champions League 2026/27,pre_24h_to_1h,122,1.3878300575739528
UEFA Champions League 2026/27,pre_24h_to_1h,123,1.4029845807689765
UEFA Champions League 2026/27,pre_24h_to_1h,124,1.4181446187104316
UEFA Champions League 2026/27,pre_24h_to_1h,125,1.4333156861447511
UEFA Champions League 2026/27,pre_24h_to_1h,126,1.4485143273112302
UEFA Champions League 2026/27,pre_24h_to_1h,127,1.4637019389848456
UEFA Champions League 2026/27,pre_24h_to_1h,128,1.4789557276156442
UEFA Champions League 2026/27,pre_24h_to_1h,129,1.4942591489643309
UEFA Champions League 2026/27,pre_24h_to_1h,130,1.5095184523415612
UEFA Champions League 2026/27,pre_24h_to_1h,131,1.5248329031831116
UEFA Champions League 2026/27,pre_24h_to_1h,132,1.5401914719961176
UEFA Champions League 2026/27,pre_24h_to_1h,133,1.5555445260626917
UEFA Champions League 2026/27,pre_24h_to_1h,134,1.5709141243685616
UEFA Champions League 2026/27,pre_24h_to_1h,135,1.5863057816601591
UEFA Champions League 2026/27,pre_24h_to_1h,136,1.6016698652195973
UEFA Champions League 2026/27,pre_24h_to_1h,137,1.6170780667504907
UEFA Champions League 2026/27,pre_24h_to_1h,138,1.632535900999272
UEFA Champions League 2026/27,pre_24h_to_1h,139,1.648037853219509
UEFA Champions League 2026/27,pre_24h_to_1h,140,1.663512231707586
UEFA Champions League 2026/27,pre_24h_to_1h,141,1.6789921249420952
UEFA Champions League 2026/27,pre_24h_to_1h,142,1.6944223854587166
UEFA Champions League 2026/27,pre_24h_to_1h,143,1.7098857344539298
UEFA Champions League 2026/27,pre_24h_to_1h,144,1.7253766571813027
UEFA Champions League 2026/27,pre_24h_to_1h,145,1.7409503011051553
UEFA Champions League 2026/27,pre_24h_to_1h,146,1.7565735777468952
UEFA Champions League 2026/27,pre_24h_to_1h,147,1.7721803101493394
UEFA Champions League 2026/27,pre_24h_to_1h,148,1.787831160523239
UEFA Champions League 2026/27,pre_24h_to_1h,149,1.8035261288685944
UEFA Champions League 2026/27,pre_24h_to_1h,150,1.8192266119603824
UEFA Champions League 2026/27,pre_24h_to_1h,151,1.8349491540378973
UEFA Champions League 2026/27,pre_24h_to_1h,152,1.8506882403547085
UEFA Champions League 2026/27,pre_24h_to_1h,153,1.866499018375135
UEFA Champions League 2026/27,pre_24h_to_1h,154,1.8823594291134491
UEFA Champions League 2026/27,pre_24h_to_1h,155,1.8982308693446277
UEFA Champions League 2026/27,pre_24h_to_1h,156,1.9141023095758056
UEFA Champions League 2026/27,pre_24h_to_1h,157,1.93001786777844
UEFA Champions League 2026/27,pre_24h_to_1h,158,1.9459554849668013
UEFA Champions League 2026/27,pre_24h_to_1h,159,1.9618931021551629
UEFA Champions League 2026/27,pre_24h_to_1h,160,1.9777921161185008
UEFA Champions League 2026/27,pre_24h_to_1h,161,1.9936911300818387
UEFA Champions League 2026/27,pre_24h_to_1h,162,2.0096122030309047
UEFA Champions League 2026/27,pre_24h_to_1h,163,2.025555334965698
UEFA Champions League 2026/27,pre_24h_to_1h,164,2.041476407914764
UEFA Champions League 2026/27,pre_24h_to_1h,165,2.057380936624534
UEFA Champions League 2026/27,pre_24h_to_1h,166,2.073296494827168
UEFA Champions League 2026/27,pre_24h_to_1h,167,2.0892285972690976
UEFA Champions League 2026/27,pre_24h_to_1h,168,2.1051717292038914
UEFA Champions League 2026/27,pre_24h_to_1h,169,2.121098316899389
UEFA Champions League 2026/27,pre_24h_to_1h,170,2.1370304193413188
UEFA Champions League 2026/27,pre_24h_to_1h,171,2.15299561026184
UEFA Champions League 2026/27,pre_24h_to_1h,172,2.1689387421966337
UEFA Champions League 2026/27,pre_24h_to_1h,173,2.184865329892132
UEFA Champions League 2026/27,pre_24h_to_1h,174,2.200797432334061
UEFA Champions League 2026/27,pre_24h_to_1h,175,2.2167846822403106
UEFA Champions League 2026/27,pre_24h_to_1h,176,2.232793991132288
UEFA Champions League 2026/27,pre_24h_to_1h,177,2.248814329517129
UEFA Champions League 2026/27,pre_24h_to_1h,178,2.264829153155538
UEFA Champions League 2026/27,pre_24h_to_1h,179,2.2809211832439944
UEFA Champions League 2026/27,pre_24h_to_1h,180,2.2970463018110427
UEFA Champions League 2026/27,pre_24h_to_1h,181,2.313165905631659
UEFA Champions League 2026/27,pre_24h_to_1h,182,2.32926896521298
UEFA Champions League 2026/27,pre_24h_to_1h,183,2.345360995301436
UEFA Champions League 2026/27,pre_24h_to_1h,184,2.361436481150597
UEFA Champions League 2026/27,pre_24h_to_1h,185,2.377534025985485
UEFA Champions League 2026/27,pre_24h_to_1h,186,2.3936426003132376
UEFA Champions League 2026/27,pre_24h_to_1h,187,2.409734630401694
UEFA Champions League 2026/27,pre_24h_to_1h,188,2.425832175236583
UEFA Champions League 2026/27,pre_24h_to_1h,189,2.441995897028655
UEFA Champions League 2026/27,pre_24h_to_1h,190,2.458104471356407
UEFA Champions League 2026/27,pre_24h_to_1h,191,2.474235104669887
UEFA Champions League 2026/27,pre_24h_to_1h,192,2.4903877969690957
UEFA Champions League 2026/27,pre_24h_to_1h,193,2.506579092493327
UEFA Champions League 2026/27,pre_24h_to_1h,194,2.522770388017559
UEFA Champions League 2026/27,pre_24h_to_1h,195,2.5389837425275186
UEFA Champions League 2026/27,pre_24h_to_1h,196,2.5551805527981823
UEFA Champions League 2026/27,pre_24h_to_1h,197,2.571399422054574
UEFA Champions League 2026/27,pre_24h_to_1h,198,2.5876127765645336
UEFA Champions League 2026/27,pre_24h_to_1h,199,2.6038151015816293
UEFA Champions League 2026/27,pre_24h_to_1h,200,2.620011911852293
UEFA Champions League 2026/27,pre_24h_to_1h,201,2.6362252663622527
UEFA Champions League 2026/27,pre_24h_to_1h,202,2.6524220766329165
UEFA Champions League 2026/27,pre_24h_to_1h,203,2.668651975382172
UEFA Champions League 2026/27,pre_24h_to_1h,204,2.684876359384996
UEFA Champions League 2026/27,pre_24h_to_1h,205,2.701100743387819
UEFA Champions League 2026/27,pre_24h_to_1h,206,2.7173527011228025
UEFA Champions League 2026/27,pre_24h_to_1h,207,2.7336598063221054
UEFA Champions League 2026/27,pre_24h_to_1h,208,2.750011029492864
UEFA Champions League 2026/27,pre_24h_to_1h,209,2.766428429620806
UEFA Champions League 2026/27,pre_24h_to_1h,210,2.782867888734476
UEFA Champions League 2026/27,pre_24h_to_1h,211,2.799296318355282
UEFA Champions League 2026/27,pre_24h_to_1h,212,2.815713718483224
UEFA Champions League 2026/27,pre_24h_to_1h,213,2.832136633357598
UEFA Champions League 2026/27,pre_24h_to_1h,214,2.848565062978404
UEFA Champions League 2026/27,pre_24h_to_1h,215,2.8650100368385063
UEFA Champions League 2026/27,pre_24h_to_1h,216,2.88146052544504
UEFA Champions League 2026/27,pre_24h_to_1h,217,2.89789998455871
UEFA Champions League 2026/27,pre_24h_to_1h,218,2.914306355193788
UEFA Champions League 2026/27,pre_24h_to_1h,219,2.9307347848145944
UEFA Champions League 2026/27,pre_24h_to_1h,220,2.9471576996889683
UEFA Champions League 2026/27,pre_24h_to_1h,221,2.9635695850704784
UEFA Champions League 2026/27,pre_24h_to_1h,222,2.9799814704519885
UEFA Champions League 2026/27,pre_24h_to_1h,223,2.996371296847771
UEFA Champions League 2026/27,pre_24h_to_1h,224,3.012794211722145
UEFA Champions League 2026/27,pre_24h_to_1h,225,3.0292612445679747
UEFA Champions League 2026/27,pre_24h_to_1h,226,3.0457117331745085
UEFA Champions League 2026/27,pre_24h_to_1h,227,3.062233913484658
UEFA Champions League 2026/27,pre_24h_to_1h,228,3.0787560937948077
UEFA Champions League 2026/27,pre_24h_to_1h,229,3.0952948183442524
UEFA Champions League 2026/27,pre_24h_to_1h,230,3.111828028147266
UEFA Champions League 2026/27,pre_24h_to_1h,231,3.1283943264288707
UEFA Champions League 2026/27,pre_24h_to_1h,232,3.144949595217612
UEFA Champions League 2026/27,pre_24h_to_1h,233,3.161499349259921
UEFA Champions League 2026/27,pre_24h_to_1h,234,3.178054618048662
UEFA Champions League 2026/27,pre_24h_to_1h,235,3.194604372090972
UEFA Champions League 2026/27,pre_24h_to_1h,236,3.211176185119008
UEFA Champions League 2026/27,pre_24h_to_1h,237,3.227770057132773
UEFA Champions League 2026/27,pre_24h_to_1h,238,3.2443694438929698
UEFA Champions League 2026/27,pre_24h_to_1h,239,3.2609798601460307
UEFA Champions League 2026/27,pre_24h_to_1h,240,3.277601305891955
UEFA Champions League 2026/27,pre_24h_to_1h,241,3.294173118919992
UEFA Champions League 2026/27,pre_24h_to_1h,242,3.310778020426621
UEFA Champions League 2026/27,pre_24h_to_1h,243,3.3273829219332494
UEFA Champions League 2026/27,pre_24h_to_1h,244,3.3439712792005825
UEFA Champions League 2026/27,pre_24h_to_1h,245,3.360581695453643
UEFA Champions League 2026/27,pre_24h_to_1h,246,3.377203141199568
UEFA Champions League 2026/27,pre_24h_to_1h,247,3.3938025279597643
UEFA Champions League 2026/27,pre_24h_to_1h,248,3.4104019147199613
UEFA Champions League 2026/27,pre_24h_to_1h,249,3.42697924249443
UEFA Champions League 2026/27,pre_24h_to_1h,250,3.443540026029603
UEFA Champions League 2026/27,pre_24h_to_1h,251,3.460106324311208
UEFA Champions League 2026/27,pre_24h_to_1h,252,3.476656078353517
UEFA Champions League 2026/27,pre_24h_to_1h,253,3.493178258663667
UEFA Champions League 2026/27,pre_24h_to_1h,254,3.5096452915094964
UEFA Champions League 2026/27,pre_24h_to_1h,255,3.526128868594622
UEFA Champions League 2026/27,pre_24h_to_1h,256,3.542557298215428
UEFA Champions League 2026/27,pre_24h_to_1h,257,3.559007786821962
UEFA Champions League 2026/27,pre_24h_to_1h,258,3.575485849160656
UEFA Champions League 2026/27,pre_24h_to_1h,259,3.591991485231509
UEFA Champions League 2026/27,pre_24h_to_1h,260,3.608480577063067
UEFA Champions League 2026/27,pre_24h_to_1h,261,3.625030331105376
UEFA Champions League 2026/27,pre_24h_to_1h,262,3.641552511415525
UEFA Champions League 2026/27,pre_24h_to_1h,263,3.6580691769792426
UEFA Champions League 2026/27,pre_24h_to_1h,264,3.674574813050096
UEFA Champions League 2026/27,pre_24h_to_1h,265,3.691085963867381
UEFA Champions League 2026/27,pre_24h_to_1h,266,3.707569540952507
UEFA Champions League 2026/27,pre_24h_to_1h,267,3.724069662276929
UEFA Champions League 2026/27,pre_24h_to_1h,268,3.740553239362054
UEFA Champions League 2026/27,pre_24h_to_1h,269,3.757031301700748
UEFA Champions League 2026/27,pre_24h_to_1h,270,3.7735203935323054
UEFA Champions League 2026/27,pre_24h_to_1h,271,3.790020514856727
UEFA Champions League 2026/27,pre_24h_to_1h,272,3.806526150927581
UEFA Champions League 2026/27,pre_24h_to_1h,273,3.82302075750557
UEFA Champions League 2026/27,pre_24h_to_1h,274,3.839493305097832
UEFA Champions League 2026/27,pre_24h_to_1h,275,3.856043059140141
UEFA Champions League 2026/27,pre_24h_to_1h,276,3.87259281318245
UEFA Champions League 2026/27,pre_24h_to_1h,277,3.889120508239031
UEFA Champions League 2026/27,pre_24h_to_1h,278,3.9056371738027487
UEFA Champions League 2026/27,pre_24h_to_1h,279,3.9221814130986257
UEFA Champions League 2026/27,pre_24h_to_1h,280,3.938758740873095
UEFA Champions League 2026/27,pre_24h_to_1h,281,3.9553636423797234
UEFA Champions League 2026/27,pre_24h_to_1h,282,3.971979573379216
UEFA Champions League 2026/27,pre_24h_to_1h,283,3.9886010191251406
UEFA Champions League 2026/27,pre_24h_to_1h,284,4.005222464871065
UEFA Champions League 2026/27,pre_24h_to_1h,285,4.0218383958705575
UEFA Champions League 2026/27,pre_24h_to_1h,286,4.038421238391459
UEFA Champions League 2026/27,pre_24h_to_1h,287,4.055015110405224
UEFA Champions League 2026/27,pre_24h_to_1h,288,4.07161449716542
UEFA Champions League 2026/27,pre_24h_to_1h,289,4.088208369179185
UEFA Champions League 2026/27,pre_24h_to_1h,290,4.104818785432246
UEFA Champions League 2026/27,pre_24h_to_1h,291,4.121478834403194
UEFA Champions League 2026/27,pre_24h_to_1h,292,4.138127853881279
UEFA Champions League 2026/27,pre_24h_to_1h,293,4.154760329120067
UEFA Champions League 2026/27,pre_24h_to_1h,294,4.17140383385172
UEFA Champions League 2026/27,pre_24h_to_1h,295,4.188036309090508
UEFA Champions League 2026/27,pre_24h_to_1h,296,4.204635695850705
UEFA Champions League 2026/27,pre_24h_to_1h,297,4.221190964639446
UEFA Champions League 2026/27,pre_24h_to_1h,298,4.237746233428187
UEFA Champions League 2026/27,pre_24h_to_1h,299,4.254312531709792
UEFA Champions League 2026/27,pre_24h_to_1h,300,4.270856771005669
UEFA Champions League 2026/27,pre_last_hour,1,0.0252409944190766
UEFA Champions League 2026/27,pre_last_hour,2,0.0904363267376966
UEFA Champions League 2026/27,pre_last_hour,3,0.1812531709791983
UEFA Champions League 2026/27,pre_last_hour,4,0.297818366311517
UEFA Champions League 2026/27,pre_last_hour,5,0.4337899543378995
UEFA Champions League 2026/27,pre_last_hour,6,0.5842212075088787
UEFA Champions League 2026/27,pre_last_hour,7,0.7423896499238964
UEFA Champions League 2026/27,pre_last_hour,8,0.913115169964485
UEFA Champions League 2026/27,pre_last_hour,9,1.0952562151192289
UEFA Champions League 2026/27,pre_last_hour,10,1.2833587011669203
UEFA Champions League 2026/27,pre_last_hour,11,1.4756468797564688
UEFA Champions League 2026/27,pre_last_hour,12,1.6757990867579908
UEFA Champions League 2026/27,pre_last_hour,13,1.8800101471334347
UEFA Champions League 2026/27,pre_last_hour,14,2.091197361745307
UEFA Champions League 2026/27,pre_last_hour,15,2.3053018772196854
UEFA Champions League 2026/27,pre_last_hour,16,2.521689497716895
UEFA Champions League 2026/27,pre_last_hour,17,2.7402333840690005
UEFA Champions League 2026/27,pre_last_hour,18,2.9597919837645863
UEFA Champions League 2026/27,pre_last_hour,19,3.178589548452562
UEFA Champions League 2026/27,pre_last_hour,20,3.4008117706747845
UEFA Champions League 2026/27,pre_last_hour,21,3.6248097412480975
UEFA Champions League 2026/27,pre_last_hour,22,3.847919837645865
UEFA Champions League 2026/27,pre_last_hour,23,4.072298325722984
UEFA Champions League 2026/27,pre_last_hour,24,4.299467275494672
UEFA Champions League 2026/27,pre_last_hour,25,4.524479959411466
UEFA Champions League 2026/27,pre_last_hour,26,4.750634195839675
UEFA Champions League 2026/27,pre_last_hour,27,4.97919837645865
UEFA Champions League 2026/27,pre_last_hour,28,5.208904109589041
UEFA Champions League 2026/27,pre_last_hour,29,5.440385591070522
UEFA Champions League 2026/27,pre_last_hour,30,5.672754946727549
UEFA Champions League 2026/27,pre_last_hour,31,5.90296803652968
UEFA Champions League 2026/27,pre_last_hour,32,6.134449518011162
UEFA Champions League 2026/27,pre_last_hour,33,6.366565195332319
UEFA Champions League 2026/27,pre_last_hour,34,6.59779299847793
UEFA Champions League 2026/27,pre_last_hour,35,6.829781836631152
UEFA Champions League 2026/27,pre_last_hour,36,7.062151192288178
UEFA Champions League 2026/27,pre_last_hour,37,7.295027904616946
UEFA Champions League 2026/27,pre_last_hour,38,7.527016742770168
UEFA Champions League 2026/27,pre_last_hour,39,7.760273972602739
UEFA Champions League 2026/27,pre_last_hour,40,7.992516489091831
UEFA Champions League 2026/27,pre_last_hour,41,8.225393201420598
UEFA Champions League 2026/27,pre_last_hour,42,8.457001522070016
UEFA Champions League 2026/27,pre_last_hour,43,8.687595129375952
UEFA Champions League 2026/27,pre_last_hour,44,8.918696093353628
UEFA Champions League 2026/27,pre_last_hour,45,9.148655504819889
UEFA Champions League 2026/27,pre_last_hour,46,9.378234398782345
UEFA Champions League 2026/27,pre_last_hour,47,9.607940131912734
UEFA Champions League 2026/27,pre_last_hour,48,9.836884830035515
UEFA Champions League 2026/27,pre_last_hour,49,10.06392694063927
UEFA Champions League 2026/27,pre_last_hour,50,10.290208016235413
UEFA Champions League 2026/27,pre_last_hour,51,10.515728056823948
UEFA Champions League 2026/27,pre_last_hour,52,10.740233384069
UEFA Champions League 2026/27,pre_last_hour,53,10.964358193810249
UEFA Champions League 2026/27,pre_last_hour,54,11.189624556062912
UEFA Champions League 2026/27,pre_last_hour,55,11.41248097412481
UEFA Champions League 2026/27,pre_last_hour,56,11.635337392186708
UEFA Champions League 2026/27,pre_last_hour,57,11.857179096905124
UEFA Champions League 2026/27,pre_last_hour,58,12.0785134449518
UEFA Champions League 2026/27,pre_last_hour,59,12.299086757990867
UEFA Champions League 2026/27,pre_last_hour,60,12.518645357686454
UEFA Champions League 2026/27,pre_last_hour,61,12.7376966007103
UEFA Champions League 2026/27,pre_last_hour,62,12.95712836123795
UEFA Champions League 2026/27,pre_last_hour,63,13.17579908675799
UEFA Champions League 2026/27,pre_last_hour,64,13.39117199391172
UEFA Champions League 2026/27,pre_last_hour,65,13.606164383561644
UEFA Champions League 2026/27,pre_last_hour,66,13.821537290715373
UEFA Champions League 2026/27,pre_last_hour,67,14.035261288685946
UEFA Champions League 2026/27,pre_last_hour,68,14.24898528665652
UEFA Champions League 2026/27,pre_last_hour,69,14.461314053779809
UEFA Champions League 2026/27,pre_last_hour,70,14.672628107559614
UEFA Champions League 2026/27,pre_last_hour,71,14.883181126331811
UEFA Champions League 2026/27,pre_last_hour,72,15.092719431760528
UEFA Champions League 2026/27,pre_last_hour,73,15.302130898021309
UEFA Champions League 2026/27,pre_last_hour,74,15.511922881785896
UEFA Champions League 2026/27,pre_last_hour,75,15.721334348046677
UEFA Champions League 2026/27,pre_last_hour,76,15.928716387620495
UEFA Champions League 2026/27,pre_last_hour,77,16.135210553018773
UEFA Champions League 2026/27,pre_last_hour,78,16.34119736174531
UEFA Champions League 2026/27,pre_last_hour,79,16.545027904616944
UEFA Champions League 2026/27,pre_last_hour,80,16.747590055809233
UEFA Champions League 2026/27,pre_last_hour,81,16.949010654490106
UEFA Champions League 2026/27,pre_last_hour,82,17.14865550481989
UEFA Champions League 2026/27,pre_last_hour,83,17.345763571790968
UEFA Champions League 2026/27,pre_last_hour,84,17.542110603754438
UEFA Champions League 2026/27,pre_last_hour,85,17.736681887366817
UEFA Champions League 2026/27,pre_last_hour,86,17.929984779299847
UEFA Champions League 2026/27,pre_last_hour,87,18.12290715372907
UEFA Champions League 2026/27,pre_last_hour,88,18.31532217148656
UEFA Champions League 2026/27,pre_last_hour,89,18.5072298325723
UEFA Champions League 2026/27,pre_last_hour,90,18.699391171993916
UEFA Champions League 2026/27,pre_last_hour,91,18.89041095890411
UEFA Champions League 2026/27,pre_last_hour,92,19.079781836631152
UEFA Champions League 2026/27,pre_last_hour,93,19.269152714358192
UEFA Champions League 2026/27,pre_last_hour,94,19.45788939624556
UEFA Champions League 2026/27,pre_last_hour,95,19.64624556062912
UEFA Champions League 2026/27,pre_last_hour,96,19.83396752917301
UEFA Champions League 2026/27,pre_last_hour,97,20.020674784373416
UEFA Champions League 2026/27,pre_last_hour,98,20.20687468290208
UEFA Champions League 2026/27,pre_last_hour,99,20.392059868087262
UEFA Champions League 2026/27,pre_last_hour,100,20.575342465753423
UEFA Champions League 2026/27,pre_last_hour,101,20.75824454591578
UEFA Champions League 2026/27,pre_last_hour,102,20.941653982749877
UEFA Champions League 2026/27,pre_last_hour,103,21.124175545408423
UEFA Champions League 2026/27,pre_last_hour,104,21.30657026889904
UEFA Champions League 2026/27,pre_last_hour,105,21.48845763571791
UEFA Champions League 2026/27,pre_last_hour,106,21.66856925418569
UEFA Champions League 2026/27,pre_last_hour,107,21.848680872653475
UEFA Champions League 2026/27,pre_last_hour,108,22.02853881278539
UEFA Champions League 2026/27,pre_last_hour,109,22.20738203957382
UEFA Champions League 2026/27,pre_last_hour,110,22.385464231354643
UEFA Champions League 2026/27,pre_last_hour,111,22.562278031456117
UEFA Champions League 2026/27,pre_last_hour,112,22.73718924403856
UEFA Champions League 2026/27,pre_last_hour,113,22.911466260781328
UEFA Champions League 2026/27,pre_last_hour,114,23.085362760020296
UEFA Champions League 2026/27,pre_last_hour,115,23.258625063419583
UEFA Champions League 2026/27,pre_last_hour,116,23.431760527650937
UEFA Champions League 2026/27,pre_last_hour,117,23.60388127853881
UEFA Champions League 2026/27,pre_last_hour,118,23.774099441907666
UEFA Champions League 2026/27,pre_last_hour,119,23.944698122780316
UEFA Champions League 2026/27,pre_last_hour,120,24.114916286149164
UEFA Champions League 2026/27,pre_last_hour,121,24.28335870116692
UEFA Champions League 2026/27,pre_last_hour,122,24.451674277016743
UEFA Champions League 2026/27,pre_last_hour,123,24.61986301369863
UEFA Champions League 2026/27,pre_last_hour,124,24.7869101978691
UEFA Champions League 2026/27,pre_last_hour,125,24.9533231861999
UEFA Champions League 2026/27,pre_last_hour,126,25.118721461187214
UEFA Champions League 2026/27,pre_last_hour,127,25.28285134449518
UEFA Champions League 2026/27,pre_last_hour,128,25.44672754946728
UEFA Champions League 2026/27,pre_last_hour,129,25.60996955859969
UEFA Champions League 2026/27,pre_last_hour,130,25.771689497716896
UEFA Champions League 2026/27,pre_last_hour,131,25.933155758498224
UEFA Champions League 2026/27,pre_last_hour,132,26.0929731100964
UEFA Champions League 2026/27,pre_last_hour,133,26.25177574835109
UEFA Champions League 2026/27,pre_last_hour,134,26.40969051243024
UEFA Champions League 2026/27,pre_last_hour,135,26.56697108066971
UEFA Champions League 2026/27,pre_last_hour,136,26.7232369355657
UEFA Champions League 2026/27,pre_last_hour,137,26.88001014713344
UEFA Champions League 2026/27,pre_last_hour,138,27.035768645357688
UEFA Champions League 2026/27,pre_last_hour,139,27.19000507356672
UEFA Champions League 2026/27,pre_last_hour,140,27.3433536276002
UEFA Champions League 2026/27,pre_last_hour,141,27.496575342465757
UEFA Champions League 2026/27,pre_last_hour,142,27.64890918315576
UEFA Champions League 2026/27,pre_last_hour,143,27.80098934550989
UEFA Champions League 2026/27,pre_last_hour,144,27.95281582952816
UEFA Champions League 2026/27,pre_last_hour,145,28.10375443937088
UEFA Champions League 2026/27,pre_last_hour,146,28.253932014205983
UEFA Champions League 2026/27,pre_last_hour,147,28.402841197361745
UEFA Champions League 2026/27,pre_last_hour,148,28.551243023845764
UEFA Champions League 2026/27,pre_last_hour,149,28.699644850329783
UEFA Champions League 2026/27,pre_last_hour,150,28.84715880263825
UEFA Champions League 2026/27,pre_last_hour,151,28.994038559107054
UEFA Champions League 2026/27,pre_last_hour,152,29.13990360223237
UEFA Champions League 2026/27,pre_last_hour,153,29.28564180618975
UEFA Champions League 2026/27,pre_last_hour,154,29.430745814307457
UEFA Champions League 2026/27,pre_last_hour,155,29.57496194824962
UEFA Champions League 2026/27,pre_last_hour,156,29.71892440385591
UEFA Champions League 2026/27,pre_last_hour,157,29.860984271943178
UEFA Champions League 2026/27,pre_last_hour,158,30.00266362252664
UEFA Champions League 2026/27,pre_last_hour,159,30.14421613394216
UEFA Champions League 2026/27,pre_last_hour,160,30.28513444951801
UEFA Champions League 2026/27,pre_last_hour,161,30.425418569254187
UEFA Champions League 2026/27,pre_last_hour,162,30.564814814814813
UEFA Champions League 2026/27,pre_last_hour,163,30.7033231861999
UEFA Champions League 2026/27,pre_last_hour,164,30.84119736174531
UEFA Champions League 2026/27,pre_last_hour,165,30.978310502283104
UEFA Champions League 2026/27,pre_last_hour,166,31.11453576864536
UEFA Champions League 2026/27,pre_last_hour,167,31.25050735667174
UEFA Champions League 2026/27,pre_last_hour,168,31.38660578386606
UEFA Champions League 2026/27,pre_last_hour,169,31.522450532724505
UEFA Champions League 2026/27,pre_last_hour,170,31.65804160324708
UEFA Champions League 2026/27,pre_last_hour,171,31.79337899543379
UEFA Champions League 2026/27,pre_last_hour,172,31.92808219178082
UEFA Champions League 2026/27,pre_last_hour,173,32.06240487062405
UEFA Champions League 2026/27,pre_last_hour,174,32.196220192795536
UEFA Champions League 2026/27,pre_last_hour,175,32.32940131912735
UEFA Champions League 2026/27,pre_last_hour,176,32.46232876712329
UEFA Champions League 2026/27,pre_last_hour,177,32.59500253678336
UEFA Champions League 2026/27,pre_last_hour,178,32.727042110603755
UEFA Champions League 2026/27,pre_last_hour,179,32.85971588026383
UEFA Champions League 2026/27,pre_last_hour,180,32.992009132420094
UEFA Champions League 2026/27,pre_last_hour,181,33.12303399289701
UEFA Champions League 2026/27,pre_last_hour,182,33.25405885337392
UEFA Champions League 2026/27,pre_last_hour,183,33.38419583967529
UEFA Champions League 2026/27,pre_last_hour,184,33.51331811263318
UEFA Champions League 2026/27,pre_last_hour,185,33.64193302891933
UEFA Champions League 2026/27,pre_last_hour,186,33.77004058853374
UEFA Champions League 2026/27,pre_last_hour,187,33.89789446981228
UEFA Champions League 2026/27,pre_last_hour,188,34.02536783358701
UEFA Champions League 2026/27,pre_last_hour,189,34.15271435819381
UEFA Champions League 2026/27,pre_last_hour,190,34.280695078640285
UEFA Champions League 2026/27,pre_last_hour,191,34.408422120750885
UEFA Champions League 2026/27,pre_last_hour,192,34.535261288685945
UEFA Champions League 2026/27,pre_last_hour,193,34.661593099949265
UEFA Champions League 2026/27,pre_last_hour,194,34.78703703703704
UEFA Champions League 2026/27,pre_last_hour,195,34.9117199391172
UEFA Champions League 2026/27,pre_last_hour,196,35.03538812785388
UEFA Champions League 2026/27,pre_last_hour,197,35.158548959918825
UEFA Champions League 2026/27,pre_last_hour,198,35.281202435312025
UEFA Champions League 2026/27,pre_last_hour,199,35.40322171486555
UEFA Champions League 2026/27,pre_last_hour,200,35.524987316083205
UEFA Champions League 2026/27,pre_last_hour,201,35.646118721461185
UEFA Champions League 2026/27,pre_last_hour,202,35.766235413495686
UEFA Champions League 2026/27,pre_last_hour,203,35.88571790969051
UEFA Champions League 2026/27,pre_last_hour,204,36.00456621004566
UEFA Champions League 2026/27,pre_last_hour,205,36.1226534753932
UEFA Champions League 2026/27,pre_last_hour,206,36.24061390157281
UEFA Champions League 2026/27,pre_last_hour,207,36.35819381024861
UEFA Champions League 2026/27,pre_last_hour,208,36.47590055809234
UEFA Champions League 2026/27,pre_last_hour,209,36.59373414510401
UEFA Champions League 2026/27,pre_last_hour,210,36.71118721461188
UEFA Champions League 2026/27,pre_last_hour,211,36.82800608828006
UEFA Champions League 2026/27,pre_last_hour,212,36.94469812278032
UEFA Champions League 2026/27,pre_last_hour,213,37.06100963977676
UEFA Champions League 2026/27,pre_last_hour,214,37.177067478437344
UEFA Champions League 2026/27,pre_last_hour,215,37.29261796042618
UEFA Champions League 2026/27,pre_last_hour,216,37.40766108574328
UEFA Champions League 2026/27,pre_last_hour,217,37.52232369355657
UEFA Champions League 2026/27,pre_last_hour,218,37.63660578386606
UEFA Champions League 2026/27,pre_last_hour,219,37.75012683916793
UEFA Champions League 2026/27,pre_last_hour,220,37.86314053779808
UEFA Champions League 2026/27,pre_last_hour,221,37.97564687975647
UEFA Champions League 2026/27,pre_last_hour,222,38.0882800608828
UEFA Champions League 2026/27,pre_last_hour,223,38.19977168949772
UEFA Champions League 2026/27,pre_last_hour,224,38.31062912227296
UEFA Champions League 2026/27,pre_last_hour,225,38.42059868087265
UEFA Champions League 2026/27,pre_last_hour,226,38.53006088280061
UEFA Champions League 2026/27,pre_last_hour,227,38.63939624556063
UEFA Champions League 2026/27,pre_last_hour,228,38.74835109081685
UEFA Champions League 2026/27,pre_last_hour,229,38.85692541856925
UEFA Champions League 2026/27,pre_last_hour,230,38.96499238964992
UEFA Champions League 2026/27,pre_last_hour,231,39.07280568239472
UEFA Champions League 2026/27,pre_last_hour,232,39.18036529680365
UEFA Champions League 2026/27,pre_last_hour,233,39.28703703703704
UEFA Champions League 2026/27,pre_last_hour,234,39.39320142059868
UEFA Champions League 2026/27,pre_last_hour,235,39.49873160832065
UEFA Champions League 2026/27,pre_last_hour,236,39.60375443937088
UEFA Champions League 2026/27,pre_last_hour,237,39.70877727042111
UEFA Champions League 2026/27,pre_last_hour,238,39.81291222729579
UEFA Champions League 2026/27,pre_last_hour,239,39.91692034500254
UEFA Champions League 2026/27,pre_last_hour,240,40.02080162354135
UEFA Champions League 2026/27,pre_last_hour,241,40.12417554540842
UEFA Champions League 2026/27,pre_last_hour,242,40.227549467275495
UEFA Champions League 2026/27,pre_last_hour,243,40.33079654997463
UEFA Champions League 2026/27,pre_last_hour,244,40.43391679350584
UEFA Champions League 2026/27,pre_last_hour,245,40.537290715372905
UEFA Champions League 2026/27,pre_last_hour,246,40.63990360223237
UEFA Champions League 2026/27,pre_last_hour,247,40.742009132420094
UEFA Champions League 2026/27,pre_last_hour,248,40.84424150177575
UEFA Champions League 2026/27,pre_last_hour,249,40.94660071029934
UEFA Champions League 2026/27,pre_last_hour,250,41.04845256215119
UEFA Champions League 2026/27,pre_last_hour,251,41.15017757483511
UEFA Champions League 2026/27,pre_last_hour,252,41.25190258751903
UEFA Champions League 2026/27,pre_last_hour,253,41.35299340436327
UEFA Champions League 2026/27,pre_last_hour,254,41.45383054287164
UEFA Champions League 2026/27,pre_last_hour,255,41.55479452054794
UEFA Champions League 2026/27,pre_last_hour,256,41.65499746321664
UEFA Champions League 2026/27,pre_last_hour,257,41.754946727549466
UEFA Champions League 2026/27,pre_last_hour,258,41.85476915271436
UEFA Champions League 2026/27,pre_last_hour,259,41.95408422120751
UEFA Champions League 2026/27,pre_last_hour,260,42.05327245053272
UEFA Champions League 2026/27,pre_last_hour,261,42.1519533231862
UEFA Champions League 2026/27,pre_last_hour,262,42.25012683916793
UEFA Champions League 2026/27,pre_last_hour,263,42.34779299847793
UEFA Champions League 2026/27,pre_last_hour,264,42.44558599695586
UEFA Champions League 2026/27,pre_last_hour,265,42.54287163876205
UEFA Champions League 2026/27,pre_last_hour,266,42.63990360223237
UEFA Champions League 2026/27,pre_last_hour,267,42.73592085235921
UEFA Champions League 2026/27,pre_last_hour,268,42.83155758498224
UEFA Champions League 2026/27,pre_last_hour,269,42.92694063926941
UEFA Champions League 2026/27,pre_last_hour,270,43.02181633688483
UEFA Champions League 2026/27,pre_last_hour,271,43.11631151699645
UEFA Champions League 2026/27,pre_last_hour,272,43.21067985794013
UEFA Champions League 2026/27,pre_last_hour,273,43.30479452054794
UEFA Champions League 2026/27,pre_last_hour,274,43.399162861491625
UEFA Champions League 2026/27,pre_last_hour,275,43.49264332825977
UEFA Champions League 2026/27,pre_last_hour,276,43.585362760020296
UEFA Champions League 2026/27,pre_last_hour,277,43.67770167427702
UEFA Champions League 2026/27,pre_last_hour,278,43.76940639269407
UEFA Champions League 2026/27,pre_last_hour,279,43.86073059360731
UEFA Champions League 2026/27,pre_last_hour,280,43.951927955352616
UEFA Champions League 2026/27,pre_last_hour,281,44.04287163876205
UEFA Champions League 2026/27,pre_last_hour,282,44.13356164383562
UEFA Champions League 2026/27,pre_last_hour,283,44.22425164890918
UEFA Champions League 2026/27,pre_last_hour,284,44.31456113647894
UEFA Champions League 2026/27,pre_last_hour,285,44.40474378488077
UEFA Champions League 2026/27,pre_last_hour,286,44.49416539827499
UEFA Champions League 2026/27,pre_last_hour,287,44.58384069000508
UEFA Champions League 2026/27,pre_last_hour,288,44.67313546423136
UEFA Champions League 2026/27,pre_last_hour,289,44.76204972095383
UEFA Champions League 2026/27,pre_last_hour,290,44.85032978183663
UEFA Champions League 2026/27,pre_last_hour,291,44.9384830035515
UEFA Champions League 2026/27,pre_last_hour,292,45.02688990360223
UEFA Champions League 2026/27,pre_last_hour,293,45.1154236428209
UEFA Champions League 2026/27,pre_last_hour,294,45.20421106037544
UEFA Champions League 2026/27,pre_last_hour,295,45.29249112125824
UEFA Champions League 2026/27,pre_last_hour,296,45.38013698630137
UEFA Champions League 2026/27,pre_last_hour,297,45.46752917300862
UEFA Champions League 2026/27,pre_last_hour,298,45.55504819888382
UEFA Champions League 2026/27,pre_last_hour,299,45.64167935058346
UEFA Champions League 2026/27,pre_last_hour,300,45.728056823947234
UEFA Champions League 2026/27,post_0_to_55m,1,0.4169088141690881
UEFA Champions League 2026/27,post_0_to_55m,2,1.3139615331396153
UEFA Champions League 2026/27,post_0_to_55m,3,2.4016881140168813
UEFA Champions League 2026/27,post_0_to_55m,4,3.5818458558184587
UEFA Champions League 2026/27,post_0_to_55m,5,4.82759097827591
UEFA Champions League 2026/27,post_0_to_55m,6,6.093814860938148
UEFA Champions League 2026/27,post_0_to_55m,7,7.321710253217103
UEFA Champions League 2026/27,post_0_to_55m,8,8.558599695585997
UEFA Champions League 2026/27,post_0_to_55m,9,9.788017157880171
UEFA Champions League 2026/27,post_0_to_55m,10,10.968451639684517
UEFA Champions League 2026/27,post_0_to_55m,11,12.13684793136848
UEFA Champions League 2026/27,post_0_to_55m,12,13.28794797287948
UEFA Champions League 2026/27,post_0_to_55m,13,14.396153313961532
UEFA Champions League 2026/27,post_0_to_55m,14,15.493427424934277
UEFA Champions League 2026/27,post_0_to_55m,15,16.5721599557216
UEFA Champions League 2026/27,post_0_to_55m,16,17.614224436142244
UEFA Champions League 2026/27,post_0_to_55m,17,18.642728656427288
UEFA Champions League 2026/27,post_0_to_55m,18,19.657949356579493
UEFA Champions League 2026/27,post_0_to_55m,19,20.639131036391312
UEFA Champions League 2026/27,post_0_to_55m,20,21.60370831603708
UEFA Champions League 2026/27,post_0_to_55m,21,22.552234675522342
UEFA Champions League 2026/27,post_0_to_55m,22,23.466583644665835
UEFA Champions League 2026/27,post_0_to_55m,23,24.367787463677875
UEFA Champions League 2026/27,post_0_to_55m,24,25.254047322540472
UEFA Champions League 2026/27,post_0_to_55m,25,26.11124948111249
UEFA Champions League 2026/27,post_0_to_55m,26,26.956690189566903
UEFA Champions League 2026/27,post_0_to_55m,27,27.78400442784005
UEFA Champions League 2026/27,post_0_to_55m,28,28.584613255846133
UEFA Champions League 2026/27,post_0_to_55m,29,29.371938563719382
UEFA Champions League 2026/27,post_0_to_55m,30,30.14293621142936
UEFA Champions League 2026/27,post_0_to_55m,31,30.8870900788709
UEFA Champions League 2026/27,post_0_to_55m,32,31.617268576172687
UEFA Champions League 2026/27,post_0_to_55m,33,32.33347170333472
UEFA Champions League 2026/27,post_0_to_55m,34,33.0330704303307
UEFA Champions League 2026/27,post_0_to_55m,35,33.7224297772243
UEFA Champions League 2026/27,post_0_to_55m,36,34.40279507402795
UEFA Champions League 2026/27,post_0_to_55m,37,35.06683271066833
UEFA Champions League 2026/27,post_0_to_55m,38,35.722983257229835
UEFA Champions League 2026/27,post_0_to_55m,39,36.37124671371247
UEFA Champions League 2026/27,post_0_to_55m,40,37.00622665006227
UEFA Champions League 2026/27,post_0_to_55m,41,37.63055209630552
UEFA Champions League 2026/27,post_0_to_55m,42,38.24588349245884
UEFA Champions League 2026/27,post_0_to_55m,43,38.84419537844195
UEFA Champions League 2026/27,post_0_to_55m,44,39.4346201743462
UEFA Champions League 2026/27,post_0_to_55m,45,40.01494396014944
UEFA Champions League 2026/27,post_0_to_55m,46,40.58087726580877
UEFA Champions League 2026/27,post_0_to_55m,47,41.13975370139754
UEFA Champions League 2026/27,post_0_to_55m,48,41.69046630690466
UEFA Champions League 2026/27,post_0_to_55m,49,42.22955583229556
UEFA Champions League 2026/27,post_0_to_55m,50,42.76117337761173
UEFA Champions League 2026/27,post_0_to_55m,51,43.28614916286149
UEFA Champions League 2026/27,post_0_to_55m,52,43.79839490798395
UEFA Champions League 2026/27,post_0_to_55m,53,44.30233845302338
UEFA Champions League 2026/27,post_0_to_55m,54,44.80060882800609
UEFA Champions League 2026/27,post_0_to_55m,55,45.287117752871175
UEFA Champions League 2026/27,post_0_to_55m,56,45.76643143766432
UEFA Champions League 2026/27,post_0_to_55m,57,46.24242424242424
UEFA Champions League 2026/27,post_0_to_55m,58,46.710114847101146
UEFA Champions League 2026/27,post_0_to_55m,59,47.17323924173239
UEFA Champions League 2026/27,post_0_to_55m,60,47.62972187629722
UEFA Champions League 2026/27,post_0_to_55m,61,48.07831742078317
UEFA Champions League 2026/27,post_0_to_55m,62,48.52165490521655
UEFA Champions League 2026/27,post_0_to_55m,63,48.960011069600114
UEFA Champions League 2026/27,post_0_to_55m,64,49.39117199391172
UEFA Champions League 2026/27,post_0_to_55m,65,49.81721322817213
UEFA Champions League 2026/27,post_0_to_55m,66,50.239241732392415
UEFA Champions League 2026/27,post_0_to_55m,67,50.65296803652968
UEFA Champions League 2026/27,post_0_to_55m,68,51.063096720630966
UEFA Champions League 2026/27,post_0_to_55m,69,51.46948941469489
UEFA Champions League 2026/27,post_0_to_55m,70,51.86910197869102
UEFA Champions League 2026/27,post_0_to_55m,71,52.26456344264563
UEFA Champions League 2026/27,post_0_to_55m,72,52.65573543655736
UEFA Champions League 2026/27,post_0_to_55m,73,53.039850560398506
UEFA Champions League 2026/27,post_0_to_55m,74,53.419537844195375
UEFA Champions League 2026/27,post_0_to_55m,75,53.79548913795489
UEFA Champions League 2026/27,post_0_to_55m,76,54.164660301646606
UEFA Champions League 2026/27,post_0_to_55m,77,54.53203265532033
UEFA Champions League 2026/27,post_0_to_55m,78,54.897606198976064
UEFA Champions League 2026/27,post_0_to_55m,79,55.256399612564
UEFA Champions League 2026/27,post_0_to_55m,80,55.61201051612011
UEFA Champions League 2026/27,post_0_to_55m,81,55.96443890964439
UEFA Champions League 2026/27,post_0_to_55m,82,56.31036391310364
UEFA Champions League 2026/27,post_0_to_55m,83,56.65269129652691
UEFA Champions League 2026/27,post_0_to_55m,84,56.99280475992805
UEFA Champions League 2026/27,post_0_to_55m,85,57.32613809326138
UEFA Champions League 2026/27,post_0_to_55m,86,57.65739587657396
UEFA Champions League 2026/27,post_0_to_55m,87,57.9864397398644
UEFA Champions League 2026/27,post_0_to_55m,88,58.30994880309949
UEFA Champions League 2026/27,post_0_to_55m,89,58.62999861629999
UEFA Champions League 2026/27,post_0_to_55m,90,58.94769613947696
UEFA Champions League 2026/27,post_0_to_55m,91,59.25999723259997
UEFA Champions League 2026/27,post_0_to_55m,92,59.56925418569254
UEFA Champions League 2026/27,post_0_to_55m,93,59.8751902587519
UEFA Champions League 2026/27,post_0_to_55m,94,60.1765601217656
UEFA Champions League 2026/27,post_0_to_55m,95,60.474609104746094
UEFA Champions League 2026/27,post_0_to_55m,96,60.770997647709976
UEFA Champions League 2026/27,post_0_to_55m,97,61.06240487062405
UEFA Champions League 2026/27,post_0_to_55m,98,61.35049121350491
UEFA Champions League 2026/27,post_0_to_55m,99,61.6349799363498
UEFA Champions League 2026/27,post_0_to_55m,100,61.91434896914349
UEFA Champions League 2026/27,post_0_to_55m,101,62.19136571191365
UEFA Champions League 2026/27,post_0_to_55m,102,62.46672201466722
UEFA Champions League 2026/27,post_0_to_55m,103,62.736128407361285
UEFA Champions League 2026/27,post_0_to_55m,104,63.003597620035976
UEFA Champions League 2026/27,post_0_to_55m,105,63.27065172270652
UEFA Champions League 2026/27,post_0_to_55m,106,63.53438494534385
UEFA Champions League 2026/27,post_0_to_55m,107,63.79521239795213
UEFA Champions League 2026/27,post_0_to_55m,108,64.0527189705272
UEFA Champions League 2026/27,post_0_to_55m,109,64.30635118306351
UEFA Champions League 2026/27,post_0_to_55m,110,64.55832295558324
UEFA Champions League 2026/27,post_0_to_55m,111,64.80891102808911
UEFA Champions League 2026/27,post_0_to_55m,112,65.05673170056731
UEFA Champions League 2026/27,post_0_to_55m,113,65.302200083022
UEFA Champions League 2026/27,post_0_to_55m,114,65.54476269544763
UEFA Champions League 2026/27,post_0_to_55m,115,65.7842811678428
UEFA Champions League 2026/27,post_0_to_55m,116,66.02144735021447
UEFA Champions League 2026/27,post_0_to_55m,117,66.25709146257091
UEFA Champions League 2026/27,post_0_to_55m,118,66.48913795489138
UEFA Champions League 2026/27,post_0_to_55m,119,66.7181403071814
UEFA Champions League 2026/27,post_0_to_55m,120,66.94506710945068
UEFA Champions League 2026/27,post_0_to_55m,121,67.16867303168674
UEFA Champions League 2026/27,post_0_to_55m,122,67.39006503390065
UEFA Champions League 2026/27,post_0_to_55m,123,67.6095198560952
UEFA Champions League 2026/27,post_0_to_55m,124,67.8260689082607
UEFA Champions League 2026/27,post_0_to_55m,125,68.04123426041234
UEFA Champions League 2026/27,post_0_to_55m,126,68.25432406254325
UEFA Champions League 2026/27,post_0_to_55m,127,68.46409298464093
UEFA Champions League 2026/27,post_0_to_55m,128,68.67275494672755
UEFA Champions League 2026/27,post_0_to_55m,129,68.88058668880586
UEFA Champions League 2026/27,post_0_to_55m,130,69.08468244084682
UEFA Champions League 2026/27,post_0_to_55m,131,69.28642590286425
UEFA Champions League 2026/27,post_0_to_55m,132,69.48637055486371
UEFA Champions League 2026/27,post_0_to_55m,133,69.6842396568424
UEFA Champions League 2026/27,post_0_to_55m,134,69.88044831880448
UEFA Champions League 2026/27,post_0_to_55m,135,70.0755500207555
UEFA Champions League 2026/27,post_0_to_55m,136,70.26912965269129
UEFA Champions League 2026/27,post_0_to_55m,137,70.46063373460633
UEFA Champions League 2026/27,post_0_to_55m,138,70.65089248650892
UEFA Champions League 2026/27,post_0_to_55m,139,70.83893731838937
UEFA Champions League 2026/27,post_0_to_55m,140,71.02476823024769
UEFA Champions League 2026/27,post_0_to_55m,141,71.20949218209492
UEFA Champions League 2026/27,post_0_to_55m,142,71.39144873391449
UEFA Champions League 2026/27,post_0_to_55m,143,71.57229832572298
UEFA Champions League 2026/27,post_0_to_55m,144,71.75190258751903
UEFA Champions League 2026/27,post_0_to_55m,145,71.92873944928739
UEFA Champions League 2026/27,post_0_to_55m,146,72.10363913103639
UEFA Champions League 2026/27,post_0_to_55m,147,72.27826207278262
UEFA Champions League 2026/27,post_0_to_55m,148,72.45136294451363
UEFA Champions League 2026/27,post_0_to_55m,149,72.6230801162308
UEFA Champions League 2026/27,post_0_to_55m,150,72.7936903279369
UEFA Champions League 2026/27,post_0_to_55m,151,72.96333194963331
UEFA Champions League 2026/27,post_0_to_55m,152,73.13103639131036
UEFA Champions League 2026/27,post_0_to_55m,153,73.29652691296526
UEFA Champions League 2026/27,post_0_to_55m,154,73.46063373460633
UEFA Champions League 2026/27,post_0_to_55m,155,73.6230801162308
UEFA Champions League 2026/27,post_0_to_55m,156,73.78455790784558
UEFA Champions League 2026/27,post_0_to_55m,157,73.94382177943822
UEFA Champions League 2026/27,post_0_to_55m,158,74.10197869101978
UEFA Champions League 2026/27,post_0_to_55m,159,74.25958212259582
UEFA Champions League 2026/27,post_0_to_55m,160,74.4151100041511
UEFA Champions League 2026/27,post_0_to_55m,161,74.5695309256953
UEFA Champions League 2026/27,post_0_to_55m,162,74.72270651722707
UEFA Champions League 2026/27,post_0_to_55m,163,74.87491351874914
UEFA Champions League 2026/27,post_0_to_55m,164,75.02601356026014
UEFA Champions League 2026/27,post_0_to_55m,165,75.17559153175591
UEFA Champions League 2026/27,post_0_to_55m,166,75.32447765324477
UEFA Champions League 2026/27,post_0_to_55m,167,75.47211844472119
UEFA Champions League 2026/27,post_0_to_55m,168,75.61851390618514
UEFA Champions League 2026/27,post_0_to_55m,169,75.76311055763111
UEFA Champions League 2026/27,post_0_to_55m,170,75.90687698906876
UEFA Champions League 2026/27,post_0_to_55m,171,76.04898298048982
UEFA Champions League 2026/27,post_0_to_55m,172,76.18915179189152
UEFA Champions League 2026/27,post_0_to_55m,173,76.32945897329459
UEFA Champions League 2026/27,post_0_to_55m,174,76.46907430469075
UEFA Champions League 2026/27,post_0_to_55m,175,76.60716756607168
UEFA Champions League 2026/27,post_0_to_55m,176,76.7445689774457
UEFA Champions League 2026/27,post_0_to_55m,177,76.88127853881278
UEFA Champions League 2026/27,post_0_to_55m,178,77.01632766016327
UEFA Champions League 2026/27,post_0_to_55m,179,77.15040819150408
UEFA Champions League 2026/27,post_0_to_55m,180,77.28379687283797
UEFA Champions League 2026/27,post_0_to_55m,181,77.41580185415802
UEFA Champions League 2026/27,post_0_to_55m,182,77.54766846547669
UEFA Champions League 2026/27,post_0_to_55m,183,77.67842811678427
UEFA Champions League 2026/27,post_0_to_55m,184,77.80863428808634
UEFA Champions League 2026/27,post_0_to_55m,185,77.93828697938287
UEFA Champions League 2026/27,post_0_to_55m,186,78.06669434066694
UEFA Champions League 2026/27,post_0_to_55m,187,78.19427148194272
UEFA Champions League 2026/27,post_0_to_55m,188,78.32032655320326
UEFA Champions League 2026/27,post_0_to_55m,189,78.44582814445828
UEFA Champions League 2026/27,post_0_to_55m,190,78.57008440570084
UEFA Champions League 2026/27,post_0_to_55m,191,78.69295696692957
UEFA Champions League 2026/27,post_0_to_55m,192,78.81458419814584
UEFA Champions League 2026/27,post_0_to_55m,193,78.9338591393386
UEFA Champions League 2026/27,post_0_to_55m,194,79.05244223052442
UEFA Champions League 2026/27,post_0_to_55m,195,79.17005673170057
UEFA Champions League 2026/27,post_0_to_55m,196,79.28697938286979
UEFA Champions League 2026/27,post_0_to_55m,197,79.4032101840321
UEFA Champions League 2026/27,post_0_to_55m,198,79.51861076518611
UEFA Champions League 2026/27,post_0_to_55m,199,79.63304275633043
UEFA Champions League 2026/27,post_0_to_55m,200,79.74678289746782
UEFA Champions League 2026/27,post_0_to_55m,201,79.85941607859417
UEFA Champions League 2026/27,post_0_to_55m,202,79.97094229970942
UEFA Champions League 2026/27,post_0_to_55m,203,80.08163830081638
UEFA Champions League 2026/27,post_0_to_55m,204,80.19219593192196
UEFA Champions League 2026/27,post_0_to_55m,205,80.30095475300955
UEFA Champions League 2026/27,post_0_to_55m,206,80.40874498408745
UEFA Champions League 2026/27,post_0_to_55m,207,80.51639684516397
UEFA Champions League 2026/27,post_0_to_55m,208,80.62363359623633
UEFA Champions League 2026/27,post_0_to_55m,209,80.7300401273004
UEFA Champions League 2026/27,post_0_to_55m,210,80.83589317835893
UEFA Champions League 2026/27,post_0_to_55m,211,80.94036252940363
UEFA Champions League 2026/27,post_0_to_55m,212,81.04400166044002
UEFA Champions League 2026/27,post_0_to_55m,213,81.14694894146949
UEFA Champions League 2026/27,post_0_to_55m,214,81.24865089248651
UEFA Champions League 2026/27,post_0_to_55m,215,81.35007610350075
UEFA Champions League 2026/27,post_0_to_55m,216,81.45094783450948
UEFA Champions League 2026/27,post_0_to_55m,217,81.55071260550713
UEFA Champions League 2026/27,post_0_to_55m,218,81.64964715649647
UEFA Champions League 2026/27,post_0_to_55m,219,81.7478898574789
UEFA Champions League 2026/27,post_0_to_55m,220,81.84474885844749
UEFA Champions League 2026/27,post_0_to_55m,221,81.9413311194133
UEFA Champions League 2026/27,post_0_to_55m,222,82.03763664037636
UEFA Champions League 2026/27,post_0_to_55m,223,82.13394216133942
UEFA Champions League 2026/27,post_0_to_55m,224,82.22927909229278
UEFA Champions League 2026/27,post_0_to_55m,225,82.32406254324063
UEFA Champions League 2026/27,post_0_to_55m,226,82.41829251418292
UEFA Champions League 2026/27,post_0_to_55m,227,82.5119690051197
UEFA Champions League 2026/27,post_0_to_55m,228,82.60550712605507
UEFA Champions League 2026/27,post_0_to_55m,229,82.69793828697938
UEFA Champions League 2026/27,post_0_to_55m,230,82.78926248789263
UEFA Champions League 2026/27,post_0_to_55m,231,82.88044831880448
UEFA Champions League 2026/27,post_0_to_55m,232,82.96997370969974
UEFA Champions League 2026/27,post_0_to_55m,233,83.05949910059499
UEFA Champions League 2026/27,post_0_to_55m,234,83.14833264148332
UEFA Champions League 2026/27,post_0_to_55m,235,83.23688944236889
UEFA Champions League 2026/27,post_0_to_55m,236,83.3250311332503
UEFA Champions League 2026/27,post_0_to_55m,237,83.41206586412066
UEFA Champions League 2026/27,post_0_to_55m,238,83.49840874498409
UEFA Champions League 2026/27,post_0_to_55m,239,83.58447488584476
UEFA Champions League 2026/27,post_0_to_55m,240,83.66984917669849
UEFA Champions League 2026/27,post_0_to_55m,241,83.75439324754393
UEFA Champions League 2026/27,post_0_to_55m,242,83.83796872837969
UEFA Champions League 2026/27,post_0_to_55m,243,83.92112909921129
UEFA Champions League 2026/27,post_0_to_55m,244,84.0034592500346
UEFA Champions League 2026/27,post_0_to_55m,245,84.08537429085375
UEFA Champions League 2026/27,post_0_to_55m,246,84.16701259167013
UEFA Champions League 2026/27,post_0_to_55m,247,84.24782067247821
UEFA Champions League 2026/27,post_0_to_55m,248,84.32779853327798
UEFA Champions League 2026/27,post_0_to_55m,249,84.40694617406946
UEFA Champions League 2026/27,post_0_to_55m,250,84.48567870485678
UEFA Champions League 2026/27,post_0_to_55m,251,84.56399612563996
UEFA Champions League 2026/27,post_0_to_55m,252,84.64231354642314
UEFA Champions League 2026/27,post_0_to_55m,253,84.72035422720354
UEFA Champions League 2026/27,post_0_to_55m,254,84.79784142797841
UEFA Champions League 2026/27,post_0_to_55m,255,84.87505188875052
UEFA Champions League 2026/27,post_0_to_55m,256,84.95143212951432
UEFA Champions League 2026/27,post_0_to_55m,257,85.02739726027397
UEFA Champions League 2026/27,post_0_to_55m,258,85.10280891102809
UEFA Champions League 2026/27,post_0_to_55m,259,85.1773903417739
UEFA Champions League 2026/27,post_0_to_55m,260,85.25141829251419
UEFA Champions League 2026/27,post_0_to_55m,261,85.32558461325584
UEFA Champions League 2026/27,post_0_to_55m,262,85.39947419399475
UEFA Champions League 2026/27,post_0_to_55m,263,85.4728102947281
UEFA Champions League 2026/27,post_0_to_55m,264,85.5458696554587
UEFA Champions League 2026/27,post_0_to_55m,265,85.61851390618514
UEFA Champions League 2026/27,post_0_to_55m,266,85.69046630690467
UEFA Champions League 2026/27,post_0_to_55m,267,85.76200359762004
UEFA Champions League 2026/27,post_0_to_55m,268,85.83284903832849
UEFA Champions League 2026/27,post_0_to_55m,269,85.90286425902865
UEFA Champions League 2026/27,post_0_to_55m,270,85.97232599972325
UEFA Champions League 2026/27,post_0_to_55m,271,86.04137263041373
UEFA Champions League 2026/27,post_0_to_55m,272,86.11014252110142
UEFA Champions League 2026/27,post_0_to_55m,273,86.17863567178635
UEFA Champions League 2026/27,post_0_to_55m,274,86.24685208246852
UEFA Champions League 2026/27,post_0_to_55m,275,86.31506849315069
UEFA Champions League 2026/27,post_0_to_55m,276,86.38217794382177
UEFA Champions League 2026/27,post_0_to_55m,277,86.44901065449011
UEFA Champions League 2026/27,post_0_to_55m,278,86.51598173515981
UEFA Champions League 2026/27,post_0_to_55m,279,86.58281444582815
UEFA Champions League 2026/27,post_0_to_55m,280,86.64867856648678
UEFA Champions League 2026/27,post_0_to_55m,281,86.71412757714127
UEFA Champions League 2026/27,post_0_to_55m,282,86.77957658779576
UEFA Champions League 2026/27,post_0_to_55m,283,86.84474885844749
UEFA Champions League 2026/27,post_0_to_55m,284,86.90978275909782
UEFA Champions League 2026/27,post_0_to_55m,285,86.97440154974402
UEFA Champions League 2026/27,post_0_to_55m,286,87.03846686038467
UEFA Champions League 2026/27,post_0_to_55m,287,87.10225543102256
UEFA Champions League 2026/27,post_0_to_55m,288,87.1654905216549
UEFA Champions League 2026/27,post_0_to_55m,289,87.22817213228173
UEFA Champions League 2026/27,post_0_to_55m,290,87.29085374290854
UEFA Champions League 2026/27,post_0_to_55m,291,87.35325861353259
UEFA Champions League 2026/27,post_0_to_55m,292,87.4151100041511
UEFA Champions League 2026/27,post_0_to_55m,293,87.47682302476824
UEFA Champions League 2026/27,post_0_to_55m,294,87.53812093538122
UEFA Champions League 2026/27,post_0_to_55m,295,87.5992804759928
UEFA Champions League 2026/27,post_0_to_55m,296,87.66002490660026
UEFA Champions League 2026/27,post_0_to_55m,297,87.72007748720077
UEFA Champions League 2026/27,post_0_to_55m,298,87.77957658779576
UEFA Champions League 2026/27,post_0_to_55m,299,87.83879894838799
UEFA Champions League 2026/27,post_0_to_55m,300,87.89760619897606
UEFA Champions League 2026/27,post_55_to_105m,1,0.7983257229832572
UEFA Champions League 2026/27,post_55_to_105m,2,2.3050228310502283
UEFA Champions League 2026/27,post_55_to_105m,3,3.961187214611872
UEFA Champions League 2026/27,post_55_to_105m,4,5.600304414003044
UEFA Champions League 2026/27,post_55_to_105m,5,7.267579908675799
UEFA Champions League 2026/27,post_55_to_105m,6,8.896194824961949
UEFA Champions League 2026/27,post_55_to_105m,7,10.415068493150685
UEFA Champions League 2026/27,post_55_to_105m,8,11.887671232876713
UEFA Champions League 2026/27,post_55_to_105m,9,13.3103500761035
UEFA Champions League 2026/27,post_55_to_105m,10,14.647488584474884
UEFA Champions League 2026/27,post_55_to_105m,11,15.949010654490106
UEFA Champions League 2026/27,post_55_to_105m,12,17.21826484018265
UEFA Champions League 2026/27,post_55_to_105m,13,18.41704718417047
UEFA Champions League 2026/27,post_55_to_105m,14,19.58538812785388
UEFA Champions League 2026/27,post_55_to_105m,15,20.72161339421613
UEFA Champions League 2026/27,post_55_to_105m,16,21.79939117199391
UEFA Champions League 2026/27,post_55_to_105m,17,22.851902587519024
UEFA Champions League 2026/27,post_55_to_105m,18,23.882648401826483
UEFA Champions League 2026/27,post_55_to_105m,19,24.857686453576864
UEFA Champions League 2026/27,post_55_to_105m,20,25.81248097412481
UEFA Champions League 2026/27,post_55_to_105m,21,26.74931506849315
UEFA Champions League 2026/27,post_55_to_105m,22,27.63881278538813
UEFA Champions League 2026/27,post_55_to_105m,23,28.50852359208524
UEFA Champions League 2026/27,post_55_to_105m,24,29.358599695586
UEFA Champions League 2026/27,post_55_to_105m,25,30.17914764079148
UEFA Champions League 2026/27,post_55_to_105m,26,30.982648401826484
UEFA Champions League 2026/27,post_55_to_105m,27,31.77123287671233
UEFA Champions League 2026/27,post_55_to_105m,28,32.52907153729072
UEFA Champions League 2026/27,post_55_to_105m,29,33.270928462709286
UEFA Champions League 2026/27,post_55_to_105m,30,33.99528158295281
UEFA Champions League 2026/27,post_55_to_105m,31,34.69056316590563
UEFA Champions League 2026/27,post_55_to_105m,32,35.37168949771689
UEFA Champions League 2026/27,post_55_to_105m,33,36.03972602739726
UEFA Champions League 2026/27,post_55_to_105m,34,36.68264840182648
UEFA Champions League 2026/27,post_55_to_105m,35,37.31522070015221
UEFA Champions League 2026/27,post_55_to_105m,36,37.93698630136986
UEFA Champions League 2026/27,post_55_to_105m,37,38.54003044140031
UEFA Champions League 2026/27,post_55_to_105m,38,39.13226788432268
UEFA Champions League 2026/27,post_55_to_105m,39,39.718569254185695
UEFA Champions League 2026/27,post_55_to_105m,40,40.28797564687976
UEFA Champions League 2026/27,post_55_to_105m,41,40.85053272450533
UEFA Champions League 2026/27,post_55_to_105m,42,41.40106544901065
UEFA Champions League 2026/27,post_55_to_105m,43,41.93805175038052
UEFA Champions League 2026/27,post_55_to_105m,44,42.468797564687975
UEFA Champions League 2026/27,post_55_to_105m,45,42.990867579908674
UEFA Champions League 2026/27,post_55_to_105m,46,43.50045662100457
UEFA Champions League 2026/27,post_55_to_105m,47,44.00243531202435
UEFA Champions League 2026/27,post_55_to_105m,48,44.49817351598173
UEFA Champions League 2026/27,post_55_to_105m,49,44.98280060882801
UEFA Champions League 2026/27,post_55_to_105m,50,45.45890410958904
UEFA Champions League 2026/27,post_55_to_105m,51,45.92907153729072
UEFA Champions League 2026/27,post_55_to_105m,52,46.388888888888886
UEFA Champions League 2026/27,post_55_to_105m,53,46.8455098934551
UEFA Champions League 2026/27,post_55_to_105m,54,47.29741248097413
UEFA Champions League 2026/27,post_55_to_105m,55,47.74048706240488
UEFA Champions League 2026/27,post_55_to_105m,56,48.17747336377473
UEFA Champions League 2026/27,post_55_to_105m,57,48.6076103500761
UEFA Champions League 2026/27,post_55_to_105m,58,49.02815829528159
UEFA Champions League 2026/27,post_55_to_105m,59,49.44368340943684
UEFA Champions League 2026/27,post_55_to_105m,60,49.85372907153729
UEFA Champions League 2026/27,post_55_to_105m,61,50.25144596651446
UEFA Champions League 2026/27,post_55_to_105m,62,50.64398782343988
UEFA Champions League 2026/27,post_55_to_105m,63,51.03165905631659
UEFA Champions League 2026/27,post_55_to_105m,64,51.4103500761035
UEFA Champions League 2026/27,post_55_to_105m,65,51.78371385083714
UEFA Champions League 2026/27,post_55_to_105m,66,52.15357686453577
UEFA Champions League 2026/27,post_55_to_105m,67,52.51567732115677
UEFA Champions League 2026/27,post_55_to_105m,68,52.87549467275495
UEFA Champions League 2026/27,post_55_to_105m,69,53.231963470319634
UEFA Champions League 2026/27,post_55_to_105m,70,53.58158295281583
UEFA Champions League 2026/27,post_55_to_105m,71,53.92663622526637
UEFA Champions League 2026/27,post_55_to_105m,72,54.265296803652966
UEFA Champions League 2026/27,post_55_to_105m,73,54.5958904109589
UEFA Champions League 2026/27,post_55_to_105m,74,54.92572298325723
UEFA Champions League 2026/27,post_55_to_105m,75,55.25053272450533
UEFA Champions League 2026/27,post_55_to_105m,76,55.56742770167428
UEFA Champions League 2026/27,post_55_to_105m,77,55.88021308980213
UEFA Champions League 2026/27,post_55_to_105m,78,56.18904109589041
UEFA Champions League 2026/27,post_55_to_105m,79,56.49208523592085
UEFA Champions League 2026/27,post_55_to_105m,80,56.79254185692542
UEFA Champions League 2026/27,post_55_to_105m,81,57.0896499238965
UEFA Champions League 2026/27,post_55_to_105m,82,57.379299847793
UEFA Champions League 2026/27,post_55_to_105m,83,57.666362252663625
UEFA Champions League 2026/27,post_55_to_105m,84,57.95007610350076
UEFA Champions League 2026/27,post_55_to_105m,85,58.22815829528158
UEFA Champions League 2026/27,post_55_to_105m,86,58.503652968036526
UEFA Champions League 2026/27,post_55_to_105m,87,58.77579908675799
UEFA Champions League 2026/27,post_55_to_105m,88,59.04246575342466
UEFA Champions League 2026/27,post_55_to_105m,89,59.30502283105023
UEFA Champions League 2026/27,post_55_to_105m,90,59.56362252663622
UEFA Champions League 2026/27,post_55_to_105m,91,59.81872146118722
UEFA Champions League 2026/27,post_55_to_105m,92,60.07108066971081
UEFA Champions League 2026/27,post_55_to_105m,93,60.32009132420092
UEFA Champions League 2026/27,post_55_to_105m,94,60.56575342465754
UEFA Champions League 2026/27,post_55_to_105m,95,60.80913242009132
UEFA Champions League 2026/27,post_55_to_105m,96,61.04885844748858
UEFA Champions League 2026/27,post_55_to_105m,97,61.284322678843225
UEFA Champions League 2026/27,post_55_to_105m,98,61.51872146118721
UEFA Champions League 2026/27,post_55_to_105m,99,61.74992389649924
UEFA Champions League 2026/27,post_55_to_105m,100,61.97686453576865
UEFA Champions League 2026/27,post_55_to_105m,101,62.20304414003044
UEFA Champions League 2026/27,post_55_to_105m,102,62.42724505327245
UEFA Champions League 2026/27,post_55_to_105m,103,62.648858447488585
UEFA Champions League 2026/27,post_55_to_105m,104,62.86849315068493
UEFA Champions League 2026/27,post_55_to_105m,105,63.08614916286149
UEFA Champions League 2026/27,post_55_to_105m,106,63.30076103500761
UEFA Champions League 2026/27,post_55_to_105m,107,63.513546423135466
UEFA Champions League 2026/27,post_55_to_105m,108,63.72557077625571
UEFA Champions League 2026/27,post_55_to_105m,109,63.9337899543379
UEFA Champions League 2026/27,post_55_to_105m,110,64.14155251141553
UEFA Champions League 2026/27,post_55_to_105m,111,64.34809741248097
UEFA Champions League 2026/27,post_55_to_105m,112,64.55129375951294
UEFA Champions League 2026/27,post_55_to_105m,113,64.75296803652968
UEFA Champions League 2026/27,post_55_to_105m,114,64.95281582952816
UEFA Champions League 2026/27,post_55_to_105m,115,65.14977168949771
UEFA Champions League 2026/27,post_55_to_105m,116,65.3455098934551
UEFA Champions League 2026/27,post_55_to_105m,117,65.53896499238965
UEFA Champions League 2026/27,post_55_to_105m,118,65.72983257229832
UEFA Champions League 2026/27,post_55_to_105m,119,65.91917808219178
UEFA Champions League 2026/27,post_55_to_105m,120,66.10624048706241
UEFA Champions League 2026/27,post_55_to_105m,121,66.29132420091324
UEFA Champions League 2026/27,post_55_to_105m,122,66.47503805175037
UEFA Champions League 2026/27,post_55_to_105m,123,66.6572298325723
UEFA Champions League 2026/27,post_55_to_105m,124,66.83607305936073
UEFA Champions League 2026/27,post_55_to_105m,125,67.01430745814308
UEFA Champions League 2026/27,post_55_to_105m,126,67.19117199391172
UEFA Champions League 2026/27,post_55_to_105m,127,67.36544901065449
UEFA Champions League 2026/27,post_55_to_105m,128,67.53881278538813
UEFA Champions League 2026/27,post_55_to_105m,129,67.71004566210046
UEFA Champions League 2026/27,post_55_to_105m,130,67.87899543378995
UEFA Champions League 2026/27,post_55_to_105m,131,68.04672754946728
UEFA Champions League 2026/27,post_55_to_105m,132,68.21263318112634
UEFA Champions League 2026/27,post_55_to_105m,133,68.37549467275495
UEFA Champions League 2026/27,post_55_to_105m,134,68.5372907153729
UEFA Champions League 2026/27,post_55_to_105m,135,68.69771689497716
UEFA Champions League 2026/27,post_55_to_105m,136,68.8558599695586
UEFA Champions League 2026/27,post_55_to_105m,137,69.01263318112633
UEFA Champions League 2026/27,post_55_to_105m,138,69.16818873668188
UEFA Champions League 2026/27,post_55_to_105m,139,69.32130898021309
UEFA Champions League 2026/27,post_55_to_105m,140,69.47321156773212
UEFA Champions League 2026/27,post_55_to_105m,141,69.62359208523593
UEFA Champions League 2026/27,post_55_to_105m,142,69.77123287671233
UEFA Champions League 2026/27,post_55_to_105m,143,69.91735159817351
UEFA Champions League 2026/27,post_55_to_105m,144,70.06225266362253
UEFA Champions League 2026/27,post_55_to_105m,145,70.20532724505327
UEFA Champions League 2026/27,post_55_to_105m,146,70.34627092846272
UEFA Champions League 2026/27,post_55_to_105m,147,70.48645357686453
UEFA Champions League 2026/27,post_55_to_105m,148,70.62435312024353
UEFA Champions League 2026/27,post_55_to_105m,149,70.7613394216134
UEFA Champions League 2026/27,post_55_to_105m,150,70.8972602739726
UEFA Champions League 2026/27,post_55_to_105m,151,71.03165905631658
UEFA Champions League 2026/27,post_55_to_105m,152,71.16560121765602
UEFA Champions League 2026/27,post_55_to_105m,153,71.29771689497717
UEFA Champions League 2026/27,post_55_to_105m,154,71.42831050228311
UEFA Champions League 2026/27,post_55_to_105m,155,71.55829528158296
UEFA Champions League 2026/27,post_55_to_105m,156,71.68721461187215
UEFA Champions League 2026/27,post_55_to_105m,157,71.81506849315069
UEFA Champions League 2026/27,post_55_to_105m,158,71.94170471841704
UEFA Champions League 2026/27,post_55_to_105m,159,72.06742770167428
UEFA Champions League 2026/27,post_55_to_105m,160,72.19041095890411
UEFA Champions League 2026/27,post_55_to_105m,161,72.3130898021309
UEFA Champions League 2026/27,post_55_to_105m,162,72.43394216133942
UEFA Champions League 2026/27,post_55_to_105m,163,72.55388127853881
UEFA Champions League 2026/27,post_55_to_105m,164,72.67321156773211
UEFA Champions League 2026/27,post_55_to_105m,165,72.79208523592085
UEFA Champions League 2026/27,post_55_to_105m,166,72.90867579908675
UEFA Champions League 2026/27,post_55_to_105m,167,73.02389649923896
UEFA Champions League 2026/27,post_55_to_105m,168,73.13820395738205
UEFA Champions League 2026/27,post_55_to_105m,169,73.2517503805175
UEFA Champions League 2026/27,post_55_to_105m,170,73.36468797564687
UEFA Champions League 2026/27,post_55_to_105m,171,73.47701674277016
UEFA Champions League 2026/27,post_55_to_105m,172,73.5882800608828
UEFA Champions League 2026/27,post_55_to_105m,173,73.69893455098935
UEFA Champions League 2026/27,post_55_to_105m,174,73.80837138508372
UEFA Champions League 2026/27,post_55_to_105m,175,73.91719939117199
UEFA Champions League 2026/27,post_55_to_105m,176,74.02541856925419
UEFA Champions League 2026/27,post_55_to_105m,177,74.1331811263318
UEFA Champions League 2026/27,post_55_to_105m,178,74.24079147640792
UEFA Champions League 2026/27,post_55_to_105m,179,74.34809741248097
UEFA Champions League 2026/27,post_55_to_105m,180,74.45509893455099
UEFA Champions League 2026/27,post_55_to_105m,181,74.55996955859969
UEFA Champions League 2026/27,post_55_to_105m,182,74.66438356164383
UEFA Champions League 2026/27,post_55_to_105m,183,74.76834094368341
UEFA Champions League 2026/27,post_55_to_105m,184,74.87138508371385
UEFA Champions League 2026/27,post_55_to_105m,185,74.97351598173516
UEFA Champions League 2026/27,post_55_to_105m,186,75.07488584474886
UEFA Champions League 2026/27,post_55_to_105m,187,75.17473363774734
UEFA Champions League 2026/27,post_55_to_105m,188,75.27351598173516
UEFA Champions League 2026/27,post_55_to_105m,189,75.37153729071537
UEFA Champions League 2026/27,post_55_to_105m,190,75.46818873668188
UEFA Champions League 2026/27,post_55_to_105m,191,75.56423135464232
UEFA Champions League 2026/27,post_55_to_105m,192,75.6593607305936
UEFA Champions League 2026/27,post_55_to_105m,193,75.75327245053272
UEFA Champions League 2026/27,post_55_to_105m,194,75.8468797564688
UEFA Champions League 2026/27,post_55_to_105m,195,75.94003044140031
UEFA Champions League 2026/27,post_55_to_105m,196,76.03272450532725
UEFA Champions League 2026/27,post_55_to_105m,197,76.12496194824962
UEFA Champions League 2026/27,post_55_to_105m,198,76.21674277016743
UEFA Champions League 2026/27,post_55_to_105m,199,76.30745814307458
UEFA Champions League 2026/27,post_55_to_105m,200,76.39832572298326
UEFA Champions League 2026/27,post_55_to_105m,201,76.48843226788432
UEFA Champions League 2026/27,post_55_to_105m,202,76.57777777777778
UEFA Champions League 2026/27,post_55_to_105m,203,76.66666666666667
UEFA Champions League 2026/27,post_55_to_105m,204,76.75555555555556
UEFA Champions League 2026/27,post_55_to_105m,205,76.84322678843226
UEFA Champions League 2026/27,post_55_to_105m,206,76.93059360730594
UEFA Champions League 2026/27,post_55_to_105m,207,77.01750380517504
UEFA Champions League 2026/27,post_55_to_105m,208,77.10350076103501
UEFA Champions League 2026/27,post_55_to_105m,209,77.18843226788432
UEFA Champions League 2026/27,post_55_to_105m,210,77.27321156773212
UEFA Champions League 2026/27,post_55_to_105m,211,77.35677321156773
UEFA Champions League 2026/27,post_55_to_105m,212,77.43957382039574
UEFA Champions League 2026/27,post_55_to_105m,213,77.52222222222223
UEFA Champions League 2026/27,post_55_to_105m,214,77.60441400304414
UEFA Champions League 2026/27,post_55_to_105m,215,77.68630136986302
UEFA Champions League 2026/27,post_55_to_105m,216,77.76773211567732
UEFA Champions League 2026/27,post_55_to_105m,217,77.84840182648402
UEFA Champions League 2026/27,post_55_to_105m,218,77.92846270928463
UEFA Champions League 2026/27,post_55_to_105m,219,78.00806697108067
UEFA Champions League 2026/27,post_55_to_105m,220,78.0875190258752
UEFA Champions League 2026/27,post_55_to_105m,221,78.1662100456621
UEFA Champions League 2026/27,post_55_to_105m,222,78.2441400304414
UEFA Champions League 2026/27,post_55_to_105m,223,78.32161339421613
UEFA Champions League 2026/27,post_55_to_105m,224,78.39878234398782
UEFA Champions League 2026/27,post_55_to_105m,225,78.47534246575343
UEFA Champions League 2026/27,post_55_to_105m,226,78.55114155251141
UEFA Champions League 2026/27,post_55_to_105m,227,78.62587519025875
UEFA Champions League 2026/27,post_55_to_105m,228,78.70060882800608
UEFA Champions League 2026/27,post_55_to_105m,229,78.77534246575343
UEFA Champions League 2026/27,post_55_to_105m,230,78.84931506849315
UEFA Champions League 2026/27,post_55_to_105m,231,78.92328767123287
UEFA Champions League 2026/27,post_55_to_105m,232,78.99695585996956
UEFA Champions League 2026/27,post_55_to_105m,233,79.0703196347032
UEFA Champions League 2026/27,post_55_to_105m,234,79.14307458143075
UEFA Champions League 2026/27,post_55_to_105m,235,79.21476407914764
UEFA Champions League 2026/27,post_55_to_105m,236,79.28630136986301
UEFA Champions League 2026/27,post_55_to_105m,237,79.35738203957382
UEFA Champions League 2026/27,post_55_to_105m,238,79.42815829528158
UEFA Champions League 2026/27,post_55_to_105m,239,79.4986301369863
UEFA Champions League 2026/27,post_55_to_105m,240,79.5689497716895
UEFA Champions League 2026/27,post_55_to_105m,241,79.6392694063927
UEFA Champions League 2026/27,post_55_to_105m,242,79.70943683409436
UEFA Champions League 2026/27,post_55_to_105m,243,79.77945205479452
UEFA Champions League 2026/27,post_55_to_105m,244,79.84840182648402
UEFA Champions League 2026/27,post_55_to_105m,245,79.91704718417047
UEFA Champions League 2026/27,post_55_to_105m,246,79.98493150684932
UEFA Champions League 2026/27,post_55_to_105m,247,80.05266362252664
UEFA Champions League 2026/27,post_55_to_105m,248,80.12024353120243
UEFA Champions League 2026/27,post_55_to_105m,249,80.18721461187215
UEFA Champions League 2026/27,post_55_to_105m,250,80.25388127853881
UEFA Champions League 2026/27,post_55_to_105m,251,80.32039573820396
UEFA Champions League 2026/27,post_55_to_105m,252,80.38675799086758
UEFA Champions League 2026/27,post_55_to_105m,253,80.45296803652968
UEFA Champions League 2026/27,post_55_to_105m,254,80.51826484018265
UEFA Champions League 2026/27,post_55_to_105m,255,80.58340943683409
UEFA Champions League 2026/27,post_55_to_105m,256,80.64809741248098
UEFA Champions League 2026/27,post_55_to_105m,257,80.71278538812786
UEFA Champions League 2026/27,post_55_to_105m,258,80.77701674277017
UEFA Champions League 2026/27,post_55_to_105m,259,80.84079147640792
UEFA Champions League 2026/27,post_55_to_105m,260,80.9041095890411
UEFA Champions League 2026/27,post_55_to_105m,261,80.96712328767123
UEFA Champions League 2026/27,post_55_to_105m,262,81.02952815829528
UEFA Champions League 2026/27,post_55_to_105m,263,81.09162861491629
UEFA Champions League 2026/27,post_55_to_105m,264,81.15327245053273
UEFA Champions League 2026/27,post_55_to_105m,265,81.21415525114155
UEFA Champions League 2026/27,post_55_to_105m,266,81.27488584474885
UEFA Champions League 2026/27,post_55_to_105m,267,81.33531202435312
UEFA Champions League 2026/27,post_55_to_105m,268,81.39497716894977
UEFA Champions League 2026/27,post_55_to_105m,269,81.4544901065449
UEFA Champions League 2026/27,post_55_to_105m,270,81.51339421613395
UEFA Champions League 2026/27,post_55_to_105m,271,81.57199391171994
UEFA Champions League 2026/27,post_55_to_105m,272,81.62998477929985
UEFA Champions League 2026/27,post_55_to_105m,273,81.68782343987823
UEFA Champions League 2026/27,post_55_to_105m,274,81.74520547945205
UEFA Champions League 2026/27,post_55_to_105m,275,81.80228310502284
UEFA Champions League 2026/27,post_55_to_105m,276,81.85875190258751
UEFA Champions League 2026/27,post_55_to_105m,277,81.91476407914764
UEFA Champions League 2026/27,post_55_to_105m,278,81.97077625570776
UEFA Champions League 2026/27,post_55_to_105m,279,82.02648401826484
UEFA Champions League 2026/27,post_55_to_105m,280,82.08158295281584
UEFA Champions League 2026/27,post_55_to_105m,281,82.13668188736682
UEFA Champions League 2026/27,post_55_to_105m,282,82.19223744292238
UEFA Champions League 2026/27,post_55_to_105m,283,82.24703196347032
UEFA Champions League 2026/27,post_55_to_105m,284,82.30152207001522
UEFA Champions League 2026/27,post_55_to_105m,285,82.3558599695586
UEFA Champions League 2026/27,post_55_to_105m,286,82.41019786910198
UEFA Champions League 2026/27,post_55_to_105m,287,82.46392694063927
UEFA Champions League 2026/27,post_55_to_105m,288,82.51780821917808
UEFA Champions League 2026/27,post_55_to_105m,289,82.57153729071537
UEFA Champions League 2026/27,post_55_to_105m,290,82.6248097412481
UEFA Champions League 2026/27,post_55_to_105m,291,82.6779299847793
UEFA Champions League 2026/27,post_55_to_105m,292,82.7302891933029
UEFA Champions League 2026/27,post_55_to_105m,293,82.78249619482496
UEFA Champions League 2026/27,post_55_to_105m,294,82.83409436834094
UEFA Champions League 2026/27,post_55_to_105m,295,82.8855403348554
UEFA Champions League 2026/27,post_55_to_105m,296,82.93698630136986
UEFA Champions League 2026/27,post_55_to_105m,297,82.98797564687976
UEFA Champions League 2026/27,post_55_to_105m,298,83.03896499238965
UEFA Champions League 2026/27,post_55_to_105m,299,83.08934550989345
UEFA Champions League 2026/27,post_55_to_105m,300,83.13987823439878
UEFA Champions League 2026/27,post_105_to_135m,1,0.6560121765601218
UEFA Champions League 2026/27,post_105_to_135m,2,1.6841704718417048
UEFA Champions League 2026/27,post_105_to_135m,3,2.691780821917808
UEFA Champions League 2026/27,post_105_to_135m,4,3.599441907661086
UEFA Champions League 2026/27,post_105_to_135m,5,4.473110096397767
UEFA Champions League 2026/27,post_105_to_135m,6,5.28234398782344
UEFA Champions League 2026/27,post_105_to_135m,7,6.019533231861999
UEFA Champions League 2026/27,post_105_to_135m,8,6.722222222222222
UEFA Champions League 2026/27,post_105_to_135m,9,7.389396245560629
UEFA Champions League 2026/27,post_105_to_135m,10,8.015728056823948
UEFA Champions League 2026/27,post_105_to_135m,11,8.614408929477422
UEFA Champions League 2026/27,post_105_to_135m,12,9.187214611872148
UEFA Champions League 2026/27,post_105_to_135m,13,9.711567732115675
UEFA Champions League 2026/27,post_105_to_135m,14,10.213343480466769
UEFA Champions League 2026/27,post_105_to_135m,15,10.701927955352613
UEFA Champions League 2026/27,post_105_to_135m,16,11.157534246575343
UEFA Champions League 2026/27,post_105_to_135m,17,11.601978691019786
UEFA Champions League 2026/27,post_105_to_135m,18,12.033485540334857
UEFA Champions League 2026/27,post_105_to_135m,19,12.440131912734651
UEFA Champions League 2026/27,post_105_to_135m,20,12.831557584982242
UEFA Champions League 2026/27,post_105_to_135m,21,13.211821410451549
UEFA Champions League 2026/27,post_105_to_135m,22,13.572552004058853
UEFA Champions League 2026/27,post_105_to_135m,23,13.923642820903094
UEFA Champions League 2026/27,post_105_to_135m,24,14.263064434297313
UEFA Champions League 2026/27,post_105_to_135m,25,14.581684424150176
UEFA Champions League 2026/27,post_105_to_135m,26,14.89193302891933
UEFA Champions League 2026/27,post_105_to_135m,27,15.19406392694064
UEFA Champions League 2026/27,post_105_to_135m,28,15.480466768138
UEFA Champions League 2026/27,post_105_to_135m,29,15.76281075596144
UEFA Champions League 2026/27,post_105_to_135m,30,16.037037037037038
UEFA Champions League 2026/27,post_105_to_135m,31,16.297564687975648
UEFA Champions League 2026/27,post_105_to_135m,32,16.552004058853374
UEFA Champions League 2026/27,post_105_to_135m,33,16.80238457635718
UEFA Champions League 2026/27,post_105_to_135m,34,17.04591577879249
UEFA Champions League 2026/27,post_105_to_135m,35,17.28488077118214
UEFA Champions League 2026/27,post_105_to_135m,36,17.52054794520548
UEFA Champions League 2026/27,post_105_to_135m,37,17.748097412480973
UEFA Champions League 2026/27,post_105_to_135m,38,17.972602739726028
UEFA Champions League 2026/27,post_105_to_135m,39,18.19254185692542
UEFA Champions League 2026/27,post_105_to_135m,40,18.40740740740741
UEFA Champions League 2026/27,post_105_to_135m,41,18.618467782851344
UEFA Champions League 2026/27,post_105_to_135m,42,18.828513444951803
UEFA Champions League 2026/27,post_105_to_135m,43,19.033992897006595
UEFA Champions League 2026/27,post_105_to_135m,44,19.23617453069508
UEFA Champions League 2026/27,post_105_to_135m,45,19.43455098934551
UEFA Champions League 2026/27,post_105_to_135m,46,19.62886859462202
UEFA Champions League 2026/27,post_105_to_135m,47,19.817858954845256
UEFA Champions League 2026/27,post_105_to_135m,48,20.00304414003044
UEFA Champions League 2026/27,post_105_to_135m,49,20.182141045154744
UEFA Champions League 2026/27,post_105_to_135m,50,20.360984271943178
UEFA Champions League 2026/27,post_105_to_135m,51,20.53703703703704
UEFA Champions League 2026/27,post_105_to_135m,52,20.70750887874176
UEFA Champions League 2026/27,post_105_to_135m,53,20.874429223744293
UEFA Champions League 2026/27,post_105_to_135m,54,21.038812785388128
UEFA Champions League 2026/27,post_105_to_135m,55,21.19634703196347
UEFA Champions League 2026/27,post_105_to_135m,56,21.35185185185185
UEFA Champions League 2026/27,post_105_to_135m,57,21.506341958396757
UEFA Champions League 2026/27,post_105_to_135m,58,21.65829528158295
UEFA Champions League 2026/27,post_105_to_135m,59,21.808472856418064
UEFA Champions League 2026/27,post_105_to_135m,60,21.95738203957382
UEFA Champions League 2026/27,post_105_to_135m,61,22.103500761035008
UEFA Champions League 2026/27,post_105_to_135m,62,22.248858447488583
UEFA Champions League 2026/27,post_105_to_135m,63,22.39294774226281
UEFA Champions League 2026/27,post_105_to_135m,64,22.533739218670725
UEFA Champions League 2026/27,post_105_to_135m,65,22.67478437341451
UEFA Champions League 2026/27,post_105_to_135m,66,22.813292744799597
UEFA Champions League 2026/27,post_105_to_135m,67,22.950025367833582
UEFA Champions League 2026/27,post_105_to_135m,68,23.08548959918823
UEFA Champions League 2026/27,post_105_to_135m,69,23.21867072552004
UEFA Champions League 2026/27,post_105_to_135m,70,23.34982242516489
UEFA Champions League 2026/27,post_105_to_135m,71,23.48122780314561
UEFA Champions League 2026/27,post_105_to_135m,72,23.61339421613394
UEFA Champions League 2026/27,post_105_to_135m,73,23.743784880771184
UEFA Champions League 2026/27,post_105_to_135m,74,23.87138508371385
UEFA Champions League 2026/27,post_105_to_135m,75,23.99847792998478
UEFA Champions League 2026/27,post_105_to_135m,76,24.1222729578894
UEFA Champions League 2026/27,post_105_to_135m,77,24.245306950786404
UEFA Champions League 2026/27,post_105_to_135m,78,24.36707255200406
UEFA Champions League 2026/27,post_105_to_135m,79,24.48731608320649
UEFA Champions League 2026/27,post_105_to_135m,80,24.60730593607306
UEFA Champions League 2026/27,post_105_to_135m,81,24.726788432267885
UEFA Champions League 2026/27,post_105_to_135m,82,24.845256215119228
UEFA Champions League 2026/27,post_105_to_135m,83,24.96296296296296
UEFA Champions League 2026/27,post_105_to_135m,84,25.08016235413496
UEFA Champions League 2026/27,post_105_to_135m,85,25.19583967529173
UEFA Champions League 2026/27,post_105_to_135m,86,25.311770674784373
UEFA Champions League 2026/27,post_105_to_135m,87,25.42719431760528
UEFA Champions League 2026/27,post_105_to_135m,88,25.541856925418568
UEFA Champions League 2026/27,post_105_to_135m,89,25.65575849822425
UEFA Champions League 2026/27,post_105_to_135m,90,25.769152714358192
UEFA Champions League 2026/27,post_105_to_135m,91,25.882293252156263
UEFA Champions League 2026/27,post_105_to_135m,92,25.995180111618467
UEFA Champions League 2026/27,post_105_to_135m,93,26.106544901065448
UEFA Champions League 2026/27,post_105_to_135m,94,26.21740233384069
UEFA Champions League 2026/27,post_105_to_135m,95,26.328767123287676
UEFA Champions League 2026/27,post_105_to_135m,96,26.439117199391173
UEFA Champions League 2026/27,post_105_to_135m,97,26.54794520547945
UEFA Champions League 2026/27,post_105_to_135m,98,26.65677321156773
UEFA Champions League 2026/27,post_105_to_135m,99,26.764586504312533
UEFA Champions League 2026/27,post_105_to_135m,100,26.87189244038559
UEFA Champions League 2026/27,post_105_to_135m,101,26.97869101978691
UEFA Champions League 2026/27,post_105_to_135m,102,27.08548959918823
UEFA Champions League 2026/27,post_105_to_135m,103,27.190512430238456
UEFA Champions League 2026/27,post_105_to_135m,104,27.294520547945204
UEFA Champions League 2026/27,post_105_to_135m,105,27.39827498731608
UEFA Champions League 2026/27,post_105_to_135m,106,27.50101471334348
UEFA Champions League 2026/27,post_105_to_135m,107,27.603500761035008
UEFA Champions League 2026/27,post_105_to_135m,108,27.70522577371893
UEFA Champions League 2026/27,post_105_to_135m,109,27.80618975139523
UEFA Champions League 2026/27,post_105_to_135m,110,27.90715372907154
UEFA Champions League 2026/27,post_105_to_135m,111,28.007356671740236
UEFA Champions League 2026/27,post_105_to_135m,112,28.106544901065448
UEFA Champions League 2026/27,post_105_to_135m,113,28.205986808726536
UEFA Champions League 2026/27,post_105_to_135m,114,28.30441400304414
UEFA Champions League 2026/27,post_105_to_135m,115,28.401826484018265
UEFA Champions League 2026/27,post_105_to_135m,116,28.50025367833587
UEFA Champions League 2026/27,post_105_to_135m,117,28.59715880263825
UEFA Champions League 2026/27,post_105_to_135m,118,28.69330289193303
UEFA Champions League 2026/27,post_105_to_135m,119,28.78868594622019
UEFA Champions League 2026/27,post_105_to_135m,120,28.883561643835616
UEFA Champions League 2026/27,post_105_to_135m,121,28.9779299847793
UEFA Champions League 2026/27,post_105_to_135m,122,29.071790969051243
UEFA Champions League 2026/27,post_105_to_135m,123,29.165144596651444
UEFA Champions League 2026/27,post_105_to_135m,124,29.25824454591578
UEFA Champions League 2026/27,post_105_to_135m,125,29.3505834601725
UEFA Champions League 2026/27,post_105_to_135m,126,29.442922374429223
UEFA Champions League 2026/27,post_105_to_135m,127,29.535261288685945
UEFA Champions League 2026/27,post_105_to_135m,128,29.62785388127854
UEFA Champions League 2026/27,post_105_to_135m,129,29.71993911719939
UEFA Champions League 2026/27,post_105_to_135m,130,29.812024353120243
UEFA Champions League 2026/27,post_105_to_135m,131,29.904363267376965
UEFA Champions League 2026/27,post_105_to_135m,132,29.996702181633687
UEFA Champions League 2026/27,post_105_to_135m,133,30.08751902587519
UEFA Champions League 2026/27,post_105_to_135m,134,30.17808219178082
UEFA Champions League 2026/27,post_105_to_135m,135,30.26889903602232
UEFA Champions League 2026/27,post_105_to_135m,136,30.359462201927958
UEFA Champions League 2026/27,post_105_to_135m,137,30.45053272450533
UEFA Champions League 2026/27,post_105_to_135m,138,30.540842212075088
UEFA Champions League 2026/27,post_105_to_135m,139,30.63165905631659
UEFA Champions League 2026/27,post_105_to_135m,140,30.72196854388635
UEFA Champions League 2026/27,post_105_to_135m,141,30.812785388127853
UEFA Champions League 2026/27,post_105_to_135m,142,30.903348554033485
UEFA Champions League 2026/27,post_105_to_135m,143,30.993404363267377
UEFA Champions League 2026/27,post_105_to_135m,144,31.08396752917301
UEFA Champions League 2026/27,post_105_to_135m,145,31.17351598173516
UEFA Champions League 2026/27,post_105_to_135m,146,31.263318112633183
UEFA Champions League 2026/27,post_105_to_135m,147,31.35337392186707
UEFA Champions League 2026/27,post_105_to_135m,148,31.442415017757483
UEFA Champions League 2026/27,post_105_to_135m,149,31.530695078640285
UEFA Champions League 2026/27,post_105_to_135m,150,31.618467782851344
UEFA Champions League 2026/27,post_105_to_135m,151,31.70624048706241
UEFA Champions League 2026/27,post_105_to_135m,152,31.79426686960933
UEFA Champions League 2026/27,post_105_to_135m,153,31.882546930492136
UEFA Champions League 2026/27,post_105_to_135m,154,31.970319634703195
UEFA Champions League 2026/27,post_105_to_135m,155,32.05783866057838
UEFA Champions League 2026/27,post_105_to_135m,156,32.145104008117706
UEFA Champions League 2026/27,post_105_to_135m,157,32.23186199898529
UEFA Champions League 2026/27,post_105_to_135m,158,32.318873668188736
UEFA Champions League 2026/27,post_105_to_135m,159,32.40563165905632
UEFA Champions League 2026/27,post_105_to_135m,160,32.492389649923894
UEFA Champions League 2026/27,post_105_to_135m,161,32.57838660578387
UEFA Champions League 2026/27,post_105_to_135m,162,32.6638762049721
UEFA Champions League 2026/27,post_105_to_135m,163,32.74911212582445
UEFA Champions League 2026/27,post_105_to_135m,164,32.834348046676816
UEFA Champions League 2026/27,post_105_to_135m,165,32.91907661085743
UEFA Champions League 2026/27,post_105_to_135m,166,33.00380517503805
UEFA Champions League 2026/27,post_105_to_135m,167,33.08878741755454
UEFA Champions League 2026/27,post_105_to_135m,168,33.17376966007103
UEFA Champions League 2026/27,post_105_to_135m,169,33.257990867579906
UEFA Champions League 2026/27,post_105_to_135m,170,33.342465753424655
UEFA Champions League 2026/27,post_105_to_135m,171,33.4261796042618
UEFA Champions League 2026/27,post_105_to_135m,172,33.509132420091326
UEFA Champions League 2026/27,post_105_to_135m,173,33.59132420091324
UEFA Champions League 2026/27,post_105_to_135m,174,33.67351598173516
UEFA Champions League 2026/27,post_105_to_135m,175,33.754946727549466
UEFA Champions League 2026/27,post_105_to_135m,176,33.8361237950279
UEFA Champions League 2026/27,post_105_to_135m,177,33.916793505834605
UEFA Champions League 2026/27,post_105_to_135m,178,33.99720953830543
UEFA Champions League 2026/27,post_105_to_135m,179,34.07787924911212
UEFA Champions League 2026/27,post_105_to_135m,180,34.15829528158295
UEFA Champions League 2026/27,post_105_to_135m,181,34.23845763571791
UEFA Champions League 2026/27,post_105_to_135m,182,34.318873668188736
UEFA Champions League 2026/27,post_105_to_135m,183,34.39954337899543
UEFA Champions League 2026/27,post_105_to_135m,184,34.47970573313039
UEFA Champions League 2026/27,post_105_to_135m,185,34.55961440892948
UEFA Champions League 2026/27,post_105_to_135m,186,34.63926940639269
UEFA Champions League 2026/27,post_105_to_135m,187,34.71892440385591
UEFA Champions League 2026/27,post_105_to_135m,188,34.79832572298326
UEFA Champions League 2026/27,post_105_to_135m,189,34.87772704211061
UEFA Champions League 2026/27,post_105_to_135m,190,34.95738203957382
UEFA Champions League 2026/27,post_105_to_135m,191,35.03703703703704
UEFA Champions League 2026/27,post_105_to_135m,192,35.117199391171994
UEFA Champions League 2026/27,post_105_to_135m,193,35.19685438863521
UEFA Champions League 2026/27,post_105_to_135m,194,35.277016742770165
UEFA Champions League 2026/27,post_105_to_135m,195,35.356925418569254
UEFA Champions League 2026/27,post_105_to_135m,196,35.43658041603247
UEFA Champions League 2026/27,post_105_to_135m,197,35.51547437848808
UEFA Champions League 2026/27,post_105_to_135m,198,35.594114662607815
UEFA Champions League 2026/27,post_105_to_135m,199,35.67224759005581
UEFA Champions League 2026/27,post_105_to_135m,200,35.74987316083207
UEFA Champions League 2026/27,post_105_to_135m,201,35.82724505327245
UEFA Champions League 2026/27,post_105_to_135m,202,35.90461694571284
UEFA Champions League 2026/27,post_105_to_135m,203,35.981735159817354
UEFA Champions League 2026/27,post_105_to_135m,204,36.058599695586
UEFA Champions League 2026/27,post_105_to_135m,205,36.1349568746829
UEFA Champions League 2026/27,post_105_to_135m,206,36.21131405377981
UEFA Champions League 2026/27,post_105_to_135m,207,36.28767123287671
UEFA Champions League 2026/27,post_105_to_135m,208,36.363521055301874
UEFA Champions League 2026/27,post_105_to_135m,209,36.4388635210553
UEFA Champions League 2026/27,post_105_to_135m,210,36.51344495180112
UEFA Champions League 2026/27,post_105_to_135m,211,36.58726534753932
UEFA Champions League 2026/27,post_105_to_135m,212,36.661085743277525
UEFA Champions League 2026/27,post_105_to_135m,213,36.7351598173516
UEFA Champions League 2026/27,post_105_to_135m,214,36.80923389142567
UEFA Champions League 2026/27,post_105_to_135m,215,36.88330796549975
UEFA Champions League 2026/27,post_105_to_135m,216,36.95738203957382
UEFA Champions League 2026/27,post_105_to_135m,217,37.03094875697615
UEFA Champions League 2026/27,post_105_to_135m,218,37.10375443937088
UEFA Champions League 2026/27,post_105_to_135m,219,37.1765601217656
UEFA Champions League 2026/27,post_105_to_135m,220,37.24936580416033
UEFA Champions League 2026/27,post_105_to_135m,221,37.321917808219176
UEFA Champions League 2026/27,post_105_to_135m,222,37.39396245560629
UEFA Champions League 2026/27,post_105_to_135m,223,37.4660071029934
UEFA Champions League 2026/27,post_105_to_135m,224,37.538305428716384
UEFA Champions League 2026/27,post_105_to_135m,225,37.6103500761035
UEFA Champions League 2026/27,post_105_to_135m,226,37.68214104515474
UEFA Champions League 2026/27,post_105_to_135m,227,37.75367833587012
UEFA Champions League 2026/27,post_105_to_135m,228,37.82546930492136
UEFA Champions League 2026/27,post_105_to_135m,229,37.89700659563673
UEFA Champions League 2026/27,post_105_to_135m,230,37.968797564687975
UEFA Champions League 2026/27,post_105_to_135m,231,38.04058853373922
UEFA Champions League 2026/27,post_105_to_135m,232,38.11237950279046
UEFA Champions League 2026/27,post_105_to_135m,233,38.1841704718417
UEFA Champions League 2026/27,post_105_to_135m,234,38.25570776255708
UEFA Champions League 2026/27,post_105_to_135m,235,38.32699137493658
UEFA Champions League 2026/27,post_105_to_135m,236,38.39852866565195
UEFA Champions League 2026/27,post_105_to_135m,237,38.47057331303907
UEFA Champions League 2026/27,post_105_to_135m,238,38.54261796042618
UEFA Champions League 2026/27,post_105_to_135m,239,38.614662607813294
UEFA Champions League 2026/27,post_105_to_135m,240,38.68645357686454
UEFA Champions League 2026/27,post_105_to_135m,241,38.75799086757991
UEFA Champions League 2026/27,post_105_to_135m,242,38.82927447995941
UEFA Champions League 2026/27,post_105_to_135m,243,38.900304414003045
UEFA Champions League 2026/27,post_105_to_135m,244,38.97108066971081
UEFA Champions League 2026/27,post_105_to_135m,245,39.0416032470827
UEFA Champions League 2026/27,post_105_to_135m,246,39.11187214611872
UEFA Champions League 2026/27,post_105_to_135m,247,39.18188736681888
UEFA Champions League 2026/27,post_105_to_135m,248,39.25190258751903
UEFA Champions League 2026/27,post_105_to_135m,249,39.321917808219176
UEFA Champions League 2026/27,post_105_to_135m,250,39.39167935058346
UEFA Champions League 2026/27,post_105_to_135m,251,39.46118721461188
UEFA Champions League 2026/27,post_105_to_135m,252,39.53044140030441
UEFA Champions League 2026/27,post_105_to_135m,253,39.59868087265348
UEFA Champions League 2026/27,post_105_to_135m,254,39.6664129883308
UEFA Champions League 2026/27,post_105_to_135m,255,39.73414510400812
UEFA Champions League 2026/27,post_105_to_135m,256,39.80162354134957
UEFA Champions League 2026/27,post_105_to_135m,257,39.86910197869102
UEFA Champions League 2026/27,post_105_to_135m,258,39.93658041603247
UEFA Champions League 2026/27,post_105_to_135m,259,40.00380517503805
UEFA Champions League 2026/27,post_105_to_135m,260,40.07077625570776
UEFA Champions League 2026/27,post_105_to_135m,261,40.13800101471335
UEFA Champions League 2026/27,post_105_to_135m,262,40.2054794520548
UEFA Champions League 2026/27,post_105_to_135m,263,40.27321156773212
UEFA Champions League 2026/27,post_105_to_135m,264,40.34069000507357
UEFA Champions League 2026/27,post_105_to_135m,265,40.40816844241502
UEFA Champions League 2026/27,post_105_to_135m,266,40.47488584474886
UEFA Champions League 2026/27,post_105_to_135m,267,40.54134956874683
UEFA Champions League 2026/27,post_105_to_135m,268,40.6078132927448
UEFA Champions League 2026/27,post_105_to_135m,269,40.67427701674277
UEFA Champions League 2026/27,post_105_to_135m,270,40.74048706240488
UEFA Champions League 2026/27,post_105_to_135m,271,40.80669710806697
UEFA Champions League 2026/27,post_105_to_135m,272,40.8726534753932
UEFA Champions League 2026/27,post_105_to_135m,273,40.93835616438356
UEFA Champions League 2026/27,post_105_to_135m,274,41.00431253170979
UEFA Champions League 2026/27,post_105_to_135m,275,41.07026889903602
UEFA Champions League 2026/27,post_105_to_135m,276,41.136478944698126
UEFA Champions League 2026/27,post_105_to_135m,277,41.20218163368848
UEFA Champions League 2026/27,post_105_to_135m,278,41.26763064434297
UEFA Champions League 2026/27,post_105_to_135m,279,41.33307965499746
UEFA Champions League 2026/27,post_105_to_135m,280,41.398274987316086
UEFA Champions League 2026/27,post_105_to_135m,281,41.4634703196347
UEFA Champions League 2026/27,post_105_to_135m,282,41.528665651953325
UEFA Champions League 2026/27,post_105_to_135m,283,41.59386098427194
UEFA Champions League 2026/27,post_105_to_135m,284,41.65880263825469
UEFA Champions League 2026/27,post_105_to_135m,285,41.72374429223744
UEFA Champions League 2026/27,post_105_to_135m,286,41.78868594622019
UEFA Champions League 2026/27,post_105_to_135m,287,41.85362760020294
UEFA Champions League 2026/27,post_105_to_135m,288,41.918315575849824
UEFA Champions League 2026/27,post_105_to_135m,289,41.9830035514967
UEFA Champions League 2026/27,post_105_to_135m,290,42.04794520547945
UEFA Champions League 2026/27,post_105_to_135m,291,42.112633181126334
UEFA Champions League 2026/27,post_105_to_135m,292,42.177067478437344
UEFA Champions League 2026/27,post_105_to_135m,293,42.241501775748354
UEFA Champions League 2026/27,post_105_to_135m,294,42.30593607305936
UEFA Champions League 2026/27,post_105_to_135m,295,42.37037037037037
UEFA Champions League 2026/27,post_105_to_135m,296,42.43455098934551
UEFA Champions League 2026/27,post_105_to_135m,297,42.49949264332826
UEFA Champions League 2026/27,post_105_to_135m,298,42.564180618975136
UEFA Champions League 2026/27,post_105_to_135m,299,42.629122272957886
UEFA Champions League 2026/27,post_105_to_135m,300,42.69406392694064
Bundesliga 2025/26,pre_24h_to_1h,1,0.0010701215049041
Bundesliga 2025/26,pre_24h_to_1h,2,0.0043975991802078
Bundesliga 2025/26,pre_24h_to_1h,3,0.0093822280778802
Bundesliga 2025/26,pre_24h_to_1h,4,0.0207700190308885
Bundesliga 2025/26,pre_24h_to_1h,5,0.0397042892695066
Bundesliga 2025/26,pre_24h_to_1h,6,0.0622866344605475
Bundesliga 2025/26,pre_24h_to_1h,7,0.0854399063094715
Bundesliga 2025/26,pre_24h_to_1h,8,0.1095535060752452
Bundesliga 2025/26,pre_24h_to_1h,9,0.1339467135119309
Bundesliga 2025/26,pre_24h_to_1h,10,0.1591758161323378
Bundesliga 2025/26,pre_24h_to_1h,11,0.1844356609574
Bundesliga 2025/26,pre_24h_to_1h,12,0.2105094422485726
Bundesliga 2025/26,pre_24h_to_1h,13,0.236701800614844
Bundesliga 2025/26,pre_24h_to_1h,14,0.2635778070560679
Bundesliga 2025/26,pre_24h_to_1h,15,0.2905460401112575
Bundesliga 2025/26,pre_24h_to_1h,16,0.3181759625237886
Bundesliga 2025/26,pre_24h_to_1h,17,0.3457092665788318
Bundesliga 2025/26,pre_24h_to_1h,18,0.3738369199238764
Bundesliga 2025/26,pre_24h_to_1h,19,0.4019470062948324
Bundesliga 2025/26,pre_24h_to_1h,20,0.430648514126775
Bundesliga 2025/26,pre_24h_to_1h,21,0.4592124139950227
Bundesliga 2025/26,pre_24h_to_1h,22,0.4882872200263504
Bundesliga 2025/26,pre_24h_to_1h,23,0.5173137168789342
Bundesliga 2025/26,pre_24h_to_1h,24,0.5468072024593764
Bundesliga 2025/26,pre_24h_to_1h,25,0.5762187088274044
Bundesliga 2025/26,pre_24h_to_1h,26,0.6060781730346948
Bundesliga 2025/26,pre_24h_to_1h,27,0.635952276387059
Bundesliga 2025/26,pre_24h_to_1h,28,0.6662392036305079
Bundesliga 2025/26,pre_24h_to_1h,29,0.6963563167910994
Bundesliga 2025/26,pre_24h_to_1h,30,0.7268862538427756
Bundesliga 2025/26,pre_24h_to_1h,31,0.7573063973063973
Bundesliga 2025/26,pre_24h_to_1h,32,0.7880734885082711
Bundesliga 2025/26,pre_24h_to_1h,33,0.8187263943785683
Bundesliga 2025/26,pre_24h_to_1h,34,0.8496574440052701
Bundesliga 2025/26,pre_24h_to_1h,35,0.8805065144195579
Bundesliga 2025/26,pre_24h_to_1h,36,0.911643975991802
Bundesliga 2025/26,pre_24h_to_1h,37,0.94269506660811
Bundesliga 2025/26,pre_24h_to_1h,38,0.974074074074074
Bundesliga 2025/26,pre_24h_to_1h,39,1.0054106280193236
Bundesliga 2025/26,pre_24h_to_1h,40,1.0370253257209778
Bundesliga 2025/26,pre_24h_to_1h,41,1.0685492607231737
Bundesliga 2025/26,pre_24h_to_1h,42,1.1002810715854194
Bundesliga 2025/26,pre_24h_to_1h,43,1.1319250475772216
Bundesliga 2025/26,pre_24h_to_1h,44,1.1637871468306251
Bundesliga 2025/26,pre_24h_to_1h,45,1.1955467720685111
Bundesliga 2025/26,pre_24h_to_1h,46,1.2275567266871614
Bundesliga 2025/26,pre_24h_to_1h,47,1.2595169082125603
Bundesliga 2025/26,pre_24h_to_1h,48,1.2917728004684526
Bundesliga 2025/26,pre_24h_to_1h,49,1.3239306104523496
Bundesliga 2025/26,pre_24h_to_1h,50,1.3562772654077002
Bundesliga 2025/26,pre_24h_to_1h,51,1.3884892402283706
Bundesliga 2025/26,pre_24h_to_1h,52,1.4209178743961353
Bundesliga 2025/26,pre_24h_to_1h,53,1.4532733128385302
Bundesliga 2025/26,pre_24h_to_1h,54,1.4858234519104083
Bundesliga 2025/26,pre_24h_to_1h,55,1.51829307568438
Bundesliga 2025/26,pre_24h_to_1h,56,1.5509910701215048
Bundesliga 2025/26,pre_24h_to_1h,57,1.5835909822866343
Bundesliga 2025/26,pre_24h_to_1h,58,1.6164456155760505
Bundesliga 2025/26,pre_24h_to_1h,59,1.649134826526131
Bundesliga 2025/26,pre_24h_to_1h,60,1.6820333772507683
Bundesliga 2025/26,pre_24h_to_1h,61,1.7144151661542966
Bundesliga 2025/26,pre_24h_to_1h,62,1.7469228517054605
Bundesliga 2025/26,pre_24h_to_1h,63,1.7792812179768702
Bundesliga 2025/26,pre_24h_to_1h,64,1.8117757282974676
Bundesliga 2025/26,pre_24h_to_1h,65,1.8441809398331137
Bundesliga 2025/26,pre_24h_to_1h,66,1.8767003367003368
Bundesliga 2025/26,pre_24h_to_1h,67,1.9090894451764016
Bundesliga 2025/26,pre_24h_to_1h,68,1.94167325428195
Bundesliga 2025/26,pre_24h_to_1h,69,1.9742307129263648
Bundesliga 2025/26,pre_24h_to_1h,70,2.0068935734153124
Bundesliga 2025/26,pre_24h_to_1h,71,2.039426145513102
Bundesliga 2025/26,pre_24h_to_1h,72,2.0721153564631827
Bundesliga 2025/26,pre_24h_to_1h,73,2.104674279022105
Bundesliga 2025/26,pre_24h_to_1h,74,2.1374000878348705
Bundesliga 2025/26,pre_24h_to_1h,75,2.1699648660518225
Bundesliga 2025/26,pre_24h_to_1h,76,2.202692138779095
Bundesliga 2025/26,pre_24h_to_1h,77,2.235334504464939
Bundesliga 2025/26,pre_24h_to_1h,78,2.2681247255160297
Bundesliga 2025/26,pre_24h_to_1h,79,2.300849070414288
Bundesliga 2025/26,pre_24h_to_1h,80,2.333651002781437
Bundesliga 2025/26,pre_24h_to_1h,81,2.3663270385009514
Bundesliga 2025/26,pre_24h_to_1h,82,2.399121651295564
Bundesliga 2025/26,pre_24h_to_1h,83,2.431819645732689
Bundesliga 2025/26,pre_24h_to_1h,84,2.464674279022105
Bundesliga 2025/26,pre_24h_to_1h,85,2.497395696091348
Bundesliga 2025/26,pre_24h_to_1h,86,2.5302371541501976
Bundesliga 2025/26,pre_24h_to_1h,87,2.562973210364514
Bundesliga 2025/26,pre_24h_to_1h,88,2.5958278436539306
Bundesliga 2025/26,pre_24h_to_1h,89,2.628550724637681
Bundesliga 2025/26,pre_24h_to_1h,90,2.661389254867516
Bundesliga 2025/26,pre_24h_to_1h,91,2.6941135997657737
Bundesliga 2025/26,pre_24h_to_1h,92,2.7269462743375787
Bundesliga 2025/26,pre_24h_to_1h,93,2.759610598741033
Bundesliga 2025/26,pre_24h_to_1h,94,2.7923495827843654
Bundesliga 2025/26,pre_24h_to_1h,95,2.824994876299224
Bundesliga 2025/26,pre_24h_to_1h,96,2.85774849948763
Bundesliga 2025/26,pre_24h_to_1h,97,2.8903747621138924
Bundesliga 2025/26,pre_24h_to_1h,98,2.9230742204655247
Bundesliga 2025/26,pre_24h_to_1h,99,2.9556668130581176
Bundesliga 2025/26,pre_24h_to_1h,100,2.988358951837213
Bundesliga 2025/26,pre_24h_to_1h,101,3.0209295857121945
Bundesliga 2025/26,pre_24h_to_1h,102,3.0536202605767824
Bundesliga 2025/26,pre_24h_to_1h,103,3.086258234519104
Bundesliga 2025/26,pre_24h_to_1h,104,3.1190206411945542
Bundesliga 2025/26,pre_24h_to_1h,105,3.151642512077294
Bundesliga 2025/26,pre_24h_to_1h,106,3.1843448982579416
Bundesliga 2025/26,pre_24h_to_1h,107,3.2169418825940563
Bundesliga 2025/26,pre_24h_to_1h,108,3.249626701800614
Bundesliga 2025/26,pre_24h_to_1h,109,3.282179768701508
Bundesliga 2025/26,pre_24h_to_1h,110,3.314833845703411
Bundesliga 2025/26,pre_24h_to_1h,111,3.347376665202752
Bundesliga 2025/26,pre_24h_to_1h,112,3.3799985360854925
Bundesliga 2025/26,pre_24h_to_1h,113,3.4124915824915827
Bundesliga 2025/26,pre_24h_to_1h,114,3.445060752452057
Bundesliga 2025/26,pre_24h_to_1h,115,3.4775376957985653
Bundesliga 2025/26,pre_24h_to_1h,116,3.510112721417069
Bundesliga 2025/26,pre_24h_to_1h,117,3.5425574586444157
Bundesliga 2025/26,pre_24h_to_1h,118,3.575057824623042
Bundesliga 2025/26,pre_24h_to_1h,119,3.6074615722441807
Bundesliga 2025/26,pre_24h_to_1h,120,3.6399385155906896
Bundesliga 2025/26,pre_24h_to_1h,121,3.672301273605621
Bundesliga 2025/26,pre_24h_to_1h,122,3.7047430830039527
Bundesliga 2025/26,pre_24h_to_1h,123,3.737048748353096
Bundesliga 2025/26,pre_24h_to_1h,124,3.769442248572684
Bundesliga 2025/26,pre_24h_to_1h,125,3.8017318108622455
Bundesliga 2025/26,pre_24h_to_1h,126,3.834122383252818
Bundesliga 2025/26,pre_24h_to_1h,127,3.8663914507392767
Bundesliga 2025/26,pre_24h_to_1h,128,3.8987161469770166
Bundesliga 2025/26,pre_24h_to_1h,129,3.930925193968672
Bundesliga 2025/26,pre_24h_to_1h,130,3.963230859317816
Bundesliga 2025/26,pre_24h_to_1h,131,3.995415019762846
Bundesliga 2025/26,pre_24h_to_1h,132,4.027669448104231
Bundesliga 2025/26,pre_24h_to_1h,133,4.059828722002635
Bundesliga 2025/26,pre_24h_to_1h,134,4.092050944224857
Bundesliga 2025/26,pre_24h_to_1h,135,4.124214609866784
Bundesliga 2025/26,pre_24h_to_1h,136,4.156467574293662
Bundesliga 2025/26,pre_24h_to_1h,137,4.188588786414873
Bundesliga 2025/26,pre_24h_to_1h,138,4.220778802517933
Bundesliga 2025/26,pre_24h_to_1h,139,4.252882447665057
Bundesliga 2025/26,pre_24h_to_1h,140,4.285051968965012
Bundesliga 2025/26,pre_24h_to_1h,141,4.317098521446347
Bundesliga 2025/26,pre_24h_to_1h,142,4.349206558336993
Bundesliga 2025/26,pre_24h_to_1h,143,4.381204801639584
Bundesliga 2025/26,pre_24h_to_1h,144,4.413263065436978
Bundesliga 2025/26,pre_24h_to_1h,145,4.445210071731811
Bundesliga 2025/26,pre_24h_to_1h,146,4.477206851119894
Bundesliga 2025/26,pre_24h_to_1h,147,4.50911286780852
Bundesliga 2025/26,pre_24h_to_1h,148,4.5410891523935
Bundesliga 2025/26,pre_24h_to_1h,149,4.573024447372274
Bundesliga 2025/26,pre_24h_to_1h,150,4.605030010247401
Bundesliga 2025/26,pre_24h_to_1h,151,4.636934563021519
Bundesliga 2025/26,pre_24h_to_1h,152,4.668885961059874
Bundesliga 2025/26,pre_24h_to_1h,153,4.700699751134533
Bundesliga 2025/26,pre_24h_to_1h,154,4.732604303908651
Bundesliga 2025/26,pre_24h_to_1h,155,4.764384423949641
Bundesliga 2025/26,pre_24h_to_1h,156,4.796202605767824
Bundesliga 2025/26,pre_24h_to_1h,157,4.827924169228517
Bundesliga 2025/26,pre_24h_to_1h,158,4.859704289269507
Bundesliga 2025/26,pre_24h_to_1h,159,4.8913921826965305
Bundesliga 2025/26,pre_24h_to_1h,160,4.9231313131313135
Bundesliga 2025/26,pre_24h_to_1h,161,4.954766505636071
Bundesliga 2025/26,pre_24h_to_1h,162,4.986469038208169
Bundesliga 2025/26,pre_24h_to_1h,163,5.018080808080808
Bundesliga 2025/26,pre_24h_to_1h,164,5.0497291758161325
Bundesliga 2025/26,pre_24h_to_1h,165,5.0813160591421465
Bundesliga 2025/26,pre_24h_to_1h,166,5.112962962962963
Bundesliga 2025/26,pre_24h_to_1h,167,5.144568877177573
Bundesliga 2025/26,pre_24h_to_1h,168,5.176247987117552
Bundesliga 2025/26,pre_24h_to_1h,169,5.2078436539306106
Bundesliga 2025/26,pre_24h_to_1h,170,5.239474454691846
Bundesliga 2025/26,pre_24h_to_1h,171,5.270986678377983
Bundesliga 2025/26,pre_24h_to_1h,172,5.3025106133801785
Bundesliga 2025/26,pre_24h_to_1h,173,5.333970136144049
Bundesliga 2025/26,pre_24h_to_1h,174,5.36546332894159
Bundesliga 2025/26,pre_24h_to_1h,175,5.3968452642365685
Bundesliga 2025/26,pre_24h_to_1h,176,5.428234519104084
Bundesliga 2025/26,pre_24h_to_1h,177,5.459550578246231
Bundesliga 2025/26,pre_24h_to_1h,178,5.490922266139657
Bundesliga 2025/26,pre_24h_to_1h,179,5.522210510906163
Bundesliga 2025/26,pre_24h_to_1h,180,5.553520714390279
Bundesliga 2025/26,pre_24h_to_1h,181,5.584735763431415
Bundesliga 2025/26,pre_24h_to_1h,182,5.615972771190163
Bundesliga 2025/26,pre_24h_to_1h,183,5.647107304933392
Bundesliga 2025/26,pre_24h_to_1h,184,5.678272580881276
Bundesliga 2025/26,pre_24h_to_1h,185,5.709342702386181
Bundesliga 2025/26,pre_24h_to_1h,186,5.740458205240814
Bundesliga 2025/26,pre_24h_to_1h,187,5.771468306250915
Bundesliga 2025/26,pre_24h_to_1h,188,5.80252671643976
Bundesliga 2025/26,pre_24h_to_1h,189,5.833541209193383
Bundesliga 2025/26,pre_24h_to_1h,190,5.864580588493632
Bundesliga 2025/26,pre_24h_to_1h,191,5.895557019470063
Bundesliga 2025/26,pre_24h_to_1h,192,5.92655833699312
Bundesliga 2025/26,pre_24h_to_1h,193,5.9574849948763
Bundesliga 2025/26,pre_24h_to_1h,194,5.988443858878641
Bundesliga 2025/26,pre_24h_to_1h,195,6.019325135412092
Bundesliga 2025/26,pre_24h_to_1h,196,6.050234226321183
Bundesliga 2025/26,pre_24h_to_1h,197,6.081023276240668
Bundesliga 2025/26,pre_24h_to_1h,198,6.111824037476211
Bundesliga 2025/26,pre_24h_to_1h,199,6.142541355584834
Bundesliga 2025/26,pre_24h_to_1h,200,6.173271848924023
Bundesliga 2025/26,pre_24h_to_1h,201,6.20393061045235
Bundesliga 2025/26,pre_24h_to_1h,202,6.234624505928854
Bundesliga 2025/26,pre_24h_to_1h,203,6.265243741765481
Bundesliga 2025/26,pre_24h_to_1h,204,6.295908358951837
Bundesliga 2025/26,pre_24h_to_1h,205,6.326480749524228
Bundesliga 2025/26,pre_24h_to_1h,206,6.357083882301273
Bundesliga 2025/26,pre_24h_to_1h,207,6.387631386327039
Bundesliga 2025/26,pre_24h_to_1h,208,6.418199385155907
Bundesliga 2025/26,pre_24h_to_1h,209,6.448713219148002
Bundesliga 2025/26,pre_24h_to_1h,210,6.479265114917289
Bundesliga 2025/26,pre_24h_to_1h,211,6.5097423510466985
Bundesliga 2025/26,pre_24h_to_1h,212,6.540250329380764
Bundesliga 2025/26,pre_24h_to_1h,213,6.570676328502415
Bundesliga 2025/26,pre_24h_to_1h,214,6.601144781144781
Bundesliga 2025/26,pre_24h_to_1h,215,6.631557605035866
Bundesliga 2025/26,pre_24h_to_1h,216,6.66200995461865
Bundesliga 2025/26,pre_24h_to_1h,217,6.692384716732543
Bundesliga 2025/26,pre_24h_to_1h,218,6.722806324110672
Bundesliga 2025/26,pre_24h_to_1h,219,6.753154735763432
Bundesliga 2025/26,pre_24h_to_1h,220,6.783513394817743
Bundesliga 2025/26,pre_24h_to_1h,221,6.813765188113014
Bundesliga 2025/26,pre_24h_to_1h,222,6.844021373151808
Bundesliga 2025/26,pre_24h_to_1h,223,6.874182403747621
Bundesliga 2025/26,pre_24h_to_1h,224,6.904362465232031
Bundesliga 2025/26,pre_24h_to_1h,225,6.9344781144781145
Bundesliga 2025/26,pre_24h_to_1h,226,6.964624505928854
Bundesliga 2025/26,pre_24h_to_1h,227,6.994688918167179
Bundesliga 2025/26,pre_24h_to_1h,228,7.024751866490997
Bundesliga 2025/26,pre_24h_to_1h,229,7.054728443858878
Bundesliga 2025/26,pre_24h_to_1h,230,7.08474454691846
Bundesliga 2025/26,pre_24h_to_1h,231,7.114728443858879
Bundesliga 2025/26,pre_24h_to_1h,232,7.144737227345923
Bundesliga 2025/26,pre_24h_to_1h,233,7.17468306250915
Bundesliga 2025/26,pre_24h_to_1h,234,7.204661103791539
Bundesliga 2025/26,pre_24h_to_1h,235,7.234608402869273
Bundesliga 2025/26,pre_24h_to_1h,236,7.264579124579124
Bundesliga 2025/26,pre_24h_to_1h,237,7.294486897965159
Bundesliga 2025/26,pre_24h_to_1h,238,7.324434197042892
Bundesliga 2025/26,pre_24h_to_1h,239,7.354331723027375
Bundesliga 2025/26,pre_24h_to_1h,240,7.38422778509735
Bundesliga 2025/26,pre_24h_to_1h,241,7.41406529058703
Bundesliga 2025/26,pre_24h_to_1h,242,7.443902796076709
Bundesliga 2025/26,pre_24h_to_1h,243,7.473672961499048
Bundesliga 2025/26,pre_24h_to_1h,244,7.503450446493924
Bundesliga 2025/26,pre_24h_to_1h,245,7.53314448836188
Bundesliga 2025/26,pre_24h_to_1h,246,7.562850241545894
Bundesliga 2025/26,pre_24h_to_1h,247,7.592476943346509
Bundesliga 2025/26,pre_24h_to_1h,248,7.62215049041136
Bundesliga 2025/26,pre_24h_to_1h,249,7.651743522178305
Bundesliga 2025/26,pre_24h_to_1h,250,7.6813526570048305
Bundesliga 2025/26,pre_24h_to_1h,251,7.7109164104816275
Bundesliga 2025/26,pre_24h_to_1h,252,7.740503586590543
Bundesliga 2025/26,pre_24h_to_1h,253,7.770036597862685
Bundesliga 2025/26,pre_24h_to_1h,254,7.7995783926218705
Bundesliga 2025/26,pre_24h_to_1h,255,7.829066022544284
Bundesliga 2025/26,pre_24h_to_1h,256,7.8585653637827555
Bundesliga 2025/26,pre_24h_to_1h,257,7.888003220611917
Bundesliga 2025/26,pre_24h_to_1h,258,7.917451324842629
Bundesliga 2025/26,pre_24h_to_1h,259,7.946836480749524
Bundesliga 2025/26,pre_24h_to_1h,260,7.976233347972478
Bundesliga 2025/26,pre_24h_to_1h,261,8.005543844239497
Bundesliga 2025/26,pre_24h_to_1h,262,8.034873371395111
Bundesliga 2025/26,pre_24h_to_1h,263,8.06416630068804
Bundesliga 2025/26,pre_24h_to_1h,264,8.093479724784073
Bundesliga 2025/26,pre_24h_to_1h,265,8.122718489240228
Bundesliga 2025/26,pre_24h_to_1h,266,8.15198799590104
Bundesliga 2025/26,pre_24h_to_1h,267,8.181193090323525
Bundesliga 2025/26,pre_24h_to_1h,268,8.210423071292636
Bundesliga 2025/26,pre_24h_to_1h,269,8.239597423510467
Bundesliga 2025/26,pre_24h_to_1h,270,8.268784950958864
Bundesliga 2025/26,pre_24h_to_1h,271,8.297890499194848
Bundesliga 2025/26,pre_24h_to_1h,272,8.327009222661397
Bundesliga 2025/26,pre_24h_to_1h,273,8.356051822573562
Bundesliga 2025/26,pre_24h_to_1h,274,8.385113453374323
Bundesliga 2025/26,pre_24h_to_1h,275,8.414096032791685
Bundesliga 2025/26,pre_24h_to_1h,276,8.443096179183136
Bundesliga 2025/26,pre_24h_to_1h,277,8.472005562875129
Bundesliga 2025/26,pre_24h_to_1h,278,8.500933977455716
Bundesliga 2025/26,pre_24h_to_1h,279,8.52978626848192
Bundesliga 2025/26,pre_24h_to_1h,280,8.558647342995169
Bundesliga 2025/26,pre_24h_to_1h,281,8.58747328356024
Bundesliga 2025/26,pre_24h_to_1h,282,8.616346069389548
Bundesliga 2025/26,pre_24h_to_1h,283,8.64517640169814
Bundesliga 2025/26,pre_24h_to_1h,284,8.674038940125897
Bundesliga 2025/26,pre_24h_to_1h,285,8.702832674571805
Bundesliga 2025/26,pre_24h_to_1h,286,8.73163958424828
Bundesliga 2025/26,pre_24h_to_1h,287,8.76038793734446
Bundesliga 2025/26,pre_24h_to_1h,288,8.789149465671205
Bundesliga 2025/26,pre_24h_to_1h,289,8.817817303469477
Bundesliga 2025/26,pre_24h_to_1h,290,8.846476357780706
Bundesliga 2025/26,pre_24h_to_1h,291,8.875091494656711
Bundesliga 2025/26,pre_24h_to_1h,292,8.903712487190749
Bundesliga 2025/26,pre_24h_to_1h,293,8.932266139657443
Bundesliga 2025/26,pre_24h_to_1h,294,8.960857853901333
Bundesliga 2025/26,pre_24h_to_1h,295,8.989376372419851
Bundesliga 2025/26,pre_24h_to_1h,296,9.017930024886546
Bundesliga 2025/26,pre_24h_to_1h,297,9.046381203337726
Bundesliga 2025/26,pre_24h_to_1h,298,9.074842629190456
Bundesliga 2025/26,pre_24h_to_1h,299,9.103230859317817
Bundesliga 2025/26,pre_24h_to_1h,300,9.13161762553067
Bundesliga 2025/26,pre_last_hour,1,0.0658922558922558
Bundesliga 2025/26,pre_last_hour,2,0.2471380471380471
Bundesliga 2025/26,pre_last_hour,3,0.4702693602693603
Bundesliga 2025/26,pre_last_hour,4,0.7673400673400673
Bundesliga 2025/26,pre_last_hour,5,1.0935016835016835
Bundesliga 2025/26,pre_last_hour,6,1.4548821548821549
Bundesliga 2025/26,pre_last_hour,7,1.8096969696969696
Bundesliga 2025/26,pre_last_hour,8,2.1796632996633
Bundesliga 2025/26,pre_last_hour,9,2.5388552188552187
Bundesliga 2025/26,pre_last_hour,10,2.90973063973064
Bundesliga 2025/26,pre_last_hour,11,3.268013468013468
Bundesliga 2025/26,pre_last_hour,12,3.633838383838384
Bundesliga 2025/26,pre_last_hour,13,3.9896296296296296
Bundesliga 2025/26,pre_last_hour,14,4.353434343434343
Bundesliga 2025/26,pre_last_hour,15,4.708080808080808
Bundesliga 2025/26,pre_last_hour,16,5.068148148148148
Bundesliga 2025/26,pre_last_hour,17,5.418080808080808
Bundesliga 2025/26,pre_last_hour,18,5.771245791245791
Bundesliga 2025/26,pre_last_hour,19,6.115690235690236
Bundesliga 2025/26,pre_last_hour,20,6.462929292929293
Bundesliga 2025/26,pre_last_hour,21,6.80026936026936
Bundesliga 2025/26,pre_last_hour,22,7.14040404040404
Bundesliga 2025/26,pre_last_hour,23,7.47010101010101
Bundesliga 2025/26,pre_last_hour,24,7.801380471380471
Bundesliga 2025/26,pre_last_hour,25,8.125521885521886
Bundesliga 2025/26,pre_last_hour,26,8.453501683501683
Bundesliga 2025/26,pre_last_hour,27,8.773737373737374
Bundesliga 2025/26,pre_last_hour,28,9.094680134680134
Bundesliga 2025/26,pre_last_hour,29,9.408754208754209
Bundesliga 2025/26,pre_last_hour,30,9.724208754208757
Bundesliga 2025/26,pre_last_hour,31,10.033434343434344
Bundesliga 2025/26,pre_last_hour,32,10.343333333333334
Bundesliga 2025/26,pre_last_hour,33,10.647542087542089
Bundesliga 2025/26,pre_last_hour,34,10.953131313131314
Bundesliga 2025/26,pre_last_hour,35,11.253400673400671
Bundesliga 2025/26,pre_last_hour,36,11.553838383838384
Bundesliga 2025/26,pre_last_hour,37,11.84925925925926
Bundesliga 2025/26,pre_last_hour,38,12.145084175084175
Bundesliga 2025/26,pre_last_hour,39,12.434915824915825
Bundesliga 2025/26,pre_last_hour,40,12.725858585858584
Bundesliga 2025/26,pre_last_hour,41,13.012457912457911
Bundesliga 2025/26,pre_last_hour,42,13.29892255892256
Bundesliga 2025/26,pre_last_hour,43,13.58003367003367
Bundesliga 2025/26,pre_last_hour,44,13.861380471380471
Bundesliga 2025/26,pre_last_hour,45,14.13925925925926
Bundesliga 2025/26,pre_last_hour,46,14.416801346801346
Bundesliga 2025/26,pre_last_hour,47,14.68936026936027
Bundesliga 2025/26,pre_last_hour,48,14.963164983164983
Bundesliga 2025/26,pre_last_hour,49,15.232592592592592
Bundesliga 2025/26,pre_last_hour,50,15.502121212121212
Bundesliga 2025/26,pre_last_hour,51,15.766835016835016
Bundesliga 2025/26,pre_last_hour,52,16.031683501683503
Bundesliga 2025/26,pre_last_hour,53,16.29282828282828
Bundesliga 2025/26,pre_last_hour,54,16.554309764309764
Bundesliga 2025/26,pre_last_hour,55,16.81255892255892
Bundesliga 2025/26,pre_last_hour,56,17.070774410774412
Bundesliga 2025/26,pre_last_hour,57,17.324545454545454
Bundesliga 2025/26,pre_last_hour,58,17.57845117845118
Bundesliga 2025/26,pre_last_hour,59,17.82845117845118
Bundesliga 2025/26,pre_last_hour,60,18.07838383838384
Bundesliga 2025/26,pre_last_hour,61,18.324478114478115
Bundesliga 2025/26,pre_last_hour,62,18.571313131313133
Bundesliga 2025/26,pre_last_hour,63,18.813905723905723
Bundesliga 2025/26,pre_last_hour,64,19.0559595959596
Bundesliga 2025/26,pre_last_hour,65,19.294747474747474
Bundesliga 2025/26,pre_last_hour,66,19.533670033670035
Bundesliga 2025/26,pre_last_hour,67,19.76885521885522
Bundesliga 2025/26,pre_last_hour,68,20.004040404040403
Bundesliga 2025/26,pre_last_hour,69,20.235690235690235
Bundesliga 2025/26,pre_last_hour,70,20.467643097643094
Bundesliga 2025/26,pre_last_hour,71,20.695925925925927
Bundesliga 2025/26,pre_last_hour,72,20.924612794612795
Bundesliga 2025/26,pre_last_hour,73,21.14959595959596
Bundesliga 2025/26,pre_last_hour,74,21.374377104377103
Bundesliga 2025/26,pre_last_hour,75,21.596464646464646
Bundesliga 2025/26,pre_last_hour,76,21.81905723905724
Bundesliga 2025/26,pre_last_hour,77,22.03848484848485
Bundesliga 2025/26,pre_last_hour,78,22.25740740740741
Bundesliga 2025/26,pre_last_hour,79,22.473400673400672
Bundesliga 2025/26,pre_last_hour,80,22.68946127946128
Bundesliga 2025/26,pre_last_hour,81,22.90252525252525
Bundesliga 2025/26,pre_last_hour,82,23.115488215488217
Bundesliga 2025/26,pre_last_hour,83,23.325690235690235
Bundesliga 2025/26,pre_last_hour,84,23.536094276094275
Bundesliga 2025/26,pre_last_hour,85,23.744242424242422
Bundesliga 2025/26,pre_last_hour,86,23.95252525252525
Bundesliga 2025/26,pre_last_hour,87,24.15821548821549
Bundesliga 2025/26,pre_last_hour,88,24.36404040404041
Bundesliga 2025/26,pre_last_hour,89,24.5676430976431
Bundesliga 2025/26,pre_last_hour,90,24.77148148148148
Bundesliga 2025/26,pre_last_hour,91,24.97279461279461
Bundesliga 2025/26,pre_last_hour,92,25.173569023569023
Bundesliga 2025/26,pre_last_hour,93,25.372356902356906
Bundesliga 2025/26,pre_last_hour,94,25.57114478114478
Bundesliga 2025/26,pre_last_hour,95,25.768047138047137
Bundesliga 2025/26,pre_last_hour,96,25.964882154882154
Bundesliga 2025/26,pre_last_hour,97,26.15936026936027
Bundesliga 2025/26,pre_last_hour,98,26.353703703703705
Bundesliga 2025/26,pre_last_hour,99,26.545959595959594
Bundesliga 2025/26,pre_last_hour,100,26.73781144781145
Bundesliga 2025/26,pre_last_hour,101,26.928013468013468
Bundesliga 2025/26,pre_last_hour,102,27.11808080808081
Bundesliga 2025/26,pre_last_hour,103,27.307104377104377
Bundesliga 2025/26,pre_last_hour,104,27.495993265993267
Bundesliga 2025/26,pre_last_hour,105,27.683164983164986
Bundesliga 2025/26,pre_last_hour,106,27.87003367003367
Bundesliga 2025/26,pre_last_hour,107,28.055353535353536
Bundesliga 2025/26,pre_last_hour,108,28.24063973063973
Bundesliga 2025/26,pre_last_hour,109,28.424141414141413
Bundesliga 2025/26,pre_last_hour,110,28.60760942760943
Bundesliga 2025/26,pre_last_hour,111,28.78939393939394
Bundesliga 2025/26,pre_last_hour,112,28.97131313131313
Bundesliga 2025/26,pre_last_hour,113,29.151447811447813
Bundesliga 2025/26,pre_last_hour,114,29.33124579124579
Bundesliga 2025/26,pre_last_hour,115,29.509393939393934
Bundesliga 2025/26,pre_last_hour,116,29.68757575757576
Bundesliga 2025/26,pre_last_hour,117,29.86404040404041
Bundesliga 2025/26,pre_last_hour,118,30.04037037037037
Bundesliga 2025/26,pre_last_hour,119,30.21548821548821
Bundesliga 2025/26,pre_last_hour,120,30.39037037037037
Bundesliga 2025/26,pre_last_hour,121,30.563670033670032
Bundesliga 2025/26,pre_last_hour,122,30.736700336700338
Bundesliga 2025/26,pre_last_hour,123,30.908451178451177
Bundesliga 2025/26,pre_last_hour,124,31.08006734006734
Bundesliga 2025/26,pre_last_hour,125,31.24959595959596
Bundesliga 2025/26,pre_last_hour,126,31.4189898989899
Bundesliga 2025/26,pre_last_hour,127,31.586127946127945
Bundesliga 2025/26,pre_last_hour,128,31.752760942760943
Bundesliga 2025/26,pre_last_hour,129,31.917744107744102
Bundesliga 2025/26,pre_last_hour,130,32.082558922558924
Bundesliga 2025/26,pre_last_hour,131,32.24565656565657
Bundesliga 2025/26,pre_last_hour,132,32.40845117845118
Bundesliga 2025/26,pre_last_hour,133,32.56989898989899
Bundesliga 2025/26,pre_last_hour,134,32.73097643097643
Bundesliga 2025/26,pre_last_hour,135,32.89060606060606
Bundesliga 2025/26,pre_last_hour,136,33.04986531986532
Bundesliga 2025/26,pre_last_hour,137,33.20811447811448
Bundesliga 2025/26,pre_last_hour,138,33.36622895622896
Bundesliga 2025/26,pre_last_hour,139,33.523198653198655
Bundesliga 2025/26,pre_last_hour,140,33.68
Bundesliga 2025/26,pre_last_hour,141,33.83515151515152
Bundesliga 2025/26,pre_last_hour,142,33.99
Bundesliga 2025/26,pre_last_hour,143,34.14343434343434
Bundesliga 2025/26,pre_last_hour,144,34.29690235690236
Bundesliga 2025/26,pre_last_hour,145,34.44905723905724
Bundesliga 2025/26,pre_last_hour,146,34.60047138047138
Bundesliga 2025/26,pre_last_hour,147,34.75077441077441
Bundesliga 2025/26,pre_last_hour,148,34.90114478114478
Bundesliga 2025/26,pre_last_hour,149,35.05037037037037
Bundesliga 2025/26,pre_last_hour,150,35.19946127946128
Bundesliga 2025/26,pre_last_hour,151,35.34747474747475
Bundesliga 2025/26,pre_last_hour,152,35.49542087542088
Bundesliga 2025/26,pre_last_hour,153,35.642154882154884
Bundesliga 2025/26,pre_last_hour,154,35.788451178451176
Bundesliga 2025/26,pre_last_hour,155,35.93326599326599
Bundesliga 2025/26,pre_last_hour,156,36.07787878787879
Bundesliga 2025/26,pre_last_hour,157,36.22090909090909
Bundesliga 2025/26,pre_last_hour,158,36.36363636363637
Bundesliga 2025/26,pre_last_hour,159,36.505353535353535
Bundesliga 2025/26,pre_last_hour,160,36.646700336700334
Bundesliga 2025/26,pre_last_hour,161,36.78666666666667
Bundesliga 2025/26,pre_last_hour,162,36.92629629629629
Bundesliga 2025/26,pre_last_hour,163,37.06464646464647
Bundesliga 2025/26,pre_last_hour,164,37.20299663299663
Bundesliga 2025/26,pre_last_hour,165,37.33993265993266
Bundesliga 2025/26,pre_last_hour,166,37.47683501683502
Bundesliga 2025/26,pre_last_hour,167,37.612558922558925
Bundesliga 2025/26,pre_last_hour,168,37.74824915824916
Bundesliga 2025/26,pre_last_hour,169,37.8826936026936
Bundesliga 2025/26,pre_last_hour,170,38.016969696969696
Bundesliga 2025/26,pre_last_hour,171,38.1506734006734
Bundesliga 2025/26,pre_last_hour,172,38.28417508417508
Bundesliga 2025/26,pre_last_hour,173,38.41649831649832
Bundesliga 2025/26,pre_last_hour,174,38.54909090909091
Bundesliga 2025/26,pre_last_hour,175,38.68094276094276
Bundesliga 2025/26,pre_last_hour,176,38.81276094276095
Bundesliga 2025/26,pre_last_hour,177,38.943872053872056
Bundesliga 2025/26,pre_last_hour,178,39.07488215488216
Bundesliga 2025/26,pre_last_hour,179,39.20461279461279
Bundesliga 2025/26,pre_last_hour,180,39.33420875420875
Bundesliga 2025/26,pre_last_hour,181,39.462626262626266
Bundesliga 2025/26,pre_last_hour,182,39.59107744107744
Bundesliga 2025/26,pre_last_hour,183,39.71855218855219
Bundesliga 2025/26,pre_last_hour,184,39.845858585858586
Bundesliga 2025/26,pre_last_hour,185,39.97245791245791
Bundesliga 2025/26,pre_last_hour,186,40.09912457912458
Bundesliga 2025/26,pre_last_hour,187,40.224680134680135
Bundesliga 2025/26,pre_last_hour,188,40.35010101010101
Bundesliga 2025/26,pre_last_hour,189,40.47518518518518
Bundesliga 2025/26,pre_last_hour,190,40.59979797979798
Bundesliga 2025/26,pre_last_hour,191,40.7239393939394
Bundesliga 2025/26,pre_last_hour,192,40.847811447811445
Bundesliga 2025/26,pre_last_hour,193,40.9710101010101
Bundesliga 2025/26,pre_last_hour,194,41.094175084175085
Bundesliga 2025/26,pre_last_hour,195,41.21619528619529
Bundesliga 2025/26,pre_last_hour,196,41.338181818181816
Bundesliga 2025/26,pre_last_hour,197,41.45929292929293
Bundesliga 2025/26,pre_last_hour,198,41.58026936026936
Bundesliga 2025/26,pre_last_hour,199,41.70057239057239
Bundesliga 2025/26,pre_last_hour,200,41.82053872053872
Bundesliga 2025/26,pre_last_hour,201,41.93949494949495
Bundesliga 2025/26,pre_last_hour,202,42.058181818181815
Bundesliga 2025/26,pre_last_hour,203,42.17629629629629
Bundesliga 2025/26,pre_last_hour,204,42.29410774410774
Bundesliga 2025/26,pre_last_hour,205,42.41087542087542
Bundesliga 2025/26,pre_last_hour,206,42.52771043771044
Bundesliga 2025/26,pre_last_hour,207,42.64350168350168
Bundesliga 2025/26,pre_last_hour,208,42.75922558922559
Bundesliga 2025/26,pre_last_hour,209,42.874006734006734
Bundesliga 2025/26,pre_last_hour,210,42.98885521885522
Bundesliga 2025/26,pre_last_hour,211,43.10319865319865
Bundesliga 2025/26,pre_last_hour,212,43.217239057239055
Bundesliga 2025/26,pre_last_hour,213,43.33057239057239
Bundesliga 2025/26,pre_last_hour,214,43.443468013468014
Bundesliga 2025/26,pre_last_hour,215,43.55572390572391
Bundesliga 2025/26,pre_last_hour,216,43.66791245791246
Bundesliga 2025/26,pre_last_hour,217,43.77952861952862
Bundesliga 2025/26,pre_last_hour,218,43.89090909090909
Bundesliga 2025/26,pre_last_hour,219,44.00104377104377
Bundesliga 2025/26,pre_last_hour,220,44.1110101010101
Bundesliga 2025/26,pre_last_hour,221,44.22026936026936
Bundesliga 2025/26,pre_last_hour,222,44.329292929292926
Bundesliga 2025/26,pre_last_hour,223,44.43744107744108
Bundesliga 2025/26,pre_last_hour,224,44.54555555555555
Bundesliga 2025/26,pre_last_hour,225,44.65289562289562
Bundesliga 2025/26,pre_last_hour,226,44.76023569023569
Bundesliga 2025/26,pre_last_hour,227,44.86693602693602
Bundesliga 2025/26,pre_last_hour,228,44.97356902356903
Bundesliga 2025/26,pre_last_hour,229,45.07979797979798
Bundesliga 2025/26,pre_last_hour,230,45.18592592592593
Bundesliga 2025/26,pre_last_hour,231,45.29114478114478
Bundesliga 2025/26,pre_last_hour,232,45.39649831649832
Bundesliga 2025/26,pre_last_hour,233,45.50090909090909
Bundesliga 2025/26,pre_last_hour,234,45.6053872053872
Bundesliga 2025/26,pre_last_hour,235,45.70936026936027
Bundesliga 2025/26,pre_last_hour,236,45.813198653198654
Bundesliga 2025/26,pre_last_hour,237,45.91670033670034
Bundesliga 2025/26,pre_last_hour,238,46.02
Bundesliga 2025/26,pre_last_hour,239,46.12245791245791
Bundesliga 2025/26,pre_last_hour,240,46.224848484848486
Bundesliga 2025/26,pre_last_hour,241,46.326700336700334
Bundesliga 2025/26,pre_last_hour,242,46.42814814814815
Bundesliga 2025/26,pre_last_hour,243,46.52875420875421
Bundesliga 2025/26,pre_last_hour,244,46.62919191919192
Bundesliga 2025/26,pre_last_hour,245,46.7289898989899
Bundesliga 2025/26,pre_last_hour,246,46.82851851851852
Bundesliga 2025/26,pre_last_hour,247,46.92750841750842
Bundesliga 2025/26,pre_last_hour,248,47.02666666666666
Bundesliga 2025/26,pre_last_hour,249,47.12518518518519
Bundesliga 2025/26,pre_last_hour,250,47.22360269360269
Bundesliga 2025/26,pre_last_hour,251,47.32114478114478
Bundesliga 2025/26,pre_last_hour,252,47.41848484848485
Bundesliga 2025/26,pre_last_hour,253,47.51518518518518
Bundesliga 2025/26,pre_last_hour,254,47.61188552188552
Bundesliga 2025/26,pre_last_hour,255,47.70771043771044
Bundesliga 2025/26,pre_last_hour,256,47.80329966329966
Bundesliga 2025/26,pre_last_hour,257,47.89804713804714
Bundesliga 2025/26,pre_last_hour,258,47.99276094276095
Bundesliga 2025/26,pre_last_hour,259,48.08700336700337
Bundesliga 2025/26,pre_last_hour,260,48.18107744107744
Bundesliga 2025/26,pre_last_hour,261,48.2743771043771
Bundesliga 2025/26,pre_last_hour,262,48.36760942760943
Bundesliga 2025/26,pre_last_hour,263,48.46040404040404
Bundesliga 2025/26,pre_last_hour,264,48.55309764309765
Bundesliga 2025/26,pre_last_hour,265,48.645050505050506
Bundesliga 2025/26,pre_last_hour,266,48.736734006734
Bundesliga 2025/26,pre_last_hour,267,48.827777777777776
Bundesliga 2025/26,pre_last_hour,268,48.91885521885522
Bundesliga 2025/26,pre_last_hour,269,49.00915824915825
Bundesliga 2025/26,pre_last_hour,270,49.09936026936027
Bundesliga 2025/26,pre_last_hour,271,49.18902356902357
Bundesliga 2025/26,pre_last_hour,272,49.27872053872054
Bundesliga 2025/26,pre_last_hour,273,49.36818181818182
Bundesliga 2025/26,pre_last_hour,274,49.45727272727273
Bundesliga 2025/26,pre_last_hour,275,49.54602693602693
Bundesliga 2025/26,pre_last_hour,276,49.634713804713805
Bundesliga 2025/26,pre_last_hour,277,49.7226936026936
Bundesliga 2025/26,pre_last_hour,278,49.81037037037037
Bundesliga 2025/26,pre_last_hour,279,49.8976430976431
Bundesliga 2025/26,pre_last_hour,280,49.98468013468013
Bundesliga 2025/26,pre_last_hour,281,50.07138047138047
Bundesliga 2025/26,pre_last_hour,282,50.15804713804714
Bundesliga 2025/26,pre_last_hour,283,50.24420875420876
Bundesliga 2025/26,pre_last_hour,284,50.3303367003367
Bundesliga 2025/26,pre_last_hour,285,50.41579124579125
Bundesliga 2025/26,pre_last_hour,286,50.50111111111111
Bundesliga 2025/26,pre_last_hour,287,50.586262626262624
Bundesliga 2025/26,pre_last_hour,288,50.67138047138047
Bundesliga 2025/26,pre_last_hour,289,50.75612794612795
Bundesliga 2025/26,pre_last_hour,290,50.84087542087542
Bundesliga 2025/26,pre_last_hour,291,50.925016835016834
Bundesliga 2025/26,pre_last_hour,292,51.00878787878788
Bundesliga 2025/26,pre_last_hour,293,51.09208754208754
Bundesliga 2025/26,pre_last_hour,294,51.17521885521886
Bundesliga 2025/26,pre_last_hour,295,51.2576430976431
Bundesliga 2025/26,pre_last_hour,296,51.34
Bundesliga 2025/26,pre_last_hour,297,51.421851851851855
Bundesliga 2025/26,pre_last_hour,298,51.50370370370371
Bundesliga 2025/26,pre_last_hour,299,51.585286195286194
Bundesliga 2025/26,pre_last_hour,300,51.66666666666666
Bundesliga 2025/26,post_0_to_55m,1,0.5482460973370065
Bundesliga 2025/26,post_0_to_55m,2,1.8834527089072544
Bundesliga 2025/26,post_0_to_55m,3,3.284701561065197
Bundesliga 2025/26,post_0_to_55m,4,4.905785123966942
Bundesliga 2025/26,post_0_to_55m,5,6.4206795224977045
Bundesliga 2025/26,post_0_to_55m,6,8.014729109274564
Bundesliga 2025/26,post_0_to_55m,7,9.514563820018363
Bundesliga 2025/26,post_0_to_55m,8,11.051056014692378
Bundesliga 2025/26,post_0_to_55m,9,12.483856749311297
Bundesliga 2025/26,post_0_to_55m,10,13.924517906336089
Bundesliga 2025/26,post_0_to_55m,11,15.279742883379248
Bundesliga 2025/26,post_0_to_55m,12,16.64176308539945
Bundesliga 2025/26,post_0_to_55m,13,17.916584022038567
Bundesliga 2025/26,post_0_to_55m,14,19.195739210284664
Bundesliga 2025/26,post_0_to_55m,15,20.399375573921027
Bundesliga 2025/26,post_0_to_55m,16,21.605436179981638
Bundesliga 2025/26,post_0_to_55m,17,22.745711662075298
Bundesliga 2025/26,post_0_to_55m,18,23.88337924701561
Bundesliga 2025/26,post_0_to_55m,19,24.96297520661157
Bundesliga 2025/26,post_0_to_55m,20,26.03897153351699
Bundesliga 2025/26,post_0_to_55m,21,27.06038567493113
Bundesliga 2025/26,post_0_to_55m,22,28.076547291092744
Bundesliga 2025/26,post_0_to_55m,23,29.046574839302117
Bundesliga 2025/26,post_0_to_55m,24,30.008741965105603
Bundesliga 2025/26,post_0_to_55m,25,30.926685032139577
Bundesliga 2025/26,post_0_to_55m,26,31.840146923783287
Bundesliga 2025/26,post_0_to_55m,27,32.711441689623506
Bundesliga 2025/26,post_0_to_55m,28,33.57943067033976
Bundesliga 2025/26,post_0_to_55m,29,34.41013774104683
Bundesliga 2025/26,post_0_to_55m,30,35.2376492194674
Bundesliga 2025/26,post_0_to_55m,31,36.02931129476584
Bundesliga 2025/26,post_0_to_55m,32,36.81590449954086
Bundesliga 2025/26,post_0_to_55m,33,37.57057851239669
Bundesliga 2025/26,post_0_to_55m,34,38.31919191919192
Bundesliga 2025/26,post_0_to_55m,35,39.0379797979798
Bundesliga 2025/26,post_0_to_55m,36,39.75129476584022
Bundesliga 2025/26,post_0_to_55m,37,40.43786960514233
Bundesliga 2025/26,post_0_to_55m,38,41.117796143250686
Bundesliga 2025/26,post_0_to_55m,39,41.77355371900826
Bundesliga 2025/26,post_0_to_55m,40,42.42479338842976
Bundesliga 2025/26,post_0_to_55m,41,43.05362718089991
Bundesliga 2025/26,post_0_to_55m,42,43.68018365472911
Bundesliga 2025/26,post_0_to_55m,43,44.28260789715336
Bundesliga 2025/26,post_0_to_55m,44,44.88022038567493
Bundesliga 2025/26,post_0_to_55m,45,45.45851239669422
Bundesliga 2025/26,post_0_to_55m,46,46.0324334251607
Bundesliga 2025/26,post_0_to_55m,47,46.588466483011935
Bundesliga 2025/26,post_0_to_55m,48,47.14023875114784
Bundesliga 2025/26,post_0_to_55m,49,47.67695133149679
Bundesliga 2025/26,post_0_to_55m,50,48.20980716253443
Bundesliga 2025/26,post_0_to_55m,51,48.7267217630854
Bundesliga 2025/26,post_0_to_55m,52,49.24018365472911
Bundesliga 2025/26,post_0_to_55m,53,49.73843893480257
Bundesliga 2025/26,post_0_to_55m,54,50.2332782369146
Bundesliga 2025/26,post_0_to_55m,55,50.71353535353536
Bundesliga 2025/26,post_0_to_55m,56,51.19147842056933
Bundesliga 2025/26,post_0_to_55m,57,51.65399449035813
Bundesliga 2025/26,post_0_to_55m,58,52.114159779614326
Bundesliga 2025/26,post_0_to_55m,59,52.56099173553719
Bundesliga 2025/26,post_0_to_55m,60,53.00561983471074
Bundesliga 2025/26,post_0_to_55m,61,53.437061524334254
Bundesliga 2025/26,post_0_to_55m,62,53.86626262626263
Bundesliga 2025/26,post_0_to_55m,63,54.28525252525253
Bundesliga 2025/26,post_0_to_55m,64,54.70141414141414
Bundesliga 2025/26,post_0_to_55m,65,55.10644628099173
Bundesliga 2025/26,post_0_to_55m,66,55.50765840220386
Bundesliga 2025/26,post_0_to_55m,67,55.89858585858586
Bundesliga 2025/26,post_0_to_55m,68,56.28686868686869
Bundesliga 2025/26,post_0_to_55m,69,56.66483011937557
Bundesliga 2025/26,post_0_to_55m,70,57.040697887970616
Bundesliga 2025/26,post_0_to_55m,71,57.407750229568414
Bundesliga 2025/26,post_0_to_55m,72,57.77270890725436
Bundesliga 2025/26,post_0_to_55m,73,58.12877869605143
Bundesliga 2025/26,post_0_to_55m,74,58.4831955922865
Bundesliga 2025/26,post_0_to_55m,75,58.829054178145086
Bundesliga 2025/26,post_0_to_55m,76,59.17318640955005
Bundesliga 2025/26,post_0_to_55m,77,59.5089072543618
Bundesliga 2025/26,post_0_to_55m,78,59.84279155188246
Bundesliga 2025/26,post_0_to_55m,79,60.16826446280992
Bundesliga 2025/26,post_0_to_55m,80,60.49208448117539
Bundesliga 2025/26,post_0_to_55m,81,60.80870523415978
Bundesliga 2025/26,post_0_to_55m,82,61.12393021120294
Bundesliga 2025/26,post_0_to_55m,83,61.432433425160696
Bundesliga 2025/26,post_0_to_55m,84,61.73976124885216
Bundesliga 2025/26,post_0_to_55m,85,62.03963269054178
Bundesliga 2025/26,post_0_to_55m,86,62.33843893480257
Bundesliga 2025/26,post_0_to_55m,87,62.63074380165289
Bundesliga 2025/26,post_0_to_55m,88,62.921359044995405
Bundesliga 2025/26,post_0_to_55m,89,63.2060606060606
Bundesliga 2025/26,post_0_to_55m,90,63.489586776859504
Bundesliga 2025/26,post_0_to_55m,91,63.76675849403122
Bundesliga 2025/26,post_0_to_55m,92,64.0418365472911
Bundesliga 2025/26,post_0_to_55m,93,64.31067033976124
Bundesliga 2025/26,post_0_to_55m,94,64.57836547291093
Bundesliga 2025/26,post_0_to_55m,95,64.84121212121212
Bundesliga 2025/26,post_0_to_55m,96,65.10303030303031
Bundesliga 2025/26,post_0_to_55m,97,65.35922865013774
Bundesliga 2025/26,post_0_to_55m,98,65.61425160697888
Bundesliga 2025/26,post_0_to_55m,99,65.8640220385675
Bundesliga 2025/26,post_0_to_55m,100,66.11250688705235
Bundesliga 2025/26,post_0_to_55m,101,66.35606978879706
Bundesliga 2025/26,post_0_to_55m,102,66.59856749311295
Bundesliga 2025/26,post_0_to_55m,103,66.83640036730945
Bundesliga 2025/26,post_0_to_55m,104,67.0729476584022
Bundesliga 2025/26,post_0_to_55m,105,67.30464646464647
Bundesliga 2025/26,post_0_to_55m,106,67.53528007346189
Bundesliga 2025/26,post_0_to_55m,107,67.76198347107437
Bundesliga 2025/26,post_0_to_55m,108,67.98795224977043
Bundesliga 2025/26,post_0_to_55m,109,68.21013774104684
Bundesliga 2025/26,post_0_to_55m,110,68.43151515151516
Bundesliga 2025/26,post_0_to_55m,111,68.64863177226813
Bundesliga 2025/26,post_0_to_55m,112,68.86460973370065
Bundesliga 2025/26,post_0_to_55m,113,69.0766574839302
Bundesliga 2025/26,post_0_to_55m,114,69.28797061524334
Bundesliga 2025/26,post_0_to_55m,115,69.49627180899908
Bundesliga 2025/26,post_0_to_55m,116,69.70416896235078
Bundesliga 2025/26,post_0_to_55m,117,69.90824609733701
Bundesliga 2025/26,post_0_to_55m,118,70.11096418732782
Bundesliga 2025/26,post_0_to_55m,119,70.30964187327824
Bundesliga 2025/26,post_0_to_55m,120,70.50718089990818
Bundesliga 2025/26,post_0_to_55m,121,70.70130394857668
Bundesliga 2025/26,post_0_to_55m,122,70.8946189164371
Bundesliga 2025/26,post_0_to_55m,123,71.08418732782368
Bundesliga 2025/26,post_0_to_55m,124,71.27272727272727
Bundesliga 2025/26,post_0_to_55m,125,71.45777777777778
Bundesliga 2025/26,post_0_to_55m,126,71.6422038567493
Bundesliga 2025/26,post_0_to_55m,127,71.82365472910928
Bundesliga 2025/26,post_0_to_55m,128,72.00448117539027
Bundesliga 2025/26,post_0_to_55m,129,72.1826997245179
Bundesliga 2025/26,post_0_to_55m,130,72.36018365472911
Bundesliga 2025/26,post_0_to_55m,131,72.53509641873278
Bundesliga 2025/26,post_0_to_55m,132,72.70945821854913
Bundesliga 2025/26,post_0_to_55m,133,72.8809917355372
Bundesliga 2025/26,post_0_to_55m,134,73.05168044077135
Bundesliga 2025/26,post_0_to_55m,135,73.22009182736456
Bundesliga 2025/26,post_0_to_55m,136,73.38780532598715
Bundesliga 2025/26,post_0_to_55m,137,73.5529476584022
Bundesliga 2025/26,post_0_to_55m,138,73.71772268135905
Bundesliga 2025/26,post_0_to_55m,139,73.88011019283746
Bundesliga 2025/26,post_0_to_55m,140,74.04213039485767
Bundesliga 2025/26,post_0_to_55m,141,74.20146923783287
Bundesliga 2025/26,post_0_to_55m,142,74.36022038567494
Bundesliga 2025/26,post_0_to_55m,143,74.5156290174472
Bundesliga 2025/26,post_0_to_55m,144,74.67052341597797
Bundesliga 2025/26,post_0_to_55m,145,74.82317722681358
Bundesliga 2025/26,post_0_to_55m,146,74.97516988062442
Bundesliga 2025/26,post_0_to_55m,147,75.12477502295684
Bundesliga 2025/26,post_0_to_55m,148,75.273608815427
Bundesliga 2025/26,post_0_to_55m,149,75.41968778696051
Bundesliga 2025/26,post_0_to_55m,150,75.56539944903581
Bundesliga 2025/26,post_0_to_55m,151,75.70853994490358
Bundesliga 2025/26,post_0_to_55m,152,75.85120293847567
Bundesliga 2025/26,post_0_to_55m,153,75.99162534435261
Bundesliga 2025/26,post_0_to_55m,154,76.13182736455464
Bundesliga 2025/26,post_0_to_55m,155,76.26997245179064
Bundesliga 2025/26,post_0_to_55m,156,76.40730945821855
Bundesliga 2025/26,post_0_to_55m,157,76.54266299357208
Bundesliga 2025/26,post_0_to_55m,158,76.67761248852158
Bundesliga 2025/26,post_0_to_55m,159,76.80988062442609
Bundesliga 2025/26,post_0_to_55m,160,76.94152433425161
Bundesliga 2025/26,post_0_to_55m,161,77.07136822773187
Bundesliga 2025/26,post_0_to_55m,162,77.20044077134986
Bundesliga 2025/26,post_0_to_55m,163,77.32745638200184
Bundesliga 2025/26,post_0_to_55m,164,77.45366391184572
Bundesliga 2025/26,post_0_to_55m,165,77.57792470156106
Bundesliga 2025/26,post_0_to_55m,166,77.70178145087236
Bundesliga 2025/26,post_0_to_55m,167,77.82354453627181
Bundesliga 2025/26,post_0_to_55m,168,77.94486685032139
Bundesliga 2025/26,post_0_to_55m,169,78.06413223140495
Bundesliga 2025/26,post_0_to_55m,170,78.1830303030303
Bundesliga 2025/26,post_0_to_55m,171,78.30034894398531
Bundesliga 2025/26,post_0_to_55m,172,78.41722681359045
Bundesliga 2025/26,post_0_to_55m,173,78.53182736455464
Bundesliga 2025/26,post_0_to_55m,174,78.64584022038568
Bundesliga 2025/26,post_0_to_55m,175,78.75823691460054
Bundesliga 2025/26,post_0_to_55m,176,78.8700826446281
Bundesliga 2025/26,post_0_to_55m,177,78.98012855831038
Bundesliga 2025/26,post_0_to_55m,178,79.0899173553719
Bundesliga 2025/26,post_0_to_55m,179,79.19794306703398
Bundesliga 2025/26,post_0_to_55m,180,79.30578512396694
Bundesliga 2025/26,post_0_to_55m,181,79.41237832874197
Bundesliga 2025/26,post_0_to_55m,182,79.51875114784205
Bundesliga 2025/26,post_0_to_55m,183,79.62376492194674
Bundesliga 2025/26,post_0_to_55m,184,79.72866850321395
Bundesliga 2025/26,post_0_to_55m,185,79.83195592286502
Bundesliga 2025/26,post_0_to_55m,186,79.93494949494949
Bundesliga 2025/26,post_0_to_55m,187,80.03654729109275
Bundesliga 2025/26,post_0_to_55m,188,80.13755739210285
Bundesliga 2025/26,post_0_to_55m,189,80.23724517906336
Bundesliga 2025/26,post_0_to_55m,190,80.33649219467401
Bundesliga 2025/26,post_0_to_55m,191,80.43434343434343
Bundesliga 2025/26,post_0_to_55m,192,80.53186409550045
Bundesliga 2025/26,post_0_to_55m,193,80.6280624426079
Bundesliga 2025/26,post_0_to_55m,194,80.72389348025712
Bundesliga 2025/26,post_0_to_55m,195,80.8188429752066
Bundesliga 2025/26,post_0_to_55m,196,80.9134618916437
Bundesliga 2025/26,post_0_to_55m,197,81.00668503213957
Bundesliga 2025/26,post_0_to_55m,198,81.09972451790634
Bundesliga 2025/26,post_0_to_55m,199,81.1919191919192
Bundesliga 2025/26,post_0_to_55m,200,81.28418732782369
Bundesliga 2025/26,post_0_to_55m,201,81.37516988062443
Bundesliga 2025/26,post_0_to_55m,202,81.46615243342517
Bundesliga 2025/26,post_0_to_55m,203,81.55625344352617
Bundesliga 2025/26,post_0_to_55m,204,81.64620752984389
Bundesliga 2025/26,post_0_to_55m,205,81.7351331496786
Bundesliga 2025/26,post_0_to_55m,206,81.82347107438017
Bundesliga 2025/26,post_0_to_55m,207,81.91044995408632
Bundesliga 2025/26,post_0_to_55m,208,81.99698806244261
Bundesliga 2025/26,post_0_to_55m,209,82.08246097337006
Bundesliga 2025/26,post_0_to_55m,210,82.16793388429753
Bundesliga 2025/26,post_0_to_55m,211,82.25208448117539
Bundesliga 2025/26,post_0_to_55m,212,82.33594123048668
Bundesliga 2025/26,post_0_to_55m,213,82.4186593204775
Bundesliga 2025/26,post_0_to_55m,214,82.50112029384756
Bundesliga 2025/26,post_0_to_55m,215,82.58255280073462
Bundesliga 2025/26,post_0_to_55m,216,82.66372819100091
Bundesliga 2025/26,post_0_to_55m,217,82.7438751147842
Bundesliga 2025/26,post_0_to_55m,218,82.8236914600551
Bundesliga 2025/26,post_0_to_55m,219,82.90255280073463
Bundesliga 2025/26,post_0_to_55m,220,82.98126721763086
Bundesliga 2025/26,post_0_to_55m,221,83.05924701561065
Bundesliga 2025/26,post_0_to_55m,222,83.13689623507805
Bundesliga 2025/26,post_0_to_55m,223,83.21355371900826
Bundesliga 2025/26,post_0_to_55m,224,83.29006427915519
Bundesliga 2025/26,post_0_to_55m,225,83.36543617998163
Bundesliga 2025/26,post_0_to_55m,226,83.44036730945822
Bundesliga 2025/26,post_0_to_55m,227,83.51460055096419
Bundesliga 2025/26,post_0_to_55m,228,83.58857667584941
Bundesliga 2025/26,post_0_to_55m,229,83.66174471992653
Bundesliga 2025/26,post_0_to_55m,230,83.73447199265381
Bundesliga 2025/26,post_0_to_55m,231,83.80598714416897
Bundesliga 2025/26,post_0_to_55m,232,83.87746556473829
Bundesliga 2025/26,post_0_to_55m,233,83.94798898071625
Bundesliga 2025/26,post_0_to_55m,234,84.01836547291093
Bundesliga 2025/26,post_0_to_55m,235,84.08767676767677
Bundesliga 2025/26,post_0_to_55m,236,84.15676767676767
Bundesliga 2025/26,post_0_to_55m,237,84.22501377410468
Bundesliga 2025/26,post_0_to_55m,238,84.29329660238751
Bundesliga 2025/26,post_0_to_55m,239,84.361028466483
Bundesliga 2025/26,post_0_to_55m,240,84.42861340679522
Bundesliga 2025/26,post_0_to_55m,241,84.49561065197429
Bundesliga 2025/26,post_0_to_55m,242,84.56260789715336
Bundesliga 2025/26,post_0_to_55m,243,84.62883379247016
Bundesliga 2025/26,post_0_to_55m,244,84.69476584022038
Bundesliga 2025/26,post_0_to_55m,245,84.76003673094583
Bundesliga 2025/26,post_0_to_55m,246,84.8250505050505
Bundesliga 2025/26,post_0_to_55m,247,84.88962350780533
Bundesliga 2025/26,post_0_to_55m,248,84.9539393939394
Bundesliga 2025/26,post_0_to_55m,249,85.0173002754821
Bundesliga 2025/26,post_0_to_55m,250,85.08047750229568
Bundesliga 2025/26,post_0_to_55m,251,85.14273645546373
Bundesliga 2025/26,post_0_to_55m,252,85.20492194674013
Bundesliga 2025/26,post_0_to_55m,253,85.26633608815428
Bundesliga 2025/26,post_0_to_55m,254,85.32767676767676
Bundesliga 2025/26,post_0_to_55m,255,85.38831955922865
Bundesliga 2025/26,post_0_to_55m,256,85.44892561983471
Bundesliga 2025/26,post_0_to_55m,257,85.50883379247016
Bundesliga 2025/26,post_0_to_55m,258,85.56848484848484
Bundesliga 2025/26,post_0_to_55m,259,85.62751147842057
Bundesliga 2025/26,post_0_to_55m,260,85.68617079889808
Bundesliga 2025/26,post_0_to_55m,261,85.74413223140496
Bundesliga 2025/26,post_0_to_55m,262,85.8020202020202
Bundesliga 2025/26,post_0_to_55m,263,85.85943067033976
Bundesliga 2025/26,post_0_to_55m,264,85.91658402203856
Bundesliga 2025/26,post_0_to_55m,265,85.97311294765841
Bundesliga 2025/26,post_0_to_55m,266,86.0294214876033
Bundesliga 2025/26,post_0_to_55m,267,86.08514233241506
Bundesliga 2025/26,post_0_to_55m,268,86.140826446281
Bundesliga 2025/26,post_0_to_55m,269,86.19592286501377
Bundesliga 2025/26,post_0_to_55m,270,86.25098255280074
Bundesliga 2025/26,post_0_to_55m,271,86.30593204775023
Bundesliga 2025/26,post_0_to_55m,272,86.3606611570248
Bundesliga 2025/26,post_0_to_55m,273,86.4149494949495
Bundesliga 2025/26,post_0_to_55m,274,86.46901744719926
Bundesliga 2025/26,post_0_to_55m,275,86.52198347107438
Bundesliga 2025/26,post_0_to_55m,276,86.57491276400367
Bundesliga 2025/26,post_0_to_55m,277,86.62743801652893
Bundesliga 2025/26,post_0_to_55m,278,86.67988980716254
Bundesliga 2025/26,post_0_to_55m,279,86.73175390266299
Bundesliga 2025/26,post_0_to_55m,280,86.7835445362718
Bundesliga 2025/26,post_0_to_55m,281,86.83467401285583
Bundesliga 2025/26,post_0_to_55m,282,86.88561983471074
Bundesliga 2025/26,post_0_to_55m,283,86.93616161616161
Bundesliga 2025/26,post_0_to_55m,284,86.98670339761249
Bundesliga 2025/26,post_0_to_55m,285,87.03676767676768
Bundesliga 2025/26,post_0_to_55m,286,87.08683195592286
Bundesliga 2025/26,post_0_to_55m,287,87.13641873278237
Bundesliga 2025/26,post_0_to_55m,288,87.18593204775023
Bundesliga 2025/26,post_0_to_55m,289,87.23511478420569
Bundesliga 2025/26,post_0_to_55m,290,87.28404040404041
Bundesliga 2025/26,post_0_to_55m,291,87.33230486685032
Bundesliga 2025/26,post_0_to_55m,292,87.38042240587696
Bundesliga 2025/26,post_0_to_55m,293,87.42802571166207
Bundesliga 2025/26,post_0_to_55m,294,87.47551882460974
Bundesliga 2025/26,post_0_to_55m,295,87.522681359045
Bundesliga 2025/26,post_0_to_55m,296,87.56969696969696
Bundesliga 2025/26,post_0_to_55m,297,87.61638200183654
Bundesliga 2025/26,post_0_to_55m,298,87.66288337924702
Bundesliga 2025/26,post_0_to_55m,299,87.70912764003673
Bundesliga 2025/26,post_0_to_55m,300,87.75518824609733
Bundesliga 2025/26,post_55_to_105m,1,0.6991919191919191
Bundesliga 2025/26,post_55_to_105m,2,2.314020202020202
Bundesliga 2025/26,post_55_to_105m,3,3.943959595959596
Bundesliga 2025/26,post_55_to_105m,4,5.803959595959596
Bundesliga 2025/26,post_55_to_105m,5,7.500606060606061
Bundesliga 2025/26,post_55_to_105m,6,9.257696969696967
Bundesliga 2025/26,post_55_to_105m,7,10.877777777777778
Bundesliga 2025/26,post_55_to_105m,8,12.521050505050503
Bundesliga 2025/26,post_55_to_105m,9,14.031515151515151
Bundesliga 2025/26,post_55_to_105m,10,15.54658585858586
Bundesliga 2025/26,post_55_to_105m,11,16.946464646464648
Bundesliga 2025/26,post_55_to_105m,12,18.34307070707071
Bundesliga 2025/26,post_55_to_105m,13,19.63987878787879
Bundesliga 2025/26,post_55_to_105m,14,20.931030303030305
Bundesliga 2025/26,post_55_to_105m,15,22.13414141414141
Bundesliga 2025/26,post_55_to_105m,16,23.330222222222226
Bundesliga 2025/26,post_55_to_105m,17,24.451070707070706
Bundesliga 2025/26,post_55_to_105m,18,25.56791919191919
Bundesliga 2025/26,post_55_to_105m,19,26.61357575757576
Bundesliga 2025/26,post_55_to_105m,20,27.65139393939394
Bundesliga 2025/26,post_55_to_105m,21,28.62779797979798
Bundesliga 2025/26,post_55_to_105m,22,29.59652525252525
Bundesliga 2025/26,post_55_to_105m,23,30.513858585858586
Bundesliga 2025/26,post_55_to_105m,24,31.42359595959596
Bundesliga 2025/26,post_55_to_105m,25,32.285414141414144
Bundesliga 2025/26,post_55_to_105m,26,33.14222222222222
Bundesliga 2025/26,post_55_to_105m,27,33.95531313131313
Bundesliga 2025/26,post_55_to_105m,28,34.76282828282828
Bundesliga 2025/26,post_55_to_105m,29,35.531151515151514
Bundesliga 2025/26,post_55_to_105m,30,36.29559595959596
Bundesliga 2025/26,post_55_to_105m,31,37.02270707070707
Bundesliga 2025/26,post_55_to_105m,32,37.74420202020202
Bundesliga 2025/26,post_55_to_105m,33,38.430424242424245
Bundesliga 2025/26,post_55_to_105m,34,39.11107070707071
Bundesliga 2025/26,post_55_to_105m,35,39.76246464646464
Bundesliga 2025/26,post_55_to_105m,36,40.40771717171717
Bundesliga 2025/26,post_55_to_105m,37,41.02719191919192
Bundesliga 2025/26,post_55_to_105m,38,41.64181818181818
Bundesliga 2025/26,post_55_to_105m,39,42.232646464646464
Bundesliga 2025/26,post_55_to_105m,40,42.81915151515152
Bundesliga 2025/26,post_55_to_105m,41,43.38391919191919
Bundesliga 2025/26,post_55_to_105m,42,43.944929292929295
Bundesliga 2025/26,post_55_to_105m,43,44.48391919191919
Bundesliga 2025/26,post_55_to_105m,44,45.021373737373736
Bundesliga 2025/26,post_55_to_105m,45,45.53927272727272
Bundesliga 2025/26,post_55_to_105m,46,46.05389898989899
Bundesliga 2025/26,post_55_to_105m,47,46.54965656565656
Bundesliga 2025/26,post_55_to_105m,48,47.04278787878788
Bundesliga 2025/26,post_55_to_105m,49,47.51983838383838
Bundesliga 2025/26,post_55_to_105m,50,47.99313131313132
Bundesliga 2025/26,post_55_to_105m,51,48.45070707070707
Bundesliga 2025/26,post_55_to_105m,52,48.90581818181818
Bundesliga 2025/26,post_55_to_105m,53,49.34634343434343
Bundesliga 2025/26,post_55_to_105m,54,49.784646464646464
Bundesliga 2025/26,post_55_to_105m,55,50.21062626262626
Bundesliga 2025/26,post_55_to_105m,56,50.63462626262626
Bundesliga 2025/26,post_55_to_105m,57,51.04569696969697
Bundesliga 2025/26,post_55_to_105m,58,51.454949494949496
Bundesliga 2025/26,post_55_to_105m,59,51.8509494949495
Bundesliga 2025/26,post_55_to_105m,60,52.24505050505051
Bundesliga 2025/26,post_55_to_105m,61,52.62719191919192
Bundesliga 2025/26,post_55_to_105m,62,53.00727272727273
Bundesliga 2025/26,post_55_to_105m,63,53.3749898989899
Bundesliga 2025/26,post_55_to_105m,64,53.74056565656566
Bundesliga 2025/26,post_55_to_105m,65,54.096161616161616
Bundesliga 2025/26,post_55_to_105m,66,54.45066666666666
Bundesliga 2025/26,post_55_to_105m,67,54.79571717171717
Bundesliga 2025/26,post_55_to_105m,68,55.13894949494949
Bundesliga 2025/26,post_55_to_105m,69,55.47280808080808
Bundesliga 2025/26,post_55_to_105m,70,55.80509090909091
Bundesliga 2025/26,post_55_to_105m,71,56.128
Bundesliga 2025/26,post_55_to_105m,72,56.45030303030303
Bundesliga 2025/26,post_55_to_105m,73,56.764
Bundesliga 2025/26,post_55_to_105m,74,57.07608080808081
Bundesliga 2025/26,post_55_to_105m,75,57.38052525252525
Bundesliga 2025/26,post_55_to_105m,76,57.683232323232325
Bundesliga 2025/26,post_55_to_105m,77,57.97806060606061
Bundesliga 2025/26,post_55_to_105m,78,58.271757575757576
Bundesliga 2025/26,post_55_to_105m,79,58.55858585858586
Bundesliga 2025/26,post_55_to_105m,80,58.84347474747474
Bundesliga 2025/26,post_55_to_105m,81,59.12113131313132
Bundesliga 2025/26,post_55_to_105m,82,59.39741414141414
Bundesliga 2025/26,post_55_to_105m,83,59.667878787878784
Bundesliga 2025/26,post_55_to_105m,84,59.9380606060606
Bundesliga 2025/26,post_55_to_105m,85,60.20193939393939
Bundesliga 2025/26,post_55_to_105m,86,60.465050505050506
Bundesliga 2025/26,post_55_to_105m,87,60.722707070707074
Bundesliga 2025/26,post_55_to_105m,88,60.979070707070704
Bundesliga 2025/26,post_55_to_105m,89,61.229454545454544
Bundesliga 2025/26,post_55_to_105m,90,61.47919191919192
Bundesliga 2025/26,post_55_to_105m,91,61.72335353535354
Bundesliga 2025/26,post_55_to_105m,92,61.966949494949496
Bundesliga 2025/26,post_55_to_105m,93,62.20476767676767
Bundesliga 2025/26,post_55_to_105m,94,62.44157575757576
Bundesliga 2025/26,post_55_to_105m,95,62.67434343434344
Bundesliga 2025/26,post_55_to_105m,96,62.90630303030303
Bundesliga 2025/26,post_55_to_105m,97,63.13393939393939
Bundesliga 2025/26,post_55_to_105m,98,63.3610101010101
Bundesliga 2025/26,post_55_to_105m,99,63.5839595959596
Bundesliga 2025/26,post_55_to_105m,100,63.80674747474748
Bundesliga 2025/26,post_55_to_105m,101,64.02577777777778
Bundesliga 2025/26,post_55_to_105m,102,64.24448484848484
Bundesliga 2025/26,post_55_to_105m,103,64.45886868686868
Bundesliga 2025/26,post_55_to_105m,104,64.67280808080808
Bundesliga 2025/26,post_55_to_105m,105,64.88286868686869
Bundesliga 2025/26,post_55_to_105m,106,65.09183838383838
Bundesliga 2025/26,post_55_to_105m,107,65.29733333333333
Bundesliga 2025/26,post_55_to_105m,108,65.50246464646465
Bundesliga 2025/26,post_55_to_105m,109,65.70315151515152
Bundesliga 2025/26,post_55_to_105m,110,65.90307070707071
Bundesliga 2025/26,post_55_to_105m,111,66.09919191919192
Bundesliga 2025/26,post_55_to_105m,112,66.29478787878787
Bundesliga 2025/26,post_55_to_105m,113,66.48662626262626
Bundesliga 2025/26,post_55_to_105m,114,66.67846464646465
Bundesliga 2025/26,post_55_to_105m,115,66.86646464646465
Bundesliga 2025/26,post_55_to_105m,116,67.05430303030303
Bundesliga 2025/26,post_55_to_105m,117,67.23870707070706
Bundesliga 2025/26,post_55_to_105m,118,67.42234343434343
Bundesliga 2025/26,post_55_to_105m,119,67.60266666666666
Bundesliga 2025/26,post_55_to_105m,120,67.78294949494949
Bundesliga 2025/26,post_55_to_105m,121,67.96056565656566
Bundesliga 2025/26,post_55_to_105m,122,68.13753535353536
Bundesliga 2025/26,post_55_to_105m,123,68.31123232323232
Bundesliga 2025/26,post_55_to_105m,124,68.48472727272727
Bundesliga 2025/26,post_55_to_105m,125,68.65478787878789
Bundesliga 2025/26,post_55_to_105m,126,68.82480808080808
Bundesliga 2025/26,post_55_to_105m,127,68.99208080808081
Bundesliga 2025/26,post_55_to_105m,128,69.15854545454546
Bundesliga 2025/26,post_55_to_105m,129,69.32185858585859
Bundesliga 2025/26,post_55_to_105m,130,69.48509090909091
Bundesliga 2025/26,post_55_to_105m,131,69.64549494949495
Bundesliga 2025/26,post_55_to_105m,132,69.80557575757575
Bundesliga 2025/26,post_55_to_105m,133,69.96254545454545
Bundesliga 2025/26,post_55_to_105m,134,70.11911111111111
Bundesliga 2025/26,post_55_to_105m,135,70.27268686868688
Bundesliga 2025/26,post_55_to_105m,136,70.42577777777778
Bundesliga 2025/26,post_55_to_105m,137,70.57579797979798
Bundesliga 2025/26,post_55_to_105m,138,70.72525252525253
Bundesliga 2025/26,post_55_to_105m,139,70.8720404040404
Bundesliga 2025/26,post_55_to_105m,140,71.01842424242425
Bundesliga 2025/26,post_55_to_105m,141,71.16270707070707
Bundesliga 2025/26,post_55_to_105m,142,71.30642424242424
Bundesliga 2025/26,post_55_to_105m,143,71.44747474747474
Bundesliga 2025/26,post_55_to_105m,144,71.5880404040404
Bundesliga 2025/26,post_55_to_105m,145,71.7260606060606
Bundesliga 2025/26,post_55_to_105m,146,71.86387878787879
Bundesliga 2025/26,post_55_to_105m,147,71.99979797979798
Bundesliga 2025/26,post_55_to_105m,148,72.13527272727272
Bundesliga 2025/26,post_55_to_105m,149,72.2690101010101
Bundesliga 2025/26,post_55_to_105m,150,72.40246464646465
Bundesliga 2025/26,post_55_to_105m,151,72.5340202020202
Bundesliga 2025/26,post_55_to_105m,152,72.66525252525253
Bundesliga 2025/26,post_55_to_105m,153,72.79434343434343
Bundesliga 2025/26,post_55_to_105m,154,72.9229898989899
Bundesliga 2025/26,post_55_to_105m,155,73.04961616161616
Bundesliga 2025/26,post_55_to_105m,156,73.17579797979798
Bundesliga 2025/26,post_55_to_105m,157,73.29983838383838
Bundesliga 2025/26,post_55_to_105m,158,73.42359595959596
Bundesliga 2025/26,post_55_to_105m,159,73.54553535353536
Bundesliga 2025/26,post_55_to_105m,160,73.66711111111111
Bundesliga 2025/26,post_55_to_105m,161,73.78670707070707
Bundesliga 2025/26,post_55_to_105m,162,73.9060606060606
Bundesliga 2025/26,post_55_to_105m,163,74.02379797979798
Bundesliga 2025/26,post_55_to_105m,164,74.14137373737374
Bundesliga 2025/26,post_55_to_105m,165,74.25753535353536
Bundesliga 2025/26,post_55_to_105m,166,74.37345454545455
Bundesliga 2025/26,post_55_to_105m,167,74.4879595959596
Bundesliga 2025/26,post_55_to_105m,168,74.6020202020202
Bundesliga 2025/26,post_55_to_105m,169,74.71418181818181
Bundesliga 2025/26,post_55_to_105m,170,74.82626262626263
Bundesliga 2025/26,post_55_to_105m,171,74.93660606060607
Bundesliga 2025/26,post_55_to_105m,172,75.04678787878788
Bundesliga 2025/26,post_55_to_105m,173,75.15571717171717
Bundesliga 2025/26,post_55_to_105m,174,75.26416161616162
Bundesliga 2025/26,post_55_to_105m,175,75.37115151515151
Bundesliga 2025/26,post_55_to_105m,176,75.47822222222223
Bundesliga 2025/26,post_55_to_105m,177,75.58371717171717
Bundesliga 2025/26,post_55_to_105m,178,75.68921212121212
Bundesliga 2025/26,post_55_to_105m,179,75.79284848484849
Bundesliga 2025/26,post_55_to_105m,180,75.89624242424243
Bundesliga 2025/26,post_55_to_105m,181,75.9979797979798
Bundesliga 2025/26,post_55_to_105m,182,76.09951515151515
Bundesliga 2025/26,post_55_to_105m,183,76.19983838383838
Bundesliga 2025/26,post_55_to_105m,184,76.29979797979799
Bundesliga 2025/26,post_55_to_105m,185,76.39822222222222
Bundesliga 2025/26,post_55_to_105m,186,76.49624242424242
Bundesliga 2025/26,post_55_to_105m,187,76.59345454545455
Bundesliga 2025/26,post_55_to_105m,188,76.69046464646465
Bundesliga 2025/26,post_55_to_105m,189,76.78638383838384
Bundesliga 2025/26,post_55_to_105m,190,76.8820202020202
Bundesliga 2025/26,post_55_to_105m,191,76.97608080808081
Bundesliga 2025/26,post_55_to_105m,192,77.07006060606061
Bundesliga 2025/26,post_55_to_105m,193,77.1629494949495
Bundesliga 2025/26,post_55_to_105m,194,77.25555555555556
Bundesliga 2025/26,post_55_to_105m,195,77.34715151515151
Bundesliga 2025/26,post_55_to_105m,196,77.43854545454545
Bundesliga 2025/26,post_55_to_105m,197,77.52868686868688
Bundesliga 2025/26,post_55_to_105m,198,77.61846464646464
Bundesliga 2025/26,post_55_to_105m,199,77.70711111111112
Bundesliga 2025/26,post_55_to_105m,200,77.79551515151515
Bundesliga 2025/26,post_55_to_105m,201,77.88319191919192
Bundesliga 2025/26,post_55_to_105m,202,77.97066666666667
Bundesliga 2025/26,post_55_to_105m,203,78.05705050505051
Bundesliga 2025/26,post_55_to_105m,204,78.14323232323233
Bundesliga 2025/26,post_55_to_105m,205,78.22844444444445
Bundesliga 2025/26,post_55_to_105m,206,78.31365656565657
Bundesliga 2025/26,post_55_to_105m,207,78.39773737373737
Bundesliga 2025/26,post_55_to_105m,208,78.48181818181818
Bundesliga 2025/26,post_55_to_105m,209,78.5649696969697
Bundesliga 2025/26,post_55_to_105m,210,78.64812121212121
Bundesliga 2025/26,post_55_to_105m,211,78.73066666666666
Bundesliga 2025/26,post_55_to_105m,212,78.81288888888889
Bundesliga 2025/26,post_55_to_105m,213,78.89450505050505
Bundesliga 2025/26,post_55_to_105m,214,78.9759595959596
Bundesliga 2025/26,post_55_to_105m,215,79.05668686868687
Bundesliga 2025/26,post_55_to_105m,216,79.13717171717171
Bundesliga 2025/26,post_55_to_105m,217,79.21676767676767
Bundesliga 2025/26,post_55_to_105m,218,79.29612121212121
Bundesliga 2025/26,post_55_to_105m,219,79.37430303030303
Bundesliga 2025/26,post_55_to_105m,220,79.45232323232324
Bundesliga 2025/26,post_55_to_105m,221,79.52909090909091
Bundesliga 2025/26,post_55_to_105m,222,79.60565656565656
Bundesliga 2025/26,post_55_to_105m,223,79.68145454545454
Bundesliga 2025/26,post_55_to_105m,224,79.7570909090909
Bundesliga 2025/26,post_55_to_105m,225,79.83163636363636
Bundesliga 2025/26,post_55_to_105m,226,79.90614141414142
Bundesliga 2025/26,post_55_to_105m,227,79.98016161616161
Bundesliga 2025/26,post_55_to_105m,228,80.05393939393939
Bundesliga 2025/26,post_55_to_105m,229,80.1271111111111
Bundesliga 2025/26,post_55_to_105m,230,80.20024242424242
Bundesliga 2025/26,post_55_to_105m,231,80.2730101010101
Bundesliga 2025/26,post_55_to_105m,232,80.3459797979798
Bundesliga 2025/26,post_55_to_105m,233,80.41838383838383
Bundesliga 2025/26,post_55_to_105m,234,80.49070707070707
Bundesliga 2025/26,post_55_to_105m,235,80.5619393939394
Bundesliga 2025/26,post_55_to_105m,236,80.6329696969697
Bundesliga 2025/26,post_55_to_105m,237,80.7029494949495
Bundesliga 2025/26,post_55_to_105m,238,80.77260606060607
Bundesliga 2025/26,post_55_to_105m,239,80.84129292929293
Bundesliga 2025/26,post_55_to_105m,240,80.90989898989899
Bundesliga 2025/26,post_55_to_105m,241,80.97737373737374
Bundesliga 2025/26,post_55_to_105m,242,81.04480808080808
Bundesliga 2025/26,post_55_to_105m,243,81.11171717171717
Bundesliga 2025/26,post_55_to_105m,244,81.17846464646465
Bundesliga 2025/26,post_55_to_105m,245,81.24444444444444
Bundesliga 2025/26,post_55_to_105m,246,81.31046464646465
Bundesliga 2025/26,post_55_to_105m,247,81.3759595959596
Bundesliga 2025/26,post_55_to_105m,248,81.44145454545455
Bundesliga 2025/26,post_55_to_105m,249,81.50634343434344
Bundesliga 2025/26,post_55_to_105m,250,81.57111111111111
Bundesliga 2025/26,post_55_to_105m,251,81.63507070707071
Bundesliga 2025/26,post_55_to_105m,252,81.69886868686869
Bundesliga 2025/26,post_55_to_105m,253,81.7620202020202
Bundesliga 2025/26,post_55_to_105m,254,81.82517171717171
Bundesliga 2025/26,post_55_to_105m,255,81.88787878787879
Bundesliga 2025/26,post_55_to_105m,256,81.95054545454545
Bundesliga 2025/26,post_55_to_105m,257,82.01264646464647
Bundesliga 2025/26,post_55_to_105m,258,82.07466666666667
Bundesliga 2025/26,post_55_to_105m,259,82.1360808080808
Bundesliga 2025/26,post_55_to_105m,260,82.19749494949495
Bundesliga 2025/26,post_55_to_105m,261,82.25846464646465
Bundesliga 2025/26,post_55_to_105m,262,82.31927272727273
Bundesliga 2025/26,post_55_to_105m,263,82.37963636363637
Bundesliga 2025/26,post_55_to_105m,264,82.43987878787878
Bundesliga 2025/26,post_55_to_105m,265,82.49959595959596
Bundesliga 2025/26,post_55_to_105m,266,82.55939393939394
Bundesliga 2025/26,post_55_to_105m,267,82.61858585858586
Bundesliga 2025/26,post_55_to_105m,268,82.67761616161616
Bundesliga 2025/26,post_55_to_105m,269,82.7359595959596
Bundesliga 2025/26,post_55_to_105m,270,82.79406060606061
Bundesliga 2025/26,post_55_to_105m,271,82.85151515151514
Bundesliga 2025/26,post_55_to_105m,272,82.9088888888889
Bundesliga 2025/26,post_55_to_105m,273,82.96573737373737
Bundesliga 2025/26,post_55_to_105m,274,83.02250505050505
Bundesliga 2025/26,post_55_to_105m,275,83.07886868686869
Bundesliga 2025/26,post_55_to_105m,276,83.13523232323233
Bundesliga 2025/26,post_55_to_105m,277,83.19119191919192
Bundesliga 2025/26,post_55_to_105m,278,83.2470303030303
Bundesliga 2025/26,post_55_to_105m,279,83.30226262626263
Bundesliga 2025/26,post_55_to_105m,280,83.35737373737373
Bundesliga 2025/26,post_55_to_105m,281,83.4120808080808
Bundesliga 2025/26,post_55_to_105m,282,83.46682828282829
Bundesliga 2025/26,post_55_to_105m,283,83.52105050505051
Bundesliga 2025/26,post_55_to_105m,284,83.57523232323233
Bundesliga 2025/26,post_55_to_105m,285,83.6290505050505
Bundesliga 2025/26,post_55_to_105m,286,83.68278787878788
Bundesliga 2025/26,post_55_to_105m,287,83.736
Bundesliga 2025/26,post_55_to_105m,288,83.78909090909092
Bundesliga 2025/26,post_55_to_105m,289,83.84137373737374
Bundesliga 2025/26,post_55_to_105m,290,83.89365656565657
Bundesliga 2025/26,post_55_to_105m,291,83.94553535353535
Bundesliga 2025/26,post_55_to_105m,292,83.99745454545454
Bundesliga 2025/26,post_55_to_105m,293,84.04868686868687
Bundesliga 2025/26,post_55_to_105m,294,84.0998787878788
Bundesliga 2025/26,post_55_to_105m,295,84.15046464646464
Bundesliga 2025/26,post_55_to_105m,296,84.2010505050505
Bundesliga 2025/26,post_55_to_105m,297,84.25111111111111
Bundesliga 2025/26,post_55_to_105m,298,84.30117171717171
Bundesliga 2025/26,post_55_to_105m,299,84.35074747474748
Bundesliga 2025/26,post_55_to_105m,300,84.40020202020202
Bundesliga 2025/26,post_105_to_135m,1,0.8784511784511785
Bundesliga 2025/26,post_105_to_135m,2,2.654949494949495
Bundesliga 2025/26,post_105_to_135m,3,4.117306397306398
Bundesliga 2025/26,post_105_to_135m,4,5.65959595959596
Bundesliga 2025/26,post_105_to_135m,5,6.892929292929293
Bundesliga 2025/26,post_105_to_135m,6,8.117104377104377
Bundesliga 2025/26,post_105_to_135m,7,9.138047138047138
Bundesliga 2025/26,post_105_to_135m,8,10.147811447811447
Bundesliga 2025/26,post_105_to_135m,9,11.00969696969697
Bundesliga 2025/26,post_105_to_135m,10,11.856767676767676
Bundesliga 2025/26,post_105_to_135m,11,12.6
Bundesliga 2025/26,post_105_to_135m,12,13.337710437710438
Bundesliga 2025/26,post_105_to_135m,13,13.992794612794611
Bundesliga 2025/26,post_105_to_135m,14,14.641818181818184
Bundesliga 2025/26,post_105_to_135m,15,15.226801346801349
Bundesliga 2025/26,post_105_to_135m,16,15.807744107744108
Bundesliga 2025/26,post_105_to_135m,17,16.33818181818182
Bundesliga 2025/26,post_105_to_135m,18,16.86316498316498
Bundesliga 2025/26,post_105_to_135m,19,17.344511784511784
Bundesliga 2025/26,post_105_to_135m,20,17.823299663299665
Bundesliga 2025/26,post_105_to_135m,21,18.26760942760943
Bundesliga 2025/26,post_105_to_135m,22,18.70774410774411
Bundesliga 2025/26,post_105_to_135m,23,19.114747474747475
Bundesliga 2025/26,post_105_to_135m,24,19.517373737373735
Bundesliga 2025/26,post_105_to_135m,25,19.895151515151515
Bundesliga 2025/26,post_105_to_135m,26,20.27050505050505
Bundesliga 2025/26,post_105_to_135m,27,20.625185185185185
Bundesliga 2025/26,post_105_to_135m,28,20.97851851851852
Bundesliga 2025/26,post_105_to_135m,29,21.31414141414141
Bundesliga 2025/26,post_105_to_135m,30,21.648821548821548
Bundesliga 2025/26,post_105_to_135m,31,21.96686868686869
Bundesliga 2025/26,post_105_to_135m,32,22.2826936026936
Bundesliga 2025/26,post_105_to_135m,33,22.583838383838383
Bundesliga 2025/26,post_105_to_135m,34,22.885454545454547
Bundesliga 2025/26,post_105_to_135m,35,23.17346801346801
Bundesliga 2025/26,post_105_to_135m,36,23.46040404040404
Bundesliga 2025/26,post_105_to_135m,37,23.736902356902355
Bundesliga 2025/26,post_105_to_135m,38,24.01185185185185
Bundesliga 2025/26,post_105_to_135m,39,24.275218855218856
Bundesliga 2025/26,post_105_to_135m,40,24.53703703703704
Bundesliga 2025/26,post_105_to_135m,41,24.78882154882155
Bundesliga 2025/26,post_105_to_135m,42,25.03905723905724
Bundesliga 2025/26,post_105_to_135m,43,25.28047138047138
Bundesliga 2025/26,post_105_to_135m,44,25.52094276094276
Bundesliga 2025/26,post_105_to_135m,45,25.75239057239057
Bundesliga 2025/26,post_105_to_135m,46,25.98228956228956
Bundesliga 2025/26,post_105_to_135m,47,26.205791245791247
Bundesliga 2025/26,post_105_to_135m,48,26.42821548821549
Bundesliga 2025/26,post_105_to_135m,49,26.642154882154884
Bundesliga 2025/26,post_105_to_135m,50,26.854545454545452
Bundesliga 2025/26,post_105_to_135m,51,27.060606060606062
Bundesliga 2025/26,post_105_to_135m,52,27.26632996632997
Bundesliga 2025/26,post_105_to_135m,53,27.466936026936025
Bundesliga 2025/26,post_105_to_135m,54,27.667340067340067
Bundesliga 2025/26,post_105_to_135m,55,27.86262626262626
Bundesliga 2025/26,post_105_to_135m,56,28.056565656565656
Bundesliga 2025/26,post_105_to_135m,57,28.245656565656567
Bundesliga 2025/26,post_105_to_135m,58,28.43407407407408
Bundesliga 2025/26,post_105_to_135m,59,28.61811447811448
Bundesliga 2025/26,post_105_to_135m,60,28.80175084175084
Bundesliga 2025/26,post_105_to_135m,61,28.98087542087542
Bundesliga 2025/26,post_105_to_135m,62,29.1596632996633
Bundesliga 2025/26,post_105_to_135m,63,29.332861952861958
Bundesliga 2025/26,post_105_to_135m,64,29.505252525252526
Bundesliga 2025/26,post_105_to_135m,65,29.674882154882155
Bundesliga 2025/26,post_105_to_135m,66,29.843905723905724
Bundesliga 2025/26,post_105_to_135m,67,30.00976430976431
Bundesliga 2025/26,post_105_to_135m,68,30.175016835016837
Bundesliga 2025/26,post_105_to_135m,69,30.336969696969696
Bundesliga 2025/26,post_105_to_135m,70,30.49838383838384
Bundesliga 2025/26,post_105_to_135m,71,30.65649831649832
Bundesliga 2025/26,post_105_to_135m,72,30.814343434343435
Bundesliga 2025/26,post_105_to_135m,73,30.97010101010101
Bundesliga 2025/26,post_105_to_135m,74,31.126464646464648
Bundesliga 2025/26,post_105_to_135m,75,31.28060606060606
Bundesliga 2025/26,post_105_to_135m,76,31.43414141414141
Bundesliga 2025/26,post_105_to_135m,77,31.585252525252525
Bundesliga 2025/26,post_105_to_135m,78,31.735690235690235
Bundesliga 2025/26,post_105_to_135m,79,31.884107744107745
Bundesliga 2025/26,post_105_to_135m,80,32.032525252525254
Bundesliga 2025/26,post_105_to_135m,81,32.178451178451176
Bundesliga 2025/26,post_105_to_135m,82,32.324444444444445
Bundesliga 2025/26,post_105_to_135m,83,32.467474747474746
Bundesliga 2025/26,post_105_to_135m,84,32.60996632996633
Bundesliga 2025/26,post_105_to_135m,85,32.74962962962963
Bundesliga 2025/26,post_105_to_135m,86,32.88895622895623
Bundesliga 2025/26,post_105_to_135m,87,33.02639730639731
Bundesliga 2025/26,post_105_to_135m,88,33.16377104377104
Bundesliga 2025/26,post_105_to_135m,89,33.29925925925926
Bundesliga 2025/26,post_105_to_135m,90,33.434814814814814
Bundesliga 2025/26,post_105_to_135m,91,33.56875420875421
Bundesliga 2025/26,post_105_to_135m,92,33.702828282828285
Bundesliga 2025/26,post_105_to_135m,93,33.83481481481481
Bundesliga 2025/26,post_105_to_135m,94,33.966329966329965
Bundesliga 2025/26,post_105_to_135m,95,34.09609427609428
Bundesliga 2025/26,post_105_to_135m,96,34.22511784511784
Bundesliga 2025/26,post_105_to_135m,97,34.35225589225589
Bundesliga 2025/26,post_105_to_135m,98,34.47959595959596
Bundesliga 2025/26,post_105_to_135m,99,34.60552188552189
Bundesliga 2025/26,post_105_to_135m,100,34.731515151515154
Bundesliga 2025/26,post_105_to_135m,101,34.856094276094275
Bundesliga 2025/26,post_105_to_135m,102,34.98087542087542
Bundesliga 2025/26,post_105_to_135m,103,35.10410774410774
Bundesliga 2025/26,post_105_to_135m,104,35.22720538720539
Bundesliga 2025/26,post_105_to_135m,105,35.34882154882155
Bundesliga 2025/26,post_105_to_135m,106,35.47043771043771
Bundesliga 2025/26,post_105_to_135m,107,35.59063973063973
Bundesliga 2025/26,post_105_to_135m,108,35.71111111111111
Bundesliga 2025/26,post_105_to_135m,109,35.82983164983165
Bundesliga 2025/26,post_105_to_135m,110,35.94861952861953
Bundesliga 2025/26,post_105_to_135m,111,36.065791245791246
Bundesliga 2025/26,post_105_to_135m,112,36.183164983164986
Bundesliga 2025/26,post_105_to_135m,113,36.2986531986532
Bundesliga 2025/26,post_105_to_135m,114,36.41407407407407
Bundesliga 2025/26,post_105_to_135m,115,36.528350168350165
Bundesliga 2025/26,post_105_to_135m,116,36.64228956228956
Bundesliga 2025/26,post_105_to_135m,117,36.75447811447811
Bundesliga 2025/26,post_105_to_135m,118,36.86646464646465
Bundesliga 2025/26,post_105_to_135m,119,36.97723905723906
Bundesliga 2025/26,post_105_to_135m,120,37.08821548821549
Bundesliga 2025/26,post_105_to_135m,121,37.19777777777778
Bundesliga 2025/26,post_105_to_135m,122,37.30713804713805
Bundesliga 2025/26,post_105_to_135m,123,37.41582491582491
Bundesliga 2025/26,post_105_to_135m,124,37.524040404040406
Bundesliga 2025/26,post_105_to_135m,125,37.63084175084175
Bundesliga 2025/26,post_105_to_135m,126,37.73757575757576
Bundesliga 2025/26,post_105_to_135m,127,37.84309764309764
Bundesliga 2025/26,post_105_to_135m,128,37.94828282828283
Bundesliga 2025/26,post_105_to_135m,129,38.05239057239057
Bundesliga 2025/26,post_105_to_135m,130,38.156430976430975
Bundesliga 2025/26,post_105_to_135m,131,38.259528619528616
Bundesliga 2025/26,post_105_to_135m,132,38.36276094276094
Bundesliga 2025/26,post_105_to_135m,133,38.46457912457912
Bundesliga 2025/26,post_105_to_135m,134,38.566464646464645
Bundesliga 2025/26,post_105_to_135m,135,38.66734006734007
Bundesliga 2025/26,post_105_to_135m,136,38.767946127946125
Bundesliga 2025/26,post_105_to_135m,137,38.86760942760943
Bundesliga 2025/26,post_105_to_135m,138,38.96713804713805
Bundesliga 2025/26,post_105_to_135m,139,39.06592592592592
Bundesliga 2025/26,post_105_to_135m,140,39.164713804713806
Bundesliga 2025/26,post_105_to_135m,141,39.26303030303031
Bundesliga 2025/26,post_105_to_135m,142,39.36148148148148
Bundesliga 2025/26,post_105_to_135m,143,39.45905723905724
Bundesliga 2025/26,post_105_to_135m,144,39.55656565656566
Bundesliga 2025/26,post_105_to_135m,145,39.65313131313131
Bundesliga 2025/26,post_105_to_135m,146,39.74962962962963
Bundesliga 2025/26,post_105_to_135m,147,39.84558922558922
Bundesliga 2025/26,post_105_to_135m,148,39.94121212121212
Bundesliga 2025/26,post_105_to_135m,149,40.03622895622895
Bundesliga 2025/26,post_105_to_135m,150,40.13164983164983
Bundesliga 2025/26,post_105_to_135m,151,40.22686868686869
Bundesliga 2025/26,post_105_to_135m,152,40.322020202020205
Bundesliga 2025/26,post_105_to_135m,153,40.41649831649832
Bundesliga 2025/26,post_105_to_135m,154,40.51111111111111
Bundesliga 2025/26,post_105_to_135m,155,40.60552188552189
Bundesliga 2025/26,post_105_to_135m,156,40.69986531986532
Bundesliga 2025/26,post_105_to_135m,157,40.79373737373737
Bundesliga 2025/26,post_105_to_135m,158,40.887676767676766
Bundesliga 2025/26,post_105_to_135m,159,40.9806734006734
Bundesliga 2025/26,post_105_to_135m,160,41.07373737373737
Bundesliga 2025/26,post_105_to_135m,161,41.16612794612794
Bundesliga 2025/26,post_105_to_135m,162,41.258316498316496
Bundesliga 2025/26,post_105_to_135m,163,41.34929292929293
Bundesliga 2025/26,post_105_to_135m,164,41.44026936026936
Bundesliga 2025/26,post_105_to_135m,165,41.53057239057239
Bundesliga 2025/26,post_105_to_135m,166,41.62094276094276
Bundesliga 2025/26,post_105_to_135m,167,41.71057239057239
Bundesliga 2025/26,post_105_to_135m,168,41.8003367003367
Bundesliga 2025/26,post_105_to_135m,169,41.88936026936027
Bundesliga 2025/26,post_105_to_135m,170,41.97811447811448
Bundesliga 2025/26,post_105_to_135m,171,42.065993265993264
Bundesliga 2025/26,post_105_to_135m,172,42.15387205387206
Bundesliga 2025/26,post_105_to_135m,173,42.2413468013468
Bundesliga 2025/26,post_105_to_135m,174,42.32875420875421
Bundesliga 2025/26,post_105_to_135m,175,42.41569023569024
Bundesliga 2025/26,post_105_to_135m,176,42.5026936026936
Bundesliga 2025/26,post_105_to_135m,177,42.58915824915825
Bundesliga 2025/26,post_105_to_135m,178,42.675622895622894
Bundesliga 2025/26,post_105_to_135m,179,42.7613468013468
Bundesliga 2025/26,post_105_to_135m,180,42.84707070707071
Bundesliga 2025/26,post_105_to_135m,181,42.93232323232324
Bundesliga 2025/26,post_105_to_135m,182,43.01744107744108
Bundesliga 2025/26,post_105_to_135m,183,43.10181818181818
Bundesliga 2025/26,post_105_to_135m,184,43.18612794612795
Bundesliga 2025/26,post_105_to_135m,185,43.27030303030303
Bundesliga 2025/26,post_105_to_135m,186,43.35454545454545
Bundesliga 2025/26,post_105_to_135m,187,43.43824915824916
Bundesliga 2025/26,post_105_to_135m,188,43.52181818181818
Bundesliga 2025/26,post_105_to_135m,189,43.60484848484848
Bundesliga 2025/26,post_105_to_135m,190,43.68767676767677
Bundesliga 2025/26,post_105_to_135m,191,43.77003367003367
Bundesliga 2025/26,post_105_to_135m,192,43.85245791245792
Bundesliga 2025/26,post_105_to_135m,193,43.93454545454546
Bundesliga 2025/26,post_105_to_135m,194,44.01656565656565
Bundesliga 2025/26,post_105_to_135m,195,44.0983164983165
Bundesliga 2025/26,post_105_to_135m,196,44.17993265993266
Bundesliga 2025/26,post_105_to_135m,197,44.26087542087542
Bundesliga 2025/26,post_105_to_135m,198,44.34175084175085
Bundesliga 2025/26,post_105_to_135m,199,44.422154882154885
Bundesliga 2025/26,post_105_to_135m,200,44.502626262626265
Bundesliga 2025/26,post_105_to_135m,201,44.58303030303031
Bundesliga 2025/26,post_105_to_135m,202,44.663501683501686
Bundesliga 2025/26,post_105_to_135m,203,44.74377104377104
Bundesliga 2025/26,post_105_to_135m,204,44.82370370370371
Bundesliga 2025/26,post_105_to_135m,205,44.903367003367
Bundesliga 2025/26,post_105_to_135m,206,44.98309764309764
Bundesliga 2025/26,post_105_to_135m,207,45.062154882154886
Bundesliga 2025/26,post_105_to_135m,208,45.14121212121212
Bundesliga 2025/26,post_105_to_135m,209,45.21993265993266
Bundesliga 2025/26,post_105_to_135m,210,45.29845117845118
Bundesliga 2025/26,post_105_to_135m,211,45.376632996633
Bundesliga 2025/26,post_105_to_135m,212,45.455084175084174
Bundesliga 2025/26,post_105_to_135m,213,45.533131313131314
Bundesliga 2025/26,post_105_to_135m,214,45.61104377104377
Bundesliga 2025/26,post_105_to_135m,215,45.68835016835017
Bundesliga 2025/26,post_105_to_135m,216,45.7657239057239
Bundesliga 2025/26,post_105_to_135m,217,45.842828282828286
Bundesliga 2025/26,post_105_to_135m,218,45.91993265993266
Bundesliga 2025/26,post_105_to_135m,219,45.99683501683501
Bundesliga 2025/26,post_105_to_135m,220,46.073670033670034
Bundesliga 2025/26,post_105_to_135m,221,46.14989898989899
Bundesliga 2025/26,post_105_to_135m,222,46.22606060606061
Bundesliga 2025/26,post_105_to_135m,223,46.30228956228956
Bundesliga 2025/26,post_105_to_135m,224,46.37858585858586
Bundesliga 2025/26,post_105_to_135m,225,46.45454545454545
Bundesliga 2025/26,post_105_to_135m,226,46.53037037037037
Bundesliga 2025/26,post_105_to_135m,227,46.60572390572391
Bundesliga 2025/26,post_105_to_135m,228,46.68127946127946
Bundesliga 2025/26,post_105_to_135m,229,46.756700336700334
Bundesliga 2025/26,post_105_to_135m,230,46.83218855218856
Bundesliga 2025/26,post_105_to_135m,231,46.90747474747474
Bundesliga 2025/26,post_105_to_135m,232,46.9826936026936
Bundesliga 2025/26,post_105_to_135m,233,47.05764309764309
Bundesliga 2025/26,post_105_to_135m,234,47.132525252525255
Bundesliga 2025/26,post_105_to_135m,235,47.207138047138045
Bundesliga 2025/26,post_105_to_135m,236,47.28175084175084
Bundesliga 2025/26,post_105_to_135m,237,47.3559595959596
Bundesliga 2025/26,post_105_to_135m,238,47.43016835016835
Bundesliga 2025/26,post_105_to_135m,239,47.50397306397306
Bundesliga 2025/26,post_105_to_135m,240,47.57784511784512
Bundesliga 2025/26,post_105_to_135m,241,47.65124579124579
Bundesliga 2025/26,post_105_to_135m,242,47.72464646464646
Bundesliga 2025/26,post_105_to_135m,243,47.79791245791246
Bundesliga 2025/26,post_105_to_135m,244,47.87104377104377
Bundesliga 2025/26,post_105_to_135m,245,47.944242424242425
Bundesliga 2025/26,post_105_to_135m,246,48.01737373737374
Bundesliga 2025/26,post_105_to_135m,247,48.09030303030303
Bundesliga 2025/26,post_105_to_135m,248,48.16316498316498
Bundesliga 2025/26,post_105_to_135m,249,48.235757575757575
Bundesliga 2025/26,post_105_to_135m,250,48.30835016835017
Bundesliga 2025/26,post_105_to_135m,251,48.3806734006734
Bundesliga 2025/26,post_105_to_135m,252,48.45292929292929
Bundesliga 2025/26,post_105_to_135m,253,48.52484848484848
Bundesliga 2025/26,post_105_to_135m,254,48.59656565656566
Bundesliga 2025/26,post_105_to_135m,255,48.66828282828283
Bundesliga 2025/26,post_105_to_135m,256,48.74
Bundesliga 2025/26,post_105_to_135m,257,48.81144781144781
Bundesliga 2025/26,post_105_to_135m,258,48.8826936026936
Bundesliga 2025/26,post_105_to_135m,259,48.95380471380472
Bundesliga 2025/26,post_105_to_135m,260,49.02484848484848
Bundesliga 2025/26,post_105_to_135m,261,49.09575757575757
Bundesliga 2025/26,post_105_to_135m,262,49.16666666666666
Bundesliga 2025/26,post_105_to_135m,263,49.23737373737374
Bundesliga 2025/26,post_105_to_135m,264,49.30808080808081
Bundesliga 2025/26,post_105_to_135m,265,49.37858585858586
Bundesliga 2025/26,post_105_to_135m,266,49.44915824915825
Bundesliga 2025/26,post_105_to_135m,267,49.51959595959596
Bundesliga 2025/26,post_105_to_135m,268,49.59023569023569
Bundesliga 2025/26,post_105_to_135m,269,49.6606734006734
Bundesliga 2025/26,post_105_to_135m,270,49.73117845117845
Bundesliga 2025/26,post_105_to_135m,271,49.80161616161616
Bundesliga 2025/26,post_105_to_135m,272,49.87191919191919
Bundesliga 2025/26,post_105_to_135m,273,49.94215488215488
Bundesliga 2025/26,post_105_to_135m,274,50.01232323232323
Bundesliga 2025/26,post_105_to_135m,275,50.08222222222222
Bundesliga 2025/26,post_105_to_135m,276,50.15212121212121
Bundesliga 2025/26,post_105_to_135m,277,50.2216835016835
Bundesliga 2025/26,post_105_to_135m,278,50.29131313131313
Bundesliga 2025/26,post_105_to_135m,279,50.36074074074074
Bundesliga 2025/26,post_105_to_135m,280,50.43016835016835
Bundesliga 2025/26,post_105_to_135m,281,50.49946127946128
Bundesliga 2025/26,post_105_to_135m,282,50.56875420875421
Bundesliga 2025/26,post_105_to_135m,283,50.63811447811448
Bundesliga 2025/26,post_105_to_135m,284,50.70740740740741
Bundesliga 2025/26,post_105_to_135m,285,50.77629629629629
Bundesliga 2025/26,post_105_to_135m,286,50.84511784511785
Bundesliga 2025/26,post_105_to_135m,287,50.913872053872055
Bundesliga 2025/26,post_105_to_135m,288,50.98255892255892
Bundesliga 2025/26,post_105_to_135m,289,51.05090909090909
Bundesliga 2025/26,post_105_to_135m,290,51.11925925925926
Bundesliga 2025/26,post_105_to_135m,291,51.187474747474745
Bundesliga 2025/26,post_105_to_135m,292,51.25555555555555
Bundesliga 2025/26,post_105_to_135m,293,51.32350168350168
Bundesliga 2025/26,post_105_to_135m,294,51.39144781144781
Bundesliga 2025/26,post_105_to_135m,295,51.45905723905724
Bundesliga 2025/26,post_105_to_135m,296,51.52666666666666
Bundesliga 2025/26,post_105_to_135m,297,51.593872053872055
Bundesliga 2025/26,post_105_to_135m,298,51.66114478114479
Bundesliga 2025/26,post_105_to_135m,299,51.72828282828283
Bundesliga 2025/26,post_105_to_135m,300,51.79555555555555
Ligue 1 2025/26,pre_24h_to_1h,1,0.001109257521519
Ligue 1 2025/26,pre_24h_to_1h,2,0.0039881138567406
Ligue 1 2025/26,pre_24h_to_1h,3,0.008110902582282
Ligue 1 2025/26,pre_24h_to_1h,4,0.0176988843707642
Ligue 1 2025/26,pre_24h_to_1h,5,0.0339250338859347
Ligue 1 2025/26,pre_24h_to_1h,6,0.0532313279810933
Ligue 1 2025/26,pre_24h_to_1h,7,0.0726969149318226
Ligue 1 2025/26,pre_24h_to_1h,8,0.0928793197326197
Ligue 1 2025/26,pre_24h_to_1h,9,0.1130443471309908
Ligue 1 2025/26,pre_24h_to_1h,10,0.1337828288094162
Ligue 1 2025/26,pre_24h_to_1h,11,0.154435871592581
Ligue 1 2025/26,pre_24h_to_1h,12,0.1755088682677046
Ligue 1 2025/26,pre_24h_to_1h,13,0.1964544306583718
Ligue 1 2025/26,pre_24h_to_1h,14,0.2178344281096861
Ligue 1 2025/26,pre_24h_to_1h,15,0.239160845236854
Ligue 1 2025/26,pre_24h_to_1h,16,0.2608521878149654
Ligue 1 2025/26,pre_24h_to_1h,17,0.2823813413037686
Ligue 1 2025/26,pre_24h_to_1h,18,0.3042623871916959
Ligue 1 2025/26,pre_24h_to_1h,19,0.3260956452229521
Ligue 1 2025/26,pre_24h_to_1h,20,0.3482967249388894
Ligue 1 2025/26,pre_24h_to_1h,21,0.3704427762138115
Ligue 1 2025/26,pre_24h_to_1h,22,0.3928494885251219
Ligue 1 2025/26,pre_24h_to_1h,23,0.4151287665519758
Ligue 1 2025/26,pre_24h_to_1h,24,0.4376339508103662
Ligue 1 2025/26,pre_24h_to_1h,25,0.4600927953289542
Ligue 1 2025/26,pre_24h_to_1h,26,0.4828007159489799
Ligue 1 2025/26,pre_24h_to_1h,27,0.5054362307255644
Ligue 1 2025/26,pre_24h_to_1h,28,0.5283497839409632
Ligue 1 2025/26,pre_24h_to_1h,29,0.5511170773526106
Ligue 1 2025/26,pre_24h_to_1h,30,0.5740957958271065
Ligue 1 2025/26,pre_24h_to_1h,31,0.5970136933931116
Ligue 1 2025/26,pre_24h_to_1h,32,0.6201531528400468
Ligue 1 2025/26,pre_24h_to_1h,33,0.6431926922230332
Ligue 1 2025/26,pre_24h_to_1h,34,0.6664537934869496
Ligue 1 2025/26,pre_24h_to_1h,35,0.6896453851411625
Ligue 1 2025/26,pre_24h_to_1h,36,0.7129687554304383
Ligue 1 2025/26,pre_24h_to_1h,37,0.7362211679931417
Ligue 1 2025/26,pre_24h_to_1h,38,0.7597009349042505
Ligue 1 2025/26,pre_24h_to_1h,39,0.7830720930501975
Ligue 1 2025/26,pre_24h_to_1h,40,0.8066112327529281
Ligue 1 2025/26,pre_24h_to_1h,41,0.8300446599242345
Ligue 1 2025/26,pre_24h_to_1h,42,0.8536431724185869
Ligue 1 2025/26,pre_24h_to_1h,43,0.8771012175766633
Ligue 1 2025/26,pre_24h_to_1h,44,0.9007475179276868
Ligue 1 2025/26,pre_24h_to_1h,45,0.9242996906822368
Ligue 1 2025/26,pre_24h_to_1h,46,0.9479836420718498
Ligue 1 2025/26,pre_24h_to_1h,47,0.9715691215143828
Ligue 1 2025/26,pre_24h_to_1h,48,0.9952690021895528
Ligue 1 2025/26,pre_24h_to_1h,49,1.0189124063068389
Ligue 1 2025/26,pre_24h_to_1h,50,1.042618079449484
Ligue 1 2025/26,pre_24h_to_1h,51,1.0662165919438362
Ligue 1 2025/26,pre_24h_to_1h,52,1.0899454349563826
Ligue 1 2025/26,pre_24h_to_1h,53,1.1136178014110452
Ligue 1 2025/26,pre_24h_to_1h,54,1.1374451163706716
Ligue 1 2025/26,pre_24h_to_1h,55,1.161160926331399
Ligue 1 2025/26,pre_24h_to_1h,56,1.185038925381434
Ligue 1 2025/26,pre_24h_to_1h,57,1.2088227968349958
Ligue 1 2025/26,pre_24h_to_1h,58,1.2326819703657363
Ligue 1 2025/26,pre_24h_to_1h,59,1.2564803229879864
Ligue 1 2025/26,pre_24h_to_1h,60,1.2803887324922671
Ligue 1 2025/26,pre_24h_to_1h,61,1.3040784763493554
Ligue 1 2025/26,pre_24h_to_1h,62,1.3278652440366547
Ligue 1 2025/26,pre_24h_to_1h,63,1.3515897426985948
Ligue 1 2025/26,pre_24h_to_1h,64,1.375419953891959
Ligue 1 2025/26,pre_24h_to_1h,65,1.3991401082032924
Ligue 1 2025/26,pre_24h_to_1h,66,1.422935564591805
Ligue 1 2025/26,pre_24h_to_1h,67,1.4466615113706136
Ligue 1 2025/26,pre_24h_to_1h,68,1.4705076518495348
Ligue 1 2025/26,pre_24h_to_1h,69,1.49433641492603
Ligue 1 2025/26,pre_24h_to_1h,70,1.5182462725471797
Ligue 1 2025/26,pre_24h_to_1h,71,1.5420793799742814
Ligue 1 2025/26,pre_24h_to_1h,72,1.5660312329846269
Ligue 1 2025/26,pre_24h_to_1h,73,1.5898599960611222
Ligue 1 2025/26,pre_24h_to_1h,74,1.6137611649810586
Ligue 1 2025/26,pre_24h_to_1h,75,1.6375595176033086
Ligue 1 2025/26,pre_24h_to_1h,76,1.6614635827569828
Ligue 1 2025/26,pre_24h_to_1h,77,1.6853227562877235
Ligue 1 2025/26,pre_24h_to_1h,78,1.7092630243631182
Ligue 1 2025/26,pre_24h_to_1h,79,1.733161297049317
Ligue 1 2025/26,pre_24h_to_1h,80,1.7571565935657272
Ligue 1 2025/26,pre_24h_to_1h,81,1.7810751398880895
Ligue 1 2025/26,pre_24h_to_1h,82,1.8051182242611707
Ligue 1 2025/26,pre_24h_to_1h,83,1.82907731785586
Ligue 1 2025/26,pre_24h_to_1h,84,1.853123298462679
Ligue 1 2025/26,pre_24h_to_1h,85,1.8770925288754503
Ligue 1 2025/26,pre_24h_to_1h,86,1.901164575585908
Ligue 1 2025/26,pre_24h_to_1h,87,1.9251815938553505
Ligue 1 2025/26,pre_24h_to_1h,88,1.9492898434875288
Ligue 1 2025/26,pre_24h_to_1h,89,1.973324239159397
Ligue 1 2025/26,pre_24h_to_1h,90,1.9974266963241
Ligue 1 2025/26,pre_24h_to_1h,91,2.0214755731646568
Ligue 1 2025/26,pre_24h_to_1h,92,2.045580926563097
Ligue 1 2025/26,pre_24h_to_1h,93,2.069589256131327
Ligue 1 2025/26,pre_24h_to_1h,94,2.093659854724916
Ligue 1 2025/26,pre_24h_to_1h,95,2.117603019034048
Ligue 1 2025/26,pre_24h_to_1h,96,2.1415867306155074
Ligue 1 2025/26,pre_24h_to_1h,97,2.1654676258992804
Ligue 1 2025/26,pre_24h_to_1h,98,2.18941513455902
Ligue 1 2025/26,pre_24h_to_1h,99,2.2133119591283497
Ligue 1 2025/26,pre_24h_to_1h,100,2.237271052723039
Ligue 1 2025/26,pre_24h_to_1h,101,2.2611461555393366
Ligue 1 2025/26,pre_24h_to_1h,102,2.285105249134026
Ligue 1 2025/26,pre_24h_to_1h,103,2.308976007599717
Ligue 1 2025/26,pre_24h_to_1h,104,2.332909035090768
Ligue 1 2025/26,pre_24h_to_1h,105,2.356772552972115
Ligue 1 2025/26,pre_24h_to_1h,106,2.380672273775182
Ligue 1 2025/26,pre_24h_to_1h,107,2.404466282046826
Ligue 1 2025/26,pre_24h_to_1h,108,2.428319663110092
Ligue 1 2025/26,pre_24h_to_1h,109,2.4521194638492103
Ligue 1 2025/26,pre_24h_to_1h,110,2.4759844298474265
Ligue 1 2025/26,pre_24h_to_1h,111,2.4997567163660377
Ligue 1 2025/26,pre_24h_to_1h,112,2.523599960611221
Ligue 1 2025/26,pre_24h_to_1h,113,2.547380935831045
Ligue 1 2025/26,pre_24h_to_1h,114,2.571187977154508
Ligue 1 2025/26,pre_24h_to_1h,115,2.5949515749719065
Ligue 1 2025/26,pre_24h_to_1h,116,2.618751375711025
Ligue 1 2025/26,pre_24h_to_1h,117,2.6424353271006384
Ligue 1 2025/26,pre_24h_to_1h,118,2.666201821151774
Ligue 1 2025/26,pre_24h_to_1h,119,2.6898915650088626
Ligue 1 2025/26,pre_24h_to_1h,120,2.713645026008179
Ligue 1 2025/26,pre_24h_to_1h,121,2.737327529280923
Ligue 1 2025/26,pre_24h_to_1h,122,2.761036098657306
Ligue 1 2025/26,pre_24h_to_1h,123,2.784638955502265
Ligue 1 2025/26,pre_24h_to_1h,124,2.808330147476222
Ligue 1 2025/26,pre_24h_to_1h,125,2.831956174191082
Ligue 1 2025/26,pre_24h_to_1h,126,2.855627092528876
Ligue 1 2025/26,pre_24h_to_1h,127,2.8792864259317184
Ligue 1 2025/26,pre_24h_to_1h,128,2.903028301996084
Ligue 1 2025/26,pre_24h_to_1h,129,2.9267021165676157
Ligue 1 2025/26,pre_24h_to_1h,130,2.950415030294605
Ligue 1 2025/26,pre_24h_to_1h,131,2.974042505126333
Ligue 1 2025/26,pre_24h_to_1h,132,2.99773514521716
Ligue 1 2025/26,pre_24h_to_1h,133,3.0213481388802004
Ligue 1 2025/26,pre_24h_to_1h,134,3.0449929911143547
Ligue 1 2025/26,pre_24h_to_1h,135,3.068587159258101
Ligue 1 2025/26,pre_24h_to_1h,136,3.092242148310337
Ligue 1 2025/26,pre_24h_to_1h,137,3.11582762775287
Ligue 1 2025/26,pre_24h_to_1h,138,3.1394652394026807
Ligue 1 2025/26,pre_24h_to_1h,139,3.1630029309885423
Ligue 1 2025/26,pre_24h_to_1h,140,3.1865956510154194
Ligue 1 2025/26,pre_24h_to_1h,141,3.21011017273138
Ligue 1 2025/26,pre_24h_to_1h,142,3.233669586070274
Ligue 1 2025/26,pre_24h_to_1h,143,3.257163834150071
Ligue 1 2025/26,pre_24h_to_1h,144,3.28069283703472
Ligue 1 2025/26,pre_24h_to_1h,145,3.3041755001795665
Ligue 1 2025/26,pre_24h_to_1h,146,3.3276972624798717
Ligue 1 2025/26,pre_24h_to_1h,147,3.351120552833096
Ligue 1 2025/26,pre_24h_to_1h,148,3.3745699092899595
Ligue 1 2025/26,pre_24h_to_1h,149,3.397945411786513
Ligue 1 2025/26,pre_24h_to_1h,150,3.421331051101148
Ligue 1 2025/26,pre_24h_to_1h,151,3.444654421390424
Ligue 1 2025/26,pre_24h_to_1h,152,3.467990824731519
Ligue 1 2025/26,pre_24h_to_1h,153,3.491269303397861
Ligue 1 2025/26,pre_24h_to_1h,154,3.5145883293365308
Ligue 1 2025/26,pre_24h_to_1h,155,3.5378146757955955
Ligue 1 2025/26,pre_24h_to_1h,156,3.5610772251763807
Ligue 1 2025/26,pre_24h_to_1h,157,3.5842775055318064
Ligue 1 2025/26,pre_24h_to_1h,158,3.607531366211379
Ligue 1 2025/26,pre_24h_to_1h,159,3.630721509748722
Ligue 1 2025/26,pre_24h_to_1h,160,3.653965233610213
Ligue 1 2025/26,pre_24h_to_1h,161,3.677140895978869
Ligue 1 2025/26,pre_24h_to_1h,162,3.700322350815
Ligue 1 2025/26,pre_24h_to_1h,163,3.723425607340215
Ligue 1 2025/26,pre_24h_to_1h,164,3.7465809960727072
Ligue 1 2025/26,pre_24h_to_1h,165,3.769707422467823
Ligue 1 2025/26,pre_24h_to_1h,166,3.7928599149665776
Ligue 1 2025/26,pre_24h_to_1h,167,3.8159356572712846
Ligue 1 2025/26,pre_24h_to_1h,168,3.839054843082056
Ligue 1 2025/26,pre_24h_to_1h,169,3.862082797530092
Ligue 1 2025/26,pre_24h_to_1h,170,3.885135369964898
Ligue 1 2025/26,pre_24h_to_1h,171,3.908127121491213
Ligue 1 2025/26,pre_24h_to_1h,172,3.931130457952479
Ligue 1 2025/26,pre_24h_to_1h,173,3.954075869738992
Ligue 1 2025/26,pre_24h_to_1h,174,3.9770734137327817
Ligue 1 2025/26,pre_24h_to_1h,175,3.999989863181918
Ligue 1 2025/26,pre_24h_to_1h,176,4.022941067435906
Ligue 1 2025/26,pre_24h_to_1h,177,4.045831450781404
Ligue 1 2025/26,pre_24h_to_1h,178,4.06877251821731
Ligue 1 2025/26,pre_24h_to_1h,179,4.091654212861595
Ligue 1 2025/26,pre_24h_to_1h,180,4.114579351011944
Ligue 1 2025/26,pre_24h_to_1h,181,4.137423394617639
Ligue 1 2025/26,pre_24h_to_1h,182,4.160284815625761
Ligue 1 2025/26,pre_24h_to_1h,183,4.183052109037408
Ligue 1 2025/26,pre_24h_to_1h,184,4.2058700865394645
Ligue 1 2025/26,pre_24h_to_1h,185,4.2286142100812105
Ligue 1 2025/26,pre_24h_to_1h,186,4.251390192194071
Ligue 1 2025/26,pre_24h_to_1h,187,4.274079287294802
Ligue 1 2025/26,pre_24h_to_1h,188,4.296798792849778
Ligue 1 2025/26,pre_24h_to_1h,189,4.319460373730002
Ligue 1 2025/26,pre_24h_to_1h,190,4.342145124480126
Ligue 1 2025/26,pre_24h_to_1h,191,4.3647705024386285
Ligue 1 2025/26,pre_24h_to_1h,192,4.387424842734508
Ligue 1 2025/26,pre_24h_to_1h,193,4.410029947056847
Ligue 1 2025/26,pre_24h_to_1h,194,4.432669806184038
Ligue 1 2025/26,pre_24h_to_1h,195,4.455234363234051
Ligue 1 2025/26,pre_24h_to_1h,196,4.477830778855177
Ligue 1 2025/26,pre_24h_to_1h,197,4.500354788632862
Ligue 1 2025/26,pre_24h_to_1h,198,4.522896175812972
Ligue 1 2025/26,pre_24h_to_1h,199,4.545394119487019
Ligue 1 2025/26,pre_24h_to_1h,200,4.567926817965917
Ligue 1 2025/26,pre_24h_to_1h,201,4.590418969172488
Ligue 1 2025/26,pre_24h_to_1h,202,4.612948771417648
Ligue 1 2025/26,pre_24h_to_1h,203,4.635409064053105
Ligue 1 2025/26,pre_24h_to_1h,204,4.657888182207857
Ligue 1 2025/26,pre_24h_to_1h,205,4.680300686986643
Ligue 1 2025/26,pre_24h_to_1h,206,4.702720432349772
Ligue 1 2025/26,pre_24h_to_1h,207,4.725088045505625
Ligue 1 2025/26,pre_24h_to_1h,208,4.747509238985623
Ligue 1 2025/26,pre_24h_to_1h,209,4.769866715323394
Ligue 1 2025/26,pre_24h_to_1h,210,4.792258946466015
Ligue 1 2025/26,pre_24h_to_1h,211,4.814607734102573
Ligue 1 2025/26,pre_24h_to_1h,212,4.8369883803102445
Ligue 1 2025/26,pre_24h_to_1h,213,4.859280691388918
Ligue 1 2025/26,pre_24h_to_1h,214,4.881575898701329
Ligue 1 2025/26,pre_24h_to_1h,215,4.903833454975151
Ligue 1 2025/26,pre_24h_to_1h,216,4.92613011040443
Ligue 1 2025/26,pre_24h_to_1h,217,4.948370289275826
Ligue 1 2025/26,pre_24h_to_1h,218,4.970619156848434
Ligue 1 2025/26,pre_24h_to_1h,219,4.992799962928208
Ligue 1 2025/26,pre_24h_to_1h,220,5.01498366524172
Ligue 1 2025/26,pre_24h_to_1h,221,5.037134060867248
Ligue 1 2025/26,pre_24h_to_1h,222,5.059300385778334
Ligue 1 2025/26,pre_24h_to_1h,223,5.081398649196585
Ligue 1 2025/26,pre_24h_to_1h,224,5.103518634367868
Ligue 1 2025/26,pre_24h_to_1h,225,5.125606760968037
Ligue 1 2025/26,pre_24h_to_1h,226,5.14772819425619
Ligue 1 2025/26,pre_24h_to_1h,227,5.169787358518982
Ligue 1 2025/26,pre_24h_to_1h,228,5.191863900184201
Ligue 1 2025/26,pre_24h_to_1h,229,5.213898446460223
Ligue 1 2025/26,pre_24h_to_1h,230,5.235974988125442
Ligue 1 2025/26,pre_24h_to_1h,231,5.258008086284596
Ligue 1 2025/26,pre_24h_to_1h,232,5.280060009963044
Ligue 1 2025/26,pre_24h_to_1h,233,5.302042424031789
Ligue 1 2025/26,pre_24h_to_1h,234,5.324034974918616
Ligue 1 2025/26,pre_24h_to_1h,235,5.345969601130689
Ligue 1 2025/26,pre_24h_to_1h,236,5.367918708511452
Ligue 1 2025/26,pre_24h_to_1h,237,5.389811339334329
Ligue 1 2025/26,pre_24h_to_1h,238,5.411731484377715
Ligue 1 2025/26,pre_24h_to_1h,239,5.433638596369281
Ligue 1 2025/26,pre_24h_to_1h,240,5.455570326347617
Ligue 1 2025/26,pre_24h_to_1h,241,5.477429650482512
Ligue 1 2025/26,pre_24h_to_1h,242,5.4993063520198335
Ligue 1 2025/26,pre_24h_to_1h,243,5.521117888298058
Ligue 1 2025/26,pre_24h_to_1h,244,5.54295549067992
Ligue 1 2025/26,pre_24h_to_1h,245,5.564785852477439
Ligue 1 2025/26,pre_24h_to_1h,246,5.586639384144858
Ligue 1 2025/26,pre_24h_to_1h,247,5.608434991137525
Ligue 1 2025/26,pre_24h_to_1h,248,5.630243631182011
Ligue 1 2025/26,pre_24h_to_1h,249,5.651994346551744
Ligue 1 2025/26,pre_24h_to_1h,250,5.673756646856428
Ligue 1 2025/26,pre_24h_to_1h,251,5.695465366836965
Ligue 1 2025/26,pre_24h_to_1h,252,5.717191464219928
Ligue 1 2025/26,pre_24h_to_1h,253,5.738900184200466
Ligue 1 2025/26,pre_24h_to_1h,254,5.760640762752117
Ligue 1 2025/26,pre_24h_to_1h,255,5.782339345914573
Ligue 1 2025/26,pre_24h_to_1h,256,5.804040825310766
Ligue 1 2025/26,pre_24h_to_1h,257,5.825707549902107
Ligue 1 2025/26,pre_24h_to_1h,258,5.847395996246481
Ligue 1 2025/26,pre_24h_to_1h,259,5.869033758500446
Ligue 1 2025/26,pre_24h_to_1h,260,5.890687450039968
Ligue 1 2025/26,pre_24h_to_1h,261,5.9123107311252445
Ligue 1 2025/26,pre_24h_to_1h,262,5.933945597145472
Ligue 1 2025/26,pre_24h_to_1h,263,5.955555845178929
Ligue 1 2025/26,pre_24h_to_1h,264,5.977183470614812
Ligue 1 2025/26,pre_24h_to_1h,265,5.998763308194024
Ligue 1 2025/26,pre_24h_to_1h,266,6.020367763760007
Ligue 1 2025/26,pre_24h_to_1h,267,6.041918639001842
Ligue 1 2025/26,pre_24h_to_1h,268,6.06349123599671
Ligue 1 2025/26,pre_24h_to_1h,269,6.0850117007843005
Ligue 1 2025/26,pre_24h_to_1h,270,6.106546646740578
Ligue 1 2025/26,pre_24h_to_1h,271,6.128046837892005
Ligue 1 2025/26,pre_24h_to_1h,272,6.149548477160301
Ligue 1 2025/26,pre_24h_to_1h,273,6.170999432338188
Ligue 1 2025/26,pre_24h_to_1h,274,6.192482246087188
Ligue 1 2025/26,pre_24h_to_1h,275,6.213925960680731
Ligue 1 2025/26,pre_24h_to_1h,276,6.235379812092355
Ligue 1 2025/26,pre_24h_to_1h,277,6.256807597400341
Ligue 1 2025/26,pre_24h_to_1h,278,6.278262896928834
Ligue 1 2025/26,pre_24h_to_1h,279,6.299690682236819
Ligue 1 2025/26,pre_24h_to_1h,280,6.321132948713493
Ligue 1 2025/26,pre_24h_to_1h,281,6.342523082982889
Ligue 1 2025/26,pre_24h_to_1h,282,6.363905976667941
Ligue 1 2025/26,pre_24h_to_1h,283,6.385236738145715
Ligue 1 2025/26,pre_24h_to_1h,284,6.406568947740358
Ligue 1 2025/26,pre_24h_to_1h,285,6.4278664025301495
Ligue 1 2025/26,pre_24h_to_1h,286,6.449175442254892
Ligue 1 2025/26,pre_24h_to_1h,287,6.470459863992864
Ligue 1 2025/26,pre_24h_to_1h,288,6.491777592418819
Ligue 1 2025/26,pre_24h_to_1h,289,6.513051877338709
Ligue 1 2025/26,pre_24h_to_1h,290,6.534330506609205
Ligue 1 2025/26,pre_24h_to_1h,291,6.555571484841113
Ligue 1 2025/26,pre_24h_to_1h,292,6.57682404800797
Ligue 1 2025/26,pre_24h_to_1h,293,6.5980230308506815
Ligue 1 2025/26,pre_24h_to_1h,294,6.619239391095819
Ligue 1 2025/26,pre_24h_to_1h,295,6.640429685237318
Ligue 1 2025/26,pre_24h_to_1h,296,6.661643149248717
Ligue 1 2025/26,pre_24h_to_1h,297,6.682820410338396
Ligue 1 2025/26,pre_24h_to_1h,298,6.704020841297976
Ligue 1 2025/26,pre_24h_to_1h,299,6.72516769193341
Ligue 1 2025/26,pre_24h_to_1h,300,6.7463087501013685
Ligue 1 2025/26,pre_last_hour,1,0.0628830269118038
Ligue 1 2025/26,pre_last_hour,2,0.2294830802025046
Ligue 1 2025/26,pre_last_hour,3,0.4363509192645883
Ligue 1 2025/26,pre_last_hour,4,0.7120636823874233
Ligue 1 2025/26,pre_last_hour,5,1.0117572608579803
Ligue 1 2025/26,pre_last_hour,6,1.3406274980015986
Ligue 1 2025/26,pre_last_hour,7,1.6558419930722088
Ligue 1 2025/26,pre_last_hour,8,1.9829469757527312
Ligue 1 2025/26,pre_last_hour,9,2.297628563815614
Ligue 1 2025/26,pre_last_hour,10,2.61923794297895
Ligue 1 2025/26,pre_last_hour,11,2.92845723421263
Ligue 1 2025/26,pre_last_hour,12,3.2447708499866774
Ligue 1 2025/26,pre_last_hour,13,3.549793498534506
Ligue 1 2025/26,pre_last_hour,14,3.860578204103384
Ligue 1 2025/26,pre_last_hour,15,4.161703970157207
Ligue 1 2025/26,pre_last_hour,16,4.466193711697309
Ligue 1 2025/26,pre_last_hour,17,4.76062483346656
Ligue 1 2025/26,pre_last_hour,18,5.057653876898481
Ligue 1 2025/26,pre_last_hour,19,5.347355448974154
Ligue 1 2025/26,pre_last_hour,20,5.640087929656275
Ligue 1 2025/26,pre_last_hour,21,5.926325606181721
Ligue 1 2025/26,pre_last_hour,22,6.213329336530776
Ligue 1 2025/26,pre_last_hour,23,6.495436983746337
Ligue 1 2025/26,pre_last_hour,24,6.779409805488943
Ligue 1 2025/26,pre_last_hour,25,7.057687183586464
Ligue 1 2025/26,pre_last_hour,26,7.338395949906741
Ligue 1 2025/26,pre_last_hour,27,7.612976285638156
Ligue 1 2025/26,pre_last_hour,28,7.889421795896616
Ligue 1 2025/26,pre_last_hour,29,8.159239275246469
Ligue 1 2025/26,pre_last_hour,30,8.431121769251266
Ligue 1 2025/26,pre_last_hour,31,8.695776711963763
Ligue 1 2025/26,pre_last_hour,32,8.961863842259525
Ligue 1 2025/26,pre_last_hour,33,9.223854249933389
Ligue 1 2025/26,pre_last_hour,34,9.486044497735143
Ligue 1 2025/26,pre_last_hour,35,9.743038902211564
Ligue 1 2025/26,pre_last_hour,36,10.000532907007727
Ligue 1 2025/26,pre_last_hour,37,10.253197442046362
Ligue 1 2025/26,pre_last_hour,38,10.50576205702105
Ligue 1 2025/26,pre_last_hour,39,10.754030109245935
Ligue 1 2025/26,pre_last_hour,40,11.003430588862244
Ligue 1 2025/26,pre_last_hour,41,11.248601119104716
Ligue 1 2025/26,pre_last_hour,42,11.494737543298694
Ligue 1 2025/26,pre_last_hour,43,11.737643218758327
Ligue 1 2025/26,pre_last_hour,44,11.98134825472955
Ligue 1 2025/26,pre_last_hour,45,12.221123101518783
Ligue 1 2025/26,pre_last_hour,46,12.461430855315747
Ligue 1 2025/26,pre_last_hour,47,12.698441247002398
Ligue 1 2025/26,pre_last_hour,48,12.93625099920064
Ligue 1 2025/26,pre_last_hour,49,13.17179589661604
Ligue 1 2025/26,pre_last_hour,50,13.408373301358912
Ligue 1 2025/26,pre_last_hour,51,13.640987210231817
Ligue 1 2025/26,pre_last_hour,52,13.873401278976818
Ligue 1 2025/26,pre_last_hour,53,14.101751931787904
Ligue 1 2025/26,pre_last_hour,54,14.330369038102852
Ligue 1 2025/26,pre_last_hour,55,14.55582200905942
Ligue 1 2025/26,pre_last_hour,56,14.781574740207834
Ligue 1 2025/26,pre_last_hour,57,15.004463096189715
Ligue 1 2025/26,pre_last_hour,58,15.227484678923528
Ligue 1 2025/26,pre_last_hour,59,15.446975752731149
Ligue 1 2025/26,pre_last_hour,60,15.66669997335465
Ligue 1 2025/26,pre_last_hour,61,15.883859579003463
Ligue 1 2025/26,pre_last_hour,62,16.100819344524382
Ligue 1 2025/26,pre_last_hour,63,16.31531441513456
Ligue 1 2025/26,pre_last_hour,64,16.530009325872633
Ligue 1 2025/26,pre_last_hour,65,16.741939781508126
Ligue 1 2025/26,pre_last_hour,66,16.953603783639753
Ligue 1 2025/26,pre_last_hour,67,17.16207034372502
Ligue 1 2025/26,pre_last_hour,68,17.370536903810287
Ligue 1 2025/26,pre_last_hour,69,17.57613908872902
Ligue 1 2025/26,pre_last_hour,70,17.781441513455903
Ligue 1 2025/26,pre_last_hour,71,17.984112709832136
Ligue 1 2025/26,pre_last_hour,72,18.186284305888623
Ligue 1 2025/26,pre_last_hour,73,18.38615774047429
Ligue 1 2025/26,pre_last_hour,74,18.58553157474021
Ligue 1 2025/26,pre_last_hour,75,18.78224087396749
Ligue 1 2025/26,pre_last_hour,76,18.97888355981881
Ligue 1 2025/26,pre_last_hour,77,19.17309485744737
Ligue 1 2025/26,pre_last_hour,78,19.36697308819611
Ligue 1 2025/26,pre_last_hour,79,19.558619770849987
Ligue 1 2025/26,pre_last_hour,80,19.750266453503865
Ligue 1 2025/26,pre_last_hour,81,19.939148681055155
Ligue 1 2025/26,pre_last_hour,82,20.128264055422328
Ligue 1 2025/26,pre_last_hour,83,20.31511457500666
Ligue 1 2025/26,pre_last_hour,84,20.50263122835065
Ligue 1 2025/26,pre_last_hour,85,20.688615774047427
Ligue 1 2025/26,pre_last_hour,86,20.874367172928324
Ligue 1 2025/26,pre_last_hour,87,21.05765387689848
Ligue 1 2025/26,pre_last_hour,88,21.24094058086864
Ligue 1 2025/26,pre_last_hour,89,21.422462030375694
Ligue 1 2025/26,pre_last_hour,90,21.60418332001066
Ligue 1 2025/26,pre_last_hour,91,21.784072741806558
Ligue 1 2025/26,pre_last_hour,92,21.964195310418333
Ligue 1 2025/26,pre_last_hour,93,22.14285238475886
Ligue 1 2025/26,pre_last_hour,94,22.320743405275778
Ligue 1 2025/26,pre_last_hour,95,22.49680255795364
Ligue 1 2025/26,pre_last_hour,96,22.672994937383425
Ligue 1 2025/26,pre_last_hour,97,22.84798827604583
Ligue 1 2025/26,pre_last_hour,98,23.022981614708232
Ligue 1 2025/26,pre_last_hour,99,23.195776711963763
Ligue 1 2025/26,pre_last_hour,100,23.36900479616307
Ligue 1 2025/26,pre_last_hour,101,23.53970157207567
Ligue 1 2025/26,pre_last_hour,102,23.71046496136424
Ligue 1 2025/26,pre_last_hour,103,23.87916333599787
Ligue 1 2025/26,pre_last_hour,104,24.04786171063149
Ligue 1 2025/26,pre_last_hour,105,24.21496136424194
Ligue 1 2025/26,pre_last_hour,106,24.38212763122835
Ligue 1 2025/26,pre_last_hour,107,24.547528643751665
Ligue 1 2025/26,pre_last_hour,108,24.712629896083133
Ligue 1 2025/26,pre_last_hour,109,24.876165734079404
Ligue 1 2025/26,pre_last_hour,110,25.03980149213962
Ligue 1 2025/26,pre_last_hour,111,25.20220490274447
Ligue 1 2025/26,pre_last_hour,112,25.36414201971756
Ligue 1 2025/26,pre_last_hour,113,25.52484678923528
Ligue 1 2025/26,pre_last_hour,114,25.68568478550493
Ligue 1 2025/26,pre_last_hour,115,25.845123900879297
Ligue 1 2025/26,pre_last_hour,116,26.004563016253663
Ligue 1 2025/26,pre_last_hour,117,26.16253663735678
Ligue 1 2025/26,pre_last_hour,118,26.320110578204105
Ligue 1 2025/26,pre_last_hour,119,26.47621902478017
Ligue 1 2025/26,pre_last_hour,120,26.6322275512923
Ligue 1 2025/26,pre_last_hour,121,26.78680389022116
Ligue 1 2025/26,pre_last_hour,122,26.94111377564615
Ligue 1 2025/26,pre_last_hour,123,27.093924860111912
Ligue 1 2025/26,pre_last_hour,124,27.246902478017585
Ligue 1 2025/26,pre_last_hour,125,27.39841460165201
Ligue 1 2025/26,pre_last_hour,126,27.54992672528644
Ligue 1 2025/26,pre_last_hour,127,27.700173194777516
Ligue 1 2025/26,pre_last_hour,128,27.85051958433253
Ligue 1 2025/26,pre_last_hour,129,27.999400479616305
Ligue 1 2025/26,pre_last_hour,130,28.14841460165201
Ligue 1 2025/26,pre_last_hour,131,28.29622968292033
Ligue 1 2025/26,pre_last_hour,132,28.444111377564614
Ligue 1 2025/26,pre_last_hour,133,28.59086064481748
Ligue 1 2025/26,pre_last_hour,134,28.737210231814547
Ligue 1 2025/26,pre_last_hour,135,28.88289368505196
Ligue 1 2025/26,pre_last_hour,136,29.0287103650413
Ligue 1 2025/26,pre_last_hour,137,29.17339461763922
Ligue 1 2025/26,pre_last_hour,138,29.31771249666933
Ligue 1 2025/26,pre_last_hour,139,29.46089794830802
Ligue 1 2025/26,pre_last_hour,140,29.60375033306688
Ligue 1 2025/26,pre_last_hour,141,29.745903277378098
Ligue 1 2025/26,pre_last_hour,142,29.8878896882494
Ligue 1 2025/26,pre_last_hour,143,30.02841060484945
Ligue 1 2025/26,pre_last_hour,144,30.168565147881694
Ligue 1 2025/26,pre_last_hour,145,30.30795363709033
Ligue 1 2025/26,pre_last_hour,146,30.44724220623501
Ligue 1 2025/26,pre_last_hour,147,30.585065281108445
Ligue 1 2025/26,pre_last_hour,148,30.72255528910205
Ligue 1 2025/26,pre_last_hour,149,30.859012789768187
Ligue 1 2025/26,pre_last_hour,150,30.99533706368239
Ligue 1 2025/26,pre_last_hour,151,31.13039568345324
Ligue 1 2025/26,pre_last_hour,152,31.26548760991207
Ligue 1 2025/26,pre_last_hour,153,31.39974686917133
Ligue 1 2025/26,pre_last_hour,154,31.53403943511857
Ligue 1 2025/26,pre_last_hour,155,31.66739941380229
Ligue 1 2025/26,pre_last_hour,156,31.800692779110044
Ligue 1 2025/26,pre_last_hour,157,31.93312017053024
Ligue 1 2025/26,pre_last_hour,158,32.065480948574475
Ligue 1 2025/26,pre_last_hour,159,32.19670929922729
Ligue 1 2025/26,pre_last_hour,160,32.327837729816146
Ligue 1 2025/26,pre_last_hour,161,32.45750066613376
Ligue 1 2025/26,pre_last_hour,162,32.587063682387424
Ligue 1 2025/26,pre_last_hour,163,32.71552757793765
Ligue 1 2025/26,pre_last_hour,164,32.8435584865441
Ligue 1 2025/26,pre_last_hour,165,32.97052358113509
Ligue 1 2025/26,pre_last_hour,166,33.0974553690381
Ligue 1 2025/26,pre_last_hour,167,33.22358779642952
Ligue 1 2025/26,pre_last_hour,168,33.34998667732481
Ligue 1 2025/26,pre_last_hour,169,33.475652811084466
Ligue 1 2025/26,pre_last_hour,170,33.60105249134026
Ligue 1 2025/26,pre_last_hour,171,33.72571942446043
Ligue 1 2025/26,pre_last_hour,172,33.85031974420463
Ligue 1 2025/26,pre_last_hour,173,33.97385424993339
Ligue 1 2025/26,pre_last_hour,174,34.09742206235012
Ligue 1 2025/26,pre_last_hour,175,34.220123900879294
Ligue 1 2025/26,pre_last_hour,176,34.34272581934452
Ligue 1 2025/26,pre_last_hour,177,34.46416200373035
Ligue 1 2025/26,pre_last_hour,178,34.58559818811617
Ligue 1 2025/26,pre_last_hour,179,34.705901945110575
Ligue 1 2025/26,pre_last_hour,180,34.825905941913135
Ligue 1 2025/26,pre_last_hour,181,34.94517719158007
Ligue 1 2025/26,pre_last_hour,182,35.06434852118306
Ligue 1 2025/26,pre_last_hour,183,35.18248734345857
Ligue 1 2025/26,pre_last_hour,184,35.3005928590461
Ligue 1 2025/26,pre_last_hour,185,35.4177657873701
Ligue 1 2025/26,pre_last_hour,186,35.53470556887823
Ligue 1 2025/26,pre_last_hour,187,35.65114575006661
Ligue 1 2025/26,pre_last_hour,188,35.767719158006926
Ligue 1 2025/26,pre_last_hour,189,35.88345989874767
Ligue 1 2025/26,pre_last_hour,190,35.99913402611244
Ligue 1 2025/26,pre_last_hour,191,36.11410871302957
Ligue 1 2025/26,pre_last_hour,192,36.228950173194775
Ligue 1 2025/26,pre_last_hour,193,36.34282573940848
Ligue 1 2025/26,pre_last_hour,194,36.45630162536637
Ligue 1 2025/26,pre_last_hour,195,36.56904476418865
Ligue 1 2025/26,pre_last_hour,196,36.68205435651479
Ligue 1 2025/26,pre_last_hour,197,36.79429789501732
Ligue 1 2025/26,pre_last_hour,198,36.90667466027178
Ligue 1 2025/26,pre_last_hour,199,37.017952304822806
Ligue 1 2025/26,pre_last_hour,200,37.12913002930989
Ligue 1 2025/26,pre_last_hour,201,37.23927524646949
Ligue 1 2025/26,pre_last_hour,202,37.34938715694111
Ligue 1 2025/26,pre_last_hour,203,37.45876632027712
Ligue 1 2025/26,pre_last_hour,204,37.56817879030109
Ligue 1 2025/26,pre_last_hour,205,37.67689181987743
Ligue 1 2025/26,pre_last_hour,206,37.78537170263789
Ligue 1 2025/26,pre_last_hour,207,37.893185451638686
Ligue 1 2025/26,pre_last_hour,208,38.0009658939515
Ligue 1 2025/26,pre_last_hour,209,38.10764721556088
Ligue 1 2025/26,pre_last_hour,210,38.2144617639222
Ligue 1 2025/26,pre_last_hour,211,38.3205102584599
Ligue 1 2025/26,pre_last_hour,212,38.426458832933655
Ligue 1 2025/26,pre_last_hour,213,38.531707966959765
Ligue 1 2025/26,pre_last_hour,214,38.636790567545965
Ligue 1 2025/26,pre_last_hour,215,38.74117372768452
Ligue 1 2025/26,pre_last_hour,216,38.84569011457501
Ligue 1 2025/26,pre_last_hour,217,38.94930722088996
Ligue 1 2025/26,pre_last_hour,218,39.05282440714095
Ligue 1 2025/26,pre_last_hour,219,39.156008526512124
Ligue 1 2025/26,pre_last_hour,220,39.259126032507325
Ligue 1 2025/26,pre_last_hour,221,39.36197708499867
Ligue 1 2025/26,pre_last_hour,222,39.46469491073808
Ligue 1 2025/26,pre_last_hour,223,39.56691313615774
Ligue 1 2025/26,pre_last_hour,224,39.66886490807354
Ligue 1 2025/26,pre_last_hour,225,39.77051691979749
Ligue 1 2025/26,pre_last_hour,226,39.8718691713296
Ligue 1 2025/26,pre_last_hour,227,39.972288835598185
Ligue 1 2025/26,pre_last_hour,228,40.07247535305089
Ligue 1 2025/26,pre_last_hour,229,40.17179589661604
Ligue 1 2025/26,pre_last_hour,230,40.27101652011724
Ligue 1 2025/26,pre_last_hour,231,40.36960431654676
Ligue 1 2025/26,pre_last_hour,232,40.46785904609646
Ligue 1 2025/26,pre_last_hour,233,40.56538102851052
Ligue 1 2025/26,pre_last_hour,234,40.66296962430056
Ligue 1 2025/26,pre_last_hour,235,40.759758859579
Ligue 1 2025/26,pre_last_hour,236,40.8564481747935
Ligue 1 2025/26,pre_last_hour,237,40.95250466293632
Ligue 1 2025/26,pre_last_hour,238,41.048394617639225
Ligue 1 2025/26,pre_last_hour,239,41.14351851851852
Ligue 1 2025/26,pre_last_hour,240,41.23860911270983
Ligue 1 2025/26,pre_last_hour,241,41.333266719957365
Ligue 1 2025/26,pre_last_hour,242,41.42779110045297
Ligue 1 2025/26,pre_last_hour,243,41.5218824940048
Ligue 1 2025/26,pre_last_hour,244,41.61594058086864
Ligue 1 2025/26,pre_last_hour,245,41.7093658406608
Ligue 1 2025/26,pre_last_hour,246,41.802857713828935
Ligue 1 2025/26,pre_last_hour,247,41.896049826805225
Ligue 1 2025/26,pre_last_hour,248,41.98917532640554
Ligue 1 2025/26,pre_last_hour,249,42.08193445243805
Ligue 1 2025/26,pre_last_hour,250,42.17459365840661
Ligue 1 2025/26,pre_last_hour,251,42.26668665067945
Ligue 1 2025/26,pre_last_hour,252,42.358746336264325
Ligue 1 2025/26,pre_last_hour,253,42.45040634159339
Ligue 1 2025/26,pre_last_hour,254,42.54196642685852
Ligue 1 2025/26,pre_last_hour,255,42.63299360511591
Ligue 1 2025/26,pre_last_hour,256,42.72395416999733
Ligue 1 2025/26,pre_last_hour,257,42.81411537436717
Ligue 1 2025/26,pre_last_hour,258,42.904110045297095
Ligue 1 2025/26,pre_last_hour,259,42.99337196909139
Ligue 1 2025/26,pre_last_hour,260,43.08243405275779
Ligue 1 2025/26,pre_last_hour,261,43.17092992272848
Ligue 1 2025/26,pre_last_hour,262,43.2593924860112
Ligue 1 2025/26,pre_last_hour,263,43.347322142286174
Ligue 1 2025/26,pre_last_hour,264,43.435218491873165
Ligue 1 2025/26,pre_last_hour,265,43.52268185451639
Ligue 1 2025/26,pre_last_hour,266,43.609912070343725
Ligue 1 2025/26,pre_last_hour,267,43.69660937916333
Ligue 1 2025/26,pre_last_hour,268,43.78314015454304
Ligue 1 2025/26,pre_last_hour,269,43.86910471622702
Ligue 1 2025/26,pre_last_hour,270,43.95506927791101
Ligue 1 2025/26,pre_last_hour,271,44.04070077271516
Ligue 1 2025/26,pre_last_hour,272,44.12613242739142
Ligue 1 2025/26,pre_last_hour,273,44.21096456168399
Ligue 1 2025/26,pre_last_hour,274,44.2956967759126
Ligue 1 2025/26,pre_last_hour,275,44.37996269650946
Ligue 1 2025/26,pre_last_hour,276,44.4640620836664
Ligue 1 2025/26,pre_last_hour,277,44.54769517719158
Ligue 1 2025/26,pre_last_hour,278,44.63116173727685
Ligue 1 2025/26,pre_last_hour,279,44.7144617639222
Ligue 1 2025/26,pre_last_hour,280,44.79759525712763
Ligue 1 2025/26,pre_last_hour,281,44.88016253663736
Ligue 1 2025/26,pre_last_hour,282,44.96266320277112
Ligue 1 2025/26,pre_last_hour,283,45.04499733546496
Ligue 1 2025/26,pre_last_hour,284,45.12736477484679
Ligue 1 2025/26,pre_last_hour,285,45.209265920596856
Ligue 1 2025/26,pre_last_hour,286,45.2912003730349
Ligue 1 2025/26,pre_last_hour,287,45.37290167865707
Ligue 1 2025/26,pre_last_hour,288,45.45443645083933
Ligue 1 2025/26,pre_last_hour,289,45.53560484945377
Ligue 1 2025/26,pre_last_hour,290,45.61677324806821
Ligue 1 2025/26,pre_last_hour,291,45.69754196642686
Ligue 1 2025/26,pre_last_hour,292,45.77824407140954
Ligue 1 2025/26,pre_last_hour,293,45.858513189448445
Ligue 1 2025/26,pre_last_hour,294,45.93868238742339
Ligue 1 2025/26,pre_last_hour,295,46.0183519850786
Ligue 1 2025/26,pre_last_hour,296,46.09802158273381
Ligue 1 2025/26,pre_last_hour,297,46.177158273381295
Ligue 1 2025/26,pre_last_hour,298,46.256028510524914
Ligue 1 2025/26,pre_last_hour,299,46.33433253397282
Ligue 1 2025/26,pre_last_hour,300,46.41263655742073
Ligue 1 2025/26,post_0_to_55m,1,0.3225056318581498
Ligue 1 2025/26,post_0_to_55m,2,1.1314948041566746
Ligue 1 2025/26,post_0_to_55m,3,2.032882784681346
Ligue 1 2025/26,post_0_to_55m,4,3.1017004578155656
Ligue 1 2025/26,post_0_to_55m,5,4.137853353680692
Ligue 1 2025/26,post_0_to_55m,6,5.2490734684979286
Ligue 1 2025/26,post_0_to_55m,7,6.327301794927695
Ligue 1 2025/26,post_0_to_55m,8,7.4459341617615
Ligue 1 2025/26,post_0_to_55m,9,8.51776760409854
Ligue 1 2025/26,post_0_to_55m,10,9.609003706126009
Ligue 1 2025/26,post_0_to_55m,11,10.649444081098755
Ligue 1 2025/26,post_0_to_55m,12,11.701438848920864
Ligue 1 2025/26,post_0_to_55m,13,12.699840127897682
Ligue 1 2025/26,post_0_to_55m,14,13.7091417774871
Ligue 1 2025/26,post_0_to_55m,15,14.66822905312114
Ligue 1 2025/26,post_0_to_55m,16,15.637708015405858
Ligue 1 2025/26,post_0_to_55m,17,16.561514424823777
Ligue 1 2025/26,post_0_to_55m,18,17.48913596395611
Ligue 1 2025/26,post_0_to_55m,19,18.381331298597484
Ligue 1 2025/26,post_0_to_55m,20,19.27003851464283
Ligue 1 2025/26,post_0_to_55m,21,20.12291984594143
Ligue 1 2025/26,post_0_to_55m,22,20.97293074631204
Ligue 1 2025/26,post_0_to_55m,23,21.792892958360586
Ligue 1 2025/26,post_0_to_55m,24,22.610638761717897
Ligue 1 2025/26,post_0_to_55m,25,23.39713683598576
Ligue 1 2025/26,post_0_to_55m,26,24.182726546035894
Ligue 1 2025/26,post_0_to_55m,27,24.937867887508176
Ligue 1 2025/26,post_0_to_55m,28,25.69144684252598
Ligue 1 2025/26,post_0_to_55m,29,26.414214083278832
Ligue 1 2025/26,post_0_to_55m,30,27.133602209141777
Ligue 1 2025/26,post_0_to_55m,31,27.821597267640435
Ligue 1 2025/26,post_0_to_55m,32,28.505086839619214
Ligue 1 2025/26,post_0_to_55m,33,29.16299687522709
Ligue 1 2025/26,post_0_to_55m,34,29.81647409345251
Ligue 1 2025/26,post_0_to_55m,35,30.45000363345687
Ligue 1 2025/26,post_0_to_55m,36,31.080481069689704
Ligue 1 2025/26,post_0_to_55m,37,31.69144684252598
Ligue 1 2025/26,post_0_to_55m,38,32.29877915849139
Ligue 1 2025/26,post_0_to_55m,39,32.884674078918685
Ligue 1 2025/26,post_0_to_55m,40,33.46817091781121
Ligue 1 2025/26,post_0_to_55m,41,34.03139306736429
Ligue 1 2025/26,post_0_to_55m,42,34.5934525107187
Ligue 1 2025/26,post_0_to_55m,43,35.13803502652424
Ligue 1 2025/26,post_0_to_55m,44,35.678838747184074
Ligue 1 2025/26,post_0_to_55m,45,36.20340091563113
Ligue 1 2025/26,post_0_to_55m,46,36.72607368650535
Ligue 1 2025/26,post_0_to_55m,47,37.234430637308336
Ligue 1 2025/26,post_0_to_55m,48,37.7409708596759
Ligue 1 2025/26,post_0_to_55m,49,38.23446697187704
Ligue 1 2025/26,post_0_to_55m,50,38.725492333406
Ligue 1 2025/26,post_0_to_55m,51,39.20223820943245
Ligue 1 2025/26,post_0_to_55m,52,39.67662233849284
Ligue 1 2025/26,post_0_to_55m,53,40.13858004505487
Ligue 1 2025/26,post_0_to_55m,54,40.59824867378824
Ligue 1 2025/26,post_0_to_55m,55,41.04469151951167
Ligue 1 2025/26,post_0_to_55m,56,41.489208633093526
Ligue 1 2025/26,post_0_to_55m,57,41.92242569580699
Ligue 1 2025/26,post_0_to_55m,58,42.35422571034082
Ligue 1 2025/26,post_0_to_55m,59,42.77396264806337
Ligue 1 2025/26,post_0_to_55m,60,43.19097449313277
Ligue 1 2025/26,post_0_to_55m,61,43.59813967008212
Ligue 1 2025/26,post_0_to_55m,62,44.0025070852409
Ligue 1 2025/26,post_0_to_55m,63,44.39699149771092
Ligue 1 2025/26,post_0_to_55m,64,44.788823486665216
Ligue 1 2025/26,post_0_to_55m,65,45.171353826030085
Ligue 1 2025/26,post_0_to_55m,66,45.5519584332534
Ligue 1 2025/26,post_0_to_55m,67,45.92344306373084
Ligue 1 2025/26,post_0_to_55m,68,46.29340164232251
Ligue 1 2025/26,post_0_to_55m,69,46.65540295036698
Ligue 1 2025/26,post_0_to_55m,70,47.01544219170118
Ligue 1 2025/26,post_0_to_55m,71,47.36705181309498
Ligue 1 2025/26,post_0_to_55m,72,47.71746239372138
Ligue 1 2025/26,post_0_to_55m,73,48.05849865562096
Ligue 1 2025/26,post_0_to_55m,74,48.397463847104135
Ligue 1 2025/26,post_0_to_55m,75,48.730070489063294
Ligue 1 2025/26,post_0_to_55m,76,49.06107840999928
Ligue 1 2025/26,post_0_to_55m,77,49.38500109003706
Ligue 1 2025/26,post_0_to_55m,78,49.7074703873265
Ligue 1 2025/26,post_0_to_55m,79,50.023072451130005
Ligue 1 2025/26,post_0_to_55m,80,50.33707579391032
Ligue 1 2025/26,post_0_to_55m,81,50.64283118959378
Ligue 1 2025/26,post_0_to_55m,82,50.94746021364726
Ligue 1 2025/26,post_0_to_55m,83,51.245912361020274
Ligue 1 2025/26,post_0_to_55m,84,51.5440011627062
Ligue 1 2025/26,post_0_to_55m,85,51.83609476055519
Ligue 1 2025/26,post_0_to_55m,86,52.126843979361965
Ligue 1 2025/26,post_0_to_55m,87,52.41148899062568
Ligue 1 2025/26,post_0_to_55m,88,52.69486229198459
Ligue 1 2025/26,post_0_to_55m,89,52.97271273889979
Ligue 1 2025/26,post_0_to_55m,90,53.249945498146936
Ligue 1 2025/26,post_0_to_55m,91,53.521110384419735
Ligue 1 2025/26,post_0_to_55m,92,53.790640215100645
Ligue 1 2025/26,post_0_to_55m,93,54.05493786788751
Ligue 1 2025/26,post_0_to_55m,94,54.31829082188794
Ligue 1 2025/26,post_0_to_55m,95,54.576702274544
Ligue 1 2025/26,post_0_to_55m,96,54.83438703582589
Ligue 1 2025/26,post_0_to_55m,97,55.087566310587896
Ligue 1 2025/26,post_0_to_55m,98,55.34009156311315
Ligue 1 2025/26,post_0_to_55m,99,55.58803865998111
Ligue 1 2025/26,post_0_to_55m,100,55.835368069181015
Ligue 1 2025/26,post_0_to_55m,101,56.0783736647046
Ligue 1 2025/26,post_0_to_55m,102,56.32047089601046
Ligue 1 2025/26,post_0_to_55m,103,56.55777196424678
Ligue 1 2025/26,post_0_to_55m,104,56.79361964973476
Ligue 1 2025/26,post_0_to_55m,105,57.02510718697769
Ligue 1 2025/26,post_0_to_55m,106,57.25590436741516
Ligue 1 2025/26,post_0_to_55m,107,57.48230506503888
Ligue 1 2025/26,post_0_to_55m,108,57.70801540585713
Ligue 1 2025/26,post_0_to_55m,109,57.92969260954872
Ligue 1 2025/26,post_0_to_55m,110,58.15035244531647
Ligue 1 2025/26,post_0_to_55m,111,58.36668846740789
Ligue 1 2025/26,post_0_to_55m,112,58.5821524598503
Ligue 1 2025/26,post_0_to_55m,113,58.793692318872175
Ligue 1 2025/26,post_0_to_55m,114,59.00446915195116
Ligue 1 2025/26,post_0_to_55m,115,59.21201220841509
Ligue 1 2025/26,post_0_to_55m,116,59.41890124264225
Ligue 1 2025/26,post_0_to_55m,117,59.62233849284209
Ligue 1 2025/26,post_0_to_55m,118,59.82526705908001
Ligue 1 2025/26,post_0_to_55m,119,60.02536152895865
Ligue 1 2025/26,post_0_to_55m,120,60.22527432599375
Ligue 1 2025/26,post_0_to_55m,121,60.42249836494441
Ligue 1 2025/26,post_0_to_55m,122,60.6190320470896
Ligue 1 2025/26,post_0_to_55m,123,60.812368287188434
Ligue 1 2025/26,post_0_to_55m,124,61.00490516677567
Ligue 1 2025/26,post_0_to_55m,125,61.19438994259138
Ligue 1 2025/26,post_0_to_55m,126,61.38318436160163
Ligue 1 2025/26,post_0_to_55m,127,61.56859966572197
Ligue 1 2025/26,post_0_to_55m,128,61.75383329699877
Ligue 1 2025/26,post_0_to_55m,129,61.93579681709178
Ligue 1 2025/26,post_0_to_55m,130,62.117360656929
Ligue 1 2025/26,post_0_to_55m,131,62.29656274980016
Ligue 1 2025/26,post_0_to_55m,132,62.4752924932781
Ligue 1 2025/26,post_0_to_55m,133,62.650279776179055
Ligue 1 2025/26,post_0_to_55m,134,62.82461303684325
Ligue 1 2025/26,post_0_to_55m,135,62.99716590364072
Ligue 1 2025/26,post_0_to_55m,136,63.16913741733886
Ligue 1 2025/26,post_0_to_55m,137,63.33925586803284
Ligue 1 2025/26,post_0_to_55m,138,63.50893830390233
Ligue 1 2025/26,post_0_to_55m,139,63.67636799651188
Ligue 1 2025/26,post_0_to_55m,140,63.843070997747255
Ligue 1 2025/26,post_0_to_55m,141,64.00802993968462
Ligue 1 2025/26,post_0_to_55m,142,64.17240752852264
Ligue 1 2025/26,post_0_to_55m,143,64.3348593852191
Ligue 1 2025/26,post_0_to_55m,144,64.49691156165976
Ligue 1 2025/26,post_0_to_55m,145,64.6563476491534
Ligue 1 2025/26,post_0_to_55m,146,64.81567473294092
Ligue 1 2025/26,post_0_to_55m,147,64.97267640433108
Ligue 1 2025/26,post_0_to_55m,148,65.12946006830899
Ligue 1 2025/26,post_0_to_55m,149,65.28391831988954
Ligue 1 2025/26,post_0_to_55m,150,65.43815856405784
Ligue 1 2025/26,post_0_to_55m,151,65.59000072669137
Ligue 1 2025/26,post_0_to_55m,152,65.74151587820653
Ligue 1 2025/26,post_0_to_55m,153,65.89056027904948
Ligue 1 2025/26,post_0_to_55m,154,66.03916866506795
Ligue 1 2025/26,post_0_to_55m,155,66.18534263498292
Ligue 1 2025/26,post_0_to_55m,156,66.3310805900734
Ligue 1 2025/26,post_0_to_55m,157,66.47492914759101
Ligue 1 2025/26,post_0_to_55m,158,66.6185960322651
Ligue 1 2025/26,post_0_to_55m,159,66.76048252307245
Ligue 1 2025/26,post_0_to_55m,160,66.90167865707434
Ligue 1 2025/26,post_0_to_55m,161,67.04076738609113
Ligue 1 2025/26,post_0_to_55m,162,67.17967444226437
Ligue 1 2025/26,post_0_to_55m,163,67.31669210086476
Ligue 1 2025/26,post_0_to_55m,164,67.45327374464065
Ligue 1 2025/26,post_0_to_55m,165,67.58822033282465
Ligue 1 2025/26,post_0_to_55m,166,67.72269457161543
Ligue 1 2025/26,post_0_to_55m,167,67.85535208197079
Ligue 1 2025/26,post_0_to_55m,168,67.9873919046581
Ligue 1 2025/26,post_0_to_55m,169,68.11794201002834
Ligue 1 2025/26,post_0_to_55m,170,68.24805610057409
Ligue 1 2025/26,post_0_to_55m,171,68.37635346268439
Ligue 1 2025/26,post_0_to_55m,172,68.50425114453891
Ligue 1 2025/26,post_0_to_55m,173,68.63007775597704
Ligue 1 2025/26,post_0_to_55m,174,68.75586803284645
Ligue 1 2025/26,post_0_to_55m,175,68.87980524671173
Ligue 1 2025/26,post_0_to_55m,176,69.00330644575249
Ligue 1 2025/26,post_0_to_55m,177,69.1253179274762
Ligue 1 2025/26,post_0_to_55m,178,69.24707506721896
Ligue 1 2025/26,post_0_to_55m,179,69.36741515878207
Ligue 1 2025/26,post_0_to_55m,180,69.4874645737955
Ligue 1 2025/26,post_0_to_55m,181,69.60660562459124
Ligue 1 2025/26,post_0_to_55m,182,69.72560133711212
Ligue 1 2025/26,post_0_to_55m,183,69.84314366688467
Ligue 1 2025/26,post_0_to_55m,184,69.96039532010755
Ligue 1 2025/26,post_0_to_55m,185,70.07619359058208
Ligue 1 2025/26,post_0_to_55m,186,70.1915195116634
Ligue 1 2025/26,post_0_to_55m,187,70.30531938085895
Ligue 1 2025/26,post_0_to_55m,188,70.41908291548579
Ligue 1 2025/26,post_0_to_55m,189,70.53164740934525
Ligue 1 2025/26,post_0_to_55m,190,70.64384855751763
Ligue 1 2025/26,post_0_to_55m,191,70.7543783155294
Ligue 1 2025/26,post_0_to_55m,192,70.86483540440375
Ligue 1 2025/26,post_0_to_55m,193,70.9744204636291
Ligue 1 2025/26,post_0_to_55m,194,71.0838601845796
Ligue 1 2025/26,post_0_to_55m,195,71.19210086476274
Ligue 1 2025/26,post_0_to_55m,196,71.3000508683962
Ligue 1 2025/26,post_0_to_55m,197,71.40636581643776
Ligue 1 2025/26,post_0_to_55m,198,71.51231741879224
Ligue 1 2025/26,post_0_to_55m,199,71.61688830753579
Ligue 1 2025/26,post_0_to_55m,200,71.72116851972967
Ligue 1 2025/26,post_0_to_55m,201,71.82421335658746
Ligue 1 2025/26,post_0_to_55m,202,71.92700385146428
Ligue 1 2025/26,post_0_to_55m,203,72.02866797471114
Ligue 1 2025/26,post_0_to_55m,204,72.13007775597704
Ligue 1 2025/26,post_0_to_55m,205,72.23014315820072
Ligue 1 2025/26,post_0_to_55m,206,72.33002688758084
Ligue 1 2025/26,post_0_to_55m,207,72.42871157619359
Ligue 1 2025/26,post_0_to_55m,208,72.52735993023762
Ligue 1 2025/26,post_0_to_55m,209,72.62499091635782
Ligue 1 2025/26,post_0_to_55m,210,72.72244022963447
Ligue 1 2025/26,post_0_to_55m,211,72.81865416757503
Ligue 1 2025/26,post_0_to_55m,212,72.91457742896591
Ligue 1 2025/26,post_0_to_55m,213,73.00937431872684
Ligue 1 2025/26,post_0_to_55m,214,73.10369885909454
Ligue 1 2025/26,post_0_to_55m,215,73.19660635128261
Ligue 1 2025/26,post_0_to_55m,216,73.28944117433326
Ligue 1 2025/26,post_0_to_55m,217,73.3814039677349
Ligue 1 2025/26,post_0_to_55m,218,73.47307608458688
Ligue 1 2025/26,post_0_to_55m,219,73.56405784463338
Ligue 1 2025/26,post_0_to_55m,220,73.65456725528668
Ligue 1 2025/26,post_0_to_55m,221,73.74438630913451
Ligue 1 2025/26,post_0_to_55m,222,73.83391468643268
Ligue 1 2025/26,post_0_to_55m,223,73.92217135382603
Ligue 1 2025/26,post_0_to_55m,224,74.0105006903568
Ligue 1 2025/26,post_0_to_55m,225,74.09788532810116
Ligue 1 2025/26,post_0_to_55m,226,74.18530630041421
Ligue 1 2025/26,post_0_to_55m,227,74.27185524307826
Ligue 1 2025/26,post_0_to_55m,228,74.35844052031102
Ligue 1 2025/26,post_0_to_55m,229,74.44429910616961
Ligue 1 2025/26,post_0_to_55m,230,74.52990335004723
Ligue 1 2025/26,post_0_to_55m,231,74.61452656056973
Ligue 1 2025/26,post_0_to_55m,232,74.6990407673861
Ligue 1 2025/26,post_0_to_55m,233,74.78297362110311
Ligue 1 2025/26,post_0_to_55m,234,74.86661579827047
Ligue 1 2025/26,post_0_to_55m,235,74.9497129569072
Ligue 1 2025/26,post_0_to_55m,236,75.03248310442555
Ligue 1 2025/26,post_0_to_55m,237,75.11419954945134
Ligue 1 2025/26,post_0_to_55m,238,75.19555264879006
Ligue 1 2025/26,post_0_to_55m,239,75.27607005304847
Ligue 1 2025/26,post_0_to_55m,240,75.35629678075722
Ligue 1 2025/26,post_0_to_55m,241,75.43605115907275
Ligue 1 2025/26,post_0_to_55m,242,75.51558752997602
Ligue 1 2025/26,post_0_to_55m,243,75.59450621321125
Ligue 1 2025/26,post_0_to_55m,244,75.67320688903423
Ligue 1 2025/26,post_0_to_55m,245,75.75110820434561
Ligue 1 2025/26,post_0_to_55m,246,75.82897318508829
Ligue 1 2025/26,post_0_to_55m,247,75.90592980161325
Ligue 1 2025/26,post_0_to_55m,248,75.9828500835695
Ligue 1 2025/26,post_0_to_55m,249,76.05915267785771
Ligue 1 2025/26,post_0_to_55m,250,76.13523726473366
Ligue 1 2025/26,post_0_to_55m,251,76.21074049851028
Ligue 1 2025/26,post_0_to_55m,252,76.28602572487465
Ligue 1 2025/26,post_0_to_55m,253,76.36102027468934
Ligue 1 2025/26,post_0_to_55m,254,76.4358694862292
Ligue 1 2025/26,post_0_to_55m,255,76.51010101010101
Ligue 1 2025/26,post_0_to_55m,256,76.58400552285444
Ligue 1 2025/26,post_0_to_55m,257,76.65747402078337
Ligue 1 2025/26,post_0_to_55m,258,76.73090618414359
Ligue 1 2025/26,post_0_to_55m,259,76.80372065983576
Ligue 1 2025/26,post_0_to_55m,260,76.87635346268439
Ligue 1 2025/26,post_0_to_55m,261,76.94847758157111
Ligue 1 2025/26,post_0_to_55m,262,77.02049269675169
Ligue 1 2025/26,post_0_to_55m,263,77.09203546253906
Ligue 1 2025/26,post_0_to_55m,264,77.1634328900516
Ligue 1 2025/26,post_0_to_55m,265,77.23410362618996
Ligue 1 2025/26,post_0_to_55m,266,77.30459268948478
Ligue 1 2025/26,post_0_to_55m,267,77.37442773054283
Ligue 1 2025/26,post_0_to_55m,268,77.44404476418865
Ligue 1 2025/26,post_0_to_55m,269,77.51326211757866
Ligue 1 2025/26,post_0_to_55m,270,77.58251580553738
Ligue 1 2025/26,post_0_to_55m,271,77.65115180582806
Ligue 1 2025/26,post_0_to_55m,272,77.71960613327519
Ligue 1 2025/26,post_0_to_55m,273,77.78747910762299
Ligue 1 2025/26,post_0_to_55m,274,77.85524307826466
Ligue 1 2025/26,post_0_to_55m,275,77.9224983649444
Ligue 1 2025/26,post_0_to_55m,276,77.98986265533028
Ligue 1 2025/26,post_0_to_55m,277,78.05650025434198
Ligue 1 2025/26,post_0_to_55m,278,78.12302884964755
Ligue 1 2025/26,post_0_to_55m,279,78.18890342271638
Ligue 1 2025/26,post_0_to_55m,280,78.25488699949132
Ligue 1 2025/26,post_0_to_55m,281,78.32032555773563
Ligue 1 2025/26,post_0_to_55m,282,78.38565511227382
Ligue 1 2025/26,post_0_to_55m,283,78.45029431000654
Ligue 1 2025/26,post_0_to_55m,284,78.51500617687668
Ligue 1 2025/26,post_0_to_55m,285,78.57935469805973
Ligue 1 2025/26,post_0_to_55m,286,78.64363055010537
Ligue 1 2025/26,post_0_to_55m,287,78.70743405275779
Ligue 1 2025/26,post_0_to_55m,288,78.77105588256667
Ligue 1 2025/26,post_0_to_55m,289,78.83413269384492
Ligue 1 2025/26,post_0_to_55m,290,78.89724583969188
Ligue 1 2025/26,post_0_to_55m,291,78.95959595959596
Ligue 1 2025/26,post_0_to_55m,292,79.02187341036262
Ligue 1 2025/26,post_0_to_55m,293,79.08371484630477
Ligue 1 2025/26,post_0_to_55m,294,79.14548361310952
Ligue 1 2025/26,post_0_to_55m,295,79.20707070707071
Ligue 1 2025/26,post_0_to_55m,296,79.2686578010319
Ligue 1 2025/26,post_0_to_55m,297,79.32977254559988
Ligue 1 2025/26,post_0_to_55m,298,79.39070561732433
Ligue 1 2025/26,post_0_to_55m,299,79.45105733594943
Ligue 1 2025/26,post_0_to_55m,300,79.51119104716227
Ligue 1 2025/26,post_55_to_105m,1,0.5396083133493206
Ligue 1 2025/26,post_55_to_105m,2,1.802757793764988
Ligue 1 2025/26,post_55_to_105m,3,3.1414068745004
Ligue 1 2025/26,post_55_to_105m,4,4.683613109512391
Ligue 1 2025/26,post_55_to_105m,5,6.128896882494005
Ligue 1 2025/26,post_55_to_105m,6,7.640647482014389
Ligue 1 2025/26,post_55_to_105m,7,9.059312549960032
Ligue 1 2025/26,post_55_to_105m,8,10.511750599520385
Ligue 1 2025/26,post_55_to_105m,9,11.870983213429255
Ligue 1 2025/26,post_55_to_105m,10,13.23709032773781
Ligue 1 2025/26,post_55_to_105m,11,14.513309352517986
Ligue 1 2025/26,post_55_to_105m,12,15.791247002398082
Ligue 1 2025/26,post_55_to_105m,13,16.98709032773781
Ligue 1 2025/26,post_55_to_105m,14,18.18621103117506
Ligue 1 2025/26,post_55_to_105m,15,19.312669864108717
Ligue 1 2025/26,post_55_to_105m,16,20.435851318944845
Ligue 1 2025/26,post_55_to_105m,17,21.49004796163069
Ligue 1 2025/26,post_55_to_105m,18,22.53812949640288
Ligue 1 2025/26,post_55_to_105m,19,23.530655475619504
Ligue 1 2025/26,post_55_to_105m,20,24.51694644284572
Ligue 1 2025/26,post_55_to_105m,21,25.455035971223023
Ligue 1 2025/26,post_55_to_105m,22,26.38521183053557
Ligue 1 2025/26,post_55_to_105m,23,27.27318145483613
Ligue 1 2025/26,post_55_to_105m,24,28.15359712230216
Ligue 1 2025/26,post_55_to_105m,25,28.992725819344525
Ligue 1 2025/26,post_55_to_105m,26,29.82669864108713
Ligue 1 2025/26,post_55_to_105m,27,30.621063149480417
Ligue 1 2025/26,post_55_to_105m,28,31.411590727418066
Ligue 1 2025/26,post_55_to_105m,29,32.1652278177458
Ligue 1 2025/26,post_55_to_105m,30,32.91410871302958
Ligue 1 2025/26,post_55_to_105m,31,33.62677857713829
Ligue 1 2025/26,post_55_to_105m,32,34.333413269384494
Ligue 1 2025/26,post_55_to_105m,33,35.010791366906474
Ligue 1 2025/26,post_55_to_105m,34,35.682214228617106
Ligue 1 2025/26,post_55_to_105m,35,36.32681854516387
Ligue 1 2025/26,post_55_to_105m,36,36.96470823341327
Ligue 1 2025/26,post_55_to_105m,37,37.57797761790568
Ligue 1 2025/26,post_55_to_105m,38,38.1863309352518
Ligue 1 2025/26,post_55_to_105m,39,38.773061550759394
Ligue 1 2025/26,post_55_to_105m,40,39.356554756195045
Ligue 1 2025/26,post_55_to_105m,41,39.91830535571543
Ligue 1 2025/26,post_55_to_105m,42,40.47797761790567
Ligue 1 2025/26,post_55_to_105m,43,41.01694644284572
Ligue 1 2025/26,post_55_to_105m,44,41.55467625899281
Ligue 1 2025/26,post_55_to_105m,45,42.07238209432454
Ligue 1 2025/26,post_55_to_105m,46,42.5878896882494
Ligue 1 2025/26,post_55_to_105m,47,43.08709032773781
Ligue 1 2025/26,post_55_to_105m,48,43.58325339728217
Ligue 1 2025/26,post_55_to_105m,49,44.06370903277378
Ligue 1 2025/26,post_55_to_105m,50,44.54192645883293
Ligue 1 2025/26,post_55_to_105m,51,45.005915267785774
Ligue 1 2025/26,post_55_to_105m,52,45.46634692246203
Ligue 1 2025/26,post_55_to_105m,53,45.91187050359712
Ligue 1 2025/26,post_55_to_105m,54,46.354596322941646
Ligue 1 2025/26,post_55_to_105m,55,46.78365307753797
Ligue 1 2025/26,post_55_to_105m,56,47.21103117505995
Ligue 1 2025/26,post_55_to_105m,57,47.62553956834533
Ligue 1 2025/26,post_55_to_105m,58,48.03852917665867
Ligue 1 2025/26,post_55_to_105m,59,48.43960831334932
Ligue 1 2025/26,post_55_to_105m,60,48.83968824940048
Ligue 1 2025/26,post_55_to_105m,61,49.22893685051958
Ligue 1 2025/26,post_55_to_105m,62,49.61546762589928
Ligue 1 2025/26,post_55_to_105m,63,49.99156674660272
Ligue 1 2025/26,post_55_to_105m,64,50.36510791366906
Ligue 1 2025/26,post_55_to_105m,65,50.727697841726616
Ligue 1 2025/26,post_55_to_105m,66,51.08880895283773
Ligue 1 2025/26,post_55_to_105m,67,51.43968824940048
Ligue 1 2025/26,post_55_to_105m,68,51.78844924060751
Ligue 1 2025/26,post_55_to_105m,69,52.128257394084734
Ligue 1 2025/26,post_55_to_105m,70,52.46710631494804
Ligue 1 2025/26,post_55_to_105m,71,52.79724220623501
Ligue 1 2025/26,post_55_to_105m,72,53.12589928057554
Ligue 1 2025/26,post_55_to_105m,73,53.4447242206235
Ligue 1 2025/26,post_55_to_105m,74,53.762549960031976
Ligue 1 2025/26,post_55_to_105m,75,54.07270183852918
Ligue 1 2025/26,post_55_to_105m,76,54.38141486810552
Ligue 1 2025/26,post_55_to_105m,77,54.68177458033573
Ligue 1 2025/26,post_55_to_105m,78,54.98153477218226
Ligue 1 2025/26,post_55_to_105m,79,55.273501199040766
Ligue 1 2025/26,post_55_to_105m,80,55.56434852118306
Ligue 1 2025/26,post_55_to_105m,81,55.84820143884892
Ligue 1 2025/26,post_55_to_105m,82,56.130775379696246
Ligue 1 2025/26,post_55_to_105m,83,56.40639488409273
Ligue 1 2025/26,post_55_to_105m,84,56.6812549960032
Ligue 1 2025/26,post_55_to_105m,85,56.94972022382095
Ligue 1 2025/26,post_55_to_105m,86,57.21682653876898
Ligue 1 2025/26,post_55_to_105m,87,57.478137490008
Ligue 1 2025/26,post_55_to_105m,88,57.73820943245404
Ligue 1 2025/26,post_55_to_105m,89,57.99308553157474
Ligue 1 2025/26,post_55_to_105m,90,58.24704236610712
Ligue 1 2025/26,post_55_to_105m,91,58.49608313349321
Ligue 1 2025/26,post_55_to_105m,92,58.7447242206235
Ligue 1 2025/26,post_55_to_105m,93,58.98772981614708
Ligue 1 2025/26,post_55_to_105m,94,59.23053557154277
Ligue 1 2025/26,post_55_to_105m,95,59.4685451638689
Ligue 1 2025/26,post_55_to_105m,96,59.70595523581135
Ligue 1 2025/26,post_55_to_105m,97,59.93836930455635
Ligue 1 2025/26,post_55_to_105m,98,60.170383693045565
Ligue 1 2025/26,post_55_to_105m,99,60.398001598721024
Ligue 1 2025/26,post_55_to_105m,100,60.62494004796163
Ligue 1 2025/26,post_55_to_105m,101,60.84800159872103
Ligue 1 2025/26,post_55_to_105m,102,61.07086330935252
Ligue 1 2025/26,post_55_to_105m,103,61.28892885691447
Ligue 1 2025/26,post_55_to_105m,104,61.506474820143886
Ligue 1 2025/26,post_55_to_105m,105,61.71986410871303
Ligue 1 2025/26,post_55_to_105m,106,61.932533972821744
Ligue 1 2025/26,post_55_to_105m,107,62.141846522781776
Ligue 1 2025/26,post_55_to_105m,108,62.35011990407674
Ligue 1 2025/26,post_55_to_105m,109,62.55447641886491
Ligue 1 2025/26,post_55_to_105m,110,62.7583932853717
Ligue 1 2025/26,post_55_to_105m,111,62.95823341326938
Ligue 1 2025/26,post_55_to_105m,112,63.15767386091128
Ligue 1 2025/26,post_55_to_105m,113,63.3531175059952
Ligue 1 2025/26,post_55_to_105m,114,63.54820143884892
Ligue 1 2025/26,post_55_to_105m,115,63.7398481215028
Ligue 1 2025/26,post_55_to_105m,116,63.9310551558753
Ligue 1 2025/26,post_55_to_105m,117,64.11922462030375
Ligue 1 2025/26,post_55_to_105m,118,64.30647482014389
Ligue 1 2025/26,post_55_to_105m,119,64.49020783373301
Ligue 1 2025/26,post_55_to_105m,120,64.67330135891287
Ligue 1 2025/26,post_55_to_105m,121,64.85295763389288
Ligue 1 2025/26,post_55_to_105m,122,65.03249400479616
Ligue 1 2025/26,post_55_to_105m,123,65.20907274180655
Ligue 1 2025/26,post_55_to_105m,124,65.38525179856116
Ligue 1 2025/26,post_55_to_105m,125,65.55811350919265
Ligue 1 2025/26,post_55_to_105m,126,65.73049560351718
Ligue 1 2025/26,post_55_to_105m,127,65.89928057553956
Ligue 1 2025/26,post_55_to_105m,128,66.067585931255
Ligue 1 2025/26,post_55_to_105m,129,66.23325339728217
Ligue 1 2025/26,post_55_to_105m,130,66.39816147082334
Ligue 1 2025/26,post_55_to_105m,131,66.56031175059952
Ligue 1 2025/26,post_55_to_105m,132,66.7220623501199
Ligue 1 2025/26,post_55_to_105m,133,66.88149480415667
Ligue 1 2025/26,post_55_to_105m,134,67.04056754596323
Ligue 1 2025/26,post_55_to_105m,135,67.1972821742606
Ligue 1 2025/26,post_55_to_105m,136,67.3533173461231
Ligue 1 2025/26,post_55_to_105m,137,67.50719424460432
Ligue 1 2025/26,post_55_to_105m,138,67.66071143085532
Ligue 1 2025/26,post_55_to_105m,139,67.81195043964829
Ligue 1 2025/26,post_55_to_105m,140,67.9632693844924
Ligue 1 2025/26,post_55_to_105m,141,68.1121103117506
Ligue 1 2025/26,post_55_to_105m,142,68.26043165467625
Ligue 1 2025/26,post_55_to_105m,143,68.4062350119904
Ligue 1 2025/26,post_55_to_105m,144,68.55171862509992
Ligue 1 2025/26,post_55_to_105m,145,68.69456434852118
Ligue 1 2025/26,post_55_to_105m,146,68.83685051958433
Ligue 1 2025/26,post_55_to_105m,147,68.97681854516387
Ligue 1 2025/26,post_55_to_105m,148,69.11646682653877
Ligue 1 2025/26,post_55_to_105m,149,69.25415667466027
Ligue 1 2025/26,post_55_to_105m,150,69.39148681055156
Ligue 1 2025/26,post_55_to_105m,151,69.52697841726619
Ligue 1 2025/26,post_55_to_105m,152,69.66223021582734
Ligue 1 2025/26,post_55_to_105m,153,69.79540367705836
Ligue 1 2025/26,post_55_to_105m,154,69.92845723421263
Ligue 1 2025/26,post_55_to_105m,155,70.05975219824141
Ligue 1 2025/26,post_55_to_105m,156,70.19104716227018
Ligue 1 2025/26,post_55_to_105m,157,70.3203037569944
Ligue 1 2025/26,post_55_to_105m,158,70.44932054356515
Ligue 1 2025/26,post_55_to_105m,159,70.57597921662669
Ligue 1 2025/26,post_55_to_105m,160,70.70235811350919
Ligue 1 2025/26,post_55_to_105m,161,70.82729816147082
Ligue 1 2025/26,post_55_to_105m,162,70.95183852917665
Ligue 1 2025/26,post_55_to_105m,163,71.07430055955236
Ligue 1 2025/26,post_55_to_105m,164,71.19660271782574
Ligue 1 2025/26,post_55_to_105m,165,71.31770583533174
Ligue 1 2025/26,post_55_to_105m,166,71.43876898481216
Ligue 1 2025/26,post_55_to_105m,167,71.55875299760191
Ligue 1 2025/26,post_55_to_105m,168,71.67873701039169
Ligue 1 2025/26,post_55_to_105m,169,71.79684252597922
Ligue 1 2025/26,post_55_to_105m,170,71.91470823341326
Ligue 1 2025/26,post_55_to_105m,171,72.03093525179857
Ligue 1 2025/26,post_55_to_105m,172,72.1468824940048
Ligue 1 2025/26,post_55_to_105m,173,72.26091127098321
Ligue 1 2025/26,post_55_to_105m,174,72.37474020783374
Ligue 1 2025/26,post_55_to_105m,175,72.48657074340528
Ligue 1 2025/26,post_55_to_105m,176,72.59864108713029
Ligue 1 2025/26,post_55_to_105m,177,72.70963229416466
Ligue 1 2025/26,post_55_to_105m,178,72.82046362909672
Ligue 1 2025/26,post_55_to_105m,179,72.92965627498002
Ligue 1 2025/26,post_55_to_105m,180,73.03880895283773
Ligue 1 2025/26,post_55_to_105m,181,73.14664268585132
Ligue 1 2025/26,post_55_to_105m,182,73.25435651478817
Ligue 1 2025/26,post_55_to_105m,183,73.3609512390088
Ligue 1 2025/26,post_55_to_105m,184,73.4671862509992
Ligue 1 2025/26,post_55_to_105m,185,73.57194244604317
Ligue 1 2025/26,post_55_to_105m,186,73.67657873701039
Ligue 1 2025/26,post_55_to_105m,187,73.77945643485212
Ligue 1 2025/26,post_55_to_105m,188,73.88197442046364
Ligue 1 2025/26,post_55_to_105m,189,73.9834132693845
Ligue 1 2025/26,post_55_to_105m,190,74.08473221422862
Ligue 1 2025/26,post_55_to_105m,191,74.18473221422862
Ligue 1 2025/26,post_55_to_105m,192,74.28449240607515
Ligue 1 2025/26,post_55_to_105m,193,74.38313349320543
Ligue 1 2025/26,post_55_to_105m,194,74.48161470823341
Ligue 1 2025/26,post_55_to_105m,195,74.578896882494
Ligue 1 2025/26,post_55_to_105m,196,74.67617905675459
Ligue 1 2025/26,post_55_to_105m,197,74.77198241406875
Ligue 1 2025/26,post_55_to_105m,198,74.867585931255
Ligue 1 2025/26,post_55_to_105m,199,74.96171063149481
Ligue 1 2025/26,post_55_to_105m,200,75.05575539568345
Ligue 1 2025/26,post_55_to_105m,201,75.14796163069545
Ligue 1 2025/26,post_55_to_105m,202,75.23992805755395
Ligue 1 2025/26,post_55_to_105m,203,75.33109512390088
Ligue 1 2025/26,post_55_to_105m,204,75.42210231814548
Ligue 1 2025/26,post_55_to_105m,205,75.51203037569944
Ligue 1 2025/26,post_55_to_105m,206,75.60183852917666
Ligue 1 2025/26,post_55_to_105m,207,75.69024780175859
Ligue 1 2025/26,post_55_to_105m,208,75.77845723421262
Ligue 1 2025/26,post_55_to_105m,209,75.86570743405275
Ligue 1 2025/26,post_55_to_105m,210,75.9529176658673
Ligue 1 2025/26,post_55_to_105m,211,76.0392486011191
Ligue 1 2025/26,post_55_to_105m,212,76.12553956834532
Ligue 1 2025/26,post_55_to_105m,213,76.21111111111111
Ligue 1 2025/26,post_55_to_105m,214,76.29660271782573
Ligue 1 2025/26,post_55_to_105m,215,76.38129496402878
Ligue 1 2025/26,post_55_to_105m,216,76.46574740207834
Ligue 1 2025/26,post_55_to_105m,217,76.5496003197442
Ligue 1 2025/26,post_55_to_105m,218,76.63333333333334
Ligue 1 2025/26,post_55_to_105m,219,76.71646682653876
Ligue 1 2025/26,post_55_to_105m,220,76.79956035171863
Ligue 1 2025/26,post_55_to_105m,221,76.88189448441247
Ligue 1 2025/26,post_55_to_105m,222,76.96398880895283
Ligue 1 2025/26,post_55_to_105m,223,77.0449240607514
Ligue 1 2025/26,post_55_to_105m,224,77.1257793764988
Ligue 1 2025/26,post_55_to_105m,225,77.20551558752997
Ligue 1 2025/26,post_55_to_105m,226,77.28537170263789
Ligue 1 2025/26,post_55_to_105m,227,77.36442845723421
Ligue 1 2025/26,post_55_to_105m,228,77.44352517985611
Ligue 1 2025/26,post_55_to_105m,229,77.52162270183852
Ligue 1 2025/26,post_55_to_105m,230,77.59968025579536
Ligue 1 2025/26,post_55_to_105m,231,77.67653876898481
Ligue 1 2025/26,post_55_to_105m,232,77.75327737809752
Ligue 1 2025/26,post_55_to_105m,233,77.82885691446843
Ligue 1 2025/26,post_55_to_105m,234,77.90427657873701
Ligue 1 2025/26,post_55_to_105m,235,77.97873701039168
Ligue 1 2025/26,post_55_to_105m,236,78.05323741007194
Ligue 1 2025/26,post_55_to_105m,237,78.12701838529176
Ligue 1 2025/26,post_55_to_105m,238,78.2007993605116
Ligue 1 2025/26,post_55_to_105m,239,78.27334132693845
Ligue 1 2025/26,post_55_to_105m,240,78.34576338928856
Ligue 1 2025/26,post_55_to_105m,241,78.41754596322941
Ligue 1 2025/26,post_55_to_105m,242,78.4892486011191
Ligue 1 2025/26,post_55_to_105m,243,78.56027178257393
Ligue 1 2025/26,post_55_to_105m,244,78.63129496402878
Ligue 1 2025/26,post_55_to_105m,245,78.70159872102319
Ligue 1 2025/26,post_55_to_105m,246,78.77170263788969
Ligue 1 2025/26,post_55_to_105m,247,78.84100719424461
Ligue 1 2025/26,post_55_to_105m,248,78.91031175059952
Ligue 1 2025/26,post_55_to_105m,249,78.97897681854516
Ligue 1 2025/26,post_55_to_105m,250,79.04748201438849
Ligue 1 2025/26,post_55_to_105m,251,79.11510791366906
Ligue 1 2025/26,post_55_to_105m,252,79.18257394084732
Ligue 1 2025/26,post_55_to_105m,253,79.24972022382094
Ligue 1 2025/26,post_55_to_105m,254,79.31666666666666
Ligue 1 2025/26,post_55_to_105m,255,79.38313349320543
Ligue 1 2025/26,post_55_to_105m,256,79.44948041566747
Ligue 1 2025/26,post_55_to_105m,257,79.51510791366907
Ligue 1 2025/26,post_55_to_105m,258,79.58069544364508
Ligue 1 2025/26,post_55_to_105m,259,79.64532374100719
Ligue 1 2025/26,post_55_to_105m,260,79.71003197442046
Ligue 1 2025/26,post_55_to_105m,261,79.77418065547562
Ligue 1 2025/26,post_55_to_105m,262,79.83836930455635
Ligue 1 2025/26,post_55_to_105m,263,79.90191846522782
Ligue 1 2025/26,post_55_to_105m,264,79.96558752997602
Ligue 1 2025/26,post_55_to_105m,265,80.02853717026379
Ligue 1 2025/26,post_55_to_105m,266,80.09152677857713
Ligue 1 2025/26,post_55_to_105m,267,80.15419664268585
Ligue 1 2025/26,post_55_to_105m,268,80.21674660271782
Ligue 1 2025/26,post_55_to_105m,269,80.27861710631495
Ligue 1 2025/26,post_55_to_105m,270,80.34028776978417
Ligue 1 2025/26,post_55_to_105m,271,80.40139888089529
Ligue 1 2025/26,post_55_to_105m,272,80.46215027977618
Ligue 1 2025/26,post_55_to_105m,273,80.52250199840128
Ligue 1 2025/26,post_55_to_105m,274,80.58269384492407
Ligue 1 2025/26,post_55_to_105m,275,80.64228617106315
Ligue 1 2025/26,post_55_to_105m,276,80.70187849720224
Ligue 1 2025/26,post_55_to_105m,277,80.76123101518785
Ligue 1 2025/26,post_55_to_105m,278,80.82066346922463
Ligue 1 2025/26,post_55_to_105m,279,80.87949640287769
Ligue 1 2025/26,post_55_to_105m,280,80.9382893685052
Ligue 1 2025/26,post_55_to_105m,281,80.99676258992805
Ligue 1 2025/26,post_55_to_105m,282,81.05503597122302
Ligue 1 2025/26,post_55_to_105m,283,81.11270983213429
Ligue 1 2025/26,post_55_to_105m,284,81.17022382094325
Ligue 1 2025/26,post_55_to_105m,285,81.22701838529177
Ligue 1 2025/26,post_55_to_105m,286,81.28385291766587
Ligue 1 2025/26,post_55_to_105m,287,81.3402478017586
Ligue 1 2025/26,post_55_to_105m,288,81.39640287769784
Ligue 1 2025/26,post_55_to_105m,289,81.45183852917665
Ligue 1 2025/26,post_55_to_105m,290,81.5072342126299
Ligue 1 2025/26,post_55_to_105m,291,81.56247002398082
Ligue 1 2025/26,post_55_to_105m,292,81.61754596322942
Ligue 1 2025/26,post_55_to_105m,293,81.67230215827338
Ligue 1 2025/26,post_55_to_105m,294,81.72701838529177
Ligue 1 2025/26,post_55_to_105m,295,81.78137490007994
Ligue 1 2025/26,post_55_to_105m,296,81.83569144684253
Ligue 1 2025/26,post_55_to_105m,297,81.88948840927259
Ligue 1 2025/26,post_55_to_105m,298,81.94332533972822
Ligue 1 2025/26,post_55_to_105m,299,81.9966826538769
Ligue 1 2025/26,post_55_to_105m,300,82.04992006394885
Ligue 1 2025/26,post_105_to_135m,1,0.513189448441247
Ligue 1 2025/26,post_105_to_135m,2,1.6142419397815082
Ligue 1 2025/26,post_105_to_135m,3,2.6234345856648016
Ligue 1 2025/26,post_105_to_135m,4,3.719890754063416
Ligue 1 2025/26,post_105_to_135m,5,4.661803890221156
Ligue 1 2025/26,post_105_to_135m,6,5.607780442312817
Ligue 1 2025/26,post_105_to_135m,7,6.45716759925393
Ligue 1 2025/26,post_105_to_135m,8,7.299293898214762
Ligue 1 2025/26,post_105_to_135m,9,8.045363709032774
Ligue 1 2025/26,post_105_to_135m,10,8.782240873967492
Ligue 1 2025/26,post_105_to_135m,11,9.441646682653875
Ligue 1 2025/26,post_105_to_135m,12,10.094657607247536
Ligue 1 2025/26,post_105_to_135m,13,10.688182787103653
Ligue 1 2025/26,post_105_to_135m,14,11.279176658673062
Ligue 1 2025/26,post_105_to_135m,15,11.820676791899814
Ligue 1 2025/26,post_105_to_135m,16,12.361977084998667
Ligue 1 2025/26,post_105_to_135m,17,12.86144417799094
Ligue 1 2025/26,post_105_to_135m,18,13.359312549960032
Ligue 1 2025/26,post_105_to_135m,19,13.821276312283509
Ligue 1 2025/26,post_105_to_135m,20,14.27904343192113
Ligue 1 2025/26,post_105_to_135m,21,14.708832933653078
Ligue 1 2025/26,post_105_to_135m,22,15.13302691180389
Ligue 1 2025/26,post_105_to_135m,23,15.53130828670397
Ligue 1 2025/26,post_105_to_135m,24,15.92879030109246
Ligue 1 2025/26,post_105_to_135m,25,16.304156674660273
Ligue 1 2025/26,post_105_to_135m,26,16.677258193445244
Ligue 1 2025/26,post_105_to_135m,27,17.031907807087663
Ligue 1 2025/26,post_105_to_135m,28,17.38449240607514
Ligue 1 2025/26,post_105_to_135m,29,17.720756727950974
Ligue 1 2025/26,post_105_to_135m,30,18.05595523581135
Ligue 1 2025/26,post_105_to_135m,31,18.374367172928324
Ligue 1 2025/26,post_105_to_135m,32,18.692179589661603
Ligue 1 2025/26,post_105_to_135m,33,18.99467092992273
Ligue 1 2025/26,post_105_to_135m,34,19.296296296296298
Ligue 1 2025/26,post_105_to_135m,35,19.58566480149214
Ligue 1 2025/26,post_105_to_135m,36,19.873168132160934
Ligue 1 2025/26,post_105_to_135m,37,20.148481215027974
Ligue 1 2025/26,post_105_to_135m,38,20.42359445776712
Ligue 1 2025/26,post_105_to_135m,39,20.68705035971223
Ligue 1 2025/26,post_105_to_135m,40,20.949107380762054
Ligue 1 2025/26,post_105_to_135m,41,21.2013722355449
Ligue 1 2025/26,post_105_to_135m,42,21.452571276312284
Ligue 1 2025/26,post_105_to_135m,43,21.69517719158007
Ligue 1 2025/26,post_105_to_135m,44,21.937916333599787
Ligue 1 2025/26,post_105_to_135m,45,22.17172928324008
Ligue 1 2025/26,post_105_to_135m,46,22.40574207300826
Ligue 1 2025/26,post_105_to_135m,47,22.633160138555823
Ligue 1 2025/26,post_105_to_135m,48,22.859712230215827
Ligue 1 2025/26,post_105_to_135m,49,23.07913669064748
Ligue 1 2025/26,post_105_to_135m,50,23.29816147082334
Ligue 1 2025/26,post_105_to_135m,51,23.510924593658405
Ligue 1 2025/26,post_105_to_135m,52,23.72328803623768
Ligue 1 2025/26,post_105_to_135m,53,23.929056754596324
Ligue 1 2025/26,post_105_to_135m,54,24.135091926458838
Ligue 1 2025/26,post_105_to_135m,55,24.334332533972823
Ligue 1 2025/26,post_105_to_135m,56,24.533972821742605
Ligue 1 2025/26,post_105_to_135m,57,24.72741806554756
Ligue 1 2025/26,post_105_to_135m,58,24.92146282973621
Ligue 1 2025/26,post_105_to_135m,59,25.11051159072742
Ligue 1 2025/26,post_105_to_135m,60,25.299493738342655
Ligue 1 2025/26,post_105_to_135m,61,25.48407940314415
Ligue 1 2025/26,post_105_to_135m,62,25.668198774313883
Ligue 1 2025/26,post_105_to_135m,63,25.847388755662134
Ligue 1 2025/26,post_105_to_135m,64,26.026978417266186
Ligue 1 2025/26,post_105_to_135m,65,26.200772715161204
Ligue 1 2025/26,post_105_to_135m,66,26.374833466560084
Ligue 1 2025/26,post_105_to_135m,67,26.545230482280843
Ligue 1 2025/26,post_105_to_135m,68,26.715960564881428
Ligue 1 2025/26,post_105_to_135m,69,26.88236077804423
Ligue 1 2025/26,post_105_to_135m,70,27.0486277644551
Ligue 1 2025/26,post_105_to_135m,71,27.21136424193978
Ligue 1 2025/26,post_105_to_135m,72,27.374167332800425
Ligue 1 2025/26,post_105_to_135m,73,27.534172661870503
Ligue 1 2025/26,post_105_to_135m,74,27.694311217692512
Ligue 1 2025/26,post_105_to_135m,75,27.851052491340266
Ligue 1 2025/26,post_105_to_135m,76,28.008193445243805
Ligue 1 2025/26,post_105_to_135m,77,28.163469224620304
Ligue 1 2025/26,post_105_to_135m,78,28.318545163868905
Ligue 1 2025/26,post_105_to_135m,79,28.47075672795097
Ligue 1 2025/26,post_105_to_135m,80,28.62290167865708
Ligue 1 2025/26,post_105_to_135m,81,28.77238209432454
Ligue 1 2025/26,post_105_to_135m,82,28.92146282973621
Ligue 1 2025/26,post_105_to_135m,83,29.068212096989075
Ligue 1 2025/26,post_105_to_135m,84,29.21516120436984
Ligue 1 2025/26,post_105_to_135m,85,29.35984545696776
Ligue 1 2025/26,post_105_to_135m,86,29.50419664268585
Ligue 1 2025/26,post_105_to_135m,87,29.64681588062883
Ligue 1 2025/26,post_105_to_135m,88,29.78943511857181
Ligue 1 2025/26,post_105_to_135m,89,29.929523048228084
Ligue 1 2025/26,post_105_to_135m,90,30.06961097788436
Ligue 1 2025/26,post_105_to_135m,91,30.206967759126037
Ligue 1 2025/26,post_105_to_135m,92,30.343924860111912
Ligue 1 2025/26,post_105_to_135m,93,30.47961630695444
Ligue 1 2025/26,post_105_to_135m,94,30.61564082067679
Ligue 1 2025/26,post_105_to_135m,95,30.749733546496135
Ligue 1 2025/26,post_105_to_135m,96,30.88429256594724
Ligue 1 2025/26,post_105_to_135m,97,31.01625366373568
Ligue 1 2025/26,post_105_to_135m,98,31.148547828403945
Ligue 1 2025/26,post_105_to_135m,99,31.278843591793237
Ligue 1 2025/26,post_105_to_135m,100,31.40880628830269
Ligue 1 2025/26,post_105_to_135m,101,31.53663735678124
Ligue 1 2025/26,post_105_to_135m,102,31.664268585131893
Ligue 1 2025/26,post_105_to_135m,103,31.790367705835333
Ligue 1 2025/26,post_105_to_135m,104,31.916200373034904
Ligue 1 2025/26,post_105_to_135m,105,32.041500133226755
Ligue 1 2025/26,post_105_to_135m,106,32.166666666666664
Ligue 1 2025/26,post_105_to_135m,107,32.29090061284306
Ligue 1 2025/26,post_105_to_135m,108,32.41520117239542
Ligue 1 2025/26,post_105_to_135m,109,32.537370103916864
Ligue 1 2025/26,post_105_to_135m,110,32.659805488942176
Ligue 1 2025/26,post_105_to_135m,111,32.78064215294431
Ligue 1 2025/26,post_105_to_135m,112,32.90154543032241
Ligue 1 2025/26,post_105_to_135m,113,33.02171596056488
Ligue 1 2025/26,post_105_to_135m,114,33.14181987743139
Ligue 1 2025/26,post_105_to_135m,115,33.26052491340261
Ligue 1 2025/26,post_105_to_135m,116,33.379363176125764
Ligue 1 2025/26,post_105_to_135m,117,33.4970690114575
Ligue 1 2025/26,post_105_to_135m,118,33.61410871302957
Ligue 1 2025/26,post_105_to_135m,119,33.7300826005862
Ligue 1 2025/26,post_105_to_135m,120,33.84585664801492
Ligue 1 2025/26,post_105_to_135m,121,33.96023181454836
Ligue 1 2025/26,post_105_to_135m,122,34.074273914201974
Ligue 1 2025/26,post_105_to_135m,123,34.186917132960296
Ligue 1 2025/26,post_105_to_135m,124,34.29989341859846
Ligue 1 2025/26,post_105_to_135m,125,34.41167066346922
Ligue 1 2025/26,post_105_to_135m,126,34.52358113509192
Ligue 1 2025/26,post_105_to_135m,127,34.63402611244338
Ligue 1 2025/26,post_105_to_135m,128,34.74447108979483
Ligue 1 2025/26,post_105_to_135m,129,34.85358379962697
Ligue 1 2025/26,post_105_to_135m,130,34.9626965094591
Ligue 1 2025/26,post_105_to_135m,131,35.07107647215561
Ligue 1 2025/26,post_105_to_135m,132,35.17872368771649
Ligue 1 2025/26,post_105_to_135m,133,35.28563815614175
Ligue 1 2025/26,post_105_to_135m,134,35.39208633093525
Ligue 1 2025/26,post_105_to_135m,135,35.49760191846523
Ligue 1 2025/26,post_105_to_135m,136,35.6033173461231
Ligue 1 2025/26,post_105_to_135m,137,35.70896616040501
Ligue 1 2025/26,post_105_to_135m,138,35.81434852118306
Ligue 1 2025/26,post_105_to_135m,139,35.918665067945646
Ligue 1 2025/26,post_105_to_135m,140,36.02258193445244
Ligue 1 2025/26,post_105_to_135m,141,36.12609912070344
Ligue 1 2025/26,post_105_to_135m,142,36.229416466826535
Ligue 1 2025/26,post_105_to_135m,143,36.33206767918998
Ligue 1 2025/26,post_105_to_135m,144,36.43465227817746
Ligue 1 2025/26,post_105_to_135m,145,36.53643751665334
Ligue 1 2025/26,post_105_to_135m,146,36.638422595257126
Ligue 1 2025/26,post_105_to_135m,147,36.73960831334932
Ligue 1 2025/26,post_105_to_135m,148,36.84026112443379
Ligue 1 2025/26,post_105_to_135m,149,36.94031441513456
Ligue 1 2025/26,post_105_to_135m,150,37.040301092459366
Ligue 1 2025/26,post_105_to_135m,151,37.13942179589662
Ligue 1 2025/26,post_105_to_135m,152,37.23834265920597
Ligue 1 2025/26,post_105_to_135m,153,37.33666400213163
Ligue 1 2025/26,post_105_to_135m,154,37.43478550492939
Ligue 1 2025/26,post_105_to_135m,155,37.5318411937117
Ligue 1 2025/26,post_105_to_135m,156,37.62903010924594
Ligue 1 2025/26,post_105_to_135m,157,37.72528643751665
Ligue 1 2025/26,post_105_to_135m,158,37.82134292565947
Ligue 1 2025/26,post_105_to_135m,159,37.9166000532907
Ligue 1 2025/26,post_105_to_135m,160,38.01165734079403
Ligue 1 2025/26,post_105_to_135m,161,38.10578204103384
Ligue 1 2025/26,post_105_to_135m,162,38.19990674127365
Ligue 1 2025/26,post_105_to_135m,163,38.29323208100187
Ligue 1 2025/26,post_105_to_135m,164,38.386490807354114
Ligue 1 2025/26,post_105_to_135m,165,38.47934985345057
Ligue 1 2025/26,post_105_to_135m,166,38.572142286171065
Ligue 1 2025/26,post_105_to_135m,167,38.66446842525979
Ligue 1 2025/26,post_105_to_135m,168,38.756994404476416
Ligue 1 2025/26,post_105_to_135m,169,38.84898747668532
Ligue 1 2025/26,post_105_to_135m,170,38.94104716227018
Ligue 1 2025/26,post_105_to_135m,171,39.03277378097522
Ligue 1 2025/26,post_105_to_135m,172,39.12450039968026
Ligue 1 2025/26,post_105_to_135m,173,39.2154276578737
Ligue 1 2025/26,post_105_to_135m,174,39.30628830269118
Ligue 1 2025/26,post_105_to_135m,175,39.396482813749
Ligue 1 2025/26,post_105_to_135m,176,39.486810551558754
Ligue 1 2025/26,post_105_to_135m,177,39.57673860911271
Ligue 1 2025/26,post_105_to_135m,178,39.6666000532907
Ligue 1 2025/26,post_105_to_135m,179,39.75572875033307
Ligue 1 2025/26,post_105_to_135m,180,39.84472422062351
Ligue 1 2025/26,post_105_to_135m,181,39.933120170530245
Ligue 1 2025/26,post_105_to_135m,182,40.02144950706102
Ligue 1 2025/26,post_105_to_135m,183,40.10957900346389
Ligue 1 2025/26,post_105_to_135m,184,40.19757527311484
Ligue 1 2025/26,post_105_to_135m,185,40.28497202238209
Ligue 1 2025/26,post_105_to_135m,186,40.37230215827338
Ligue 1 2025/26,post_105_to_135m,187,40.4595656807887
Ligue 1 2025/26,post_105_to_135m,188,40.54662936317612
Ligue 1 2025/26,post_105_to_135m,189,40.63289368505196
Ligue 1 2025/26,post_105_to_135m,190,40.71895816679989
Ligue 1 2025/26,post_105_to_135m,191,40.80455635491607
Ligue 1 2025/26,post_105_to_135m,192,40.89028776978417
Ligue 1 2025/26,post_105_to_135m,193,40.97575273114841
Ligue 1 2025/26,post_105_to_135m,194,41.06128430588862
Ligue 1 2025/26,post_105_to_135m,195,41.146216360245134
Ligue 1 2025/26,post_105_to_135m,196,41.231081801225685
Ligue 1 2025/26,post_105_to_135m,197,41.3160138555822
Ligue 1 2025/26,post_105_to_135m,198,41.40087929656275
Ligue 1 2025/26,post_105_to_135m,199,41.4855448974154
Ligue 1 2025/26,post_105_to_135m,200,41.57041033839595
Ligue 1 2025/26,post_105_to_135m,201,41.65460964561684
Ligue 1 2025/26,post_105_to_135m,202,41.738742339461766
Ligue 1 2025/26,post_105_to_135m,203,41.822608579802825
Ligue 1 2025/26,post_105_to_135m,204,41.90607513988809
Ligue 1 2025/26,post_105_to_135m,205,41.989208633093526
Ligue 1 2025/26,post_105_to_135m,206,42.07254196642686
Ligue 1 2025/26,post_105_to_135m,207,42.15534239275247
Ligue 1 2025/26,post_105_to_135m,208,42.23834265920597
Ligue 1 2025/26,post_105_to_135m,209,42.32087663202771
Ligue 1 2025/26,post_105_to_135m,210,42.40334399147349
Ligue 1 2025/26,post_105_to_135m,211,42.4853450572875
Ligue 1 2025/26,post_105_to_135m,212,42.56734612310152
Ligue 1 2025/26,post_105_to_135m,213,42.64908073541167
Ligue 1 2025/26,post_105_to_135m,214,42.73081534772182
Ligue 1 2025/26,post_105_to_135m,215,42.81201705302425
Ligue 1 2025/26,post_105_to_135m,216,42.89321875832668
Ligue 1 2025/26,post_105_to_135m,217,42.97415401012523
Ligue 1 2025/26,post_105_to_135m,218,43.0550892619238
Ligue 1 2025/26,post_105_to_135m,219,43.135358379962696
Ligue 1 2025/26,post_105_to_135m,220,43.2154276578737
Ligue 1 2025/26,post_105_to_135m,221,43.29489741540101
Ligue 1 2025/26,post_105_to_135m,222,43.37436717292832
Ligue 1 2025/26,post_105_to_135m,223,43.45297095656808
Ligue 1 2025/26,post_105_to_135m,224,43.531707966959765
Ligue 1 2025/26,post_105_to_135m,225,43.61051159072742
Ligue 1 2025/26,post_105_to_135m,226,43.689448441247
Ligue 1 2025/26,post_105_to_135m,227,43.76825206501466
Ligue 1 2025/26,post_105_to_135m,228,43.84705568878231
Ligue 1 2025/26,post_105_to_135m,229,43.9255928590461
Ligue 1 2025/26,post_105_to_135m,230,44.00399680255796
Ligue 1 2025/26,post_105_to_135m,231,44.08206767918998
Ligue 1 2025/26,post_105_to_135m,232,44.15993871569411
Ligue 1 2025/26,post_105_to_135m,233,44.237543298694376
Ligue 1 2025/26,post_105_to_135m,234,44.31508126831868
Ligue 1 2025/26,post_105_to_135m,235,44.392219557687184
Ligue 1 2025/26,post_105_to_135m,236,44.46935784705569
Ligue 1 2025/26,post_105_to_135m,237,44.54616306954436
Ligue 1 2025/26,post_105_to_135m,238,44.62290167865707
Ligue 1 2025/26,post_105_to_135m,239,44.69930722088996
Ligue 1 2025/26,post_105_to_135m,240,44.775579536370905
Ligue 1 2025/26,post_105_to_135m,241,44.851851851851855
Ligue 1 2025/26,post_105_to_135m,242,44.9281241673328
Ligue 1 2025/26,post_105_to_135m,243,45.00406341593392
Ligue 1 2025/26,post_105_to_135m,244,45.07986943778311
Ligue 1 2025/26,post_105_to_135m,245,45.1554756195044
Ligue 1 2025/26,post_105_to_135m,246,45.231148414601655
Ligue 1 2025/26,post_105_to_135m,247,45.30675459632294
Ligue 1 2025/26,post_105_to_135m,248,45.38229416466827
Ligue 1 2025/26,post_105_to_135m,249,45.45763389288569
Ligue 1 2025/26,post_105_to_135m,250,45.532907007727154
Ligue 1 2025/26,post_105_to_135m,251,45.60791366906475
Ligue 1 2025/26,post_105_to_135m,252,45.68292033040235
Ligue 1 2025/26,post_105_to_135m,253,45.757727151612045
Ligue 1 2025/26,post_105_to_135m,254,45.83273381294964
Ligue 1 2025/26,post_105_to_135m,255,45.90734079403144
Ligue 1 2025/26,post_105_to_135m,256,45.98174793498534
Ligue 1 2025/26,post_105_to_135m,257,46.05595523581135
Ligue 1 2025/26,post_105_to_135m,258,46.13022915001332
Ligue 1 2025/26,post_105_to_135m,259,46.20423661071143
Ligue 1 2025/26,post_105_to_135m,260,46.27837729816147
Ligue 1 2025/26,post_105_to_135m,261,46.35218491873168
Ligue 1 2025/26,post_105_to_135m,262,46.425992539301895
Ligue 1 2025/26,post_105_to_135m,263,46.49953370636824
Ligue 1 2025/26,post_105_to_135m,264,46.57314148681055
Ligue 1 2025/26,post_105_to_135m,265,46.6466826538769
Ligue 1 2025/26,post_105_to_135m,266,46.72022382094325
Ligue 1 2025/26,post_105_to_135m,267,46.79349853450573
Ligue 1 2025/26,post_105_to_135m,268,46.86683986144418
Ligue 1 2025/26,post_105_to_135m,269,46.9400479616307
Ligue 1 2025/26,post_105_to_135m,270,47.013256061817216
Ligue 1 2025/26,post_105_to_135m,271,47.08606448174793
Ligue 1 2025/26,post_105_to_135m,272,47.15873967492673
Ligue 1 2025/26,post_105_to_135m,273,47.23094857447376
Ligue 1 2025/26,post_105_to_135m,274,47.303090860644815
Ligue 1 2025/26,post_105_to_135m,275,47.37483346656008
Ligue 1 2025/26,post_105_to_135m,276,47.446376232347454
Ligue 1 2025/26,post_105_to_135m,277,47.51751931787903
Ligue 1 2025/26,post_105_to_135m,278,47.5886624034106
Ligue 1 2025/26,post_105_to_135m,279,47.65967226219025
Ligue 1 2025/26,post_105_to_135m,280,47.73068212096989
Ligue 1 2025/26,post_105_to_135m,281,47.8013589128697
Ligue 1 2025/26,post_105_to_135m,282,47.87210231814549
Ligue 1 2025/26,post_105_to_135m,283,47.94271249666933
Ligue 1 2025/26,post_105_to_135m,284,48.01358912869704
Ligue 1 2025/26,post_105_to_135m,285,48.083999467092994
Ligue 1 2025/26,post_105_to_135m,286,48.154343192112975
Ligue 1 2025/26,post_105_to_135m,287,48.224420463629095
Ligue 1 2025/26,post_105_to_135m,288,48.294497735145214
Ligue 1 2025/26,post_105_to_135m,289,48.36457500666134
Ligue 1 2025/26,post_105_to_135m,290,48.43445243804956
Ligue 1 2025/26,post_105_to_135m,291,48.50413002930989
Ligue 1 2025/26,post_105_to_135m,292,48.574007460698105
Ligue 1 2025/26,post_105_to_135m,293,48.6437516653344
Ligue 1 2025/26,post_105_to_135m,294,48.71376232347456
Ligue 1 2025/26,post_105_to_135m,295,48.783639754862776
Ligue 1 2025/26,post_105_to_135m,296,48.85345057287503
Ligue 1 2025/26,post_105_to_135m,297,48.92326139088729
Ligue 1 2025/26,post_105_to_135m,298,48.99307220889955
Ligue 1 2025/26,post_105_to_135m,299,49.062883026911805
Ligue 1 2025/26,post_105_to_135m,300,49.13269384492406
UEFA Champions League Women 2026/27,pre_24h_to_1h,1,0.0002534740860022
UEFA Champions League Women 2026/27,pre_24h_to_1h,2,0.0009840758633029
UEFA Champions League Women 2026/27,pre_24h_to_1h,3,0.0037126498479155
UEFA Champions League Women 2026/27,pre_24h_to_1h,4,0.0087672213276078
UEFA Champions League Women 2026/27,pre_24h_to_1h,5,0.0141945488161269
UEFA Champions League Women 2026/27,pre_24h_to_1h,6,0.019621876304646
UEFA Champions League Women 2026/27,pre_24h_to_1h,7,0.0247062682650444
UEFA Champions League Women 2026/27,pre_24h_to_1h,8,0.0294775451780282
UEFA Champions League Women 2026/27,pre_24h_to_1h,9,0.0339655275243036
UEFA Champions League Women 2026/27,pre_24h_to_1h,10,0.0382298562652829
UEFA Champions League Women 2026/27,pre_24h_to_1h,11,0.0423898133237907
UEFA Champions League Women 2026/27,pre_24h_to_1h,12,0.0465199499015924
UEFA Champions League Women 2026/27,pre_24h_to_1h,13,0.0505606250372756
UEFA Champions League Women 2026/27,pre_24h_to_1h,14,0.054660941134371
UEFA Champions League Women 2026/27,pre_24h_to_1h,15,0.0587016162700542
UEFA Champions League Women 2026/27,pre_24h_to_1h,16,0.0626826504443251
UEFA Champions League Women 2026/27,pre_24h_to_1h,17,0.0666487743782429
UEFA Champions League Women 2026/27,pre_24h_to_1h,18,0.070674539273573
UEFA Champions League Women 2026/27,pre_24h_to_1h,19,0.0746406632074909
UEFA Champions League Women 2026/27,pre_24h_to_1h,20,0.0786515178624679
UEFA Champions League Women 2026/27,pre_24h_to_1h,21,0.0825878213156796
UEFA Champions League Women 2026/27,pre_24h_to_1h,22,0.0864943042881851
UEFA Champions League Women 2026/27,pre_24h_to_1h,23,0.0903262360589252
UEFA Champions League Women 2026/27,pre_24h_to_1h,24,0.0941730780700184
UEFA Champions League Women 2026/27,pre_24h_to_1h,25,0.0979900996004055
UEFA Champions League Women 2026/27,pre_24h_to_1h,26,0.1017922108904395
UEFA Champions League Women 2026/27,pre_24h_to_1h,27,0.1056390529015327
UEFA Champions League Women 2026/27,pre_24h_to_1h,28,0.1095455358740382
UEFA Champions League Women 2026/27,pre_24h_to_1h,29,0.1134818393272499
UEFA Champions League Women 2026/27,pre_24h_to_1h,30,0.1174032325401085
UEFA Champions League Women 2026/27,pre_24h_to_1h,31,0.1212202540704956
UEFA Champions League Women 2026/27,pre_24h_to_1h,32,0.1250074551201765
UEFA Champions League Women 2026/27,pre_24h_to_1h,33,0.128720104968092
UEFA Champions League Women 2026/27,pre_24h_to_1h,34,0.132313472893183
UEFA Champions League Women 2026/27,pre_24h_to_1h,35,0.1359068408182739
UEFA Champions League Women 2026/27,pre_24h_to_1h,36,0.1394703882626587
UEFA Champions League Women 2026/27,pre_24h_to_1h,37,0.1430786664281028
UEFA Champions League Women 2026/27,pre_24h_to_1h,38,0.1466571241128407
UEFA Champions League Women 2026/27,pre_24h_to_1h,39,0.1501759408361662
UEFA Champions League Women 2026/27,pre_24h_to_1h,40,0.1536500268384326
UEFA Champions League Women 2026/27,pre_24h_to_1h,41,0.1570942923599928
UEFA Champions League Women 2026/27,pre_24h_to_1h,42,0.160538557881553
UEFA Champions League Women 2026/27,pre_24h_to_1h,43,0.1639231824417009
UEFA Champions League Women 2026/27,pre_24h_to_1h,44,0.1673078070018488
UEFA Champions League Women 2026/27,pre_24h_to_1h,45,0.1707073418023498
UEFA Champions League Women 2026/27,pre_24h_to_1h,46,0.1740919663624977
UEFA Champions League Women 2026/27,pre_24h_to_1h,47,0.1774915011629987
UEFA Champions League Women 2026/27,pre_24h_to_1h,48,0.1808313950020874
UEFA Champions League Women 2026/27,pre_24h_to_1h,49,0.1841861990815292
UEFA Champions League Women 2026/27,pre_24h_to_1h,50,0.1875410031609709
UEFA Champions League Women 2026/27,pre_24h_to_1h,51,0.1908958072404127
UEFA Champions League Women 2026/27,pre_24h_to_1h,52,0.1942058805987952
UEFA Champions League Women 2026/27,pre_24h_to_1h,53,0.1975159539571778
UEFA Champions League Women 2026/27,pre_24h_to_1h,54,0.2008409375559134
UEFA Champions League Women 2026/27,pre_24h_to_1h,55,0.204165921154649
UEFA Champions League Women 2026/27,pre_24h_to_1h,56,0.2074610842726784
UEFA Champions League Women 2026/27,pre_24h_to_1h,57,0.2107413371503548
UEFA Champions League Women 2026/27,pre_24h_to_1h,58,0.2140663207490905
UEFA Champions League Women 2026/27,pre_24h_to_1h,59,0.217391304347826
UEFA Champions League Women 2026/27,pre_24h_to_1h,60,0.2206864674658555
UEFA Champions League Women 2026/27,pre_24h_to_1h,61,0.2239518101031788
UEFA Champions League Women 2026/27,pre_24h_to_1h,62,0.2272320629808552
UEFA Champions League Women 2026/27,pre_24h_to_1h,63,0.2304974056181785
UEFA Champions League Women 2026/27,pre_24h_to_1h,64,0.2337627482555019
UEFA Champions League Women 2026/27,pre_24h_to_1h,65,0.2370280908928252
UEFA Champions League Women 2026/27,pre_24h_to_1h,66,0.2402785232897954
UEFA Champions League Women 2026/27,pre_24h_to_1h,67,0.2434842249657064
UEFA Champions League Women 2026/27,pre_24h_to_1h,68,0.2466750164012643
UEFA Champions League Women 2026/27,pre_24h_to_1h,69,0.2498807180771754
UEFA Champions League Women 2026/27,pre_24h_to_1h,70,0.2531013299934395
UEFA Champions League Women 2026/27,pre_24h_to_1h,71,0.2563070316693505
UEFA Champions League Women 2026/27,pre_24h_to_1h,72,0.2595127333452615
UEFA Champions League Women 2026/27,pre_24h_to_1h,73,0.2626886145404664
UEFA Champions League Women 2026/27,pre_24h_to_1h,74,0.2658346752549651
UEFA Champions League Women 2026/27,pre_24h_to_1h,75,0.2689658257291107
UEFA Champions League Women 2026/27,pre_24h_to_1h,76,0.2720522454821972
UEFA Champions League Women 2026/27,pre_24h_to_1h,77,0.2751386652352836
UEFA Champions League Women 2026/27,pre_24h_to_1h,78,0.2782101747480169
UEFA Champions League Women 2026/27,pre_24h_to_1h,79,0.2813115047414564
UEFA Champions League Women 2026/27,pre_24h_to_1h,80,0.2844128347348959
UEFA Champions League Women 2026/27,pre_24h_to_1h,81,0.2875290749686885
UEFA Champions League Women 2026/27,pre_24h_to_1h,82,0.2905856742410688
UEFA Champions League Women 2026/27,pre_24h_to_1h,83,0.2936720939941551
UEFA Champions League Women 2026/27,pre_24h_to_1h,84,0.2967734239875946
UEFA Champions League Women 2026/27,pre_24h_to_1h,85,0.299844933500328
UEFA Champions League Women 2026/27,pre_24h_to_1h,86,0.3028717122920021
UEFA Champions League Women 2026/27,pre_24h_to_1h,87,0.3058686706029701
UEFA Champions League Women 2026/27,pre_24h_to_1h,88,0.308850718673585
UEFA Champions League Women 2026/27,pre_24h_to_1h,89,0.3118327667441999
UEFA Champions League Women 2026/27,pre_24h_to_1h,90,0.3148148148148148
UEFA Champions League Women 2026/27,pre_24h_to_1h,91,0.3177968628854297
UEFA Champions League Women 2026/27,pre_24h_to_1h,92,0.3207789109560446
UEFA Champions League Women 2026/27,pre_24h_to_1h,93,0.3237609590266595
UEFA Champions League Women 2026/27,pre_24h_to_1h,94,0.3267579173376275
UEFA Champions League Women 2026/27,pre_24h_to_1h,95,0.3297697858889485
UEFA Champions League Women 2026/27,pre_24h_to_1h,96,0.3327816544402696
UEFA Champions League Women 2026/27,pre_24h_to_1h,97,0.3357786127512375
UEFA Champions League Women 2026/27,pre_24h_to_1h,98,0.3387606608218524
UEFA Champions League Women 2026/27,pre_24h_to_1h,99,0.3417277986521143
UEFA Champions League Women 2026/27,pre_24h_to_1h,100,0.344680026242023
UEFA Champions League Women 2026/27,pre_24h_to_1h,101,0.3476322538319317
UEFA Champions League Women 2026/27,pre_24h_to_1h,102,0.3505993916621936
UEFA Champions League Women 2026/27,pre_24h_to_1h,103,0.3535516192521023
UEFA Champions League Women 2026/27,pre_24h_to_1h,104,0.3565038468420111
UEFA Champions League Women 2026/27,pre_24h_to_1h,105,0.3594411641915667
UEFA Champions League Women 2026/27,pre_24h_to_1h,106,0.3623635713007693
UEFA Champions League Women 2026/27,pre_24h_to_1h,107,0.365300888650325
UEFA Champions League Women 2026/27,pre_24h_to_1h,108,0.3682382059998807
UEFA Champions League Women 2026/27,pre_24h_to_1h,109,0.3712053438301425
UEFA Champions League Women 2026/27,pre_24h_to_1h,110,0.3741724816604043
UEFA Champions League Women 2026/27,pre_24h_to_1h,111,0.3771247092503131
UEFA Champions League Women 2026/27,pre_24h_to_1h,112,0.3800620265998687
UEFA Champions League Women 2026/27,pre_24h_to_1h,113,0.3830291644301306
UEFA Champions League Women 2026/27,pre_24h_to_1h,114,0.3859813920200393
UEFA Champions League Women 2026/27,pre_24h_to_1h,115,0.3889336196099481
UEFA Champions League Women 2026/27,pre_24h_to_1h,116,0.3919007574402099
UEFA Champions League Women 2026/27,pre_24h_to_1h,117,0.3948678952704718
UEFA Champions League Women 2026/27,pre_24h_to_1h,118,0.3978350331007336
UEFA Champions League Women 2026/27,pre_24h_to_1h,119,0.4008021709309954
UEFA Champions League Women 2026/27,pre_24h_to_1h,120,0.4037693087612572
UEFA Champions League Women 2026/27,pre_24h_to_1h,121,0.4067513568318721
UEFA Champions League Women 2026/27,pre_24h_to_1h,122,0.4097035844217809
UEFA Champions League Women 2026/27,pre_24h_to_1h,123,0.4126558120116896
UEFA Champions League Women 2026/27,pre_24h_to_1h,124,0.4156080396015983
UEFA Champions League Women 2026/27,pre_24h_to_1h,125,0.4185602671915071
UEFA Champions League Women 2026/27,pre_24h_to_1h,126,0.4215274050217689
UEFA Champions League Women 2026/27,pre_24h_to_1h,127,0.4244647223713246
UEFA Champions League Women 2026/27,pre_24h_to_1h,128,0.4274020397208803
UEFA Champions League Women 2026/27,pre_24h_to_1h,129,0.4303244468300829
UEFA Champions League Women 2026/27,pre_24h_to_1h,130,0.4332617641796386
UEFA Champions League Women 2026/27,pre_24h_to_1h,131,0.4362289020099004
UEFA Champions League Women 2026/27,pre_24h_to_1h,132,0.4391960398401622
UEFA Champions League Women 2026/27,pre_24h_to_1h,133,0.4421482674300709
UEFA Champions League Women 2026/27,pre_24h_to_1h,134,0.4451004950199797
UEFA Champions League Women 2026/27,pre_24h_to_1h,135,0.4480527226098885
UEFA Champions League Women 2026/27,pre_24h_to_1h,136,0.4510049501997972
UEFA Champions League Women 2026/27,pre_24h_to_1h,137,0.4539571777897059
UEFA Champions League Women 2026/27,pre_24h_to_1h,138,0.4569094053796147
UEFA Champions League Women 2026/27,pre_24h_to_1h,139,0.4598616329695235
UEFA Champions League Women 2026/27,pre_24h_to_1h,140,0.4628138605594322
UEFA Champions League Women 2026/27,pre_24h_to_1h,141,0.4657660881493409
UEFA Champions League Women 2026/27,pre_24h_to_1h,142,0.4687183157392497
UEFA Champions League Women 2026/27,pre_24h_to_1h,143,0.4716705433291585
UEFA Champions League Women 2026/27,pre_24h_to_1h,144,0.4746227709190672
UEFA Champions League Women 2026/27,pre_24h_to_1h,145,0.4775600882686229
UEFA Champions League Women 2026/27,pre_24h_to_1h,146,0.4804974056181785
UEFA Champions League Women 2026/27,pre_24h_to_1h,147,0.4834347229677342
UEFA Champions League Women 2026/27,pre_24h_to_1h,148,0.4863720403172899
UEFA Champions League Women 2026/27,pre_24h_to_1h,149,0.4893093576668456
UEFA Champions League Women 2026/27,pre_24h_to_1h,150,0.4922466750164013
UEFA Champions League Women 2026/27,pre_24h_to_1h,151,0.49519890260631
UEFA Champions League Women 2026/27,pre_24h_to_1h,152,0.4981511301962187
UEFA Champions League Women 2026/27,pre_24h_to_1h,153,0.5011182680264806
UEFA Champions League Women 2026/27,pre_24h_to_1h,154,0.5040854058567424
UEFA Champions League Women 2026/27,pre_24h_to_1h,155,0.5070376334466512
UEFA Champions League Women 2026/27,pre_24h_to_1h,156,0.510004771276913
UEFA Champions League Women 2026/27,pre_24h_to_1h,157,0.5129719091071748
UEFA Champions League Women 2026/27,pre_24h_to_1h,158,0.5159390469374366
UEFA Champions League Women 2026/27,pre_24h_to_1h,159,0.5189061847676985
UEFA Champions League Women 2026/27,pre_24h_to_1h,160,0.5218733225979603
UEFA Champions League Women 2026/27,pre_24h_to_1h,161,0.5248553706685751
UEFA Champions League Women 2026/27,pre_24h_to_1h,162,0.5278374187391901
UEFA Champions League Women 2026/27,pre_24h_to_1h,163,0.530819466809805
UEFA Champions League Women 2026/27,pre_24h_to_1h,164,0.5338015148804198
UEFA Champions League Women 2026/27,pre_24h_to_1h,165,0.5367835629510348
UEFA Champions League Women 2026/27,pre_24h_to_1h,166,0.5397656110216497
UEFA Champions League Women 2026/27,pre_24h_to_1h,167,0.5427625693326177
UEFA Champions League Women 2026/27,pre_24h_to_1h,168,0.5457744378839386
UEFA Champions League Women 2026/27,pre_24h_to_1h,169,0.5487863064352597
UEFA Champions League Women 2026/27,pre_24h_to_1h,170,0.5517981749865808
UEFA Champions League Women 2026/27,pre_24h_to_1h,171,0.5548249537782549
UEFA Champions League Women 2026/27,pre_24h_to_1h,172,0.5578219120892228
UEFA Champions League Women 2026/27,pre_24h_to_1h,173,0.5608188704001908
UEFA Champions League Women 2026/27,pre_24h_to_1h,174,0.5638158287111589
UEFA Champions League Women 2026/27,pre_24h_to_1h,175,0.5668127870221268
UEFA Champions League Women 2026/27,pre_24h_to_1h,176,0.5698246555734479
UEFA Champions League Women 2026/27,pre_24h_to_1h,177,0.572851434365122
UEFA Champions League Women 2026/27,pre_24h_to_1h,178,0.575863302916443
UEFA Champions League Women 2026/27,pre_24h_to_1h,179,0.578860261227411
UEFA Champions League Women 2026/27,pre_24h_to_1h,180,0.581872129778732
UEFA Champions League Women 2026/27,pre_24h_to_1h,181,0.5848839983300531
UEFA Champions League Women 2026/27,pre_24h_to_1h,182,0.5879107771217272
UEFA Champions League Women 2026/27,pre_24h_to_1h,183,0.5909375559134014
UEFA Champions League Women 2026/27,pre_24h_to_1h,184,0.5939345142243693
UEFA Champions League Women 2026/27,pre_24h_to_1h,185,0.5969314725353373
UEFA Champions League Women 2026/27,pre_24h_to_1h,186,0.5999433410866584
UEFA Champions League Women 2026/27,pre_24h_to_1h,187,0.6029402993976263
UEFA Champions League Women 2026/27,pre_24h_to_1h,188,0.6059372577085943
UEFA Champions League Women 2026/27,pre_24h_to_1h,189,0.6089342160195622
UEFA Champions League Women 2026/27,pre_24h_to_1h,190,0.6119311743305302
UEFA Champions League Women 2026/27,pre_24h_to_1h,191,0.6149281326414981
UEFA Champions League Women 2026/27,pre_24h_to_1h,192,0.6179101807121131
UEFA Champions League Women 2026/27,pre_24h_to_1h,193,0.620892228782728
UEFA Champions League Women 2026/27,pre_24h_to_1h,194,0.6238742768533428
UEFA Champions League Women 2026/27,pre_24h_to_1h,195,0.6268265044432516
UEFA Champions League Women 2026/27,pre_24h_to_1h,196,0.6297787320331604
UEFA Champions League Women 2026/27,pre_24h_to_1h,197,0.6327458698634222
UEFA Champions League Women 2026/27,pre_24h_to_1h,198,0.635713007693684
UEFA Champions League Women 2026/27,pre_24h_to_1h,199,0.6386801455239458
UEFA Champions League Women 2026/27,pre_24h_to_1h,200,0.6416472833542076
UEFA Champions League Women 2026/27,pre_24h_to_1h,201,0.6446144211844695
UEFA Champions League Women 2026/27,pre_24h_to_1h,202,0.6475815590147314
UEFA Champions League Women 2026/27,pre_24h_to_1h,203,0.6505486968449932
UEFA Champions League Women 2026/27,pre_24h_to_1h,204,0.653530744915608
UEFA Champions League Women 2026/27,pre_24h_to_1h,205,0.656527703226576
UEFA Champions League Women 2026/27,pre_24h_to_1h,206,0.659539571777897
UEFA Champions League Women 2026/27,pre_24h_to_1h,207,0.662521619848512
UEFA Champions League Women 2026/27,pre_24h_to_1h,208,0.6654887576787738
UEFA Champions League Women 2026/27,pre_24h_to_1h,209,0.6684558955090356
UEFA Champions League Women 2026/27,pre_24h_to_1h,210,0.6714230333392974
UEFA Champions League Women 2026/27,pre_24h_to_1h,211,0.6743901711695592
UEFA Champions League Women 2026/27,pre_24h_to_1h,212,0.677357308999821
UEFA Champions League Women 2026/27,pre_24h_to_1h,213,0.6803244468300829
UEFA Champions League Women 2026/27,pre_24h_to_1h,214,0.6832915846603447
UEFA Champions League Women 2026/27,pre_24h_to_1h,215,0.6862438122502534
UEFA Champions League Women 2026/27,pre_24h_to_1h,216,0.6892109500805152
UEFA Champions League Women 2026/27,pre_24h_to_1h,217,0.6921780879107772
UEFA Champions League Women 2026/27,pre_24h_to_1h,218,0.695145225741039
UEFA Champions League Women 2026/27,pre_24h_to_1h,219,0.6981123635713008
UEFA Champions League Women 2026/27,pre_24h_to_1h,220,0.7011093218822687
UEFA Champions League Women 2026/27,pre_24h_to_1h,221,0.7041211904335898
UEFA Champions League Women 2026/27,pre_24h_to_1h,222,0.7071479692252639
UEFA Champions League Women 2026/27,pre_24h_to_1h,223,0.7101896582572911
UEFA Champions League Women 2026/27,pre_24h_to_1h,224,0.7132015268086122
UEFA Champions League Women 2026/27,pre_24h_to_1h,225,0.7161984851195802
UEFA Champions League Women 2026/27,pre_24h_to_1h,226,0.7191954434305481
UEFA Champions League Women 2026/27,pre_24h_to_1h,227,0.722177491501163
UEFA Champions League Women 2026/27,pre_24h_to_1h,228,0.7251595395717779
UEFA Champions League Women 2026/27,pre_24h_to_1h,229,0.7281415876423928
UEFA Champions League Women 2026/27,pre_24h_to_1h,230,0.7311236357130076
UEFA Champions League Women 2026/27,pre_24h_to_1h,231,0.7341205940239757
UEFA Champions League Women 2026/27,pre_24h_to_1h,232,0.7371175523349437
UEFA Champions League Women 2026/27,pre_24h_to_1h,233,0.7401145106459116
UEFA Champions League Women 2026/27,pre_24h_to_1h,234,0.7430965587165265
UEFA Champions League Women 2026/27,pre_24h_to_1h,235,0.7460786067871414
UEFA Champions League Women 2026/27,pre_24h_to_1h,236,0.7490606548577563
UEFA Champions League Women 2026/27,pre_24h_to_1h,237,0.7520427029283712
UEFA Champions League Women 2026/27,pre_24h_to_1h,238,0.755009840758633
UEFA Champions League Women 2026/27,pre_24h_to_1h,239,0.7579769785888949
UEFA Champions League Women 2026/27,pre_24h_to_1h,240,0.7609590266595098
UEFA Champions League Women 2026/27,pre_24h_to_1h,241,0.7639559849704777
UEFA Champions League Women 2026/27,pre_24h_to_1h,242,0.7669678535217987
UEFA Champions League Women 2026/27,pre_24h_to_1h,243,0.7699946323134729
UEFA Champions League Women 2026/27,pre_24h_to_1h,244,0.7730065008647939
UEFA Champions League Women 2026/27,pre_24h_to_1h,245,0.776018369416115
UEFA Champions League Women 2026/27,pre_24h_to_1h,246,0.7790302379674361
UEFA Champions League Women 2026/27,pre_24h_to_1h,247,0.7820570167591101
UEFA Champions League Women 2026/27,pre_24h_to_1h,248,0.7850837955507842
UEFA Champions League Women 2026/27,pre_24h_to_1h,249,0.7880807538617522
UEFA Champions League Women 2026/27,pre_24h_to_1h,250,0.7910628019323671
UEFA Champions League Women 2026/27,pre_24h_to_1h,251,0.7940448500029821
UEFA Champions League Women 2026/27,pre_24h_to_1h,252,0.797026898073597
UEFA Champions League Women 2026/27,pre_24h_to_1h,253,0.8000089461442118
UEFA Champions League Women 2026/27,pre_24h_to_1h,254,0.8029909942148268
UEFA Champions League Women 2026/27,pre_24h_to_1h,255,0.8059730422854416
UEFA Champions League Women 2026/27,pre_24h_to_1h,256,0.8089550903560565
UEFA Champions League Women 2026/27,pre_24h_to_1h,257,0.8119371384266715
UEFA Champions League Women 2026/27,pre_24h_to_1h,258,0.8149191864972863
UEFA Champions League Women 2026/27,pre_24h_to_1h,259,0.8179161448082544
UEFA Champions League Women 2026/27,pre_24h_to_1h,260,0.8209131031192223
UEFA Champions League Women 2026/27,pre_24h_to_1h,261,0.8238802409494841
UEFA Champions League Women 2026/27,pre_24h_to_1h,262,0.8268473787797459
UEFA Champions League Women 2026/27,pre_24h_to_1h,263,0.8298145166100077
UEFA Champions League Women 2026/27,pre_24h_to_1h,264,0.8327816544402695
UEFA Champions League Women 2026/27,pre_24h_to_1h,265,0.8357338820301783
UEFA Champions League Women 2026/27,pre_24h_to_1h,266,0.838686109620087
UEFA Champions League Women 2026/27,pre_24h_to_1h,267,0.8416383372099958
UEFA Champions League Women 2026/27,pre_24h_to_1h,268,0.8445756545595515
UEFA Champions League Women 2026/27,pre_24h_to_1h,269,0.8475278821494603
UEFA Champions League Women 2026/27,pre_24h_to_1h,270,0.8504950199797221
UEFA Champions League Women 2026/27,pre_24h_to_1h,271,0.853477068050337
UEFA Champions League Women 2026/27,pre_24h_to_1h,272,0.8564591161209518
UEFA Champions League Women 2026/27,pre_24h_to_1h,273,0.8594411641915668
UEFA Champions League Women 2026/27,pre_24h_to_1h,274,0.8623933917814756
UEFA Champions League Women 2026/27,pre_24h_to_1h,275,0.8653307091310312
UEFA Champions League Women 2026/27,pre_24h_to_1h,276,0.8682531162402338
UEFA Champions League Women 2026/27,pre_24h_to_1h,277,0.8711755233494364
UEFA Champions League Women 2026/27,pre_24h_to_1h,278,0.874097930458639
UEFA Champions League Women 2026/27,pre_24h_to_1h,279,0.8770203375678416
UEFA Champions League Women 2026/27,pre_24h_to_1h,280,0.8799278344366911
UEFA Champions League Women 2026/27,pre_24h_to_1h,281,0.8828353313055406
UEFA Champions League Women 2026/27,pre_24h_to_1h,282,0.8857428281743902
UEFA Champions League Women 2026/27,pre_24h_to_1h,283,0.8886503250432397
UEFA Champions League Women 2026/27,pre_24h_to_1h,284,0.8915578219120892
UEFA Champions League Women 2026/27,pre_24h_to_1h,285,0.8944653187809387
UEFA Champions League Women 2026/27,pre_24h_to_1h,286,0.8973728156497883
UEFA Champions League Women 2026/27,pre_24h_to_1h,287,0.9002803125186378
UEFA Champions League Women 2026/27,pre_24h_to_1h,288,0.9031878093874872
UEFA Champions League Women 2026/27,pre_24h_to_1h,289,0.9060953062563368
UEFA Champions League Women 2026/27,pre_24h_to_1h,290,0.9090028031251864
UEFA Champions League Women 2026/27,pre_24h_to_1h,291,0.911910299994036
UEFA Champions League Women 2026/27,pre_24h_to_1h,292,0.9148028866225324
UEFA Champions League Women 2026/27,pre_24h_to_1h,293,0.9176954732510288
UEFA Champions League Women 2026/27,pre_24h_to_1h,294,0.9205880598795252
UEFA Champions League Women 2026/27,pre_24h_to_1h,295,0.9234955567483748
UEFA Champions League Women 2026/27,pre_24h_to_1h,296,0.9264030536172244
UEFA Champions League Women 2026/27,pre_24h_to_1h,297,0.9293105504860738
UEFA Champions League Women 2026/27,pre_24h_to_1h,298,0.9322180473549232
UEFA Champions League Women 2026/27,pre_24h_to_1h,299,0.9351255442237728
UEFA Champions League Women 2026/27,pre_24h_to_1h,300,0.9380479513329756
UEFA Champions League Women 2026/27,pre_last_hour,1,0.0
UEFA Champions League Women 2026/27,pre_last_hour,2,0.0024005486968449
UEFA Champions League Women 2026/27,pre_last_hour,3,0.0161179698216735
UEFA Champions League Women 2026/27,pre_last_hour,4,0.0486968449931412
UEFA Champions League Women 2026/27,pre_last_hour,5,0.0840192043895747
UEFA Champions League Women 2026/27,pre_last_hour,6,0.1186556927297668
UEFA Champions League Women 2026/27,pre_last_hour,7,0.1515775034293552
UEFA Champions League Women 2026/27,pre_last_hour,8,0.1834705075445816
UEFA Champions League Women 2026/27,pre_last_hour,9,0.2160493827160493
UEFA Champions League Women 2026/27,pre_last_hour,10,0.2479423868312757
UEFA Champions League Women 2026/27,pre_last_hour,11,0.2801783264746227
UEFA Champions League Women 2026/27,pre_last_hour,12,0.3117283950617284
UEFA Champions League Women 2026/27,pre_last_hour,13,0.3436213991769547
UEFA Champions League Women 2026/27,pre_last_hour,14,0.3762002743484225
UEFA Champions League Women 2026/27,pre_last_hour,15,0.4080932784636488
UEFA Champions League Women 2026/27,pre_last_hour,16,0.4399862825788752
UEFA Champions League Women 2026/27,pre_last_hour,17,0.4722222222222222
UEFA Champions League Women 2026/27,pre_last_hour,18,0.50480109739369
UEFA Champions League Women 2026/27,pre_last_hour,19,0.5363511659807956
UEFA Champions League Women 2026/27,pre_last_hour,20,0.5682441700960219
UEFA Champions League Women 2026/27,pre_last_hour,21,0.5997942386831275
UEFA Champions League Women 2026/27,pre_last_hour,22,0.6306584362139918
UEFA Champions League Women 2026/27,pre_last_hour,23,0.6618655692729767
UEFA Champions League Women 2026/27,pre_last_hour,24,0.6930727023319616
UEFA Champions League Women 2026/27,pre_last_hour,25,0.7242798353909465
UEFA Champions League Women 2026/27,pre_last_hour,26,0.7554869684499315
UEFA Champions League Women 2026/27,pre_last_hour,27,0.7866941015089163
UEFA Champions League Women 2026/27,pre_last_hour,28,0.8172153635116598
UEFA Champions League Women 2026/27,pre_last_hour,29,0.8484224965706447
UEFA Champions League Women 2026/27,pre_last_hour,30,0.879286694101509
UEFA Champions League Women 2026/27,pre_last_hour,31,0.9098079561042524
UEFA Champions League Women 2026/27,pre_last_hour,32,0.940329218106996
UEFA Champions League Women 2026/27,pre_last_hour,33,0.97119341563786
UEFA Champions League Women 2026/27,pre_last_hour,34,1.0013717421124828
UEFA Champions League Women 2026/27,pre_last_hour,35,1.0322359396433471
UEFA Champions League Women 2026/27,pre_last_hour,36,1.063443072702332
UEFA Champions League Women 2026/27,pre_last_hour,37,1.0946502057613168
UEFA Champions League Women 2026/27,pre_last_hour,38,1.1258573388203017
UEFA Champions League Women 2026/27,pre_last_hour,39,1.156721536351166
UEFA Champions League Women 2026/27,pre_last_hour,40,1.18758573388203
UEFA Champions League Women 2026/27,pre_last_hour,41,1.2181069958847737
UEFA Champions League Women 2026/27,pre_last_hour,42,1.2486282578875172
UEFA Champions League Women 2026/27,pre_last_hour,43,1.27880658436214
UEFA Champions League Women 2026/27,pre_last_hour,44,1.308641975308642
UEFA Champions League Women 2026/27,pre_last_hour,45,1.3391632373113855
UEFA Champions League Women 2026/27,pre_last_hour,46,1.3696844993141288
UEFA Champions League Women 2026/27,pre_last_hour,47,1.3998628257887518
UEFA Champions League Women 2026/27,pre_last_hour,48,1.4286694101508917
UEFA Champions League Women 2026/27,pre_last_hour,49,1.458161865569273
UEFA Champions League Women 2026/27,pre_last_hour,50,1.487997256515775
UEFA Champions League Women 2026/27,pre_last_hour,51,1.5181755829903978
UEFA Champions League Women 2026/27,pre_last_hour,52,1.547668038408779
UEFA Champions League Women 2026/27,pre_last_hour,53,1.5768175582990398
UEFA Champions League Women 2026/27,pre_last_hour,54,1.6059670781893003
UEFA Champions League Women 2026/27,pre_last_hour,55,1.635116598079561
UEFA Champions League Women 2026/27,pre_last_hour,56,1.663923182441701
UEFA Champions League Women 2026/27,pre_last_hour,57,1.6930727023319616
UEFA Champions League Women 2026/27,pre_last_hour,58,1.7229080932784635
UEFA Champions League Women 2026/27,pre_last_hour,59,1.7530864197530864
UEFA Champions League Women 2026/27,pre_last_hour,60,1.7829218106995883
UEFA Champions League Women 2026/27,pre_last_hour,61,1.8117283950617284
UEFA Champions League Women 2026/27,pre_last_hour,62,1.840877914951989
UEFA Champions League Women 2026/27,pre_last_hour,63,1.8696844993141288
UEFA Champions League Women 2026/27,pre_last_hour,64,1.898834019204389
UEFA Champions League Women 2026/27,pre_last_hour,65,1.9279835390946505
UEFA Champions League Women 2026/27,pre_last_hour,66,1.9571330589849107
UEFA Champions League Women 2026/27,pre_last_hour,67,1.9862825788751717
UEFA Champions League Women 2026/27,pre_last_hour,68,2.015432098765432
UEFA Champions League Women 2026/27,pre_last_hour,69,2.044238683127572
UEFA Champions League Women 2026/27,pre_last_hour,70,2.072702331961591
UEFA Champions League Women 2026/27,pre_last_hour,71,2.1011659807956105
UEFA Champions League Women 2026/27,pre_last_hour,72,2.1299725651577504
UEFA Champions League Women 2026/27,pre_last_hour,73,2.159122085048011
UEFA Champions League Women 2026/27,pre_last_hour,74,2.189300411522633
UEFA Champions League Women 2026/27,pre_last_hour,75,2.219135802469136
UEFA Champions League Women 2026/27,pre_last_hour,76,2.248628257887517
UEFA Champions League Women 2026/27,pre_last_hour,77,2.2781207133058983
UEFA Champions League Women 2026/27,pre_last_hour,78,2.30761316872428
UEFA Champions League Women 2026/27,pre_last_hour,79,2.3371056241426613
UEFA Champions League Women 2026/27,pre_last_hour,80,2.366255144032922
UEFA Champions League Women 2026/27,pre_last_hour,81,2.3950617283950617
UEFA Champions League Women 2026/27,pre_last_hour,82,2.4238683127572016
UEFA Champions League Women 2026/27,pre_last_hour,83,2.452674897119341
UEFA Champions League Women 2026/27,pre_last_hour,84,2.4814814814814814
UEFA Champions League Women 2026/27,pre_last_hour,85,2.5102880658436213
UEFA Champions League Women 2026/27,pre_last_hour,86,2.539094650205761
UEFA Champions League Women 2026/27,pre_last_hour,87,2.568244170096022
UEFA Champions League Women 2026/27,pre_last_hour,88,2.5973936899862826
UEFA Champions League Women 2026/27,pre_last_hour,89,2.6272290809327847
UEFA Champions League Women 2026/27,pre_last_hour,90,2.657064471879287
UEFA Champions League Women 2026/27,pre_last_hour,91,2.6872427983539096
UEFA Champions League Women 2026/27,pre_last_hour,92,2.717078189300412
UEFA Champions League Women 2026/27,pre_last_hour,93,2.746913580246914
UEFA Champions League Women 2026/27,pre_last_hour,94,2.776406035665295
UEFA Champions League Women 2026/27,pre_last_hour,95,2.806241426611797
UEFA Champions League Women 2026/27,pre_last_hour,96,2.836076817558299
UEFA Champions League Women 2026/27,pre_last_hour,97,2.865912208504801
UEFA Champions League Women 2026/27,pre_last_hour,98,2.8954046639231823
UEFA Champions League Women 2026/27,pre_last_hour,99,2.924897119341564
UEFA Champions League Women 2026/27,pre_last_hour,100,2.9540466392318243
UEFA Champions League Women 2026/27,pre_last_hour,101,2.982853223593964
UEFA Champions League Women 2026/27,pre_last_hour,102,3.0113168724279835
UEFA Champions League Women 2026/27,pre_last_hour,103,3.039780521262003
UEFA Champions League Women 2026/27,pre_last_hour,104,3.0685871056241427
UEFA Champions League Women 2026/27,pre_last_hour,105,3.097736625514403
UEFA Champions League Women 2026/27,pre_last_hour,106,3.126543209876543
UEFA Champions League Women 2026/27,pre_last_hour,107,3.1550068587105624
UEFA Champions League Women 2026/27,pre_last_hour,108,3.1834705075445817
UEFA Champions League Women 2026/27,pre_last_hour,109,3.211934156378601
UEFA Champions League Women 2026/27,pre_last_hour,110,3.24039780521262
UEFA Champions League Women 2026/27,pre_last_hour,111,3.26920438957476
UEFA Champions League Women 2026/27,pre_last_hour,112,3.297668038408779
UEFA Champions League Women 2026/27,pre_last_hour,113,3.325788751714678
UEFA Champions League Women 2026/27,pre_last_hour,114,3.353909465020576
UEFA Champions League Women 2026/27,pre_last_hour,115,3.382030178326475
UEFA Champions League Women 2026/27,pre_last_hour,116,3.4104938271604937
UEFA Champions League Women 2026/27,pre_last_hour,117,3.438957475994513
UEFA Champions League Women 2026/27,pre_last_hour,118,3.467764060356653
UEFA Champions League Women 2026/27,pre_last_hour,119,3.496227709190672
UEFA Champions League Women 2026/27,pre_last_hour,120,3.5243484224965704
UEFA Champions League Women 2026/27,pre_last_hour,121,3.552469135802469
UEFA Champions League Women 2026/27,pre_last_hour,122,3.5805898491083674
UEFA Champions League Women 2026/27,pre_last_hour,123,3.608710562414266
UEFA Champions League Women 2026/27,pre_last_hour,124,3.636831275720165
UEFA Champions League Women 2026/27,pre_last_hour,125,3.664951989026063
UEFA Champions League Women 2026/27,pre_last_hour,126,3.6930727023319614
UEFA Champions League Women 2026/27,pre_last_hour,127,3.72119341563786
UEFA Champions League Women 2026/27,pre_last_hour,128,3.7493141289437584
UEFA Champions League Women 2026/27,pre_last_hour,129,3.777434842249657
UEFA Champions League Women 2026/27,pre_last_hour,130,3.8055555555555554
UEFA Champions League Women 2026/27,pre_last_hour,131,3.834019204389575
UEFA Champions League Women 2026/27,pre_last_hour,132,3.862482853223594
UEFA Champions League Women 2026/27,pre_last_hour,133,3.890946502057613
UEFA Champions League Women 2026/27,pre_last_hour,134,3.9194101508916326
UEFA Champions League Women 2026/27,pre_last_hour,135,3.947873799725651
UEFA Champions League Women 2026/27,pre_last_hour,136,3.9766803840877913
UEFA Champions League Women 2026/27,pre_last_hour,137,4.005486968449931
UEFA Champions League Women 2026/27,pre_last_hour,138,4.035322359396433
UEFA Champions League Women 2026/27,pre_last_hour,139,4.065500685871056
UEFA Champions League Women 2026/27,pre_last_hour,140,4.095679012345679
UEFA Champions League Women 2026/27,pre_last_hour,141,4.126200274348422
UEFA Champions League Women 2026/27,pre_last_hour,142,4.156378600823046
UEFA Champions League Women 2026/27,pre_last_hour,143,4.185871056241426
UEFA Champions League Women 2026/27,pre_last_hour,144,4.215363511659808
UEFA Champions League Women 2026/27,pre_last_hour,145,4.244170096021948
UEFA Champions League Women 2026/27,pre_last_hour,146,4.273319615912208
UEFA Champions League Women 2026/27,pre_last_hour,147,4.302469135802469
UEFA Champions League Women 2026/27,pre_last_hour,148,4.330932784636488
UEFA Champions League Women 2026/27,pre_last_hour,149,4.359396433470508
UEFA Champions League Women 2026/27,pre_last_hour,150,4.387517146776406
UEFA Champions League Women 2026/27,pre_last_hour,151,4.415637860082304
UEFA Champions League Women 2026/27,pre_last_hour,152,4.444101508916324
UEFA Champions League Women 2026/27,pre_last_hour,153,4.472565157750343
UEFA Champions League Women 2026/27,pre_last_hour,154,4.501028806584362
UEFA Champions League Women 2026/27,pre_last_hour,155,4.5294924554183815
UEFA Champions League Women 2026/27,pre_last_hour,156,4.5579561042524
UEFA Champions League Women 2026/27,pre_last_hour,157,4.586076817558299
UEFA Champions League Women 2026/27,pre_last_hour,158,4.614197530864198
UEFA Champions League Women 2026/27,pre_last_hour,159,4.642661179698217
UEFA Champions League Women 2026/27,pre_last_hour,160,4.671124828532236
UEFA Champions League Women 2026/27,pre_last_hour,161,4.699588477366255
UEFA Champions League Women 2026/27,pre_last_hour,162,4.728052126200274
UEFA Champions League Women 2026/27,pre_last_hour,163,4.756515775034294
UEFA Champions League Women 2026/27,pre_last_hour,164,4.784979423868313
UEFA Champions League Women 2026/27,pre_last_hour,165,4.813443072702332
UEFA Champions League Women 2026/27,pre_last_hour,166,4.841563786008231
UEFA Champions League Women 2026/27,pre_last_hour,167,4.87002743484225
UEFA Champions League Women 2026/27,pre_last_hour,168,4.8984910836762685
UEFA Champions League Women 2026/27,pre_last_hour,169,4.926954732510288
UEFA Champions League Women 2026/27,pre_last_hour,170,4.954389574759945
UEFA Champions League Women 2026/27,pre_last_hour,171,4.981824417009602
UEFA Champions League Women 2026/27,pre_last_hour,172,5.00925925925926
UEFA Champions League Women 2026/27,pre_last_hour,173,5.036694101508917
UEFA Champions League Women 2026/27,pre_last_hour,174,5.064128943758574
UEFA Champions League Women 2026/27,pre_last_hour,175,5.091906721536351
UEFA Champions League Women 2026/27,pre_last_hour,176,5.119684499314129
UEFA Champions League Women 2026/27,pre_last_hour,177,5.147462277091907
UEFA Champions League Women 2026/27,pre_last_hour,178,5.174897119341564
UEFA Champions League Women 2026/27,pre_last_hour,179,5.202331961591221
UEFA Champions League Women 2026/27,pre_last_hour,180,5.229766803840878
UEFA Champions League Women 2026/27,pre_last_hour,181,5.257201646090535
UEFA Champions League Women 2026/27,pre_last_hour,182,5.284293552812072
UEFA Champions League Women 2026/27,pre_last_hour,183,5.311385459533608
UEFA Champions League Women 2026/27,pre_last_hour,184,5.338477366255144
UEFA Champions League Women 2026/27,pre_last_hour,185,5.36556927297668
UEFA Champions League Women 2026/27,pre_last_hour,186,5.392318244170096
UEFA Champions League Women 2026/27,pre_last_hour,187,5.419067215363512
UEFA Champions League Women 2026/27,pre_last_hour,188,5.445816186556927
UEFA Champions League Women 2026/27,pre_last_hour,189,5.472908093278464
UEFA Champions League Women 2026/27,pre_last_hour,190,5.5
UEFA Champions League Women 2026/27,pre_last_hour,191,5.5270919067215365
UEFA Champions League Women 2026/27,pre_last_hour,192,5.554183813443073
UEFA Champions League Women 2026/27,pre_last_hour,193,5.58161865569273
UEFA Champions League Women 2026/27,pre_last_hour,194,5.609053497942387
UEFA Champions League Women 2026/27,pre_last_hour,195,5.636488340192044
UEFA Champions League Women 2026/27,pre_last_hour,196,5.66358024691358
UEFA Champions League Women 2026/27,pre_last_hour,197,5.690329218106996
UEFA Champions League Women 2026/27,pre_last_hour,198,5.717078189300412
UEFA Champions League Women 2026/27,pre_last_hour,199,5.743827160493828
UEFA Champions League Women 2026/27,pre_last_hour,200,5.770576131687243
UEFA Champions League Women 2026/27,pre_last_hour,201,5.7973251028806585
UEFA Champions League Women 2026/27,pre_last_hour,202,5.824074074074074
UEFA Champions League Women 2026/27,pre_last_hour,203,5.850823045267489
UEFA Champions League Women 2026/27,pre_last_hour,204,5.877572016460905
UEFA Champions League Women 2026/27,pre_last_hour,205,5.904320987654321
UEFA Champions League Women 2026/27,pre_last_hour,206,5.931755829903978
UEFA Champions League Women 2026/27,pre_last_hour,207,5.959190672153635
UEFA Champions League Women 2026/27,pre_last_hour,208,5.986968449931413
UEFA Champions League Women 2026/27,pre_last_hour,209,6.01440329218107
UEFA Champions League Women 2026/27,pre_last_hour,210,6.042524005486968
UEFA Champions League Women 2026/27,pre_last_hour,211,6.070644718792867
UEFA Champions League Women 2026/27,pre_last_hour,212,6.098422496570644
UEFA Champions League Women 2026/27,pre_last_hour,213,6.1258573388203015
UEFA Champions League Women 2026/27,pre_last_hour,214,6.153292181069959
UEFA Champions League Women 2026/27,pre_last_hour,215,6.181069958847736
UEFA Champions League Women 2026/27,pre_last_hour,216,6.208847736625515
UEFA Champions League Women 2026/27,pre_last_hour,217,6.236282578875172
UEFA Champions League Women 2026/27,pre_last_hour,218,6.263717421124828
UEFA Champions League Women 2026/27,pre_last_hour,219,6.291152263374485
UEFA Champions League Women 2026/27,pre_last_hour,220,6.318587105624142
UEFA Champions League Women 2026/27,pre_last_hour,221,6.346021947873799
UEFA Champions League Women 2026/27,pre_last_hour,222,6.373113854595336
UEFA Champions League Women 2026/27,pre_last_hour,223,6.399862825788752
UEFA Champions League Women 2026/27,pre_last_hour,224,6.426611796982168
UEFA Champions League Women 2026/27,pre_last_hour,225,6.453360768175583
UEFA Champions League Women 2026/27,pre_last_hour,226,6.48079561042524
UEFA Champions League Women 2026/27,pre_last_hour,227,6.508230452674897
UEFA Champions League Women 2026/27,pre_last_hour,228,6.535322359396433
UEFA Champions League Women 2026/27,pre_last_hour,229,6.561728395061729
UEFA Champions League Women 2026/27,pre_last_hour,230,6.588134430727023
UEFA Champions League Women 2026/27,pre_last_hour,231,6.613854595336077
UEFA Champions League Women 2026/27,pre_last_hour,232,6.639917695473251
UEFA Champions League Women 2026/27,pre_last_hour,233,6.665980795610425
UEFA Champions League Women 2026/27,pre_last_hour,234,6.6920438957476
UEFA Champions League Women 2026/27,pre_last_hour,235,6.718106995884773
UEFA Champions League Women 2026/27,pre_last_hour,236,6.743484224965706
UEFA Champions League Women 2026/27,pre_last_hour,237,6.76886145404664
UEFA Champions League Women 2026/27,pre_last_hour,238,6.794238683127572
UEFA Champions League Women 2026/27,pre_last_hour,239,6.819615912208505
UEFA Champions League Women 2026/27,pre_last_hour,240,6.844993141289438
UEFA Champions League Women 2026/27,pre_last_hour,241,6.87002743484225
UEFA Champions League Women 2026/27,pre_last_hour,242,6.895061728395062
UEFA Champions League Women 2026/27,pre_last_hour,243,6.920096021947874
UEFA Champions League Women 2026/27,pre_last_hour,244,6.945130315500686
UEFA Champions League Women 2026/27,pre_last_hour,245,6.970164609053498
UEFA Champions League Women 2026/27,pre_last_hour,246,6.99519890260631
UEFA Champions League Women 2026/27,pre_last_hour,247,7.020233196159122
UEFA Champions League Women 2026/27,pre_last_hour,248,7.045267489711934
UEFA Champions League Women 2026/27,pre_last_hour,249,7.0699588477366255
UEFA Champions League Women 2026/27,pre_last_hour,250,7.094650205761317
UEFA Champions League Women 2026/27,pre_last_hour,251,7.118998628257888
UEFA Champions League Women 2026/27,pre_last_hour,252,7.143347050754458
UEFA Champions League Women 2026/27,pre_last_hour,253,7.167695473251029
UEFA Champions League Women 2026/27,pre_last_hour,254,7.1920438957476
UEFA Champions League Women 2026/27,pre_last_hour,255,7.21639231824417
UEFA Champions League Women 2026/27,pre_last_hour,256,7.24074074074074
UEFA Champions League Women 2026/27,pre_last_hour,257,7.265089163237311
UEFA Champions League Women 2026/27,pre_last_hour,258,7.289094650205762
UEFA Champions League Women 2026/27,pre_last_hour,259,7.31275720164609
UEFA Champions League Women 2026/27,pre_last_hour,260,7.33641975308642
UEFA Champions League Women 2026/27,pre_last_hour,261,7.360082304526749
UEFA Champions League Women 2026/27,pre_last_hour,262,7.383744855967078
UEFA Champions League Women 2026/27,pre_last_hour,263,7.407407407407407
UEFA Champions League Women 2026/27,pre_last_hour,264,7.431069958847736
UEFA Champions League Women 2026/27,pre_last_hour,265,7.454732510288066
UEFA Champions League Women 2026/27,pre_last_hour,266,7.478395061728395
UEFA Champions League Women 2026/27,pre_last_hour,267,7.502057613168724
UEFA Champions League Women 2026/27,pre_last_hour,268,7.526063100137174
UEFA Champions League Women 2026/27,pre_last_hour,269,7.550068587105624
UEFA Champions League Women 2026/27,pre_last_hour,270,7.574074074074074
UEFA Champions League Women 2026/27,pre_last_hour,271,7.598079561042524
UEFA Champions League Women 2026/27,pre_last_hour,272,7.621742112482853
UEFA Champions League Women 2026/27,pre_last_hour,273,7.645404663923182
UEFA Champions League Women 2026/27,pre_last_hour,274,7.669410150891633
UEFA Champions League Women 2026/27,pre_last_hour,275,7.693415637860082
UEFA Champions League Women 2026/27,pre_last_hour,276,7.717421124828532
UEFA Champions League Women 2026/27,pre_last_hour,277,7.7414266117969825
UEFA Champions League Women 2026/27,pre_last_hour,278,7.765432098765432
UEFA Champions League Women 2026/27,pre_last_hour,279,7.789094650205762
UEFA Champions League Women 2026/27,pre_last_hour,280,7.81275720164609
UEFA Champions League Women 2026/27,pre_last_hour,281,7.83641975308642
UEFA Champions League Women 2026/27,pre_last_hour,282,7.860082304526749
UEFA Champions League Women 2026/27,pre_last_hour,283,7.884087791495199
UEFA Champions League Women 2026/27,pre_last_hour,284,7.908093278463649
UEFA Champions League Women 2026/27,pre_last_hour,285,7.9324417009602195
UEFA Champions League Women 2026/27,pre_last_hour,286,7.956104252400548
UEFA Champions League Women 2026/27,pre_last_hour,287,7.979766803840878
UEFA Champions League Women 2026/27,pre_last_hour,288,8.003429355281208
UEFA Champions League Women 2026/27,pre_last_hour,289,8.026748971193415
UEFA Champions League Women 2026/27,pre_last_hour,290,8.050068587105624
UEFA Champions League Women 2026/27,pre_last_hour,291,8.073388203017833
UEFA Champions League Women 2026/27,pre_last_hour,292,8.09670781893004
UEFA Champions League Women 2026/27,pre_last_hour,293,8.12002743484225
UEFA Champions League Women 2026/27,pre_last_hour,294,8.143347050754459
UEFA Champions League Women 2026/27,pre_last_hour,295,8.166666666666666
UEFA Champions League Women 2026/27,pre_last_hour,296,8.189986282578875
UEFA Champions League Women 2026/27,pre_last_hour,297,8.213305898491084
UEFA Champions League Women 2026/27,pre_last_hour,298,8.236625514403292
UEFA Champions League Women 2026/27,pre_last_hour,299,8.2599451303155
UEFA Champions League Women 2026/27,pre_last_hour,300,8.28326474622771
UEFA Champions League Women 2026/27,post_0_to_55m,1,0.0115974560419004
UEFA Champions League Women 2026/27,post_0_to_55m,2,0.0482603815937149
UEFA Champions League Women 2026/27,post_0_to_55m,3,0.1313131313131313
UEFA Champions League Women 2026/27,post_0_to_55m,4,0.2558922558922559
UEFA Champions League Women 2026/27,post_0_to_55m,5,0.3849607182940516
UEFA Champions League Women 2026/27,post_0_to_55m,6,0.5136550692106248
UEFA Champions League Women 2026/27,post_0_to_55m,7,0.6401047512158623
UEFA Champions League Women 2026/27,post_0_to_55m,8,0.7661803217358772
UEFA Champions League Women 2026/27,post_0_to_55m,9,0.8918817807706697
UEFA Champions League Women 2026/27,post_0_to_55m,10,1.0127197904975682
UEFA Champions League Women 2026/27,post_0_to_55m,11,1.1309390198279088
UEFA Champions League Women 2026/27,post_0_to_55m,12,1.2461653572764684
UEFA Champions League Women 2026/27,post_0_to_55m,13,1.3583988028432472
UEFA Champions League Women 2026/27,post_0_to_55m,14,1.471754582865694
UEFA Champions League Women 2026/27,post_0_to_55m,15,1.587729143284699
UEFA Champions League Women 2026/27,post_0_to_55m,16,1.7025813692480358
UEFA Champions League Women 2026/27,post_0_to_55m,17,1.8151889263000371
UEFA Champions League Women 2026/27,post_0_to_55m,18,1.9263000374111483
UEFA Champions League Women 2026/27,post_0_to_55m,19,2.038159371492705
UEFA Champions League Women 2026/27,post_0_to_55m,20,2.1488963711185933
UEFA Champions League Women 2026/27,post_0_to_55m,21,2.258885147774037
UEFA Champions League Women 2026/27,post_0_to_55m,22,2.3703703703703702
UEFA Champions League Women 2026/27,post_0_to_55m,23,2.482229704451927
UEFA Champions League Women 2026/27,post_0_to_55m,24,2.5952113729891506
UEFA Champions League Women 2026/27,post_0_to_55m,25,2.705948372615039
UEFA Champions League Women 2026/27,post_0_to_55m,26,2.81556303778526
UEFA Champions League Women 2026/27,post_0_to_55m,27,2.925925925925926
UEFA Champions League Women 2026/27,post_0_to_55m,28,3.036288814066592
UEFA Champions League Women 2026/27,post_0_to_55m,29,3.145155256266367
UEFA Champions League Women 2026/27,post_0_to_55m,30,3.254021698466143
UEFA Champions League Women 2026/27,post_0_to_55m,31,3.3621399176954734
UEFA Champions League Women 2026/27,post_0_to_55m,32,3.471754582865694
UEFA Champions League Women 2026/27,post_0_to_55m,33,3.5813692480359145
UEFA Champions League Women 2026/27,post_0_to_55m,34,3.6909839132061353
UEFA Champions League Women 2026/27,post_0_to_55m,35,3.799476243920688
UEFA Champions League Women 2026/27,post_0_to_55m,36,3.909090909090909
UEFA Champions League Women 2026/27,post_0_to_55m,37,4.015712682379349
UEFA Champions League Women 2026/27,post_0_to_55m,38,4.122334455667789
UEFA Champions League Women 2026/27,post_0_to_55m,39,4.230452674897119
UEFA Champions League Women 2026/27,post_0_to_55m,40,4.337822671156005
UEFA Champions League Women 2026/27,post_0_to_55m,41,4.445566778900112
UEFA Champions League Women 2026/27,post_0_to_55m,42,4.554059109614665
UEFA Champions League Women 2026/27,post_0_to_55m,43,4.661803217358773
UEFA Champions League Women 2026/27,post_0_to_55m,44,4.76805087916199
UEFA Champions League Women 2026/27,post_0_to_55m,45,4.871305649083427
UEFA Champions League Women 2026/27,post_0_to_55m,46,4.97418630751964
UEFA Champions League Women 2026/27,post_0_to_55m,47,5.077066965955855
UEFA Champions League Women 2026/27,post_0_to_55m,48,5.179947624392069
UEFA Champions League Women 2026/27,post_0_to_55m,49,5.2820800598578375
UEFA Champions League Women 2026/27,post_0_to_55m,50,5.384586606808829
UEFA Champions League Women 2026/27,post_0_to_55m,51,5.486344930789375
UEFA Champions League Women 2026/27,post_0_to_55m,52,5.585858585858586
UEFA Champions League Women 2026/27,post_0_to_55m,53,5.685372240927797
UEFA Champions League Women 2026/27,post_0_to_55m,54,5.786382341937897
UEFA Champions League Women 2026/27,post_0_to_55m,55,5.8858959970071085
UEFA Champions League Women 2026/27,post_0_to_55m,56,5.985035540591096
UEFA Champions League Women 2026/27,post_0_to_55m,57,6.084923307145529
UEFA Champions League Women 2026/27,post_0_to_55m,58,6.18443696221474
UEFA Champions League Women 2026/27,post_0_to_55m,59,6.285447063224841
UEFA Champions League Women 2026/27,post_0_to_55m,60,6.385334829779274
UEFA Champions League Women 2026/27,post_0_to_55m,61,6.484848484848484
UEFA Champions League Women 2026/27,post_0_to_55m,62,6.58361391694725
UEFA Champions League Women 2026/27,post_0_to_55m,63,6.6820052375607935
UEFA Champions League Women 2026/27,post_0_to_55m,64,6.780396558174336
UEFA Champions League Women 2026/27,post_0_to_55m,65,6.879536101758324
UEFA Champions League Women 2026/27,post_0_to_55m,66,6.97979797979798
UEFA Champions League Women 2026/27,post_0_to_55m,67,7.078563411896745
UEFA Champions League Women 2026/27,post_0_to_55m,68,7.176954732510288
UEFA Champions League Women 2026/27,post_0_to_55m,69,7.275720164609053
UEFA Champions League Women 2026/27,post_0_to_55m,70,7.375607931163486
UEFA Champions League Women 2026/27,post_0_to_55m,71,7.476243920688365
UEFA Champions League Women 2026/27,post_0_to_55m,72,7.576505798728021
UEFA Champions League Women 2026/27,post_0_to_55m,73,7.676019453797232
UEFA Champions League Women 2026/27,post_0_to_55m,74,7.773662551440329
UEFA Champions League Women 2026/27,post_0_to_55m,75,7.871305649083427
UEFA Champions League Women 2026/27,post_0_to_55m,76,7.968574635241302
UEFA Champions League Women 2026/27,post_0_to_55m,77,8.065095398428731
UEFA Champions League Women 2026/27,post_0_to_55m,78,8.160119715675272
UEFA Champions League Women 2026/27,post_0_to_55m,79,8.256266367377478
UEFA Champions League Women 2026/27,post_0_to_55m,80,8.353535353535353
UEFA Champions League Women 2026/27,post_0_to_55m,81,8.450056116722783
UEFA Champions League Women 2026/27,post_0_to_55m,82,8.546950991395436
UEFA Champions League Women 2026/27,post_0_to_55m,83,8.644594089038533
UEFA Champions League Women 2026/27,post_0_to_55m,84,8.741863075196408
UEFA Champions League Women 2026/27,post_0_to_55m,85,8.837635615413394
UEFA Champions League Women 2026/27,post_0_to_55m,86,8.932659932659933
UEFA Champions League Women 2026/27,post_0_to_55m,87,9.028058361391697
UEFA Champions League Women 2026/27,post_0_to_55m,88,9.123082678638234
UEFA Champions League Women 2026/27,post_0_to_55m,89,9.21773288439955
UEFA Champions League Women 2026/27,post_0_to_55m,90,9.311634867190422
UEFA Champions League Women 2026/27,post_0_to_55m,91,9.405162738496072
UEFA Champions League Women 2026/27,post_0_to_55m,92,9.499064721286944
UEFA Champions League Women 2026/27,post_0_to_55m,93,9.592592592592592
UEFA Champions League Women 2026/27,post_0_to_55m,94,9.68574635241302
UEFA Champions League Women 2026/27,post_0_to_55m,95,9.77777777777778
UEFA Champions League Women 2026/27,post_0_to_55m,96,9.870931537598205
UEFA Champions League Women 2026/27,post_0_to_55m,97,9.96258885147774
UEFA Champions League Women 2026/27,post_0_to_55m,98,10.053497942386832
UEFA Champions League Women 2026/27,post_0_to_55m,99,10.144781144781144
UEFA Champions League Women 2026/27,post_0_to_55m,100,10.23606434717546
UEFA Champions League Women 2026/27,post_0_to_55m,101,10.327347549569772
UEFA Champions League Women 2026/27,post_0_to_55m,102,10.418256640478862
UEFA Champions League Women 2026/27,post_0_to_55m,103,10.507669285447063
UEFA Champions League Women 2026/27,post_0_to_55m,104,10.597081930415264
UEFA Champions League Women 2026/27,post_0_to_55m,105,10.68612046389824
UEFA Champions League Women 2026/27,post_0_to_55m,106,10.774784885895995
UEFA Champions League Women 2026/27,post_0_to_55m,107,10.863449307893752
UEFA Champions League Women 2026/27,post_0_to_55m,108,10.952113729891508
UEFA Champions League Women 2026/27,post_0_to_55m,109,11.041152263374483
UEFA Champions League Women 2026/27,post_0_to_55m,110,11.130564908342686
UEFA Champions League Women 2026/27,post_0_to_55m,111,11.220725776281332
UEFA Champions League Women 2026/27,post_0_to_55m,112,11.310138421249532
UEFA Champions League Women 2026/27,post_0_to_55m,113,11.400299289188178
UEFA Champions League Women 2026/27,post_0_to_55m,114,11.490460157126824
UEFA Champions League Women 2026/27,post_0_to_55m,115,11.579872802095023
UEFA Champions League Women 2026/27,post_0_to_55m,116,11.668911335578002
UEFA Champions League Women 2026/27,post_0_to_55m,117,11.756827534605312
UEFA Champions League Women 2026/27,post_0_to_55m,118,11.843995510662175
UEFA Champions League Women 2026/27,post_0_to_55m,119,11.931163486719042
UEFA Champions League Women 2026/27,post_0_to_55m,120,12.01870557426113
UEFA Champions League Women 2026/27,post_0_to_55m,121,12.10512532734755
UEFA Champions League Women 2026/27,post_0_to_55m,122,12.191170968948748
UEFA Champions League Women 2026/27,post_0_to_55m,123,12.27796483352039
UEFA Champions League Women 2026/27,post_0_to_55m,124,12.365132809577254
UEFA Champions League Women 2026/27,post_0_to_55m,125,12.451926674148895
UEFA Champions League Women 2026/27,post_0_to_55m,126,12.538720538720538
UEFA Champions League Women 2026/27,post_0_to_55m,127,12.624766180321735
UEFA Champions League Women 2026/27,post_0_to_55m,128,12.710811821922931
UEFA Champions League Women 2026/27,post_0_to_55m,129,12.79685746352413
UEFA Champions League Women 2026/27,post_0_to_55m,130,12.882528993640104
UEFA Champions League Women 2026/27,post_0_to_55m,131,12.96820052375608
UEFA Champions League Women 2026/27,post_0_to_55m,132,13.053872053872054
UEFA Champions League Women 2026/27,post_0_to_55m,133,13.139917695473253
UEFA Champions League Women 2026/27,post_0_to_55m,134,13.225963337074448
UEFA Champions League Women 2026/27,post_0_to_55m,135,13.3112607557052
UEFA Champions League Women 2026/27,post_0_to_55m,136,13.395809951365507
UEFA Champions League Women 2026/27,post_0_to_55m,137,13.479985035540592
UEFA Champions League Women 2026/27,post_0_to_55m,138,13.563037785260008
UEFA Champions League Women 2026/27,post_0_to_55m,139,13.644968200523756
UEFA Champions League Women 2026/27,post_0_to_55m,140,13.72652450430228
UEFA Champions League Women 2026/27,post_0_to_55m,141,13.808454919566032
UEFA Champions League Women 2026/27,post_0_to_55m,142,13.89038533482978
UEFA Champions League Women 2026/27,post_0_to_55m,143,13.97268986157875
UEFA Champions League Women 2026/27,post_0_to_55m,144,14.05499438832772
UEFA Champions League Women 2026/27,post_0_to_55m,145,14.135802469135802
UEFA Champions League Women 2026/27,post_0_to_55m,146,14.216610549943884
UEFA Champions League Women 2026/27,post_0_to_55m,147,14.297418630751965
UEFA Champions League Women 2026/27,post_0_to_55m,148,14.378226711560044
UEFA Champions League Women 2026/27,post_0_to_55m,149,14.459034792368126
UEFA Champions League Women 2026/27,post_0_to_55m,150,14.539468761690983
UEFA Champions League Women 2026/27,post_0_to_55m,151,14.619902731013845
UEFA Champions League Women 2026/27,post_0_to_55m,152,14.7003367003367
UEFA Champions League Women 2026/27,post_0_to_55m,153,14.781144781144782
UEFA Champions League Women 2026/27,post_0_to_55m,154,14.861204638982416
UEFA Champions League Women 2026/27,post_0_to_55m,155,14.941264496820052
UEFA Champions League Women 2026/27,post_0_to_55m,156,15.020950243172466
UEFA Champions League Women 2026/27,post_0_to_55m,157,15.10063598952488
UEFA Champions League Women 2026/27,post_0_to_55m,158,15.18032173587729
UEFA Champions League Women 2026/27,post_0_to_55m,159,15.261503928170594
UEFA Champions League Women 2026/27,post_0_to_55m,160,15.341937897493452
UEFA Champions League Women 2026/27,post_0_to_55m,161,15.42199775533109
UEFA Champions League Women 2026/27,post_0_to_55m,162,15.501683501683502
UEFA Champions League Women 2026/27,post_0_to_55m,163,15.580621025065469
UEFA Champions League Women 2026/27,post_0_to_55m,164,15.658810325476992
UEFA Champions League Women 2026/27,post_0_to_55m,165,15.736999625888515
UEFA Champions League Women 2026/27,post_0_to_55m,166,15.814814814814817
UEFA Champions League Women 2026/27,post_0_to_55m,167,15.892630003741116
UEFA Champions League Women 2026/27,post_0_to_55m,168,15.970071081182192
UEFA Champions League Women 2026/27,post_0_to_55m,169,16.046763935652823
UEFA Champions League Women 2026/27,post_0_to_55m,170,16.12383090160868
UEFA Champions League Women 2026/27,post_0_to_55m,171,16.200897867564535
UEFA Champions League Women 2026/27,post_0_to_55m,172,16.277590722035168
UEFA Champions League Women 2026/27,post_0_to_55m,173,16.354657687991022
UEFA Champions League Women 2026/27,post_0_to_55m,174,16.430602319491207
UEFA Champions League Women 2026/27,post_0_to_55m,175,16.506546950991396
UEFA Champions League Women 2026/27,post_0_to_55m,176,16.58323980546203
UEFA Champions League Women 2026/27,post_0_to_55m,177,16.660306771417883
UEFA Champions League Women 2026/27,post_0_to_55m,178,16.73774784885896
UEFA Champions League Women 2026/27,post_0_to_55m,179,16.81518892630004
UEFA Champions League Women 2026/27,post_0_to_55m,180,16.892255892255893
UEFA Champions League Women 2026/27,post_0_to_55m,181,16.969322858211747
UEFA Champions League Women 2026/27,post_0_to_55m,182,17.04601571268238
UEFA Champions League Women 2026/27,post_0_to_55m,183,17.123082678638234
UEFA Champions League Women 2026/27,post_0_to_55m,184,17.199401421623644
UEFA Champions League Women 2026/27,post_0_to_55m,185,17.274971941638608
UEFA Champions League Women 2026/27,post_0_to_55m,186,17.350916573138797
UEFA Champions League Women 2026/27,post_0_to_55m,187,17.42648709315376
UEFA Champions League Women 2026/27,post_0_to_55m,188,17.5016835016835
UEFA Champions League Women 2026/27,post_0_to_55m,189,17.5761316872428
UEFA Champions League Women 2026/27,post_0_to_55m,190,17.650579872802094
UEFA Champions League Women 2026/27,post_0_to_55m,191,17.725028058361392
UEFA Champions League Women 2026/27,post_0_to_55m,192,17.799476243920687
UEFA Champions League Women 2026/27,post_0_to_55m,193,17.87317620650954
UEFA Champions League Women 2026/27,post_0_to_55m,194,17.946876169098392
UEFA Champions League Women 2026/27,post_0_to_55m,195,18.020576131687243
UEFA Champions League Women 2026/27,post_0_to_55m,196,18.094276094276093
UEFA Champions League Women 2026/27,post_0_to_55m,197,18.16760194537972
UEFA Champions League Women 2026/27,post_0_to_55m,198,18.24092779648335
UEFA Champions League Women 2026/27,post_0_to_55m,199,18.31425364758698
UEFA Champions League Women 2026/27,post_0_to_55m,200,18.38683127572017
UEFA Champions League Women 2026/27,post_0_to_55m,201,18.45903479236813
UEFA Champions League Women 2026/27,post_0_to_55m,202,18.530864197530864
UEFA Champions League Women 2026/27,post_0_to_55m,203,18.6026936026936
UEFA Champions League Women 2026/27,post_0_to_55m,204,18.67489711934156
UEFA Champions League Women 2026/27,post_0_to_55m,205,18.746726524504304
UEFA Champions League Women 2026/27,post_0_to_55m,206,18.817807706696595
UEFA Champions League Women 2026/27,post_0_to_55m,207,18.888514777403667
UEFA Champions League Women 2026/27,post_0_to_55m,208,18.959221848110737
UEFA Champions League Women 2026/27,post_0_to_55m,209,19.02992891881781
UEFA Champions League Women 2026/27,post_0_to_55m,210,19.10138421249532
UEFA Champions League Women 2026/27,post_0_to_55m,211,19.172465394687617
UEFA Champions League Women 2026/27,post_0_to_55m,212,19.243920688365133
UEFA Champions League Women 2026/27,post_0_to_55m,213,19.315001870557428
UEFA Champions League Women 2026/27,post_0_to_55m,214,19.38683127572017
UEFA Champions League Women 2026/27,post_0_to_55m,215,19.458660680882904
UEFA Champions League Women 2026/27,post_0_to_55m,216,19.529741863075195
UEFA Champions League Women 2026/27,post_0_to_55m,217,19.600448933782268
UEFA Champions League Women 2026/27,post_0_to_55m,218,19.671156004489337
UEFA Champions League Women 2026/27,post_0_to_55m,219,19.74186307519641
UEFA Champions League Women 2026/27,post_0_to_55m,220,19.8129442573887
UEFA Champions League Women 2026/27,post_0_to_55m,221,19.883651328095773
UEFA Champions League Women 2026/27,post_0_to_55m,222,19.95435839880284
UEFA Champions League Women 2026/27,post_0_to_55m,223,20.025065469509915
UEFA Champions League Women 2026/27,post_0_to_55m,224,20.095772540216984
UEFA Champions League Women 2026/27,post_0_to_55m,225,20.166479610924057
UEFA Champions League Women 2026/27,post_0_to_55m,226,20.236812570145904
UEFA Champions League Women 2026/27,post_0_to_55m,227,20.307519640852973
UEFA Champions League Women 2026/27,post_0_to_55m,228,20.37822671156005
UEFA Champions League Women 2026/27,post_0_to_55m,229,20.448559670781894
UEFA Champions League Women 2026/27,post_0_to_55m,230,20.51851851851852
UEFA Champions League Women 2026/27,post_0_to_55m,231,20.588477366255145
UEFA Champions League Women 2026/27,post_0_to_55m,232,20.65806210250655
UEFA Champions League Women 2026/27,post_0_to_55m,233,20.727272727272727
UEFA Champions League Women 2026/27,post_0_to_55m,234,20.79648335203891
UEFA Champions League Women 2026/27,post_0_to_55m,235,20.865693976805087
UEFA Champions League Women 2026/27,post_0_to_55m,236,20.93490460157127
UEFA Champions League Women 2026/27,post_0_to_55m,237,21.003741114852225
UEFA Champions League Women 2026/27,post_0_to_55m,238,21.071829405162735
UEFA Champions League Women 2026/27,post_0_to_55m,239,21.13991769547325
UEFA Champions League Women 2026/27,post_0_to_55m,240,21.207631874298546
UEFA Champions League Women 2026/27,post_0_to_55m,241,21.274971941638608
UEFA Champions League Women 2026/27,post_0_to_55m,242,21.3426861204639
UEFA Champions League Women 2026/27,post_0_to_55m,243,21.410400299289183
UEFA Champions League Women 2026/27,post_0_to_55m,244,21.47811447811448
UEFA Champions League Women 2026/27,post_0_to_55m,245,21.54582865693977
UEFA Champions League Women 2026/27,post_0_to_55m,246,21.61279461279461
UEFA Champions League Women 2026/27,post_0_to_55m,247,21.679760568649456
UEFA Champions League Women 2026/27,post_0_to_55m,248,21.74635241301908
UEFA Champions League Women 2026/27,post_0_to_55m,249,21.81257014590348
UEFA Champions League Women 2026/27,post_0_to_55m,250,21.878413767302657
UEFA Champions League Women 2026/27,post_0_to_55m,251,21.94388327721661
UEFA Champions League Women 2026/27,post_0_to_55m,252,22.009352787130563
UEFA Champions League Women 2026/27,post_0_to_55m,253,22.074448185559294
UEFA Champions League Women 2026/27,post_0_to_55m,254,22.13991769547325
UEFA Champions League Women 2026/27,post_0_to_55m,255,22.20576131687243
UEFA Champions League Women 2026/27,post_0_to_55m,256,22.271230826786383
UEFA Champions League Women 2026/27,post_0_to_55m,257,22.336700336700336
UEFA Champions League Women 2026/27,post_0_to_55m,258,22.40216984661429
UEFA Champions League Women 2026/27,post_0_to_55m,259,22.467265245043023
UEFA Champions League Women 2026/27,post_0_to_55m,260,22.532360643471755
UEFA Champions League Women 2026/27,post_0_to_55m,261,22.59745604190049
UEFA Champions League Women 2026/27,post_0_to_55m,262,22.662177328843995
UEFA Champions League Women 2026/27,post_0_to_55m,263,22.727272727272727
UEFA Champions League Women 2026/27,post_0_to_55m,264,22.792368125701454
UEFA Champions League Women 2026/27,post_0_to_55m,265,22.85746352413019
UEFA Champions League Women 2026/27,post_0_to_55m,266,22.9221848110737
UEFA Champions League Women 2026/27,post_0_to_55m,267,22.987280209502437
UEFA Champions League Women 2026/27,post_0_to_55m,268,23.052375607931165
UEFA Champions League Women 2026/27,post_0_to_55m,269,23.11784511784512
UEFA Champions League Women 2026/27,post_0_to_55m,270,23.182566404788627
UEFA Champions League Women 2026/27,post_0_to_55m,271,23.247287691732136
UEFA Champions League Women 2026/27,post_0_to_55m,272,23.31200897867565
UEFA Champions League Women 2026/27,post_0_to_55m,273,23.376730265619155
UEFA Champions League Women 2026/27,post_0_to_55m,274,23.441451552562665
UEFA Champions League Women 2026/27,post_0_to_55m,275,23.50617283950617
UEFA Champions League Women 2026/27,post_0_to_55m,276,23.57052001496446
UEFA Champions League Women 2026/27,post_0_to_55m,277,23.634493078937524
UEFA Champions League Women 2026/27,post_0_to_55m,278,23.698466142910583
UEFA Champions League Women 2026/27,post_0_to_55m,279,23.762813318368877
UEFA Champions League Women 2026/27,post_0_to_55m,280,23.82716049382716
UEFA Champions League Women 2026/27,post_0_to_55m,281,23.891133557800224
UEFA Champions League Women 2026/27,post_0_to_55m,282,23.95510662177329
UEFA Champions League Women 2026/27,post_0_to_55m,283,24.01758323980546
UEFA Champions League Women 2026/27,post_0_to_55m,284,24.08005985783764
UEFA Champions League Women 2026/27,post_0_to_55m,285,24.14253647586981
UEFA Champions League Women 2026/27,post_0_to_55m,286,24.20463898241676
UEFA Champions League Women 2026/27,post_0_to_55m,287,24.26636737747849
UEFA Champions League Women 2026/27,post_0_to_55m,288,24.327721661054994
UEFA Champions League Women 2026/27,post_0_to_55m,289,24.38870183314628
UEFA Champions League Women 2026/27,post_0_to_55m,290,24.450056116722784
UEFA Champions League Women 2026/27,post_0_to_55m,291,24.511036288814065
UEFA Champions League Women 2026/27,post_0_to_55m,292,24.57201646090535
UEFA Champions League Women 2026/27,post_0_to_55m,293,24.632996632996637
UEFA Champions League Women 2026/27,post_0_to_55m,294,24.69360269360269
UEFA Champions League Women 2026/27,post_0_to_55m,295,24.753834642723533
UEFA Champions League Women 2026/27,post_0_to_55m,296,24.81406659184437
UEFA Champions League Women 2026/27,post_0_to_55m,297,24.874298540965206
UEFA Champions League Women 2026/27,post_0_to_55m,298,24.934530490086047
UEFA Champions League Women 2026/27,post_0_to_55m,299,24.994388327721666
UEFA Champions League Women 2026/27,post_0_to_55m,300,25.05424616535728
UEFA Champions League Women 2026/27,post_55_to_105m,1,0.0102880658436214
UEFA Champions League Women 2026/27,post_55_to_105m,2,0.0436213991769547
UEFA Champions League Women 2026/27,post_55_to_105m,3,0.1242798353909465
UEFA Champions League Women 2026/27,post_55_to_105m,4,0.2296296296296296
UEFA Champions League Women 2026/27,post_55_to_105m,5,0.3444444444444444
UEFA Champions League Women 2026/27,post_55_to_105m,6,0.460082304526749
UEFA Champions League Women 2026/27,post_55_to_105m,7,0.5777777777777777
UEFA Champions League Women 2026/27,post_55_to_105m,8,0.7
UEFA Champions League Women 2026/27,post_55_to_105m,9,0.8238683127572016
UEFA Champions League Women 2026/27,post_55_to_105m,10,0.9465020576131687
UEFA Champions League Women 2026/27,post_55_to_105m,11,1.0699588477366255
UEFA Champions League Women 2026/27,post_55_to_105m,12,1.1921810699588478
UEFA Champions League Women 2026/27,post_55_to_105m,13,1.313168724279835
UEFA Champions League Women 2026/27,post_55_to_105m,14,1.434979423868313
UEFA Champions League Women 2026/27,post_55_to_105m,15,1.5592592592592591
UEFA Champions League Women 2026/27,post_55_to_105m,16,1.6794238683127571
UEFA Champions League Women 2026/27,post_55_to_105m,17,1.8008230452674898
UEFA Champions League Women 2026/27,post_55_to_105m,18,1.9242798353909465
UEFA Champions League Women 2026/27,post_55_to_105m,19,2.0481481481481483
UEFA Champions League Women 2026/27,post_55_to_105m,20,2.173662551440329
UEFA Champions League Women 2026/27,post_55_to_105m,21,2.296707818930041
UEFA Champions League Women 2026/27,post_55_to_105m,22,2.4193415637860083
UEFA Champions League Women 2026/27,post_55_to_105m,23,2.5423868312757203
UEFA Champions League Women 2026/27,post_55_to_105m,24,2.6641975308641976
UEFA Champions League Women 2026/27,post_55_to_105m,25,2.786008230452675
UEFA Champions League Women 2026/27,post_55_to_105m,26,2.9069958847736626
UEFA Champions League Women 2026/27,post_55_to_105m,27,3.0271604938271603
UEFA Champions League Women 2026/27,post_55_to_105m,28,3.148559670781893
UEFA Champions League Women 2026/27,post_55_to_105m,29,3.269547325102881
UEFA Champions League Women 2026/27,post_55_to_105m,30,3.388477366255144
UEFA Champions League Women 2026/27,post_55_to_105m,31,3.5065843621399178
UEFA Champions League Women 2026/27,post_55_to_105m,32,3.626337448559671
UEFA Champions League Women 2026/27,post_55_to_105m,33,3.746090534979424
UEFA Champions League Women 2026/27,post_55_to_105m,34,3.863786008230453
UEFA Champions League Women 2026/27,post_55_to_105m,35,3.981069958847737
UEFA Champions League Women 2026/27,post_55_to_105m,36,4.097942386831276
UEFA Champions League Women 2026/27,post_55_to_105m,37,4.21440329218107
UEFA Champions League Women 2026/27,post_55_to_105m,38,4.3316872427983535
UEFA Champions League Women 2026/27,post_55_to_105m,39,4.450617283950617
UEFA Champions League Women 2026/27,post_55_to_105m,40,4.568724279835391
UEFA Champions League Women 2026/27,post_55_to_105m,41,4.686831275720165
UEFA Champions League Women 2026/27,post_55_to_105m,42,4.805349794238683
UEFA Champions League Women 2026/27,post_55_to_105m,43,4.923868312757202
UEFA Champions League Women 2026/27,post_55_to_105m,44,5.041152263374485
UEFA Champions League Women 2026/27,post_55_to_105m,45,5.160905349794239
UEFA Champions League Women 2026/27,post_55_to_105m,46,5.277366255144033
UEFA Champions League Women 2026/27,post_55_to_105m,47,5.393827160493827
UEFA Champions League Women 2026/27,post_55_to_105m,48,5.510288065843621
UEFA Champions League Women 2026/27,post_55_to_105m,49,5.623868312757201
UEFA Champions League Women 2026/27,post_55_to_105m,50,5.736213991769548
UEFA Champions League Women 2026/27,post_55_to_105m,51,5.848559670781893
UEFA Champions League Women 2026/27,post_55_to_105m,52,5.961728395061728
UEFA Champions League Women 2026/27,post_55_to_105m,53,6.074074074074074
UEFA Champions League Women 2026/27,post_55_to_105m,54,6.18641975308642
UEFA Champions League Women 2026/27,post_55_to_105m,55,6.2975308641975305
UEFA Champions League Women 2026/27,post_55_to_105m,56,6.408230452674897
UEFA Champions League Women 2026/27,post_55_to_105m,57,6.519341563786008
UEFA Champions League Women 2026/27,post_55_to_105m,58,6.631687242798354
UEFA Champions League Women 2026/27,post_55_to_105m,59,6.746090534979424
UEFA Champions League Women 2026/27,post_55_to_105m,60,6.860082304526749
UEFA Champions League Women 2026/27,post_55_to_105m,61,6.974074074074074
UEFA Champions League Women 2026/27,post_55_to_105m,62,7.088888888888889
UEFA Champions League Women 2026/27,post_55_to_105m,63,7.202880658436214
UEFA Champions League Women 2026/27,post_55_to_105m,64,7.317283950617284
UEFA Champions League Women 2026/27,post_55_to_105m,65,7.4300411522633745
UEFA Champions League Women 2026/27,post_55_to_105m,66,7.541975308641975
UEFA Champions League Women 2026/27,post_55_to_105m,67,7.651851851851852
UEFA Champions League Women 2026/27,post_55_to_105m,68,7.760082304526749
UEFA Champions League Women 2026/27,post_55_to_105m,69,7.868312757201646
UEFA Champions League Women 2026/27,post_55_to_105m,70,7.976131687242798
UEFA Champions League Women 2026/27,post_55_to_105m,71,8.08395061728395
UEFA Champions League Women 2026/27,post_55_to_105m,72,8.192181069958847
UEFA Champions League Women 2026/27,post_55_to_105m,73,8.300411522633745
UEFA Champions League Women 2026/27,post_55_to_105m,74,8.409465020576132
UEFA Champions League Women 2026/27,post_55_to_105m,75,8.518518518518519
UEFA Champions League Women 2026/27,post_55_to_105m,76,8.62798353909465
UEFA Champions League Women 2026/27,post_55_to_105m,77,8.736625514403292
UEFA Champions League Women 2026/27,post_55_to_105m,78,8.845679012345679
UEFA Champions League Women 2026/27,post_55_to_105m,79,8.953909465020576
UEFA Champions League Women 2026/27,post_55_to_105m,80,9.061728395061728
UEFA Champions League Women 2026/27,post_55_to_105m,81,9.168724279835391
UEFA Champions League Women 2026/27,post_55_to_105m,82,9.274897119341563
UEFA Champions League Women 2026/27,post_55_to_105m,83,9.382304526748973
UEFA Champions League Women 2026/27,post_55_to_105m,84,9.488888888888887
UEFA Champions League Women 2026/27,post_55_to_105m,85,9.595473251028809
UEFA Champions League Women 2026/27,post_55_to_105m,86,9.701234567901237
UEFA Champions League Women 2026/27,post_55_to_105m,87,9.805761316872427
UEFA Champions League Women 2026/27,post_55_to_105m,88,9.909876543209876
UEFA Champions League Women 2026/27,post_55_to_105m,89,10.01358024691358
UEFA Champions League Women 2026/27,post_55_to_105m,90,10.11687242798354
UEFA Champions League Women 2026/27,post_55_to_105m,91,10.220164609053498
UEFA Champions League Women 2026/27,post_55_to_105m,92,10.322633744855969
UEFA Champions League Women 2026/27,post_55_to_105m,93,10.424279835390946
UEFA Champions League Women 2026/27,post_55_to_105m,94,10.525925925925923
UEFA Champions League Women 2026/27,post_55_to_105m,95,10.62798353909465
UEFA Champions League Women 2026/27,post_55_to_105m,96,10.730041152263375
UEFA Champions League Women 2026/27,post_55_to_105m,97,10.831275720164609
UEFA Champions League Women 2026/27,post_55_to_105m,98,10.931687242798354
UEFA Champions League Women 2026/27,post_55_to_105m,99,11.031687242798354
UEFA Champions League Women 2026/27,post_55_to_105m,100,11.13127572016461
UEFA Champions League Women 2026/27,post_55_to_105m,101,11.231275720164607
UEFA Champions League Women 2026/27,post_55_to_105m,102,11.33045267489712
UEFA Champions League Women 2026/27,post_55_to_105m,103,11.429218106995885
UEFA Champions League Women 2026/27,post_55_to_105m,104,11.52798353909465
UEFA Champions League Women 2026/27,post_55_to_105m,105,11.62633744855967
UEFA Champions League Women 2026/27,post_55_to_105m,106,11.724279835390949
UEFA Champions League Women 2026/27,post_55_to_105m,107,11.820987654320987
UEFA Champions League Women 2026/27,post_55_to_105m,108,11.916460905349794
UEFA Champions League Women 2026/27,post_55_to_105m,109,12.011111111111113
UEFA Champions League Women 2026/27,post_55_to_105m,110,12.105349794238682
UEFA Champions League Women 2026/27,post_55_to_105m,111,12.199588477366255
UEFA Champions League Women 2026/27,post_55_to_105m,112,12.293415637860084
UEFA Champions League Women 2026/27,post_55_to_105m,113,12.386008230452674
UEFA Champions League Women 2026/27,post_55_to_105m,114,12.478189300411522
UEFA Champions League Women 2026/27,post_55_to_105m,115,12.569547325102882
UEFA Champions League Women 2026/27,post_55_to_105m,116,12.660493827160494
UEFA Champions League Women 2026/27,post_55_to_105m,117,12.751851851851852
UEFA Champions League Women 2026/27,post_55_to_105m,118,12.84238683127572
UEFA Champions League Women 2026/27,post_55_to_105m,119,12.932921810699588
UEFA Champions League Women 2026/27,post_55_to_105m,120,13.023456790123456
UEFA Champions League Women 2026/27,post_55_to_105m,121,13.113991769547326
UEFA Champions League Women 2026/27,post_55_to_105m,122,13.204115226337448
UEFA Champions League Women 2026/27,post_55_to_105m,123,13.293415637860084
UEFA Champions League Women 2026/27,post_55_to_105m,124,13.382304526748973
UEFA Champions League Women 2026/27,post_55_to_105m,125,13.47201646090535
UEFA Champions League Women 2026/27,post_55_to_105m,126,13.561728395061728
UEFA Champions League Women 2026/27,post_55_to_105m,127,13.651028806584362
UEFA Champions League Women 2026/27,post_55_to_105m,128,13.740329218106996
UEFA Champions League Women 2026/27,post_55_to_105m,129,13.829218106995883
UEFA Champions League Women 2026/27,post_55_to_105m,130,13.91851851851852
UEFA Champions League Women 2026/27,post_55_to_105m,131,14.008641975308642
UEFA Champions League Women 2026/27,post_55_to_105m,132,14.09835390946502
UEFA Champions League Women 2026/27,post_55_to_105m,133,14.187242798353909
UEFA Champions League Women 2026/27,post_55_to_105m,134,14.275720164609051
UEFA Champions League Women 2026/27,post_55_to_105m,135,14.364197530864198
UEFA Champions League Women 2026/27,post_55_to_105m,136,14.452674897119342
UEFA Champions League Women 2026/27,post_55_to_105m,137,14.539917695473251
UEFA Champions League Women 2026/27,post_55_to_105m,138,14.62798353909465
UEFA Champions League Women 2026/27,post_55_to_105m,139,14.713991769547324
UEFA Champions League Women 2026/27,post_55_to_105m,140,14.800411522633745
UEFA Champions League Women 2026/27,post_55_to_105m,141,14.887654320987654
UEFA Champions League Women 2026/27,post_55_to_105m,142,14.974074074074077
UEFA Champions League Women 2026/27,post_55_to_105m,143,15.059670781893004
UEFA Champions League Women 2026/27,post_55_to_105m,144,15.14485596707819
UEFA Champions League Women 2026/27,post_55_to_105m,145,15.23045267489712
UEFA Champions League Women 2026/27,post_55_to_105m,146,15.315637860082305
UEFA Champions League Women 2026/27,post_55_to_105m,147,15.400411522633744
UEFA Champions League Women 2026/27,post_55_to_105m,148,15.485185185185186
UEFA Champions League Women 2026/27,post_55_to_105m,149,15.569958847736626
UEFA Champions League Women 2026/27,post_55_to_105m,150,15.653909465020575
UEFA Champions League Women 2026/27,post_55_to_105m,151,15.737037037037036
UEFA Champions League Women 2026/27,post_55_to_105m,152,15.819753086419754
UEFA Champions League Women 2026/27,post_55_to_105m,153,15.90329218106996
UEFA Champions League Women 2026/27,post_55_to_105m,154,15.98724279835391
UEFA Champions League Women 2026/27,post_55_to_105m,155,16.07037037037037
UEFA Champions League Women 2026/27,post_55_to_105m,156,16.153086419753087
UEFA Champions League Women 2026/27,post_55_to_105m,157,16.235802469135802
UEFA Champions League Women 2026/27,post_55_to_105m,158,16.317695473251028
UEFA Champions League Women 2026/27,post_55_to_105m,159,16.4
UEFA Champions League Women 2026/27,post_55_to_105m,160,16.482716049382717
UEFA Champions League Women 2026/27,post_55_to_105m,161,16.565020576131687
UEFA Champions League Women 2026/27,post_55_to_105m,162,16.646090534979425
UEFA Champions League Women 2026/27,post_55_to_105m,163,16.72551440329218
UEFA Champions League Women 2026/27,post_55_to_105m,164,16.804115226337448
UEFA Champions League Women 2026/27,post_55_to_105m,165,16.882716049382715
UEFA Champions League Women 2026/27,post_55_to_105m,166,16.96172839506173
UEFA Champions League Women 2026/27,post_55_to_105m,167,17.041152263374485
UEFA Champions League Women 2026/27,post_55_to_105m,168,17.120576131687244
UEFA Champions League Women 2026/27,post_55_to_105m,169,17.199588477366255
UEFA Champions League Women 2026/27,post_55_to_105m,170,17.279423868312758
UEFA Champions League Women 2026/27,post_55_to_105m,171,17.358847736625513
UEFA Champions League Women 2026/27,post_55_to_105m,172,17.438683127572016
UEFA Champions League Women 2026/27,post_55_to_105m,173,17.51851851851852
UEFA Champions League Women 2026/27,post_55_to_105m,174,17.598353909465022
UEFA Champions League Women 2026/27,post_55_to_105m,175,17.67818930041152
UEFA Champions League Women 2026/27,post_55_to_105m,176,17.75679012345679
UEFA Champions League Women 2026/27,post_55_to_105m,177,17.834567901234568
UEFA Champions League Women 2026/27,post_55_to_105m,178,17.91275720164609
UEFA Champions League Women 2026/27,post_55_to_105m,179,17.990534979423867
UEFA Champions League Women 2026/27,post_55_to_105m,180,18.067901234567906
UEFA Champions League Women 2026/27,post_55_to_105m,181,18.14485596707819
UEFA Champions League Women 2026/27,post_55_to_105m,182,18.22181069958848
UEFA Champions League Women 2026/27,post_55_to_105m,183,18.298765432098765
UEFA Champions League Women 2026/27,post_55_to_105m,184,18.37530864197531
UEFA Champions League Women 2026/27,post_55_to_105m,185,18.45267489711934
UEFA Champions League Women 2026/27,post_55_to_105m,186,18.52962962962963
UEFA Champions League Women 2026/27,post_55_to_105m,187,18.60617283950617
UEFA Champions League Women 2026/27,post_55_to_105m,188,18.68312757201646
UEFA Champions League Women 2026/27,post_55_to_105m,189,18.760082304526748
UEFA Champions League Women 2026/27,post_55_to_105m,190,18.837448559670783
UEFA Champions League Women 2026/27,post_55_to_105m,191,18.913991769547327
UEFA Champions League Women 2026/27,post_55_to_105m,192,18.990123456790123
UEFA Champions League Women 2026/27,post_55_to_105m,193,19.06584362139918
UEFA Champions League Women 2026/27,post_55_to_105m,194,19.14238683127572
UEFA Champions League Women 2026/27,post_55_to_105m,195,19.21810699588477
UEFA Champions League Women 2026/27,post_55_to_105m,196,19.293827160493827
UEFA Champions League Women 2026/27,post_55_to_105m,197,19.36872427983539
UEFA Champions League Women 2026/27,post_55_to_105m,198,19.443621399176955
UEFA Champions League Women 2026/27,post_55_to_105m,199,19.51810699588477
UEFA Champions League Women 2026/27,post_55_to_105m,200,19.59259259259259
UEFA Champions League Women 2026/27,post_55_to_105m,201,19.66748971193416
UEFA Champions League Women 2026/27,post_55_to_105m,202,19.742798353909464
UEFA Champions League Women 2026/27,post_55_to_105m,203,19.817283950617284
UEFA Champions League Women 2026/27,post_55_to_105m,204,19.89135802469136
UEFA Champions League Women 2026/27,post_55_to_105m,205,19.96502057613169
UEFA Champions League Women 2026/27,post_55_to_105m,206,20.03827160493827
UEFA Champions League Women 2026/27,post_55_to_105m,207,20.11111111111111
UEFA Champions League Women 2026/27,post_55_to_105m,208,20.18312757201646
UEFA Champions League Women 2026/27,post_55_to_105m,209,20.254732510288065
UEFA Champions League Women 2026/27,post_55_to_105m,210,20.32674897119341
UEFA Champions League Women 2026/27,post_55_to_105m,211,20.397942386831275
UEFA Champions League Women 2026/27,post_55_to_105m,212,20.46954732510288
UEFA Champions League Women 2026/27,post_55_to_105m,213,20.54156378600823
UEFA Champions League Women 2026/27,post_55_to_105m,214,20.61275720164609
UEFA Champions League Women 2026/27,post_55_to_105m,215,20.683539094650207
UEFA Champions League Women 2026/27,post_55_to_105m,216,20.75432098765432
UEFA Champions League Women 2026/27,post_55_to_105m,217,20.82469135802469
UEFA Champions League Women 2026/27,post_55_to_105m,218,20.89423868312757
UEFA Champions League Women 2026/27,post_55_to_105m,219,20.96337448559671
UEFA Champions League Women 2026/27,post_55_to_105m,220,21.0320987654321
UEFA Champions League Women 2026/27,post_55_to_105m,221,21.10082304526749
UEFA Champions League Women 2026/27,post_55_to_105m,222,21.16954732510288
UEFA Champions League Women 2026/27,post_55_to_105m,223,21.238683127572017
UEFA Champions League Women 2026/27,post_55_to_105m,224,21.30781893004115
UEFA Champions League Women 2026/27,post_55_to_105m,225,21.37695473251029
UEFA Champions League Women 2026/27,post_55_to_105m,226,21.446913580246918
UEFA Champions League Women 2026/27,post_55_to_105m,227,21.516460905349795
UEFA Champions League Women 2026/27,post_55_to_105m,228,21.58559670781893
UEFA Champions League Women 2026/27,post_55_to_105m,229,21.65432098765432
UEFA Champions League Women 2026/27,post_55_to_105m,230,21.723045267489717
UEFA Champions League Women 2026/27,post_55_to_105m,231,21.79135802469136
UEFA Champions League Women 2026/27,post_55_to_105m,232,21.859670781893005
UEFA Champions League Women 2026/27,post_55_to_105m,233,21.92798353909465
UEFA Champions League Women 2026/27,post_55_to_105m,234,21.996296296296297
UEFA Champions League Women 2026/27,post_55_to_105m,235,22.0641975308642
UEFA Champions League Women 2026/27,post_55_to_105m,236,22.132098765432097
UEFA Champions League Women 2026/27,post_55_to_105m,237,22.19958847736625
UEFA Champions League Women 2026/27,post_55_to_105m,238,22.267078189300413
UEFA Champions League Women 2026/27,post_55_to_105m,239,22.334156378600824
UEFA Champions League Women 2026/27,post_55_to_105m,240,22.401646090534975
UEFA Champions League Women 2026/27,post_55_to_105m,241,22.469135802469136
UEFA Champions League Women 2026/27,post_55_to_105m,242,22.536213991769547
UEFA Champions League Women 2026/27,post_55_to_105m,243,22.602880658436213
UEFA Champions League Women 2026/27,post_55_to_105m,244,22.669135802469132
UEFA Champions League Women 2026/27,post_55_to_105m,245,22.735390946502054
UEFA Champions League Women 2026/27,post_55_to_105m,246,22.80164609053498
UEFA Champions League Women 2026/27,post_55_to_105m,247,22.867901234567903
UEFA Champions League Women 2026/27,post_55_to_105m,248,22.93456790123457
UEFA Champions League Women 2026/27,post_55_to_105m,249,23.00123456790124
UEFA Champions League Women 2026/27,post_55_to_105m,250,23.067901234567906
UEFA Champions League Women 2026/27,post_55_to_105m,251,23.134156378600824
UEFA Champions League Women 2026/27,post_55_to_105m,252,23.200411522633743
UEFA Champions League Women 2026/27,post_55_to_105m,253,23.266666666666666
UEFA Champions League Women 2026/27,post_55_to_105m,254,23.332921810699588
UEFA Champions League Women 2026/27,post_55_to_105m,255,23.39917695473251
UEFA Champions League Women 2026/27,post_55_to_105m,256,23.465843621399177
UEFA Champions League Women 2026/27,post_55_to_105m,257,23.532510288065843
UEFA Champions League Women 2026/27,post_55_to_105m,258,23.59917695473251
UEFA Champions League Women 2026/27,post_55_to_105m,259,23.66625514403292
UEFA Champions League Women 2026/27,post_55_to_105m,260,23.73333333333333
UEFA Champions League Women 2026/27,post_55_to_105m,261,23.8
UEFA Champions League Women 2026/27,post_55_to_105m,262,23.866255144032923
UEFA Champions League Women 2026/27,post_55_to_105m,263,23.93251028806584
UEFA Champions League Women 2026/27,post_55_to_105m,264,23.998765432098764
UEFA Champions League Women 2026/27,post_55_to_105m,265,24.0641975308642
UEFA Champions League Women 2026/27,post_55_to_105m,266,24.13045267489712
UEFA Champions League Women 2026/27,post_55_to_105m,267,24.19670781893004
UEFA Champions League Women 2026/27,post_55_to_105m,268,24.262962962962963
UEFA Champions League Women 2026/27,post_55_to_105m,269,24.329218106995885
UEFA Champions League Women 2026/27,post_55_to_105m,270,24.395473251028807
UEFA Champions League Women 2026/27,post_55_to_105m,271,24.46172839506173
UEFA Champions League Women 2026/27,post_55_to_105m,272,24.52716049382716
UEFA Champions League Women 2026/27,post_55_to_105m,273,24.592181069958848
UEFA Champions League Women 2026/27,post_55_to_105m,274,24.65720164609053
UEFA Champions League Women 2026/27,post_55_to_105m,275,24.72222222222222
UEFA Champions League Women 2026/27,post_55_to_105m,276,24.786831275720164
UEFA Champions League Women 2026/27,post_55_to_105m,277,24.850617283950616
UEFA Champions League Women 2026/27,post_55_to_105m,278,24.91440329218107
UEFA Champions League Women 2026/27,post_55_to_105m,279,24.977777777777774
UEFA Champions League Women 2026/27,post_55_to_105m,280,25.041152263374485
UEFA Champions League Women 2026/27,post_55_to_105m,281,25.104526748971196
UEFA Champions League Women 2026/27,post_55_to_105m,282,25.168312757201647
UEFA Champions League Women 2026/27,post_55_to_105m,283,25.2320987654321
UEFA Champions League Women 2026/27,post_55_to_105m,284,25.29588477366255
UEFA Champions League Women 2026/27,post_55_to_105m,285,25.35925925925926
UEFA Champions League Women 2026/27,post_55_to_105m,286,25.42222222222222
UEFA Champions League Women 2026/27,post_55_to_105m,287,25.485185185185184
UEFA Champions League Women 2026/27,post_55_to_105m,288,25.548148148148147
UEFA Champions League Women 2026/27,post_55_to_105m,289,25.610699588477367
UEFA Champions League Women 2026/27,post_55_to_105m,290,25.67283950617284
UEFA Champions League Women 2026/27,post_55_to_105m,291,25.734567901234566
UEFA Champions League Women 2026/27,post_55_to_105m,292,25.796296296296298
UEFA Champions League Women 2026/27,post_55_to_105m,293,25.858024691358025
UEFA Champions League Women 2026/27,post_55_to_105m,294,25.919753086419757
UEFA Champions League Women 2026/27,post_55_to_105m,295,25.980658436213997
UEFA Champions League Women 2026/27,post_55_to_105m,296,26.04156378600823
UEFA Champions League Women 2026/27,post_55_to_105m,297,26.102880658436213
UEFA Champions League Women 2026/27,post_55_to_105m,298,26.1641975308642
UEFA Champions League Women 2026/27,post_55_to_105m,299,26.22510288065844
UEFA Champions League Women 2026/27,post_55_to_105m,300,26.28600823045268
UEFA Champions League Women 2026/27,post_105_to_135m,1,0.0164609053497942
UEFA Champions League Women 2026/27,post_105_to_135m,2,0.0582990397805212
UEFA Champions League Women 2026/27,post_105_to_135m,3,0.1248285322359396
UEFA Champions League Women 2026/27,post_105_to_135m,4,0.2071330589849108
UEFA Champions League Women 2026/27,post_105_to_135m,5,0.2928669410150891
UEFA Champions League Women 2026/27,post_105_to_135m,6,0.3737997256515775
UEFA Champions League Women 2026/27,post_105_to_135m,7,0.4588477366255144
UEFA Champions League Women 2026/27,post_105_to_135m,8,0.5425240054869684
UEFA Champions League Women 2026/27,post_105_to_135m,9,0.6262002743484225
UEFA Champions League Women 2026/27,post_105_to_135m,10,0.7071330589849109
UEFA Champions League Women 2026/27,post_105_to_135m,11,0.7908093278463649
UEFA Champions League Women 2026/27,post_105_to_135m,12,0.8751714677640604
UEFA Champions League Women 2026/27,post_105_to_135m,13,0.9561042524005487
UEFA Champions League Women 2026/27,post_105_to_135m,14,1.0377229080932784
UEFA Champions League Women 2026/27,post_105_to_135m,15,1.1186556927297668
UEFA Champions League Women 2026/27,post_105_to_135m,16,1.1982167352537725
UEFA Champions League Women 2026/27,post_105_to_135m,17,1.2777777777777777
UEFA Champions League Women 2026/27,post_105_to_135m,18,1.356652949245542
UEFA Champions League Women 2026/27,post_105_to_135m,19,1.4348422496570643
UEFA Champions League Women 2026/27,post_105_to_135m,20,1.5150891632373114
UEFA Champions League Women 2026/27,post_105_to_135m,21,1.5925925925925926
UEFA Champions League Women 2026/27,post_105_to_135m,22,1.6700960219478738
UEFA Champions League Women 2026/27,post_105_to_135m,23,1.7489711934156378
UEFA Champions League Women 2026/27,post_105_to_135m,24,1.8257887517146776
UEFA Champions League Women 2026/27,post_105_to_135m,25,1.901920438957476
UEFA Champions League Women 2026/27,post_105_to_135m,26,1.9801097393689984
UEFA Champions League Women 2026/27,post_105_to_135m,27,2.0589849108367626
UEFA Champions League Women 2026/27,post_105_to_135m,28,2.136488340192044
UEFA Champions League Women 2026/27,post_105_to_135m,29,2.211934156378601
UEFA Champions League Women 2026/27,post_105_to_135m,30,2.2894375857338822
UEFA Champions League Women 2026/27,post_105_to_135m,31,2.3669410150891634
UEFA Champions League Women 2026/27,post_105_to_135m,32,2.443758573388203
UEFA Champions League Women 2026/27,post_105_to_135m,33,2.521262002743484
UEFA Champions League Women 2026/27,post_105_to_135m,34,2.599451303155007
UEFA Champions League Women 2026/27,post_105_to_135m,35,2.675582990397805
UEFA Champions League Women 2026/27,post_105_to_135m,36,2.751028806584362
UEFA Champions League Women 2026/27,post_105_to_135m,37,2.824417009602195
UEFA Champions League Women 2026/27,post_105_to_135m,38,2.897119341563786
UEFA Champions League Women 2026/27,post_105_to_135m,39,2.9684499314128945
UEFA Champions League Women 2026/27,post_105_to_135m,40,3.040466392318244
UEFA Champions League Women 2026/27,post_105_to_135m,41,3.112482853223594
UEFA Champions League Women 2026/27,post_105_to_135m,42,3.184499314128944
UEFA Champions League Women 2026/27,post_105_to_135m,43,3.257201646090535
UEFA Champions League Women 2026/27,post_105_to_135m,44,3.3292181069958846
UEFA Champions League Women 2026/27,post_105_to_135m,45,3.4012345679012346
UEFA Champions League Women 2026/27,post_105_to_135m,46,3.4718792866941017
UEFA Champions League Women 2026/27,post_105_to_135m,47,3.54320987654321
UEFA Champions League Women 2026/27,post_105_to_135m,48,3.6145404663923184
UEFA Champions League Women 2026/27,post_105_to_135m,49,3.6872427983539096
UEFA Champions League Women 2026/27,post_105_to_135m,50,3.7599451303155007
UEFA Champions League Women 2026/27,post_105_to_135m,51,3.831275720164609
UEFA Champions League Women 2026/27,post_105_to_135m,52,3.902606310013717
UEFA Champions League Women 2026/27,post_105_to_135m,53,3.9739368998628257
UEFA Champions League Women 2026/27,post_105_to_135m,54,4.044581618655693
UEFA Champions League Women 2026/27,post_105_to_135m,55,4.11522633744856
UEFA Champions League Women 2026/27,post_105_to_135m,56,4.186556927297668
UEFA Champions League Women 2026/27,post_105_to_135m,57,4.260631001371742
UEFA Champions League Women 2026/27,post_105_to_135m,58,4.333333333333333
UEFA Champions League Women 2026/27,post_105_to_135m,59,4.405349794238683
UEFA Champions League Women 2026/27,post_105_to_135m,60,4.478737997256515
UEFA Champions League Women 2026/27,post_105_to_135m,61,4.5521262002743486
UEFA Champions League Women 2026/27,post_105_to_135m,62,4.625514403292181
UEFA Champions League Women 2026/27,post_105_to_135m,63,4.698216735253772
UEFA Champions League Women 2026/27,post_105_to_135m,64,4.768175582990398
UEFA Champions League Women 2026/27,post_105_to_135m,65,4.838820301783265
UEFA Champions League Women 2026/27,post_105_to_135m,66,4.908093278463649
UEFA Champions League Women 2026/27,post_105_to_135m,67,4.977366255144033
UEFA Champions League Women 2026/27,post_105_to_135m,68,5.045953360768175
UEFA Champions League Women 2026/27,post_105_to_135m,69,5.114540466392318
UEFA Champions League Women 2026/27,post_105_to_135m,70,5.183127572016461
UEFA Champions League Women 2026/27,post_105_to_135m,71,5.251714677640604
UEFA Champions League Women 2026/27,post_105_to_135m,72,5.320301783264746
UEFA Champions League Women 2026/27,post_105_to_135m,73,5.388203017832647
UEFA Champions League Women 2026/27,post_105_to_135m,74,5.45679012345679
UEFA Champions League Women 2026/27,post_105_to_135m,75,5.525377229080933
UEFA Champions League Women 2026/27,post_105_to_135m,76,5.593964334705076
UEFA Champions League Women 2026/27,post_105_to_135m,77,5.661865569272977
UEFA Champions League Women 2026/27,post_105_to_135m,78,5.730452674897119
UEFA Champions League Women 2026/27,post_105_to_135m,79,5.79835390946502
UEFA Champions League Women 2026/27,post_105_to_135m,80,5.867626886145405
UEFA Champions League Women 2026/27,post_105_to_135m,81,5.936899862825789
UEFA Champions League Women 2026/27,post_105_to_135m,82,6.006172839506172
UEFA Champions League Women 2026/27,post_105_to_135m,83,6.074759945130316
UEFA Champions League Women 2026/27,post_105_to_135m,84,6.142661179698217
UEFA Champions League Women 2026/27,post_105_to_135m,85,6.210562414266118
UEFA Champions League Women 2026/27,post_105_to_135m,86,6.279149519890261
UEFA Champions League Women 2026/27,post_105_to_135m,87,6.347736625514403
UEFA Champions League Women 2026/27,post_105_to_135m,88,6.416323731138546
UEFA Champions League Women 2026/27,post_105_to_135m,89,6.484224965706448
UEFA Champions League Women 2026/27,post_105_to_135m,90,6.5521262002743486
UEFA Champions League Women 2026/27,post_105_to_135m,91,6.62002743484225
UEFA Champions League Women 2026/27,post_105_to_135m,92,6.687928669410151
UEFA Champions League Women 2026/27,post_105_to_135m,93,6.755829903978052
UEFA Champions League Women 2026/27,post_105_to_135m,94,6.823731138545953
UEFA Champions League Women 2026/27,post_105_to_135m,95,6.891632373113855
UEFA Champions League Women 2026/27,post_105_to_135m,96,6.960219478737997
UEFA Champions League Women 2026/27,post_105_to_135m,97,7.028120713305898
UEFA Champions League Women 2026/27,post_105_to_135m,98,7.096021947873799
UEFA Champions League Women 2026/27,post_105_to_135m,99,7.163923182441701
UEFA Champions League Women 2026/27,post_105_to_135m,100,7.231824417009602
UEFA Champions League Women 2026/27,post_105_to_135m,101,7.299725651577503
UEFA Champions League Women 2026/27,post_105_to_135m,102,7.368312757201646
UEFA Champions League Women 2026/27,post_105_to_135m,103,7.436213991769547
UEFA Champions League Women 2026/27,post_105_to_135m,104,7.503429355281207
UEFA Champions League Women 2026/27,post_105_to_135m,105,7.571330589849109
UEFA Champions League Women 2026/27,post_105_to_135m,106,7.638545953360768
UEFA Champions League Women 2026/27,post_105_to_135m,107,7.705761316872428
UEFA Champions League Women 2026/27,post_105_to_135m,108,7.771604938271605
UEFA Champions League Women 2026/27,post_105_to_135m,109,7.838134430727023
UEFA Champions League Women 2026/27,post_105_to_135m,110,7.903978052126201
UEFA Champions League Women 2026/27,post_105_to_135m,111,7.969135802469136
UEFA Champions League Women 2026/27,post_105_to_135m,112,8.03360768175583
UEFA Champions League Women 2026/27,post_105_to_135m,113,8.098079561042525
UEFA Champions League Women 2026/27,post_105_to_135m,114,8.162551440329219
UEFA Champions League Women 2026/27,post_105_to_135m,115,8.22633744855967
UEFA Champions League Women 2026/27,post_105_to_135m,116,8.289437585733882
UEFA Champions League Women 2026/27,post_105_to_135m,117,8.352537722908094
UEFA Champions League Women 2026/27,post_105_to_135m,118,8.414266117969822
UEFA Champions League Women 2026/27,post_105_to_135m,119,8.475308641975309
UEFA Champions League Women 2026/27,post_105_to_135m,120,8.535665294924554
UEFA Champions League Women 2026/27,post_105_to_135m,121,8.5960219478738
UEFA Champions League Women 2026/27,post_105_to_135m,122,8.656378600823045
UEFA Champions League Women 2026/27,post_105_to_135m,123,8.71673525377229
UEFA Champions League Women 2026/27,post_105_to_135m,124,8.776406035665294
UEFA Champions League Women 2026/27,post_105_to_135m,125,8.835390946502057
UEFA Champions League Women 2026/27,post_105_to_135m,126,8.89437585733882
UEFA Champions League Women 2026/27,post_105_to_135m,127,8.952674897119342
UEFA Champions League Women 2026/27,post_105_to_135m,128,9.01028806584362
UEFA Champions League Women 2026/27,post_105_to_135m,129,9.067901234567902
UEFA Champions League Women 2026/27,post_105_to_135m,130,9.12551440329218
UEFA Champions League Women 2026/27,post_105_to_135m,131,9.183127572016462
UEFA Champions League Women 2026/27,post_105_to_135m,132,9.24074074074074
UEFA Champions League Women 2026/27,post_105_to_135m,133,9.296296296296296
UEFA Champions League Women 2026/27,post_105_to_135m,134,9.351851851851851
UEFA Champions League Women 2026/27,post_105_to_135m,135,9.407407407407408
UEFA Champions League Women 2026/27,post_105_to_135m,136,9.462962962962964
UEFA Champions League Women 2026/27,post_105_to_135m,137,9.51851851851852
UEFA Champions League Women 2026/27,post_105_to_135m,138,9.574074074074074
UEFA Champions League Women 2026/27,post_105_to_135m,139,9.62962962962963
UEFA Champions League Women 2026/27,post_105_to_135m,140,9.685871056241426
UEFA Champions League Women 2026/27,post_105_to_135m,141,9.742112482853225
UEFA Champions League Women 2026/27,post_105_to_135m,142,9.79835390946502
UEFA Champions League Women 2026/27,post_105_to_135m,143,9.854595336076818
UEFA Champions League Women 2026/27,post_105_to_135m,144,9.910836762688614
UEFA Champions League Women 2026/27,post_105_to_135m,145,9.96707818930041
UEFA Champions League Women 2026/27,post_105_to_135m,146,10.023319615912207
UEFA Champions League Women 2026/27,post_105_to_135m,147,10.079561042524006
UEFA Champions League Women 2026/27,post_105_to_135m,148,10.13511659807956
UEFA Champions League Women 2026/27,post_105_to_135m,149,10.189986282578875
UEFA Champions League Women 2026/27,post_105_to_135m,150,10.24485596707819
UEFA Champions League Women 2026/27,post_105_to_135m,151,10.299725651577504
UEFA Champions League Women 2026/27,post_105_to_135m,152,10.354595336076818
UEFA Champions League Women 2026/27,post_105_to_135m,153,10.40877914951989
UEFA Champions League Women 2026/27,post_105_to_135m,154,10.462962962962964
UEFA Champions League Women 2026/27,post_105_to_135m,155,10.517146776406037
UEFA Champions League Women 2026/27,post_105_to_135m,156,10.571330589849108
UEFA Champions League Women 2026/27,post_105_to_135m,157,10.62551440329218
UEFA Champions League Women 2026/27,post_105_to_135m,158,10.679698216735254
UEFA Champions League Women 2026/27,post_105_to_135m,159,10.733882030178329
UEFA Champions League Women 2026/27,post_105_to_135m,160,10.787379972565155
UEFA Champions League Women 2026/27,post_105_to_135m,161,10.84156378600823
UEFA Champions League Women 2026/27,post_105_to_135m,162,10.895747599451305
UEFA Champions League Women 2026/27,post_105_to_135m,163,10.949931412894376
UEFA Champions League Women 2026/27,post_105_to_135m,164,11.004115226337449
UEFA Champions League Women 2026/27,post_105_to_135m,165,11.05761316872428
UEFA Champions League Women 2026/27,post_105_to_135m,166,11.11111111111111
UEFA Champions League Women 2026/27,post_105_to_135m,167,11.164609053497944
UEFA Champions League Women 2026/27,post_105_to_135m,168,11.218106995884774
UEFA Champions League Women 2026/27,post_105_to_135m,169,11.271604938271604
UEFA Champions League Women 2026/27,post_105_to_135m,170,11.325102880658436
UEFA Champions League Women 2026/27,post_105_to_135m,171,11.378600823045268
UEFA Champions League Women 2026/27,post_105_to_135m,172,11.431412894375857
UEFA Champions League Women 2026/27,post_105_to_135m,173,11.484224965706447
UEFA Champions League Women 2026/27,post_105_to_135m,174,11.537037037037036
UEFA Champions League Women 2026/27,post_105_to_135m,175,11.589849108367629
UEFA Champions League Women 2026/27,post_105_to_135m,176,11.64334705075446
UEFA Champions League Women 2026/27,post_105_to_135m,177,11.696844993141289
UEFA Champions League Women 2026/27,post_105_to_135m,178,11.75034293552812
UEFA Champions League Women 2026/27,post_105_to_135m,179,11.803840877914952
UEFA Champions League Women 2026/27,post_105_to_135m,180,11.857338820301782
UEFA Champions League Women 2026/27,post_105_to_135m,181,11.911522633744855
UEFA Champions League Women 2026/27,post_105_to_135m,182,11.965706447187928
UEFA Champions League Women 2026/27,post_105_to_135m,183,12.019890260631
UEFA Champions League Women 2026/27,post_105_to_135m,184,12.072702331961592
UEFA Champions League Women 2026/27,post_105_to_135m,185,12.12551440329218
UEFA Champions League Women 2026/27,post_105_to_135m,186,12.17764060356653
UEFA Champions League Women 2026/27,post_105_to_135m,187,12.228395061728396
UEFA Champions League Women 2026/27,post_105_to_135m,188,12.27914951989026
UEFA Champions League Women 2026/27,post_105_to_135m,189,12.329903978052126
UEFA Champions League Women 2026/27,post_105_to_135m,190,12.37997256515775
UEFA Champions League Women 2026/27,post_105_to_135m,191,12.429355281207132
UEFA Champions League Women 2026/27,post_105_to_135m,192,12.478737997256516
UEFA Champions League Women 2026/27,post_105_to_135m,193,12.5281207133059
UEFA Champions League Women 2026/27,post_105_to_135m,194,12.577503429355282
UEFA Champions League Women 2026/27,post_105_to_135m,195,12.626886145404663
UEFA Champions League Women 2026/27,post_105_to_135m,196,12.676268861454046
UEFA Champions League Women 2026/27,post_105_to_135m,197,12.724965706447188
UEFA Champions League Women 2026/27,post_105_to_135m,198,12.77366255144033
UEFA Champions League Women 2026/27,post_105_to_135m,199,12.821673525377228
UEFA Champions League Women 2026/27,post_105_to_135m,200,12.869684499314127
UEFA Champions League Women 2026/27,post_105_to_135m,201,12.91769547325103
UEFA Champions League Women 2026/27,post_105_to_135m,202,12.965706447187928
UEFA Champions League Women 2026/27,post_105_to_135m,203,13.013717421124827
UEFA Champions League Women 2026/27,post_105_to_135m,204,13.061728395061728
UEFA Champions League Women 2026/27,post_105_to_135m,205,13.108367626886146
UEFA Champions League Women 2026/27,post_105_to_135m,206,13.155692729766804
UEFA Champions League Women 2026/27,post_105_to_135m,207,13.203017832647465
UEFA Champions League Women 2026/27,post_105_to_135m,208,13.25034293552812
UEFA Champions League Women 2026/27,post_105_to_135m,209,13.29766803840878
UEFA Champions League Women 2026/27,post_105_to_135m,210,13.344993141289438
UEFA Champions League Women 2026/27,post_105_to_135m,211,13.392318244170095
UEFA Champions League Women 2026/27,post_105_to_135m,212,13.439643347050756
UEFA Champions League Women 2026/27,post_105_to_135m,213,13.486282578875173
UEFA Champions League Women 2026/27,post_105_to_135m,214,13.53292181069959
UEFA Champions League Women 2026/27,post_105_to_135m,215,13.580246913580249
UEFA Champions League Women 2026/27,post_105_to_135m,216,13.628257887517147
UEFA Champions League Women 2026/27,post_105_to_135m,217,13.676268861454046
UEFA Champions League Women 2026/27,post_105_to_135m,218,13.724965706447188
UEFA Champions League Women 2026/27,post_105_to_135m,219,13.77434842249657
UEFA Champions League Women 2026/27,post_105_to_135m,220,13.823731138545954
UEFA Champions League Women 2026/27,post_105_to_135m,221,13.873113854595337
UEFA Champions League Women 2026/27,post_105_to_135m,222,13.922496570644718
UEFA Champions League Women 2026/27,post_105_to_135m,223,13.9718792866941
UEFA Champions League Women 2026/27,post_105_to_135m,224,14.021262002743484
UEFA Champions League Women 2026/27,post_105_to_135m,225,14.070644718792868
UEFA Champions League Women 2026/27,post_105_to_135m,226,14.119341563786008
UEFA Champions League Women 2026/27,post_105_to_135m,227,14.16803840877915
UEFA Champions League Women 2026/27,post_105_to_135m,228,14.21673525377229
UEFA Champions League Women 2026/27,post_105_to_135m,229,14.265432098765432
UEFA Champions League Women 2026/27,post_105_to_135m,230,14.314128943758574
UEFA Champions League Women 2026/27,post_105_to_135m,231,14.362825788751715
UEFA Champions League Women 2026/27,post_105_to_135m,232,14.412208504801097
UEFA Champions League Women 2026/27,post_105_to_135m,233,14.46159122085048
UEFA Champions League Women 2026/27,post_105_to_135m,234,14.510973936899862
UEFA Champions League Women 2026/27,post_105_to_135m,235,14.559670781893004
UEFA Champions League Women 2026/27,post_105_to_135m,236,14.607681755829905
UEFA Champions League Women 2026/27,post_105_to_135m,237,14.655692729766804
UEFA Champions League Women 2026/27,post_105_to_135m,238,14.703703703703704
UEFA Champions League Women 2026/27,post_105_to_135m,239,14.752400548696844
UEFA Champions League Women 2026/27,post_105_to_135m,240,14.801097393689986
UEFA Champions League Women 2026/27,post_105_to_135m,241,14.849794238683128
UEFA Champions League Women 2026/27,post_105_to_135m,242,14.89849108367627
UEFA Champions League Women 2026/27,post_105_to_135m,243,14.94718792866941
UEFA Champions League Women 2026/27,post_105_to_135m,244,14.99519890260631
UEFA Champions League Women 2026/27,post_105_to_135m,245,15.04320987654321
UEFA Champions League Women 2026/27,post_105_to_135m,246,15.09122085048011
UEFA Champions League Women 2026/27,post_105_to_135m,247,15.13923182441701
UEFA Champions League Women 2026/27,post_105_to_135m,248,15.187242798353909
UEFA Champions League Women 2026/27,post_105_to_135m,249,15.23593964334705
UEFA Champions League Women 2026/27,post_105_to_135m,250,15.283950617283953
UEFA Champions League Women 2026/27,post_105_to_135m,251,15.33196159122085
UEFA Champions League Women 2026/27,post_105_to_135m,252,15.378600823045268
UEFA Champions League Women 2026/27,post_105_to_135m,253,15.424554183813443
UEFA Champions League Women 2026/27,post_105_to_135m,254,15.470507544581618
UEFA Champions League Women 2026/27,post_105_to_135m,255,15.515089163237311
UEFA Champions League Women 2026/27,post_105_to_135m,256,15.559670781893004
UEFA Champions League Women 2026/27,post_105_to_135m,257,15.604252400548695
UEFA Champions League Women 2026/27,post_105_to_135m,258,15.64883401920439
UEFA Champions League Women 2026/27,post_105_to_135m,259,15.693415637860085
UEFA Champions League Women 2026/27,post_105_to_135m,260,15.737997256515776
UEFA Champions League Women 2026/27,post_105_to_135m,261,15.78326474622771
UEFA Champions League Women 2026/27,post_105_to_135m,262,15.829903978052126
UEFA Champions League Women 2026/27,post_105_to_135m,263,15.876543209876544
UEFA Champions League Women 2026/27,post_105_to_135m,264,15.92318244170096
UEFA Champions League Women 2026/27,post_105_to_135m,265,15.969821673525376
UEFA Champions League Women 2026/27,post_105_to_135m,266,16.016460905349795
UEFA Champions League Women 2026/27,post_105_to_135m,267,16.06310013717421
UEFA Champions League Women 2026/27,post_105_to_135m,268,16.109053497942387
UEFA Champions League Women 2026/27,post_105_to_135m,269,16.155006858710564
UEFA Champions League Women 2026/27,post_105_to_135m,270,16.200960219478738
UEFA Champions League Women 2026/27,post_105_to_135m,271,16.246913580246915
UEFA Champions League Women 2026/27,post_105_to_135m,272,16.292866941015088
UEFA Champions League Women 2026/27,post_105_to_135m,273,16.338820301783265
UEFA Champions League Women 2026/27,post_105_to_135m,274,16.38477366255144
UEFA Champions League Women 2026/27,post_105_to_135m,275,16.430727023319616
UEFA Champions League Women 2026/27,post_105_to_135m,276,16.477366255144034
UEFA Champions League Women 2026/27,post_105_to_135m,277,16.52400548696845
UEFA Champions League Women 2026/27,post_105_to_135m,278,16.569958847736626
UEFA Champions League Women 2026/27,post_105_to_135m,279,16.61522633744856
UEFA Champions League Women 2026/27,post_105_to_135m,280,16.660493827160494
UEFA Champions League Women 2026/27,post_105_to_135m,281,16.70576131687243
UEFA Champions League Women 2026/27,post_105_to_135m,282,16.75102880658436
UEFA Champions League Women 2026/27,post_105_to_135m,283,16.796296296296298
UEFA Champions League Women 2026/27,post_105_to_135m,284,16.84156378600823
UEFA Champions League Women 2026/27,post_105_to_135m,285,16.886831275720166
UEFA Champions League Women 2026/27,post_105_to_135m,286,16.932098765432098
UEFA Champions League Women 2026/27,post_105_to_135m,287,16.977366255144034
UEFA Champions League Women 2026/27,post_105_to_135m,288,17.022633744855966
UEFA Champions League Women 2026/27,post_105_to_135m,289,17.067901234567902
UEFA Champions League Women 2026/27,post_105_to_135m,290,17.112482853223593
UEFA Champions League Women 2026/27,post_105_to_135m,291,17.157064471879288
UEFA Champions League Women 2026/27,post_105_to_135m,292,17.20164609053498
UEFA Champions League Women 2026/27,post_105_to_135m,293,17.246227709190673
UEFA Champions League Women 2026/27,post_105_to_135m,294,17.290809327846365
UEFA Champions League Women 2026/27,post_105_to_135m,295,17.33539094650206
UEFA Champions League Women 2026/27,post_105_to_135m,296,17.37997256515775
UEFA Champions League Women 2026/27,post_105_to_135m,297,17.42455418381344
UEFA Champions League Women 2026/27,post_105_to_135m,298,17.469135802469136
UEFA Champions League Women 2026/27,post_105_to_135m,299,17.513717421124827
UEFA Champions League Women 2026/27,post_105_to_135m,300,17.558299039780522
