cell,direction,freshness,n,pos_pct,open_pct_of_clock,open_pct_of_fresh,mean_net_c,time_mean_net_c,both_fresh_pct,k_only_pct_of_clock,pm_only_pct_of_clock
Premier League 2025/26 | post_0_to_105m  F=60s,K YES + PM NO,1,71432,65.9438346959346,0.26745329400196655,65.43205162472793,0.7394138483192109,0.7018315901746179,0.40874966833668896,3.6210141873858688,4.174915328307659
Premier League 2025/26 | post_0_to_105m  F=60s,K YES + PM NO,2,103401,66.76724596473922,0.9339482761311669,66.04891940219431,0.7842056667448754,0.7512140208781858,1.413790950664107,5.9623698709244435,7.726022693574316
Premier League 2025/26 | post_0_to_105m  F=60s,K YES + PM NO,3,133053,67.21907811172991,1.7032510808322017,67.31122707030335,0.8013452696186177,0.8164654498799616,2.5298809133617395,7.768288305161462,10.13077679449361
Premier League 2025/26 | post_0_to_105m  F=60s,K YES + PM NO,4,156330,67.52830550758011,2.6197811802531565,68.08251738040578,0.8155208498647543,0.8504594559741426,3.846888607950555,9.067331554057217,12.292737744065178
Premier League 2025/26 | post_0_to_105m  F=60s,K YES + PM NO,5,178228,67.82884844132235,3.525151784738805,68.75013317180228,0.8312967770259163,0.8763053526703325,5.1258915890184324,10.16567557865493,13.90479312013235
Premier League 2025/26 | post_0_to_105m  F=60s,K YES + PM NO,6,196578,67.94147870056669,4.4996488270824555,69.24856241082624,0.8344121957015596,0.8934418640147112,6.49554400586849,10.976089026236519,15.382403895678232
Premier League 2025/26 | post_0_to_105m  F=60s,K YES + PM NO,7,213685,68.0389358167396,5.436937147851602,69.6308674524917,0.8386848572411657,0.9049474723591735,7.805231696087153,11.680026845218586,16.533845265408686
Premier League 2025/26 | post_0_to_105m  F=60s,K YES + PM NO,8,228011,68.19188547920933,6.410950351953302,69.92293694175245,0.8457577698279674,0.9126484539595721,9.164770332911926,12.196968987529461,17.59451233787517
Premier League 2025/26 | post_0_to_105m  F=60s,K YES + PM NO,9,241735,68.33640143131942,7.335986639821448,70.19505762421278,0.8514181850429041,0.9183915763912017,10.446254935930453,12.661422484431334,18.442025253234693
Premier League 2025/26 | post_0_to_105m  F=60s,K YES + PM NO,10,253709,68.46899400494267,8.281375349221957,70.42415410078455,0.8553362485127828,0.922386112070865,11.753851196329071,12.99402225655913,19.238110845780465
Premier League 2025/26 | post_0_to_105m  F=60s,K YES + PM NO,11,265291,68.57149319049647,9.17814611914907,70.63182157223315,0.8598008159810272,0.92511928956254,12.988169374600051,13.30296077788703,19.87254764245915
Premier League 2025/26 | post_0_to_105m  F=60s,K YES + PM NO,12,275290,68.66686040175814,10.089353997908571,70.81231480416481,0.8639103865550366,0.9274016486071691,14.240951444491266,13.50784286182516,20.47531644581792
Premier League 2025/26 | post_0_to_105m  F=60s,K YES + PM NO,13,285010,68.74741237149574,10.950492422468823,70.97799872127936,0.8682928204640291,0.9298027781376459,15.420158886235582,13.710914454277287,20.953785644051127
Premier League 2025/26 | post_0_to_105m  F=60s,K YES + PM NO,14,293502,68.80600472909894,11.820948635107927,71.12444194856442,0.8702881593266717,0.9320926384946785,16.61133742254686,13.835245274773296,21.41649108020789
Premier League 2025/26 | post_0_to_105m  F=60s,K YES + PM NO,15,301820,68.86488635610628,12.642037739382872,71.24945242665156,0.8721294479567699,0.9333930034254768,17.733810928501196,13.96778573769724,21.783786736589096
Premier League 2025/26 | post_0_to_105m  F=60s,K YES + PM NO,16,309179,68.9267382325449,13.469697679137207,71.36647991565194,0.8754984316052978,0.934870345458046,18.86354200808478,14.036319083516723,22.14054720544396
Premier League 2025/26 | post_0_to_105m  F=60s,K YES + PM NO,17,316347,68.97331095284608,14.253343946559285,71.47415553404122,0.876956894347524,0.9361210989208086,19.930701877604527,14.113998532877588,22.42460707652448
Premier League 2025/26 | post_0_to_105m  F=60s,K YES + PM NO,18,322792,69.02215668294134,15.040299043248895,71.57817878222012,0.8790780503323183,0.9375150224463769,21.000358976760158,14.143575096377456,22.699583274804514
Premier League 2025/26 | post_0_to_105m  F=60s,K YES + PM NO,19,329205,69.07063987485002,15.790217102901469,71.67506670199546,0.8806306073836785,0.9389208664916262,22.017293315228418,14.181891963602878,22.914672784879276
Premier League 2025/26 | post_0_to_105m  F=60s,K YES + PM NO,20,334934,69.10674938943195,16.540088339498368,71.76547788911681,0.8818853893364573,0.9403747354519383,23.033244369527555,14.180658956470166,23.12105320659893
Premier League 2025/26 | post_0_to_105m  F=60s,K YES + PM NO,21,340469,69.14755822115964,17.257011752586973,71.85197508223823,0.8837078208937981,0.9416074930032907,24.002231898987056,14.187932137784646,23.27973654227342
Premier League 2025/26 | post_0_to_105m  F=60s,K YES + PM NO,22,345735,69.19548208888311,17.972218320300914,71.93499538965534,0.8860616717333463,0.9428394836989913,24.967816953067697,14.164364533096096,23.431895865524186
Premier League 2025/26 | post_0_to_105m  F=60s,K YES + PM NO,23,350787,69.23688734189123,18.658222908960372,72.01238748167991,0.8882651858870692,0.9437771009652443,25.892759594824494,14.148460301852634,23.544786252750857
Premier League 2025/26 | post_0_to_105m  F=60s,K YES + PM NO,24,355525,69.27051543492018,19.342432613819046,72.08869437042388,0.8898134429175785,0.9449748983159224,26.813644238423002,14.105601598226968,23.654726787470153
Premier League 2025/26 | post_0_to_105m  F=60s,K YES + PM NO,25,360118,69.30283962478966,19.99967223861029,72.16279046193458,0.8920827022047846,0.94616649249954,27.69611836868474,14.072731813144795,23.73115762201308
Premier League 2025/26 | post_0_to_105m  F=60s,K YES + PM NO,26,364334,69.32018422656134,20.65595979460286,72.23379014972932,0.893527537239422,0.9474564527962304,28.576688361349127,14.014499539573286,23.806230587941503
Premier League 2025/26 | post_0_to_105m  F=60s,K YES + PM NO,27,368469,69.344232486315,21.285417739695024,72.30033059989354,0.8946755372096279,0.9485820043067322,29.420564686051414,13.968925098718609,23.850774921571382
Premier League 2025/26 | post_0_to_105m  F=60s,K YES + PM NO,28,372298,69.37802513040629,21.914110908211203,72.36574502145626,0.8959612083111509,0.9499067906120504,30.262365188618876,13.901078491048992,23.896146462518143
Premier League 2025/26 | post_0_to_105m  F=60s,K YES + PM NO,29,376161,69.39156371872683,22.51759766509029,72.42918985838223,0.8967747354562755,0.9512676802556954,31.06876746109785,13.845998969892777,23.91517223080645
Premier League 2025/26 | post_0_to_105m  F=60s,K YES + PM NO,30,379746,69.40744602971459,23.12105320659893,72.49078199510167,0.8972974928222809,0.9526067248034826,31.874514210797397,13.769864681369107,23.93388584539027
Premier League 2025/26 | post_0_to_105m  F=60s,K YES + PM NO,31,383171,69.42774896847621,23.70094114341902,72.54991517370638,0.8987565610982418,0.9538561346792745,32.64754725226701,13.705561018245385,23.92935961667525
Premier League 2025/26 | post_0_to_105m  F=60s,K YES + PM NO,32,386520,69.44867018524268,24.27845671208503,72.60694570016416,0.8998557171259828,0.9551068140867317,33.416990526135066,13.625649669897456,23.92575424138846
Premier League 2025/26 | post_0_to_105m  F=60s,K YES + PM NO,33,389647,69.47236857976579,24.834823867272245,72.66227853465494,0.9010430512678544,0.9564760896206889,34.15685723650326,13.555586770926004,23.906041734950286
Premier League 2025/26 | post_0_to_105m  F=60s,K YES + PM NO,34,392735,69.47585522044126,25.38796023161805,72.71686889986718,0.9012038567949546,0.9578019020841213,34.89155780306223,13.472772393126377,23.887968035460656
Premier League 2025/26 | post_0_to_105m  F=60s,K YES + PM NO,35,395724,69.494395083442,25.921228012673442,72.76658203223411,0.9021831583011269,0.9589195282454578,35.60036521983425,13.39843298840349,23.853974497042344
Premier League 2025/26 | post_0_to_105m  F=60s,K YES + PM NO,36,398528,69.50954512606391,26.45099967223861,72.81455412878408,0.9034588081696395,0.9600012383198328,36.3042250003902,13.313012127171419,23.820714519829565
Premier League 2025/26 | post_0_to_105m  F=60s,K YES + PM NO,37,401279,69.53590893119251,26.96383699333552,72.85934553110229,0.90427293339612,0.9609487719286426,36.98567214496418,13.23494248567995,23.775514663420267
Premier League 2025/26 | post_0_to_105m  F=60s,K YES + PM NO,38,403867,69.5424483802836,27.4742707309079,72.90450248370907,0.9054273539122247,0.961960078214489,37.66276474536062,13.1461815798099,23.731610244884582
Premier League 2025/26 | post_0_to_105m  F=60s,K YES + PM NO,39,406375,69.54980006151953,27.96862855269935,72.94839285634323,0.9068560562487,0.9629202749999267,38.317616394312566,13.065193301181504,23.676296608450002
Premier League 2025/26 | post_0_to_105m  F=60s,K YES + PM NO,40,408728,69.55701591278307,28.459896052816408,72.99153140776536,0.9073469127350383,0.9639621583475072,38.967926206864256,12.974543865399323,23.62394843220802
Premier League 2025/26 | post_0_to_105m  F=60s,K YES + PM NO,41,411089,69.56644424929881,28.934104352983407,73.03240339492652,0.9076432633908436,0.9649269982913687,39.59541758361818,12.893524371400478,23.561939098812253
Premier League 2025/26 | post_0_to_105m  F=60s,K YES + PM NO,42,413286,69.57820976273089,29.40537840832826,73.07202126033908,0.908327678181854,0.9658359517866975,40.21897582369559,12.802999797100092,23.503301025424918
Premier League 2025/26 | post_0_to_105m  F=60s,K YES + PM NO,43,415508,69.59071786824802,29.862106101044155,73.11135821716802,0.9087315816774945,0.9667060864831566,40.822166034555416,12.720731688283312,23.435126656365593
Premier League 2025/26 | post_0_to_105m  F=60s,K YES + PM NO,44,417600,69.59961685823755,30.317304240608074,73.14982673395961,0.9092400052035816,0.9675962844352483,41.423077523372505,12.629270652869472,23.368825209533174
Premier League 2025/26 | post_0_to_105m  F=60s,K YES + PM NO,45,419652,69.60743663797622,30.75873640180425,73.18754572497056,0.9096629189570367,0.9683956705409408,42.00507249769786,12.545348129418928,23.29507889684881
Premier League 2025/26 | post_0_to_105m  F=60s,K YES + PM NO,46,421586,69.61592652507436,31.197421610400962,73.2234203581513,0.9099457011544805,0.9691622743482327,42.5837586427557,12.454074386227779,23.22359569852195
Premier League 2025/26 | post_0_to_105m  F=60s,K YES + PM NO,47,423518,69.62443154718335,31.622325232944704,73.25829874843528,0.9100463698480419,0.9699026593522106,43.14365313480358,12.370432801111269,23.145947464531535
Premier League 2025/26 | post_0_to_105m  F=60s,K YES + PM NO,48,425345,69.63100541913035,32.044872095019585,73.29238820409023,0.9102452006503284,0.9706293194121348,43.700254405269156,12.280064303663126,23.06981317600787
Premier League 2025/26 | post_0_to_105m  F=60s,K YES + PM NO,49,427165,69.64100523217024,32.455073278082125,73.32536876391316,0.9108623572221601,0.9712561636082192,44.24023349097096,12.197171887437372,22.987342167283174
Premier League 2025/26 | post_0_to_105m  F=60s,K YES + PM NO,50,428922,69.65019280894894,32.86279283919402,73.35758666990911,0.9119516988957291,0.9719494324929128,44.776825708979096,12.10869191990136,22.905854442727602
Premier League 2025/26 | post_0_to_105m  F=60s,K YES + PM NO,51,430670,69.65936796154828,33.25905635935135,73.38850768207122,0.9129022944970414,0.972707134077915,45.29809118009708,12.026564280251595,22.819731235660438
Premier League 2025/26 | post_0_to_105m  F=60s,K YES + PM NO,52,432340,69.66623490771153,33.652588534594436,73.41894174680255,0.9132417655594304,0.9735622091627415,45.81545472990901,11.93930171216307,22.73602721980303
Premier League 2025/26 | post_0_to_105m  F=60s,K YES + PM NO,53,433944,69.67857603746106,34.035023645643115,73.44911663669522,0.9147447668541101,0.9742942260353518,46.317491532830765,11.858313433534676,22.647781367545377
Premier League 2025/26 | post_0_to_105m  F=60s,K YES + PM NO,54,435475,69.67954532407141,34.41563265752056,73.4799125589827,0.9151082789471793,0.9750955439165757,46.816297544911116,11.771534703688097,22.561970314182705
Premier League 2025/26 | post_0_to_105m  F=60s,K YES + PM NO,55,437014,69.6927329559236,34.78531628974107,73.50937481756483,0.9157205756412362,0.9759131029377253,47.30069766352952,11.691030263301652,22.472335377940095
Premier League 2025/26 | post_0_to_105m  F=60s,K YES + PM NO,56,438450,69.70053597901699,35.15381373788453,73.53897630391174,0.9161473086331469,0.9767432667273817,47.78303756769834,11.605437717532112,22.384464110127826
Premier League 2025/26 | post_0_to_105m  F=60s,K YES + PM NO,57,439850,69.70990110264863,35.511479452482405,73.56831156603008,0.9169965634158915,0.9775333924214569,48.25050334784848,11.52680619937257,22.293440089900265
Premier League 2025/26 | post_0_to_105m  F=60s,K YES + PM NO,58,441220,69.71533475363763,35.8676780446692,73.59838742374995,0.9178743426623232,0.9783745133137387,48.71514413697305,11.443507983330992,22.204975730049476
Premier League 2025/26 | post_0_to_105m  F=60s,K YES + PM NO,59,442551,69.72281160815363,36.21455884877714,73.62708183533422,0.9184014801103567,0.9791920163144313,49.16767336236363,11.365641241747436,22.11279674111533
Premier League 2025/26 | post_0_to_105m  F=60s,K YES + PM NO,60,443863,69.72737083289213,36.558567838803825,73.65567475764333,0.9187733538763321,0.9800328436407358,49.61591047431755,11.284122301821416,22.024254342838415
Premier League 2025/26 | post_0_to_105m  F=60s,PM YES + K NO,1,152538,77.54067838833602,0.7117260539089447,77.26494857588234,1.0885725589155604,1.0739834938266188,0.9211499742473193,12.386368247725178,2.7439091008412544
Premier League 2025/26 | post_0_to_105m  F=60s,PM YES + K NO,2,217455,78.02349911475937,2.2687643395608,77.66101242153066,1.110044857191434,1.1087089240317782,2.9212280126734407,20.063039440620557,4.383949056515428
Premier League 2025/26 | post_0_to_105m  F=60s,PM YES + K NO,3,275182,78.23331467901244,3.9063382809695493,78.36772395653944,1.1225538277004572,1.140381022867095,4.984251845608778,25.59209314666542,5.126032058185451
Premier League 2025/26 | post_0_to_105m  F=60s,PM YES + K NO,4,319989,78.41894565125676,5.706278971765697,78.75608269230355,1.1295706644474865,1.1614074081475645,7.2446504658894035,29.515131650824863,5.634951850291083
Premier League 2025/26 | post_0_to_105m  F=60s,PM YES + K NO,5,361254,78.62390451039988,7.383886625774531,79.11981871242338,1.1368585883432114,1.1763936150241237,9.331304334254186,32.60269076493265,5.857049211031512
Premier League 2025/26 | post_0_to_105m  F=60s,PM YES + K NO,6,395375,78.77205184950996,9.095394172090337,79.3759177079843,1.1388110694353728,1.187286271915242,11.456930592623808,34.886735028327955,6.004541836400243
Premier League 2025/26 | post_0_to_105m  F=60s,PM YES + K NO,7,426887,78.86443016535992,10.669085857876418,79.59393735452643,1.1419811842032221,1.1933020395806808,13.402288086653869,36.758408640414544,6.036459552683742
Premier League 2025/26 | post_0_to_105m  F=60s,PM YES + K NO,8,453502,78.9537863118575,12.236472038831922,79.75712826606225,1.1453700646992553,1.1985133878177063,15.339872953442276,38.15869894335971,6.041032604454434
Premier League 2025/26 | post_0_to_105m  F=60s,PM YES + K NO,9,478753,79.03804258145641,13.677638869379283,79.8965030578642,1.1484196602847931,1.2017381888146803,17.1167767008475,39.32451499118166,5.99294532627866
Premier League 2025/26 | post_0_to_105m  F=60s,PM YES + K NO,10,500657,79.09566829186448,15.106678528507437,80.00707573683549,1.1486978830460832,1.2047637317449669,18.879009224141967,40.17847388053878,5.938474504846187
Premier League 2025/26 | post_0_to_105m  F=60s,PM YES + K NO,11,521691,79.17809584600846,16.421844516239798,80.10238107564079,1.1504156830034808,1.206563715457011,20.498088058560036,40.900610260492265,5.856143965288509
Premier League 2025/26 | post_0_to_105m  F=60s,PM YES + K NO,12,540126,79.25650681507648,17.72603830125954,80.17984118288254,1.1517910817305406,1.2079703974889215,22.10460270637262,41.403271370822985,5.776217009255357
Premier League 2025/26 | post_0_to_105m  F=60s,PM YES + K NO,13,558193,79.31521892965337,18.928782132321956,80.25099901339362,1.1534063996904584,1.2090764401020082,23.583618173588672,41.8353077055142,5.678949914938116
Premier League 2025/26 | post_0_to_105m  F=60s,PM YES + K NO,14,574032,79.37310115115534,20.124049882161977,80.31338820159945,1.154732734450536,1.2102419507172264,25.053487537263344,42.10586692887577,5.587426448783381
Premier League 2025/26 | post_0_to_105m  F=60s,PM YES + K NO,15,589627,79.42428009572153,21.230072887889996,80.37286649389448,1.155865075991494,1.2112653653101764,26.411137644175987,42.33720403926893,5.484961995286479
Premier League 2025/26 | post_0_to_105m  F=60s,PM YES + K NO,16,603330,79.47955513566373,22.32979038878744,80.42873076265775,1.156830180717032,1.2126224988078242,27.760281562641445,42.44695728176554,5.388022662358946
Premier League 2025/26 | post_0_to_105m  F=60s,PM YES + K NO,17,616791,79.52418242159824,23.3555586770926,80.48538190666386,1.157450987230006,1.2137423061069927,29.015357962260612,42.53777840208519,5.282015264316149
Premier League 2025/26 | post_0_to_105m  F=60s,PM YES + K NO,18,628770,79.56836363058034,24.371400477595166,80.53493973418054,1.1585683448637876,1.214919490354686,30.259087574721793,42.53857439403161,5.181735886750636
Premier League 2025/26 | post_0_to_105m  F=60s,PM YES + K NO,19,640691,79.60264776623988,25.320878400524418,80.57871620128213,1.1594084143734769,1.2158302151337246,31.42129824725695,42.528023598820056,5.079052925660595
Premier League 2025/26 | post_0_to_105m  F=60s,PM YES + K NO,20,651477,79.62982576514597,26.259945997409122,80.618546327486,1.1603451298895122,1.2167458313016173,32.570882302445725,42.44903310390036,4.981692185232008
Premier League 2025/26 | post_0_to_105m  F=60s,PM YES + K NO,21,662116,79.66730905158613,27.14396528850806,80.65559005980737,1.1611623646514253,1.2177313886323788,33.65233881163085,42.36328448127858,4.883207691467279
Premier League 2025/26 | post_0_to_105m  F=60s,PM YES + K NO,22,671606,79.69002659297267,28.016091523466155,80.69071419291934,1.1619908277119126,1.2187935619164108,34.71881194300074,42.22389224454121,4.790903841051334
Premier League 2025/26 | post_0_to_105m  F=60s,PM YES + K NO,23,680955,79.7143717279409,28.83892868848621,80.722789453703,1.161898542752946,1.2196606882422512,35.72461800190414,42.084562438544744,4.698584382950165
Premier League 2025/26 | post_0_to_105m  F=60s,PM YES + K NO,24,689622,79.74426569918013,29.65302554978071,80.75189107605915,1.1630223860758913,1.2206237450873656,36.72016981161524,41.900657083547934,4.610791153564015
Premier League 2025/26 | post_0_to_105m  F=60s,PM YES + K NO,25,698254,79.76910980817868,30.4212670318865,80.78055949394474,1.163487362266986,1.2215214415917217,37.6585662780353,41.72414977134741,4.523934385291318
Premier League 2025/26 | post_0_to_105m  F=60s,PM YES + K NO,26,706167,79.7911825389745,31.183203009161712,80.80747657805885,1.1641010483099572,1.2223810470351733,38.58964274008521,41.50920073043967,4.441775530271105
Premier League 2025/26 | post_0_to_105m  F=60s,PM YES + K NO,27,713964,79.81130701267851,31.903763012907557,80.83275565691201,1.1646173378495919,1.2230279525053218,39.46993179441557,41.302679839553,4.359554244509997
Premier League 2025/26 | post_0_to_105m  F=60s,PM YES + K NO,28,721157,79.82519756446932,32.62029623386555,80.85702414241877,1.1648027699144547,1.2237760662677521,40.34532003558552,41.06330477126938,4.281328526166284
Premier League 2025/26 | post_0_to_105m  F=60s,PM YES + K NO,29,728376,79.84118092853141,33.29779463407782,80.879336261295,1.165480718787906,1.2243036536776553,41.17287072154329,40.836447066535555,4.204101699676921
Premier League 2025/26 | post_0_to_105m  F=60s,PM YES + K NO,30,734836,79.85809078488262,33.97018932122177,80.89935083640445,1.165884963378898,1.2248148116330346,41.99480264082034,40.58177646673222,4.131510355699146
Premier League 2025/26 | post_0_to_105m  F=60s,PM YES + K NO,31,741334,79.87884003701436,34.60648343244213,80.91964828905317,1.1665084140810398,1.2252522041214313,42.77145666526198,40.342401398448594,4.059558926815564
Premier League 2025/26 | post_0_to_105m  F=60s,PM YES + K NO,32,747425,79.89537411780447,35.23809523809524,80.9396679083864,1.1668187790879598,1.2256834786741326,43.54200808478095,40.08140968612945,3.9914782038675845
Premier League 2025/26 | post_0_to_105m  F=60s,PM YES + K NO,33,753321,79.90883036580688,35.837882973576185,80.95866193925444,1.1668023448542395,1.2260794632493268,44.27336860670194,39.83341917560207,3.924302726662609
Premier League 2025/26 | post_0_to_105m  F=60s,PM YES + K NO,34,758861,79.92609977321275,36.431053050522074,80.97553326600908,1.166987960125879,1.22646091533499,44.99751837804936,39.56743300401117,3.861232070671599
Premier League 2025/26 | post_0_to_105m  F=60s,PM YES + K NO,35,764237,79.94012328636273,36.99764323953114,80.9916581676669,1.1671048303761593,1.2267126653918667,45.6888764027407,39.31277801189306,3.798098983939692
Premier League 2025/26 | post_0_to_105m  F=60s,PM YES + K NO,36,769377,79.94858177460465,37.558130823617546,81.00540285796038,1.1675540697248115,1.226959989589946,46.37383527649014,39.04498134881616,3.7377128498072447
Premier League 2025/26 | post_0_to_105m  F=60s,PM YES + K NO,37,774557,79.96235267385099,38.093755365141796,81.01798909693359,1.1678271415968005,1.227121382629091,47.028562063960294,38.78722042733842,3.678840661141546
Premier League 2025/26 | post_0_to_105m  F=60s,PM YES + K NO,38,779319,79.97662061363832,38.62552480841566,81.03087146358274,1.168059472788971,1.227345941273928,47.67824756910302,38.51639587332802,3.6224032713708225
Premier League 2025/26 | post_0_to_105m  F=60s,PM YES + K NO,39,784058,79.98847024072198,39.13439777746562,81.04335178376631,1.1682466609635656,1.227552633919811,48.29983924084219,38.2565123066598,3.566777481231759
Premier League 2025/26 | post_0_to_105m  F=60s,PM YES + K NO,40,788464,79.99972097648086,39.63991509419238,81.05519850436366,1.1683251437095026,1.2277648172941689,48.91746656053441,37.98453278394281,3.513664528413791
Premier League 2025/26 | post_0_to_105m  F=60s,PM YES + K NO,41,792813,80.00865273399907,40.12314463641897,81.06620029522422,1.1686357952404,1.227935090742609,49.50784286182516,37.72527352468355,3.4610978445786706
Premier League 2025/26 | post_0_to_105m  F=60s,PM YES + K NO,42,796958,80.01927328667257,40.603736479842674,81.07678029266553,1.1695231305462959,1.2280949200275606,50.0950508030154,37.45444897067316,3.4110596057498714
Premier League 2025/26 | post_0_to_105m  F=60s,PM YES + K NO,43,801066,80.03035954590509,41.06419440932715,81.08826798149072,1.1696691645083626,1.2283661612339913,50.65670896349362,37.19582962650809,3.3622699817390087
Premier League 2025/26 | post_0_to_105m  F=60s,PM YES + K NO,44,805006,80.04238477725632,41.522560908991586,81.0984600574251,1.169794221385797,1.2286010104253025,51.21647859405972,36.9259103182407,3.314916264768772
Premier League 2025/26 | post_0_to_105m  F=60s,PM YES + K NO,45,808849,80.05907159432725,41.962713239999374,81.10936639741762,1.1702751389993498,1.2288097555536959,51.75316445817921,36.66735340481653,3.268093209096158
Premier League 2025/26 | post_0_to_105m  F=60s,PM YES + K NO,46,812518,80.06481087188223,42.40032151831562,81.12055937490761,1.1704283309443722,1.229020486815755,52.28641663154938,36.40119554868818,3.2233615832435896
Premier League 2025/26 | post_0_to_105m  F=60s,PM YES + K NO,47,816254,80.0745846268441,42.82032432769896,81.13077488121107,1.1711062727202577,1.229223076351382,52.798395529958945,36.14563531082705,3.179254264799987
Premier League 2025/26 | post_0_to_105m  F=60s,PM YES + K NO,48,819806,80.08065322771485,43.237939161243,81.14087616275988,1.171300975868775,1.2294849622423767,53.30734653743503,35.88355106054221,3.1368481840458244
Premier League 2025/26 | post_0_to_105m  F=60s,PM YES + K NO,49,823165,80.0902613692273,43.64058622465702,81.15003883226898,1.1714508153788465,1.2297156242957292,53.79828627616238,35.63039440620561,3.094988372274508
Premier League 2025/26 | post_0_to_105m  F=60s,PM YES + K NO,50,826556,80.09330281311853,44.0401741817671,81.15881419516613,1.1714435911565544,1.2299211893313324,54.28557381654728,35.37208721574503,3.054470821432474
Premier League 2025/26 | post_0_to_105m  F=60s,PM YES + K NO,51,829862,80.09873930846334,44.42585569134242,81.16616684122775,1.1713665352923215,1.230090025148719,54.756488895131966,35.12202088308283,3.0137971937381964
Premier League 2025/26 | post_0_to_105m  F=60s,PM YES + K NO,52,832991,80.10446691500869,44.80896193285574,81.17329625296382,1.1715549577587032,1.2302430946444152,55.22426682898659,34.86736589096471,2.974934057529928
Premier League 2025/26 | post_0_to_105m  F=60s,PM YES + K NO,53,836012,80.11727104395631,45.17850509590922,81.18034114661407,1.1719553466614532,1.230436387841828,55.67534453965132,34.62204429461067,2.9365859749340575
Premier League 2025/26 | post_0_to_105m  F=60s,PM YES + K NO,54,838916,80.12351653800857,45.54651870581074,81.18748278577013,1.1719588432743298,1.2306371731236718,56.124362035866454,34.37191553120756,2.899502114841348
Premier League 2025/26 | post_0_to_105m  F=60s,PM YES + K NO,55,841860,80.12876250207873,45.90145307549437,81.19446433003534,1.1722059438618928,1.2307962700764836,56.55733483167112,34.130776794493606,2.8632922851211933
Premier League 2025/26 | post_0_to_105m  F=60s,PM YES + K NO,56,844590,80.13639754200263,46.254967145822604,81.20100468228854,1.17247453656875,1.2309682246642955,56.98873125126813,33.8842534063773,2.8283778932746477
Premier League 2025/26 | post_0_to_105m  F=60s,PM YES + K NO,57,847372,80.14095344193578,46.59580777574878,81.2072942507725,1.1728206565702168,1.2310703963488194,57.40458241638182,33.64711023708074,2.794321924115434
Premier League 2025/26 | post_0_to_105m  F=60s,PM YES + K NO,58,849961,80.15038337053112,46.935680729191056,81.21370525296373,1.1733265966294597,1.23123937660668,57.819091320566244,33.405284762216915,2.7613897082923637
Premier League 2025/26 | post_0_to_105m  F=60s,PM YES + K NO,59,852621,80.1534327679004,47.26383231102995,81.21988022898536,1.173943184150146,1.2314003938092803,58.21935040814097,33.17251174478313,2.7286135693215336
Premier League 2025/26 | post_0_to_105m  F=60s,PM YES + K NO,60,855169,80.16029580118082,47.59028265517941,81.22585859489963,1.1742080013486027,1.2315741634104749,58.61754928126609,32.936585974934054,2.6971328682243136
Premier League 2025/26 | post_0_to_105m  F=60s,pooled,1,223970,73.84203241505558,0.48958967395545566,73.62806309266736,0.9772134259275779,0.9596012033756959,2.2263270434361884,13.972421220208831,5.285043155249645
Premier League 2025/26 | post_0_to_105m  F=60s,pooled,2,320856,74.39599072481113,1.6013563078459834,73.87363062644677,1.0050379440236432,0.9921089548630356,6.8516177365734885,20.409108645096847,8.101855753773156
Premier League 2025/26 | post_0_to_105m  F=60s,pooled,3,408235,74.64352640023516,2.8047946809008755,74.64485686277767,1.0178647092307938,1.0313144134121628,10.946278347458287,24.678107099936007,8.995926394156484
Premier League 2025/26 | post_0_to_105m  F=60s,pooled,4,476319,74.84458944530871,4.163030076009427,75.05377977936573,1.0264981279462793,1.0535499607564436,15.295063289163584,26.96060620249411,9.54743955923897
Premier League 2025/26 | post_0_to_105m  F=60s,pooled,5,539482,75.05755521036846,5.454519205256668,75.44275679246341,1.0359105112851095,1.06998314405993,18.942922695135085,28.74111532518612,9.590719670365688
Premier League 2025/26 | post_0_to_105m  F=60s,pooled,6,591953,75.17539399242845,6.797521499586396,75.71117647467857,1.0377251355844663,1.080954096711359,22.5744096393064,29.6536654648749,9.572614755505612
Premier League 2025/26 | post_0_to_105m  F=60s,pooled,7,640572,75.2532111924967,8.05301150286401,75.92659629729368,1.040806178697382,1.0871606038776103,25.698958967395548,30.399400664887388,9.379422827800408
Premier League 2025/26 | post_0_to_105m  F=60s,pooled,8,681513,75.35322143524775,9.323711195392612,76.0785110310622,1.04513001210173,1.0915815987266004,28.760890262365187,30.67536014733655,9.181095971656445
Premier League 2025/26 | post_0_to_105m  F=60s,pooled,9,720488,75.44747448951266,10.506812754600364,76.21901891996393,1.0487710171184972,1.094331237980249,31.433831218491985,30.907103057545537,8.913986046729411
Premier League 2025/26 | post_0_to_105m  F=60s,pooled,10,754366,75.5216963648945,11.694026938864697,76.32937499395119,1.0500342543356043,1.0963938189886624,34.04891448549266,30.845187370261115,8.667665558521016
Premier League 2025/26 | post_0_to_105m  F=60s,pooled,11,786982,75.60261861135325,12.799995317694433,76.42833345370757,1.0524496447875447,1.0973790127695002,36.35268686301135,30.802125766727535,8.39595136645284
Premier League 2025/26 | post_0_to_105m  F=60s,pooled,12,815416,75.68137000009811,13.907696149584055,76.50866741336772,1.054600596659283,1.0980143013117711,38.61381904449751,30.556211078334968,8.14897535546503
Premier League 2025/26 | post_0_to_105m  F=60s,pooled,13,843203,75.74320774475423,14.93963727739539,76.58410171662608,1.0570355124719302,1.0986410034735463,40.62491610869191,30.35563671551872,7.885704921103152
Premier League 2025/26 | post_0_to_105m  F=60s,pooled,14,867534,75.7980667040139,15.972499258634953,76.64898941574445,1.0585001352809307,1.0993206357015834,42.60632735558989,30.009427041875416,7.647266313932981
Premier League 2025/26 | post_0_to_105m  F=60s,pooled,15,891447,75.84915311846919,16.936055313636434,76.70692724113506,1.0597998166396307,1.0996116366531004,44.3819356651215,29.715284606140067,7.401460879336986
Premier League 2025/26 | post_0_to_105m  F=60s,pooled,16,912509,75.9040184809136,17.899744033962325,76.76127394367069,1.0615085248663862,1.1002173087520286,46.13416366218726,29.31422952661891,7.175211874326919
Premier League 2025/26 | post_0_to_105m  F=60s,pooled,17,933138,75.94728753946362,18.804451311825943,76.81503427865007,1.0623595165138908,1.100664873896667,47.71854661235192,28.966303007600946,6.947932762092054
Premier League 2025/26 | post_0_to_105m  F=60s,pooled,18,951562,75.99084452720895,19.705849760422034,76.86442452748634,1.0637587253619558,1.101238068764496,49.27758268171248,28.54347520719202,6.738056218882178
Premier League 2025/26 | post_0_to_105m  F=60s,pooled,19,969896,76.02784216039657,20.555547751712943,76.9092122148237,1.064784817668184,1.1017062304899894,50.69849073683882,28.16904683866336,6.530130636325327
Premier League 2025/26 | post_0_to_105m  F=60s,pooled,20,986411,76.0567349715281,21.400017168453747,76.95010832960823,1.0657946486576555,1.1022261891472593,52.09498837227451,27.73794696508561,6.336891885564452
Premier League 2025/26 | post_0_to_105m  F=60s,pooled,21,1002585,76.09489469720772,22.200488520547516,76.98930848009162,1.066941255160843,1.1027390866242088,53.3766446598305,27.350813940784448,6.147679917591422
Premier League 2025/26 | post_0_to_105m  F=60s,pooled,22,1017341,76.12354166400449,22.994154921883535,77.02678080105821,1.0682185657641001,1.1033173360896809,54.63154937491221,26.923959357587673,5.97371665808244
Premier League 2025/26 | post_0_to_105m  F=60s,pooled,23,1031742,76.15208065582287,23.74857579872329,77.06120146181772,1.068864601753248,1.1036876213761875,55.78756379641336,26.53779400977041,5.803983081269218
Premier League 2025/26 | post_0_to_105m  F=60s,pooled,24,1045147,76.18143667828545,24.49772908179988,77.09435302334697,1.0700855939152103,1.1042468255148288,56.92620686425995,26.116745485477054,5.644300853740381
Premier League 2025/26 | post_0_to_105m  F=60s,pooled,25,1058372,76.20789287698466,25.210469635248398,77.12713065214459,1.071140150348795,1.1047870862140012,57.979553932356296,25.73328026720357,5.48838007835058
Premier League 2025/26 | post_0_to_105m  F=60s,pooled,26,1070501,76.22748600888742,25.919581401882287,77.15828102738416,1.0720141379919168,1.1053656168052082,59.01922866819622,25.320378954597242,5.342541867615614
Premier League 2025/26 | post_0_to_105m  F=60s,pooled,27,1082433,76.2482296825762,26.59459037630129,77.18741938136073,1.0727269526340573,1.1057754991921278,59.98147367763887,24.94613787829127,5.199965663092506
Premier League 2025/26 | post_0_to_105m  F=60s,pooled,28,1093455,76.26815918350549,27.26720357103838,77.21618349747871,1.0732679781747059,1.106348011436062,60.9339014530755,24.54605047525401,5.0660049008131605
Premier League 2025/26 | post_0_to_105m  F=60s,pooled,29,1104537,76.28246043364777,27.907696149584055,77.24368943446827,1.073970238472616,1.106830852255076,61.81793635185965,24.182250940363037,4.934354075946996
Premier League 2025/26 | post_0_to_105m  F=60s,pooled,30,1114582,76.29748192595969,28.54562126391035,77.26952601849622,1.0743753054138552,1.1073075773037098,62.692075978211676,23.79724056125236,4.811724493140423
Premier League 2025/26 | post_0_to_105m  F=60s,pooled,31,1124505,76.31766866310065,29.153712287930578,77.2949843498872,1.0752729413536872,1.1077192394998214,63.504362348020166,23.44730065084048,4.691045870986874
Premier League 2025/26 | post_0_to_105m  F=60s,pooled,32,1133945,76.33447830362142,29.758275975090136,77.31987923346912,1.0758209240689391,1.1081432173170553,64.3069407376192,23.08126921696243,4.577265845702424
Premier League 2025/26 | post_0_to_105m  F=60s,pooled,33,1142968,76.35095645722365,30.336353420424217,77.34394865172987,1.0762028604696774,1.108613954546269,65.0564842128264,22.74376863167424,4.466997549593421
Premier League 2025/26 | post_0_to_105m  F=60s,pooled,34,1151596,76.36219646473242,30.909506641070063,77.36695688998118,1.0763461727093975,1.1090718890417528,65.79706887671489,22.39353217524309,4.36223876636856
Premier League 2025/26 | post_0_to_105m  F=60s,pooled,35,1159961,76.37653334896605,31.459435626102294,77.38789982300477,1.0767260471582578,1.1093810155999295,66.4927190148429,22.069126437858,4.258759813332085
Premier League 2025/26 | post_0_to_105m  F=60s,pooled,36,1167905,76.38643554056195,32.00456524792808,77.4071478467768,1.077435989575262,1.1096845159121898,67.17877042655803,21.736604704156324,4.160509434845718
Premier League 2025/26 | post_0_to_105m  F=60s,pooled,37,1175836,76.40410737551835,32.528796179238654,77.42467017516421,1.0778836723438086,1.1098907338368955,67.8252563562298,21.42641756801049,4.065380593404193
Premier League 2025/26 | post_0_to_105m  F=60s,pooled,38,1183186,76.41503533679405,33.04989776966178,77.44289311674602,1.078413004732051,1.1101719940199795,68.46404769708604,21.107490128139098,3.97557397262412
Premier League 2025/26 | post_0_to_105m  F=60s,pooled,39,1190433,76.42504870076687,33.55151316508249,77.46066212451193,1.0790164338184816,1.1104309012085398,69.06664481590735,20.809570632579483,3.888170935368576
Premier League 2025/26 | post_0_to_105m  F=60s,pooled,40,1197192,76.43452345154328,34.0499055735044,77.47813480968131,1.0792257257466942,1.110741271731772,69.66324858360257,20.50311373320223,3.8054970267359645
Premier League 2025/26 | post_0_to_105m  F=60s,pooled,41,1203902,76.44301612589729,34.52862449470119,77.49448509289302,1.0795162830828473,1.1110053234355197,70.22590563593513,20.217227762950476,3.7258041859811772
Premier League 2025/26 | post_0_to_105m  F=60s,pooled,42,1210244,76.45375643258714,35.00455744408547,77.51038700986135,1.080327543767191,1.1112496010226816,70.7835370136255,19.92370963462409,3.6505751432005122
Premier League 2025/26 | post_0_to_105m  F=60s,pooled,43,1216574,76.46481019650264,35.46315025518565,77.52691158492166,1.0805486891678668,1.111545887660326,71.30898534438357,19.650840473849325,3.577031730424061
Premier League 2025/26 | post_0_to_105m  F=60s,pooled,44,1222606,76.47549578523252,35.91993257479983,77.54260052517722,1.0807978965863987,1.111839284842414,71.83076586911396,19.369917747498867,3.506656677748124
Premier League 2025/26 | post_0_to_105m  F=60s,pooled,45,1228501,76.48882662692175,36.360724820901815,77.55858713392665,1.0812508407975603,1.1120849556348615,72.32445256044076,19.107115543693716,3.4381701549843133
Premier League 2025/26 | post_0_to_105m  F=60s,pooled,46,1234104,76.49533588741305,36.79887156435829,77.57413331881263,1.081444071949505,1.112324056167936,72.81454948416601,18.838647750152173,3.372180861856378
Premier League 2025/26 | post_0_to_105m  F=60s,pooled,47,1239772,76.50471215675141,37.22132478032183,77.58895551630427,1.0819257073061048,1.1125550726442022,73.27926831171669,18.586365126188134,3.30759626039862
Premier League 2025/26 | post_0_to_105m  F=60s,pooled,48,1245151,76.51104163270158,37.641405628131295,77.60357867026799,1.0821240256753526,1.112819252729586,73.73986671036818,18.329587488879525,3.245727396169874
Premier League 2025/26 | post_0_to_105m  F=60s,pooled,49,1250330,76.52035862532291,38.04782975136958,77.61744403907295,1.082422903764712,1.1130292289460522,74.17763106553667,18.08779322938615,3.1849198545363735
Premier League 2025/26 | post_0_to_105m  F=60s,pooled,50,1255478,76.52551458488321,38.451483510480564,77.63093193828473,1.0827906785509192,1.113260832896362,74.61136863791731,17.84234677155031,3.126000842815002
Premier League 2025/26 | post_0_to_105m  F=60s,pooled,51,1260532,76.5320515464899,38.842456025346884,77.64328562280683,1.0830603323690293,1.113508758942327,75.02470696570992,17.60966740022787,3.0680338998923067
Premier League 2025/26 | post_0_to_105m  F=60s,pooled,52,1265331,76.53791774642366,39.23077523372508,77.65549489040497,1.083294158398351,1.1137985384956346,75.43440870284527,17.37371041500835,3.01265783271683
Premier League 2025/26 | post_0_to_105m  F=60s,pooled,53,1269956,76.55036867419028,39.60676437077617,77.66773819066394,1.084066484493065,1.114060810654725,75.82522514085936,17.150770239265814,2.958155795913908
Premier League 2025/26 | post_0_to_105m  F=60s,pooled,54,1274391,76.55468376659911,39.98107568166565,77.68051139525328,1.0841898622470265,1.1143648387373157,76.21320098016263,16.924287118977382,2.9057920119867027
Premier League 2025/26 | post_0_to_105m  F=60s,pooled,55,1278874,76.56258552445354,40.343384682617724,77.69275299939525,1.0845603300582014,1.1146587452095411,76.58185450515833,16.710992492703408,2.855207504175056
Premier League 2025/26 | post_0_to_105m  F=60s,pooled,56,1283040,76.57017707943633,40.70439044185357,77.70496663312225,1.0848804840930943,1.1149702040222165,76.94819809274087,16.494217352624432,2.8067300338686767
Premier League 2025/26 | post_0_to_105m  F=60s,pooled,57,1287222,76.57661227045529,41.05364361411559,77.71710932966486,1.085404323277335,1.115231538667219,77.29810678778232,16.288523669054644,2.759516786065459
Premier League 2025/26 | post_0_to_105m  F=60s,pooled,58,1291181,76.58453772166722,41.40167938693013,77.72982872547726,1.0860339215549504,1.11555806407198,77.6457991915219,16.079833309921806,2.7143013219709387
Premier League 2025/26 | post_0_to_105m  F=60s,pooled,59,1295172,76.58936419255512,41.739195579903544,77.74188887761608,1.0866264133548287,1.1158726910846255,77.97855504050194,15.881849822852773,2.669413619266127
Premier League 2025/26 | post_0_to_105m  F=60s,pooled,60,1299032,76.5954957229691,42.074425246991616,77.75398536872602,1.0869291745522,1.116211103257704,78.3094535749403,15.681478359944435,2.6258993928610446
UEFA Champions League 2025/26 | post_0_to_105m  F=60s,K YES + PM NO,1,57437,70.70007138255828,0.4252120601326951,70.37157153446998,0.8361418922864231,0.8387492885910729,0.6042384031802022,4.179278295680413,3.9940931104952266
UEFA Champions League 2025/26 | post_0_to_105m  F=60s,K YES + PM NO,2,80170,71.33591118872395,1.4192211864169537,70.94020682031261,0.8562233869478553,0.8525523997013653,2.0005319000027995,6.506844713193919,7.159514011365863
UEFA Champions League 2025/26 | post_0_to_105m  F=60s,K YES + PM NO,3,100310,71.6797926428073,2.4163657232440303,71.94355537774221,0.8772147380194728,0.892669771906712,3.358416617675877,8.271912880378489,9.04798297919991
UEFA Champions League 2025/26 | post_0_to_105m  F=60s,K YES + PM NO,4,115154,71.94365805790507,3.549312729206909,72.6195385708067,0.8956478667349316,0.9185775665276961,4.887153215195544,9.464012765600067,10.735085803868872
UEFA Champions League 2025/26 | post_0_to_105m  F=60s,K YES + PM NO,5,128974,72.16260641679719,4.584390134654685,73.14914905972216,0.9090111427097967,0.9429707537923037,6.266509896139525,10.509504213207919,11.910640799529688
UEFA Champions League 2025/26 | post_0_to_105m  F=60s,K YES + PM NO,6,139694,72.33667874067605,5.671565745639819,73.547520511145,0.9161160752852407,0.960374801847359,7.710590409003107,11.254024243442233,13.002603510540018
UEFA Champions League 2025/26 | post_0_to_105m  F=60s,K YES + PM NO,7,149706,72.45400985932427,6.662775398225134,73.84226365921008,0.919895514157625,0.9735370048998839,9.02172391590381,11.93787967862042,13.812127320063826
UEFA Champions League 2025/26 | post_0_to_105m  F=60s,K YES + PM NO,8,158054,72.56001113543472,7.673609361440049,74.07310323954471,0.9250118251853238,0.9837213924071555,10.357912712410066,12.431342907533384,14.583074382016179
UEFA Champions League 2025/26 | post_0_to_105m  F=60s,K YES + PM NO,9,165950,72.66345284724315,8.60337056633353,74.2663885995713,0.9317075350283424,0.9913101086394107,11.582682455698329,12.890176646790401,15.167912432462696
UEFA Champions League 2025/26 | post_0_to_105m  F=60s,K YES + PM NO,10,172446,72.71203739141528,9.542789955488368,74.42491092014252,0.9361743640467322,0.9983559712033582,12.819965846420871,13.213935780073346,15.734273956496178
UEFA Champions League 2025/26 | post_0_to_105m  F=60s,K YES + PM NO,11,178768,72.78931352367314,10.410906749531089,74.56969152536935,0.9405679940277745,1.005484167508988,13.958987710310463,13.532151955432381,16.176030906189638
UEFA Champions League 2025/26 | post_0_to_105m  F=60s,K YES + PM NO,12,184159,72.84248937059823,11.286610117297949,74.69772147020569,0.9451194894689477,1.012299403223512,15.106939895299682,13.750566893424038,16.605974076873547
UEFA Champions League 2025/26 | post_0_to_105m  F=60s,K YES + PM NO,13,189350,72.90837074201215,12.099381316312533,74.81387494958481,0.9477728026246431,1.0178129594132261,16.169424148260127,13.977296268301558,16.942554799697657
UEFA Champions League 2025/26 | post_0_to_105m  F=60s,K YES + PM NO,14,193873,72.93228041037173,12.915763836398757,74.92192993424739,0.9508029170768219,1.0229591785908692,17.23546373281823,14.131491279639429,17.275272248817227
UEFA Champions League 2025/26 | post_0_to_105m  F=60s,K YES + PM NO,15,198267,72.99298420816373,13.676520814086953,75.01109338557845,0.9562898783685265,1.0276448518497598,18.2289129643627,14.296800201562107,17.536715097561657
UEFA Champions League 2025/26 | post_0_to_105m  F=60s,K YES + PM NO,16,202254,73.01759174107805,14.438173623358809,75.09373139022398,0.9585359602279871,1.0326143570162416,19.22283810643599,14.403600123176842,17.797626046303296
UEFA Champions League 2025/26 | post_0_to_105m  F=60s,K YES + PM NO,17,205993,73.0350060438947,15.152767279751407,75.16612253003399,0.960181539743753,1.0373519520007697,20.154698916603678,14.520478150107781,18.00277147896195
UEFA Champions League 2025/26 | post_0_to_105m  F=60s,K YES + PM NO,18,209349,73.06650616912428,15.866941015089163,75.23421799463203,0.9618881572828035,1.0418878488258823,21.085551916239748,14.592592592592592,18.20819685899051
UEFA Champions League 2025/26 | post_0_to_105m  F=60s,K YES + PM NO,19,212579,73.09753080031423,16.54211808180062,75.29856870520833,0.9633648412225698,1.046097214325768,21.963998768231573,14.673721340388006,18.369558522997675
UEFA Champions League 2025/26 | post_0_to_105m  F=60s,K YES + PM NO,20,215597,73.11975584075846,17.218106995884774,75.36410889815244,0.9649660258926309,1.0503680926237997,22.841521793902746,14.71814898799026,18.531368102796677
UEFA Champions League 2025/26 | post_0_to_105m  F=60s,K YES + PM NO,21,218488,73.1678627659185,17.85593908345231,75.42041995880345,0.9668306535385399,1.0541870757150655,23.669998040368416,14.774978304078834,18.6570364771423
UEFA Champions League 2025/26 | post_0_to_105m  F=60s,K YES + PM NO,22,221189,73.17995017835426,18.49276336048823,75.47519046465607,0.970649295840895,1.0576976409286343,24.496514655244813,14.799753646314493,18.783992609389433
UEFA Champions League 2025/26 | post_0_to_105m  F=60s,K YES + PM NO,23,223735,73.21384673832883,19.096329889980684,75.52220860444338,0.9741389658348111,1.0610836234331171,25.280283306738333,14.834019204389573,18.88267405727723
UEFA Champions League 2025/26 | post_0_to_105m  F=60s,K YES + PM NO,24,226156,73.22865632572207,19.698132751042802,75.5677485732451,0.9769800132916692,1.0645544866035548,26.061196495058933,14.841969709694578,18.98384703675709
UEFA Champions League 2025/26 | post_0_to_105m  F=60s,K YES + PM NO,25,228523,73.24339344398595,20.271576943534615,75.61097345391477,0.9788472230318546,1.0678701949791818,26.804568741076675,14.859858346630833,19.059824752946447
UEFA Champions League 2025/26 | post_0_to_105m  F=60s,K YES + PM NO,26,230781,73.25343074169884,20.84334145180706,75.6523029120058,0.9807963056242223,1.0713117695277528,27.54556143445032,14.854791299235746,19.138014053357967
UEFA Champions League 2025/26 | post_0_to_105m  F=60s,K YES + PM NO,27,232931,73.2697665832371,21.39147840206041,75.69453731358068,0.9836351858303515,1.0746774655216575,28.254248201338147,14.858766551888245,19.194899358920527
UEFA Champions League 2025/26 | post_0_to_105m  F=60s,K YES + PM NO,28,234819,73.28665908636013,21.93785168388343,75.7346183174015,0.9862001564532734,1.0781561946648721,28.960667394529825,14.8421656728535,19.253912264494275
UEFA Champions League 2025/26 | post_0_to_105m  F=60s,K YES + PM NO,29,236743,73.30269532784496,22.459673581366705,75.77383510344404,0.988243308458197,1.0814510233102044,29.634192771758908,14.8358108675569,19.295344475238654
UEFA Champions League 2025/26 | post_0_to_105m  F=60s,K YES + PM NO,30,238421,73.3123340645329,22.980375689370398,75.81132549436829,0.9891389990782361,1.0847540547878736,30.306150443716582,14.81148344111307,19.338260407043474
UEFA Champions League 2025/26 | post_0_to_105m  F=60s,K YES + PM NO,31,240154,73.33377749277547,23.4790459393634,75.84707864467417,0.9915085490137517,1.0877259685482363,30.94910556815319,14.796086335768877,19.365499286134206
UEFA Champions League 2025/26 | post_0_to_105m  F=60s,K YES + PM NO,32,241744,73.35073466146005,23.97575655776714,75.88169572648361,0.9941778061332215,1.0908128217040227,31.589317208364825,14.765040172447579,19.395397665238935
UEFA Champions League 2025/26 | post_0_to_105m  F=60s,K YES + PM NO,33,243369,73.36842408030604,24.453486744492036,75.91618395379862,0.9951772362509064,1.093739206477172,32.204053637916076,14.742336440749137,19.413174323227235
UEFA Champions League 2025/26 | post_0_to_105m  F=60s,K YES + PM NO,34,244798,73.38254397503248,24.930013157526385,75.95082993461845,0.9973340663139723,1.09654325058394,32.81660647798214,14.705299403712104,19.433246549648665
UEFA Champions League 2025/26 | post_0_to_105m  F=60s,K YES + PM NO,35,246266,73.39177962041045,25.390414602054815,75.98713120556978,0.9980175481643446,1.0992644332933554,33.40673553371966,14.675261050922426,19.443324654964865
UEFA Champions League 2025/26 | post_0_to_105m  F=60s,K YES + PM NO,36,247602,73.39561069781342,25.849248341311835,76.02294451918438,0.9992943095534647,1.1019736293625926,33.9944290473391,14.633380924386216,19.455698328714206
UEFA Champions League 2025/26 | post_0_to_105m  F=60s,K YES + PM NO,37,248921,73.41204639222886,26.29008146468464,76.05708403624728,1.0005950313625904,1.1047167834198006,34.55880294504634,14.600599087371574,19.459001707678954
UEFA Champions League 2025/26 | post_0_to_105m  F=60s,K YES + PM NO,38,250164,73.42103580051486,26.72959883541894,76.09105029155506,1.0028696808143436,1.1074383174253686,35.121105232216344,14.556451387139216,19.46434870244394
UEFA Champions League 2025/26 | post_0_to_105m  F=60s,K YES + PM NO,39,251400,73.44073190135242,27.15419501133787,76.12357764922764,1.0034183311420894,1.1099748076546203,35.66406315612665,14.518574507992499,19.45930964978584
UEFA Champions League 2025/26 | post_0_to_105m  F=60s,K YES + PM NO,40,252582,73.4513940027397,27.57814730830604,76.15788521571338,1.0024862149390887,1.1123968763006986,36.20483749055178,14.470451555107642,19.456454186612916
UEFA Champions League 2025/26 | post_0_to_105m  F=60s,K YES + PM NO,41,253652,73.46009493321559,27.987822289409593,76.19185887000896,1.0040351148606994,1.1145924061779025,36.72657540382408,14.429019344363258,19.445928165504885
UEFA Champions League 2025/26 | post_0_to_105m  F=60s,K YES + PM NO,42,254695,73.46630283280001,28.39517370734302,76.2243721640482,1.0033798845748834,1.1168279289417158,37.2456258223454,14.37896475462613,19.43806164441085
UEFA Champions League 2025/26 | post_0_to_105m  F=60s,K YES + PM NO,43,255781,73.46949147903871,28.78721200414322,76.25416472936767,1.004356220639067,1.1189286764316897,37.74552784076593,14.337112622826906,19.423812323283222
UEFA Champions League 2025/26 | post_0_to_105m  F=60s,K YES + PM NO,44,256736,73.4672971457061,29.177514627250076,76.28299619262033,1.0048587149292882,1.1209845775331628,38.24319028022732,14.286414154139024,19.41177458637776
UEFA Champions League 2025/26 | post_0_to_105m  F=60s,K YES + PM NO,45,257728,73.47630059597715,29.55524761344867,76.30974263045023,1.0063321456285168,1.122923527992632,38.72511967750063,14.241118669690097,19.394417849444306
UEFA Champions League 2025/26 | post_0_to_105m  F=60s,K YES + PM NO,46,258650,73.4722598105548,29.93228073122253,76.33715372154074,1.0068271868223808,1.1248018333177396,39.205453374765554,14.18790067467316,19.378628817782257
UEFA Champions League 2025/26 | post_0_to_105m  F=60s,K YES + PM NO,47,259582,73.48044163308704,30.297444080512864,76.36324251400251,1.008281414072924,1.1266834302813042,39.6705579351082,14.140925506004871,19.357324822933286
UEFA Champions League 2025/26 | post_0_to_105m  F=60s,K YES + PM NO,48,260474,73.49409154080638,30.661151703479746,76.38866996516904,1.0095027420590625,1.1286333692483117,40.13373085859858,14.086783684667283,19.33786848072562
UEFA Champions League 2025/26 | post_0_to_105m  F=60s,K YES + PM NO,49,261310,73.51000727105736,31.015817026399038,76.41437664798235,1.011633422340849,1.130601863525135,40.58458609781361,14.036897063352091,19.31228129111727
UEFA Champions League 2025/26 | post_0_to_105m  F=60s,K YES + PM NO,50,262129,73.51609322127655,31.36939055457574,76.43920484661284,1.0123621643178546,1.1325317623967843,41.034265558075084,13.980655636740295,19.28786988046247
UEFA Champions League 2025/26 | post_0_to_105m  F=60s,K YES + PM NO,51,262937,73.51989259784663,31.71288597743624,76.46453710178658,1.0124510164056848,1.1344607498707782,41.470255591948714,13.929145320679712,19.260015117157973
UEFA Champions League 2025/26 | post_0_to_105m  F=60s,K YES + PM NO,52,263731,73.52377991210741,32.055345595028136,76.48947696796664,1.0131110830171204,1.1363466918153757,41.90481789423588,13.871532151955433,19.23361608017693
UEFA Champions League 2025/26 | post_0_to_105m  F=60s,K YES + PM NO,53,264517,73.53251397830763,32.38655132835027,76.51277208006037,1.0147780656153942,1.1381871350965804,42.32538282802833,13.82002183589485,19.204305590548977
UEFA Champions League 2025/26 | post_0_to_105m  F=60s,K YES + PM NO,54,265266,73.53562084850678,32.71742112482853,76.53642736269666,1.0156373283420204,1.1399752414456727,42.74499594076314,13.762632625066487,19.175974916715653
UEFA Champions League 2025/26 | post_0_to_105m  F=60s,K YES + PM NO,55,266007,73.54016999552644,33.039024663363286,76.55985448147999,1.0157644366952219,1.1417127119784374,43.15229136922258,13.710562414266118,19.143529016544893
UEFA Champions League 2025/26 | post_0_to_105m  F=60s,K YES + PM NO,56,266670,73.539205759928,33.35908849136362,76.58255751628862,1.0167589983387924,1.1433344031398511,43.55776713977773,13.653873071862488,19.112930769015424
UEFA Champions League 2025/26 | post_0_to_105m  F=60s,K YES + PM NO,57,267353,73.54583640355635,33.67148176142885,76.6046625973179,1.0171221226875062,1.14492827439234,43.95319279975365,13.600627082108563,19.078497242518406
UEFA Champions League 2025/26 | post_0_to_105m  F=60s,K YES + PM NO,58,268039,73.5475061464936,33.98269925254052,76.62662466780712,1.0182617360576929,1.1465551952663167,44.34702275972118,13.543209876543209,19.045659416029785
UEFA Champions League 2025/26 | post_0_to_105m  F=60s,K YES + PM NO,59,268706,73.55362366303693,34.2867220962459,76.6492893664691,1.0195304065358144,1.1482493835924592,44.73074661963551,13.4896559446824,19.009434226365443
UEFA Champions League 2025/26 | post_0_to_105m  F=60s,K YES + PM NO,60,269310,73.56689317143812,34.5901850452115,76.67242104688351,1.0212809271575503,1.1499703987087935,45.11321071638532,13.431314912796395,18.974552784076593
UEFA Champions League 2025/26 | post_0_to_105m  F=60s,PM YES + K NO,1,113974,76.9412322108551,1.0101340947901793,77.08395641956847,1.0096379883149122,0.9807204059657778,1.3104336384759663,12.985078805184624,2.426443828560231
UEFA Champions League 2025/26 | post_0_to_105m  F=60s,PM YES + K NO,2,154220,77.3868499546103,2.89034461521234,76.97629858268655,1.036177506059559,1.0181980119204415,3.754878082920411,19.47199126564206,3.6970129615632263
UEFA Champions League 2025/26 | post_0_to_105m  F=60s,PM YES + K NO,3,190228,77.69045566372984,4.54119425547997,77.57893427962009,1.0501256759057511,1.0642653292528494,5.853699504493155,23.959043699784445,4.241090674953108
UEFA Champions League 2025/26 | post_0_to_105m  F=60s,PM YES + K NO,4,215883,77.96352653983871,6.266537890876515,77.9235200946861,1.0648932517473844,1.0931853157568634,8.041824137062234,26.978863973572963,4.675261050922427
UEFA Champions League 2025/26 | post_0_to_105m  F=60s,PM YES + K NO,5,239828,78.18019580699502,7.7397329302091205,78.27782056218715,1.0776494384890491,1.1179300977004976,9.887293188880491,29.420228996948573,4.90957699952409
UEFA Champions League 2025/26 | post_0_to_105m  F=60s,PM YES + K NO,6,258442,78.34755960718459,9.224069874863526,78.54290869997402,1.0839653853308004,1.1392451253554423,11.743652193387643,31.184821253604323,5.116066179558244
UEFA Champions League 2025/26 | post_0_to_105m  F=60s,PM YES + K NO,7,276153,78.48946055266465,10.527196886985246,78.75851900255937,1.0911152728367186,1.1544083183149008,13.36575123876711,32.68141989306011,5.232496290697349
UEFA Champions League 2025/26 | post_0_to_105m  F=60s,PM YES + K NO,8,290710,78.61545870455093,11.829092130679433,78.9363367525934,1.0973254298210144,1.1672827785255,14.984406931496878,33.79166316732454,5.339856107051873
UEFA Champions League 2025/26 | post_0_to_105m  F=60s,PM YES + K NO,9,304801,78.69134287617166,12.9944290473391,79.09180752453653,1.10056883851815,1.1783280120743431,16.42801153383164,34.76610397245318,5.396461465244534
UEFA Champions League 2025/26 | post_0_to_105m  F=60s,PM YES + K NO,10,316524,78.77506918906623,14.154810895551636,79.21863053532708,1.1045353642017102,1.1873277168888208,17.86624114666443,35.48523277623807,5.4531788023851515
UEFA Champions League 2025/26 | post_0_to_105m  F=60s,PM YES + K NO,11,327942,78.87614273255636,15.20360572212424,79.34199184794518,1.108121721669317,1.195497011438045,19.160353853475545,36.13233112174911,5.484784860446236
UEFA Champions League 2025/26 | post_0_to_105m  F=60s,PM YES + K NO,12,337599,78.95313670952817,16.247389490775735,79.44623235681833,1.1121989910811185,1.202086381002209,20.448979591836732,36.604714313709025,5.519218386943256
UEFA Champions League 2025/26 | post_0_to_105m  F=60s,PM YES + K NO,13,347066,79.04145032933218,17.198426695781194,79.54477772339659,1.1156586423771127,1.2077534210858225,21.619243582206547,37.04490355813107,5.531536071218611
UEFA Champions League 2025/26 | post_0_to_105m  F=60s,PM YES + K NO,14,355272,79.10952734806008,18.14602054813695,79.63589766901285,1.1193957037477502,1.2127550324715677,22.78449651465525,37.35743680188125,5.548248929201311
UEFA Champions League 2025/26 | post_0_to_105m  F=60s,PM YES + K NO,15,363239,79.16908701984093,19.016516894823773,79.72304799773725,1.1222041559160028,1.2170691594009702,23.851627893955936,37.6522493771171,5.550376529212508
UEFA Champions League 2025/26 | post_0_to_105m  F=60s,PM YES + K NO,16,370379,79.22479406229834,19.884157778337674,79.80122777687896,1.1257757698681603,1.2213424502954373,24.9156518574508,37.84994820973657,5.555163629237703
UEFA Champions League 2025/26 | post_0_to_105m  F=60s,PM YES + K NO,17,377429,79.26656404250866,20.687102824668962,79.87133495389611,1.1281645148696662,1.2249260563448452,25.899162957364016,38.03824081072759,5.550320539738529
UEFA Champions League 2025/26 | post_0_to_105m  F=60s,PM YES + K NO,18,383545,79.31689892972142,21.487248397301308,79.93497276125193,1.131174480080803,1.228208171426091,26.879622630945384,38.15111559026903,5.547549060776574
UEFA Champions League 2025/26 | post_0_to_105m  F=60s,PM YES + K NO,19,389592,79.36097250456888,22.232552280171326,79.99655503780393,1.1343968305927292,1.2318111811203867,27.790795330477874,38.26329050138574,5.537191008090479
UEFA Champions League 2025/26 | post_0_to_105m  F=60s,PM YES + K NO,20,395068,79.39898954104103,22.975000699868424,80.0537274648011,1.1378843744016311,1.235597807976056,28.698608661571626,38.31536071218611,5.529352481733434
UEFA Champions League 2025/26 | post_0_to_105m  F=60s,PM YES + K NO,21,400564,79.44722940653678,23.67106184037401,80.10417140345292,1.1399659414469758,1.2394455811649994,29.549704655524764,38.36776685983035,5.512667618487723
UEFA Champions League 2025/26 | post_0_to_105m  F=60s,PM YES + K NO,22,405424,79.49110067484905,24.365527280871195,80.15303801361853,1.1424177714500088,1.2430628357772298,30.398449091570782,38.37051034405532,5.49724251840654
UEFA Champions League 2025/26 | post_0_to_105m  F=60s,PM YES + K NO,23,410226,79.53396420509671,25.019904257999496,80.20302564203809,1.1440400793469303,1.2464986135122011,31.19585117997816,38.378208896727415,5.476330449875423
UEFA Champions League 2025/26 | post_0_to_105m  F=60s,PM YES + K NO,24,414731,79.56868427968972,25.6694941351026,80.24883141479108,1.145896969945141,1.2495895371406383,31.987822289409593,38.3469387755102,5.460093502421544
UEFA Champions League 2025/26 | post_0_to_105m  F=60s,PM YES + K NO,25,419053,79.60401190302898,26.282550880434478,80.29164806557164,1.1474931183033796,1.2523384130381379,32.73452590912908,38.32073570168808,5.43912544441645
UEFA Champions League 2025/26 | post_0_to_105m  F=60s,PM YES + K NO,26,423009,79.64062230354438,26.89294812575236,80.3317319552283,1.1511412560680043,1.2547008085988895,33.478458049886626,38.25979115926206,5.420872875899331
UEFA Champions League 2025/26 | post_0_to_105m  F=60s,PM YES + K NO,27,426924,79.67788177755291,27.47092746563646,80.37047987766972,1.1526229563950352,1.2574685016466998,34.181993785168395,38.20522941686963,5.400380728423056
UEFA Champions League 2025/26 | post_0_to_105m  F=60s,PM YES + K NO,28,430569,79.70778202796764,28.047619047619047,80.40752351097179,1.1536923318640875,1.2597743072686907,34.88396181517875,38.12233700064388,5.38151227569217
UEFA Champions League 2025/26 | post_0_to_105m  F=60s,PM YES + K NO,29,434201,79.73933731152162,28.593376445228298,80.4430659889202,1.1563808650818457,1.2616620135982406,35.54746507656561,38.05002659500014,5.36029226505417
UEFA Champions League 2025/26 | post_0_to_105m  F=60s,PM YES + K NO,30,437564,79.76684553573877,29.136754290193444,80.4765214890098,1.1583521865848367,1.2633127261346961,36.20842081688643,37.954312589233226,5.341479801797263
UEFA Champions League 2025/26 | post_0_to_105m  F=60s,PM YES + K NO,31,440848,79.79190106340508,29.652053413958175,80.50927847275746,1.1597591009631862,1.2648851098542762,36.83418717281151,37.868620699308536,5.318636096413875
UEFA Champions League 2025/26 | post_0_to_105m  F=60s,PM YES + K NO,32,443871,79.81260321129336,30.16614876403236,80.54079790001136,1.1619073619942453,1.2664264409107537,37.45866577083508,37.7599451303155,5.296884185773075
UEFA Champions League 2025/26 | post_0_to_105m  F=60s,PM YES + K NO,33,446859,79.83435490837155,30.656952492931328,80.57207729525469,1.1634372794995842,1.268271096855535,38.05380588449371,37.6583522297808,5.273312617227961
UEFA Champions League 2025/26 | post_0_to_105m  F=60s,PM YES + K NO,34,449656,79.85193125411426,31.14705635340556,80.6030354620205,1.1653939909695563,1.2699720787659237,38.64771422972481,37.53705103440553,5.250832843425436
UEFA Champions League 2025/26 | post_0_to_105m  F=60s,PM YES + K NO,35,452381,79.86431790901916,31.612832787435963,80.63134594787576,1.1665304465214745,1.2714949841774643,39.212424064275915,37.42669578119314,5.226673385403544
UEFA Champions League 2025/26 | post_0_to_105m  F=60s,PM YES + K NO,36,455020,79.88681816183905,32.07709750566893,80.657834254657,1.1690609316426852,1.2729188158503835,39.77579015145153,37.30147532263934,5.20366171159822
UEFA Champions League 2025/26 | post_0_to_105m  F=60s,PM YES + K NO,37,457618,79.90419957256925,32.52224181853811,80.68394671941294,1.1706730521295488,1.2742551661889412,40.3153887069231,37.18232972201226,5.179026343047507
UEFA Champions League 2025/26 | post_0_to_105m  F=60s,PM YES + K NO,38,459985,79.92195397676011,32.96629433666471,80.7087439858539,1.171481440056414,1.2755872788554232,40.85411942554799,37.04795498446292,5.155230816606478
UEFA Champions League 2025/26 | post_0_to_105m  F=60s,PM YES + K NO,39,462371,79.94619039688908,33.391982307326224,80.73199208108429,1.172942843357633,1.2768364132596304,41.37051034405532,36.920214999580075,5.130763416477703
UEFA Champions League 2025/26 | post_0_to_105m  F=60s,PM YES + K NO,40,464664,79.96423221941015,33.81593460429439,80.75473388366987,1.174684836005445,1.2781251602872854,41.88471767307746,36.77959743568209,5.108395621623135
UEFA Champions League 2025/26 | post_0_to_105m  F=60s,PM YES + K NO,41,466921,79.97819759659556,34.22300607485793,80.77684478169742,1.1752300434753804,1.2793094717658717,42.3779569440945,36.64623050866437,5.0847120741300635
UEFA Champions League 2025/26 | post_0_to_105m  F=60s,PM YES + K NO,42,469077,79.99518202768415,34.62901374541586,80.79855148479993,1.176900560545584,1.2805850115510615,42.86979647826208,36.50258951317153,5.062344279275496
UEFA Champions League 2025/26 | post_0_to_105m  F=60s,PM YES + K NO,43,471225,80.00997400392593,35.01976428431455,80.819644170051,1.1775263954917903,1.2819239385537542,43.342823549172756,36.36572324403012,5.038744715993394
UEFA Champions League 2025/26 | post_0_to_105m  F=60s,PM YES + K NO,44,473196,80.02244313138742,35.40908709162677,80.83898581856273,1.1789841684918496,1.2832492751789433,43.81467484112987,36.219786680104136,5.016292936927857
UEFA Champions League 2025/26 | post_0_to_105m  F=60s,PM YES + K NO,45,475226,80.03497283397793,35.783068783068785,80.85690645270257,1.1800059032910795,1.2846918086656802,44.268133590884915,36.08152067411327,4.993897147336301
UEFA Champions League 2025/26 | post_0_to_105m  F=60s,PM YES + K NO,46,477071,80.04762393857519,36.15587469555724,80.87517651000198,1.1807827060697902,1.2860809568066416,44.71971669326167,35.934324347022766,4.9732650261750795
UEFA Champions League 2025/26 | post_0_to_105m  F=60s,PM YES + K NO,47,478981,80.06330104951971,36.51493519218387,80.89162810254604,1.1823118925036789,1.287197985969521,45.15531480081744,35.792083088379385,4.952604910276868
UEFA Champions League 2025/26 | post_0_to_105m  F=60s,PM YES + K NO,48,480806,80.0813633773289,36.87357576775566,80.90783837855203,1.1840000395818921,1.28823545277595,45.59038100837042,35.64169536127208,4.932364715433499
UEFA Champions League 2025/26 | post_0_to_105m  F=60s,PM YES + K NO,49,482625,80.09137529137529,37.21824696956972,80.92341610271731,1.1852700237949259,1.2891481636021629,46.008426415833824,35.49886621315193,4.911620615324319
UEFA Champions League 2025/26 | post_0_to_105m  F=60s,PM YES + K NO,50,484244,80.10424496741312,37.56188236611517,80.9381906977193,1.1862625858544218,1.29008890353759,46.4254640127656,35.34875843341451,4.891828336272781
UEFA Champions League 2025/26 | post_0_to_105m  F=60s,PM YES + K NO,51,485854,80.11069168927291,37.89367598891408,80.95277396019104,1.1877755957046656,1.2909984901907665,46.82766439909297,35.20615324319028,4.871588141429411
UEFA Champions League 2025/26 | post_0_to_105m  F=60s,PM YES + K NO,52,487461,80.12148664200828,38.224517790655355,80.96653340433278,1.1884819060462581,1.2918968426871953,47.22905293804765,35.05640939503374,4.852047815010778
UEFA Champions League 2025/26 | post_0_to_105m  F=60s,PM YES + K NO,53,489009,80.12920007607222,38.54500153971053,80.97968488367374,1.1894140935316806,1.292921906061344,47.61767587693514,34.91173259427228,4.832171551748272
UEFA Champions League 2025/26 | post_0_to_105m  F=60s,PM YES + K NO,54,490550,80.13658138823769,38.86475742560398,80.99186282311267,1.1901299844352085,1.2939356727367948,48.00587889476779,34.76190476190476,4.812631225329638
UEFA Champions League 2025/26 | post_0_to_105m  F=60s,PM YES + K NO,55,492049,80.14181514442667,39.17376333249349,81.00346803944916,1.1913059141485345,1.2949136401412042,48.380980375689376,34.618235771674925,4.793230872595952
UEFA Champions League 2025/26 | post_0_to_105m  F=60s,PM YES + K NO,56,493482,80.14861737611504,39.48201338148428,81.01394887690373,1.1917095079757059,1.2958243281799313,48.7556899302931,34.46849192351837,4.774194451443129
UEFA Champions League 2025/26 | post_0_to_105m  F=60s,PM YES + K NO,57,494856,80.15786410592172,39.78088519358361,81.02392550200449,1.192644331584613,1.296735263106287,49.11903362167912,34.32359116486101,4.754094230284706
UEFA Champions League 2025/26 | post_0_to_105m  F=60s,PM YES + K NO,58,496204,80.16722960717769,40.078861174099266,81.032953560729,1.1932686094914315,1.297649123707157,49.48167744464041,34.17395929565241,4.7346378880770414
UEFA Champions League 2025/26 | post_0_to_105m  F=60s,PM YES + K NO,59,497571,80.17187496859745,40.366591080876795,81.04027354854374,1.1932933122642022,1.2984593630074692,49.832647462277095,34.02992637384172,4.71546149323927
UEFA Champions League 2025/26 | post_0_to_105m  F=60s,PM YES + K NO,60,498863,80.1731136604639,40.65348114554464,81.04712865893951,1.1942568675817191,1.2992056268224503,50.182777637804094,33.88040648358109,4.697124940511184
UEFA Champions League 2025/26 | post_0_to_105m  F=60s,pooled,1,171411,74.84992211701699,0.7176730774614373,74.9656402608416,0.9515023070133135,0.9359167010002014,2.912768399540886,14.432966602278771,4.4328546233308135
UEFA Champions League 2025/26 | post_0_to_105m  F=60s,pooled,2,234390,75.31720636545927,2.154782900814647,74.87815555231286,0.9746265792743494,0.9606196647926053,8.158254248201338,19.369838470367572,6.4740908709162674
UEFA Champions League 2025/26 | post_0_to_105m  F=60s,pooled,3,290538,75.61523793789452,3.4787799893619997,75.52435014616773,0.9904271298313218,1.0017038732029635,11.948601662887377,22.86562526245066,7.095574032081968
UEFA Champions League 2025/26 | post_0_to_105m  F=60s,pooled,4,331037,75.86946474261185,4.907925310041712,75.91852818970538,1.0060198235030373,1.0271807261527646,15.860810167688474,24.602194787379972,7.559950729262898
UEFA Champions League 2025/26 | post_0_to_105m  F=60s,pooled,5,368802,76.07578050010575,6.162061532431903,76.28816314364835,1.018674824577429,1.0500549849383898,18.905853699504494,26.13681027966742,7.678564429887181
UEFA Champions League 2025/26 | post_0_to_105m  F=60s,pooled,6,398136,76.2385215102377,7.4478178102516726,76.56291593701572,1.0250720887750897,1.0683473427074366,21.94387055233616,26.91285238375185,7.787379972565158
UEFA Champions League 2025/26 | post_0_to_105m  F=60s,pooled,7,425859,76.36776491749616,8.59498614260519,76.77725651810766,1.030924868987528,1.0815167529352752,24.44416449707455,27.662243498222338,7.760644998740236
UEFA Champions League 2025/26 | post_0_to_105m  F=60s,pooled,8,448764,76.48273925715966,9.75135074605974,76.94854935036389,1.0366368396776662,1.0922543000691787,26.920354973265027,27.997844405251815,7.748607261834775
UEFA Champions League 2025/26 | post_0_to_105m  F=60s,pooled,9,470751,76.56638010328177,10.798899806836316,77.09638059377089,1.0410415442285286,1.100991605256135,29.030486268581505,28.350914028162702,7.676212871980066
UEFA Champions League 2025/26 | post_0_to_105m  F=60s,pooled,10,488970,76.6368079841299,11.848800425520002,77.2158572627431,1.045159163140857,1.1083770080627247,31.11774586377761,28.444332465496487,7.622518966434312
UEFA Champions League 2025/26 | post_0_to_105m  F=60s,pooled,11,506710,76.72870083479702,12.807256235827664,77.33049808908369,1.0490085311204365,1.115407825127045,32.938159625990316,28.57008482405308,7.536827076509616
UEFA Champions League 2025/26 | post_0_to_105m  F=60s,pooled,12,521758,76.79633086603368,13.76699980403684,77.42858334966861,1.0532268355274024,1.1214456251044598,34.74099269337365,28.51933036589121,7.466840234036
UEFA Champions League 2025/26 | post_0_to_105m  F=60s,pooled,13,536416,76.87652866432023,14.648904006046862,77.52033474836466,1.0563964582567096,1.1264742970598616,36.34094790179446,28.51095993953137,7.3763332493491225
UEFA Champions League 2025/26 | post_0_to_105m  F=60s,pooled,14,549145,76.92868003896967,15.530892192267853,77.6055786366752,1.0598748316096938,1.1310094296005864,37.928977352257775,28.375969317768263,7.297612048934799
UEFA Champions League 2025/26 | post_0_to_105m  F=60s,pooled,15,561506,76.98831357100369,16.34651885445536,77.68171084577776,1.0636200516205805,1.1350057890343088,39.35603706503178,28.280171327790377,7.2031858010694
UEFA Champions League 2025/26 | post_0_to_105m  F=60s,pooled,16,572633,77.03240993795328,17.16116570084824,77.75088197038812,1.0667066619771315,1.139142099442492,40.77318664091151,28.090199042579993,7.1188096637832095
UEFA Champions League 2025/26 | post_0_to_105m  F=60s,pooled,17,583422,77.06634305871222,17.919935052210185,77.81198983282015,1.0688535581434677,1.1428299081109896,42.058453010833965,27.93869152599311,7.026399036981047
UEFA Champions League 2025/26 | post_0_to_105m  F=60s,pooled,18,592894,77.1099049745823,18.677094706195234,77.86832293497031,1.0714000138331459,1.146293908408423,43.3363287701912,27.712634024803336,6.940987094426248
UEFA Champions League 2025/26 | post_0_to_105m  F=60s,pooled,19,602171,77.14984614004992,19.387335180985975,77.92245054565463,1.0740189491133503,1.1498206972164517,44.499370118417744,27.527280871196215,6.852495730802609
UEFA Champions League 2025/26 | post_0_to_105m  F=60s,pooled,20,610665,77.18208837906217,20.0965538478766,77.97516504858588,1.076835063922899,1.1534991214356314,45.656084656084666,27.28423056465385,6.77007922510568
UEFA Champions League 2025/26 | post_0_to_105m  F=60s,pooled,21,619052,77.2309919037496,20.76350046191316,78.02079662541354,1.0788596324704467,1.157040931338294,46.71912880378489,27.0774614372498,6.680496066739455
UEFA Champions League 2025/26 | post_0_to_105m  F=60s,pooled,22,626613,77.26331882677187,21.429145320679712,78.06534285315094,1.0817849768040242,1.160335466799509,47.776070098821414,26.823633156966494,6.5966798241930515
UEFA Champions League 2025/26 | post_0_to_105m  F=60s,pooled,23,633961,77.30349343256131,22.05811707399009,78.10750837763987,1.0840792526846688,1.1634916705643519,48.75333837238599,26.602110803169005,6.509924134262759
UEFA Champions League 2025/26 | post_0_to_105m  F=60s,pooled,24,640887,77.33141723892044,22.6838134430727,78.14698457628793,1.086289608196623,1.1665071929163702,49.72366395117719,26.34332745443857,6.42994317068391
UEFA Champions League 2025/26 | post_0_to_105m  F=60s,pooled,25,647576,77.35941418458992,23.27706391198455,78.18412875726558,1.087979692967767,1.169279802136227,50.624898519078414,26.112314884801663,6.348478486044623
UEFA Champions League 2025/26 | post_0_to_105m  F=60s,pooled,26,653790,77.38601079857446,23.86814478877971,78.2192024631057,1.0910112785394914,1.1719097779001943,51.51969429747207,25.85045211500238,6.273424596175919
UEFA Champions League 2025/26 | post_0_to_105m  F=60s,pooled,27,659855,77.41579589455259,24.431202933848436,78.25417562976307,1.0929697138108276,1.1747383481153868,52.353993449231545,25.616724055877494,6.19702695893172
UEFA Champions League 2025/26 | post_0_to_105m  F=60s,pooled,28,665388,77.4417332443627,24.992735365751237,78.28752573183645,1.0945834433091512,1.1773780292743001,53.18389742728367,25.35712885977436,6.125080484868844
UEFA Champions League 2025/26 | post_0_to_105m  F=60s,pooled,29,670944,77.4681642581199,25.5265250132975,78.31991902023763,1.0970534255820477,1.1797182358888398,53.960051510316056,25.124464600655077,6.0510624002687505
UEFA Champions League 2025/26 | post_0_to_105m  F=60s,pooled,30,675985,77.49032892741702,26.05856498978192,78.35056405810398,1.0986704223762949,1.1819424826039917,54.73228633016993,24.86974048878811,5.980963578847177
UEFA Champions League 2025/26 | post_0_to_105m  F=60s,pooled,31,681002,77.51445663889386,26.565549676660787,78.3802077891399,1.1004258786630101,1.183982457029844,55.45729402872261,24.637776098093564,5.908037288989671
UEFA Champions League 2025/26 | post_0_to_105m  F=60s,pooled,32,685615,77.53418463715059,27.07095266089975,78.408885894166,1.1027668622209506,1.1860691597796331,56.17911032725848,24.385907449399514,5.83830239914896
UEFA Champions League 2025/26 | post_0_to_105m  F=60s,pooled,33,690228,77.55451821716882,27.555219618711682,78.43756014004487,1.1041101028776745,1.188256095045526,56.857954704515556,24.15559474818734,5.767867640883514
UEFA Champions League 2025/26 | post_0_to_105m  F=60s,pooled,34,694454,77.57144461692207,28.03853475546597,78.46631923824805,1.106152149989682,1.1903177753041356,57.532403908065284,23.909409031102154,5.70194003527337
UEFA Champions League 2025/26 | post_0_to_105m  F=60s,pooled,35,698647,77.582813638361,28.501623694745387,78.49445951077162,1.1071313545239179,1.1922486209792618,58.16749251140786,23.684191372022056,5.6363763612440865
UEFA Champions League 2025/26 | post_0_to_105m  F=60s,pooled,36,702622,77.59933506209597,28.963172923490383,78.52156757234697,1.1092356555162115,1.1941284826952614,58.79899778841577,23.446823997088543,5.574340024075474
UEFA Champions League 2025/26 | post_0_to_105m  F=60s,pooled,37,706539,77.61694683520655,29.406161641611376,78.5479269719845,1.1107528056784228,1.1959867241926907,59.39744128103917,23.225861538030852,5.511939755325999
UEFA Champions League 2025/26 | post_0_to_105m  F=60s,pooled,38,710149,77.6318772539284,29.847946586041825,78.57365258561256,1.1120846203199455,1.1978399388895717,59.99221746311694,22.992189468379944,5.453206797122141
UEFA Champions League 2025/26 | post_0_to_105m  F=60s,pooled,39,713771,77.65487810516258,30.273088659332046,78.59799410252478,1.113233969823982,1.1995685515415546,60.556871308194054,22.774138461969155,5.393941938915484
UEFA Champions League 2025/26 | post_0_to_105m  F=60s,pooled,40,717246,77.67070154451889,30.697040956300217,78.62299746104267,1.1140441742155118,1.2012705486276931,61.11917359536407,22.54460961339268,5.337000643878951
UEFA Champions League 2025/26 | post_0_to_105m  F=60s,pooled,41,720573,77.68373225197169,31.10541418213376,78.64763607587321,1.1149669805616005,1.2028169771752903,61.651689482377314,22.331877607009883,5.280675233056185
UEFA Champions League 2025/26 | post_0_to_105m  F=60s,pooled,42,723772,77.69767274777139,31.51209372637944,78.67151891457628,1.115838722609939,1.2044365652637303,62.182021779905384,22.110467232160353,5.226505416981608
UEFA Champions League 2025/26 | post_0_to_105m  F=60s,pooled,43,727006,77.70884972063504,31.903488144228884,78.69397464735728,1.1166002951652394,1.2060339766038894,62.6862069930853,21.9039780521262,5.1722236219590725
UEFA Champions League 2025/26 | post_0_to_105m  F=60s,pooled,44,729932,77.71682841689363,32.293300859438425,78.71515842160123,1.1177397341529829,1.2076077046939142,63.1880686430951,21.689678340471993,5.120209400632681
UEFA Champions League 2025/26 | post_0_to_105m  F=60s,pooled,45,732954,77.72875241829637,32.66915819825873,78.73467230123033,1.1189371456134394,1.209191962324266,63.666638671929675,21.489236023627555,5.068363147728228
UEFA Champions League 2025/26 | post_0_to_105m  F=60s,pooled,46,735721,77.73598959388137,33.04407771338988,78.75474799988524,1.1196269213995926,1.2107219585217377,64.14207329022143,21.28199098569469,5.019596315892612
UEFA Champions League 2025/26 | post_0_to_105m  F=60s,pooled,47,738563,77.74963002479139,33.406189636348365,78.77332895007842,1.1211455740555407,1.2121120992611796,64.59539206629154,21.086251784664483,4.971333389322808
UEFA Champions League 2025/26 | post_0_to_105m  F=60s,pooled,48,741280,77.76670084178718,33.76736373561771,78.7915704665194,1.1226844650689396,1.2134958685943,65.04691917919432,20.884157778337674,4.92475014697237
UEFA Champions League 2025/26 | post_0_to_105m  F=60s,pooled,49,743935,77.77964472702588,34.11703199798438,78.80958639815543,1.1242795067121631,1.2148219391333859,65.4785140393606,20.693149687858682,4.878810783572688
UEFA Champions League 2025/26 | post_0_to_105m  F=60s,pooled,50,746373,77.79046133769576,34.46563646034546,78.8268305761643,1.1251881048684285,1.2161478253301317,65.90837322583354,20.49612272892696,4.834663083340332
UEFA Champions League 2025/26 | post_0_to_105m  F=60s,pooled,51,748791,77.79634103508188,34.80328098317516,78.84428417499107,1.1262105943796816,1.2174599856787043,66.32084768063605,20.309761764788224,4.790319419949049
UEFA Champions League 2025/26 | post_0_to_105m  F=60s,pooled,52,751192,77.80514169479973,35.13993169284175,78.86118615316957,1.1269121309044867,1.2187489860071,66.73158646174518,20.11726995324879,4.747739424988103
UEFA Champions League 2025/26 | post_0_to_105m  F=60s,pooled,53,753526,77.81350610330632,35.4657764340304,78.8771180504752,1.128110040059959,1.2200885619428044,67.12474454802496,19.935696089135245,4.70541138266006
UEFA Champions League 2025/26 | post_0_to_105m  F=60s,pooled,54,755816,77.8198662108238,35.79108927521626,78.89276206908042,1.1288889298515326,1.2213998992337154,67.51717477114302,19.749475098681447,4.663811203493744
UEFA Champions League 2025/26 | post_0_to_105m  F=60s,pooled,55,758056,77.82525301560834,36.10639399792839,78.90805506619586,1.1297072172278277,1.222670811596631,67.89398393102095,19.572800313541055,4.622183029590437
UEFA Champions League 2025/26 | post_0_to_105m  F=60s,pooled,56,760152,77.82996032372473,36.42055093642395,78.92249300923821,1.130334871843885,1.2238546187745578,68.26953332773438,19.391310433638477,4.581814618851657
UEFA Champions League 2025/26 | post_0_to_105m  F=60s,pooled,57,762209,77.83862431432848,36.726183477506225,78.93641594846584,1.1310780300645993,1.225026802652796,68.63119733490103,19.2183029590437,4.541530192323844
UEFA Champions League 2025/26 | post_0_to_105m  F=60s,pooled,58,764243,77.84552818933246,37.03078021331989,78.94983749282662,1.1318893526996703,1.2262186431991766,68.99171355785113,19.04134822653341,4.502337560538619
UEFA Champions League 2025/26 | post_0_to_105m  F=60s,pooled,59,766277,77.85109040203477,37.32665658856135,78.9627176982262,1.1323608617970053,1.227388821969381,69.3389882702052,18.871896083536296,4.463256907701352
UEFA Champions League 2025/26 | post_0_to_105m  F=60s,pooled,60,768173,77.85707125868782,37.62183309537807,78.9756242613791,1.1336140820169662,1.2285400055460873,69.68469527728787,18.69793678788388,4.425771954872484
World Cup 2026/27 | post_0_to_105m  F=5s,K YES + PM NO,1,482089,70.58447714011314,8.441035816035816,70.1753569736753,0.4969197081657074,0.4896842430331909,12.028490028490028,23.004120879120883,16.928825803825802
World Cup 2026/27 | post_0_to_105m  F=5s,K YES + PM NO,2,618553,71.33649016333281,19.475376475376475,70.71933435062608,0.5115235579598946,0.49825734931521104,27.53917378917379,21.61111111111111,22.026607651607648
World Cup 2026/27 | post_0_to_105m  F=5s,K YES + PM NO,3,696374,71.78125547478797,28.108109483109484,71.75606525014287,0.519167722019793,0.5171230541683426,39.172517297517295,18.630392755392755,22.6739417989418
World Cup 2026/27 | post_0_to_105m  F=5s,K YES + PM NO,4,755680,72.11147575693415,34.21576109076109,72.49165997488561,0.5245683721838451,0.5290956513180864,47.20110907610908,16.60637973137973,21.531186406186404
World Cup 2026/27 | post_0_to_105m  F=5s,K YES + PM NO,5,800153,72.34341432201091,39.437728937728934,73.05850519909033,0.5282578572887603,0.5382072465641462,53.98341473341473,14.258496133496134,20.365181115181116
World Cup 2026/27 | post_0_to_105m  F=5s,K YES + PM NO,6,831184,72.49586132553081,43.74089336589336,73.51240937823573,0.530509668592888,0.5453864165950333,59.50544363044363,12.151251526251526,19.17485754985755
World Cup 2026/27 | post_0_to_105m  F=5s,K YES + PM NO,7,856853,72.63217844834529,47.024420024420024,73.84913336454616,0.5324509710542965,0.5504694032347709,63.6818783068783,10.691646316646315,17.89473951973952
World Cup 2026/27 | post_0_to_105m  F=5s,K YES + PM NO,8,877730,72.75073200186846,49.87881562881563,74.13508761980378,0.5341503024909877,0.5548777681053014,67.28800366300366,9.3009768009768,16.768569393569393
World Cup 2026/27 | post_0_to_105m  F=5s,K YES + PM NO,9,893694,72.83085709426268,52.32498982498983,74.37963335939212,0.5350990914315203,0.558608088893079,70.35749898249898,8.07132682132682,15.760582010582011
World Cup 2026/27 | post_0_to_105m  F=5s,K YES + PM NO,10,907350,72.90395106629195,54.291564916564916,74.56980103166696,0.5359654164683818,0.5614380489009086,72.81679894179895,7.165445665445665,14.810286935286937
World Cup 2026/27 | post_0_to_105m  F=5s,K YES + PM NO,11,918988,72.95764471353272,56.01475376475376,74.73926726022228,0.5368418621993887,0.5639861846962563,74.95874033374034,6.3388278388278385,13.985754985754985
World Cup 2026/27 | post_0_to_105m  F=5s,K YES + PM NO,12,928312,73.0092899800929,57.51902726902727,74.88845495540848,0.5374633635554804,0.5662889833236074,76.81980056980058,5.607091982091982,13.252492877492877
World Cup 2026/27 | post_0_to_105m  F=5s,K YES + PM NO,13,936474,73.04815723661308,58.76612739112739,75.01113698557192,0.5379255203238001,0.5681716433729748,78.35810948310949,5.048738298738298,12.580331705331707
World Cup 2026/27 | post_0_to_105m  F=5s,K YES + PM NO,14,943537,73.0782152687176,59.88044363044363,75.11730197792323,0.5383203295774471,0.5698297165808605,79.73254985754986,4.536324786324786,11.979649979649981
World Cup 2026/27 | post_0_to_105m  F=5s,K YES + PM NO,15,949455,73.11141654949418,60.87250712250712,75.21256092700828,0.5386371080767818,0.5712875718750564,80.95207570207569,4.0799247049247045,11.439763939763939
World Cup 2026/27 | post_0_to_105m  F=5s,K YES + PM NO,16,954798,73.13651683392717,61.719729344729345,75.29430968180792,0.5388955800217746,0.5724995547716588,81.99074074074075,3.718966218966219,10.944240944240946
World Cup 2026/27 | post_0_to_105m  F=5s,K YES + PM NO,17,959570,73.15860229060934,62.48667073667074,75.36686672651486,0.5391919003335777,0.5735934506520317,82.93086080586079,3.385989010989011,10.497608872608874
World Cup 2026/27 | post_0_to_105m  F=5s,K YES + PM NO,18,963670,73.18054935818279,63.176587301587304,75.43276073314046,0.5393922785894537,0.5745961542768739,83.77421652421651,3.0874542124542126,10.09539072039072
World Cup 2026/27 | post_0_to_105m  F=5s,K YES + PM NO,19,967360,73.19839563347668,63.77411477411477,75.48750510358316,0.5396144169121927,0.5754369624661877,84.5059015059015,2.8462555962555967,9.727920227920228
World Cup 2026/27 | post_0_to_105m  F=5s,K YES + PM NO,20,970731,73.21482470426926,64.31924094424095,75.5365040216143,0.5397900844760722,0.5762080139856215,85.17368742368743,2.623778998778999,9.395706145706146
World Cup 2026/27 | post_0_to_105m  F=5s,K YES + PM NO,21,973597,73.22721824327725,64.81573056573056,75.58026611708605,0.5398977032762882,0.5768940483042674,85.78210215710214,2.422008547008547,9.092236467236468
World Cup 2026/27 | post_0_to_105m  F=5s,K YES + PM NO,22,976244,73.24132081733664,65.25295075295075,75.6185291372694,0.5400982461622863,0.5775130520923759,86.31766381766381,2.256969881969882,8.812728937728938
World Cup 2026/27 | post_0_to_105m  F=5s,K YES + PM NO,23,978645,73.2536312963332,65.65257427757427,75.65393521911183,0.5402363740120234,0.5780880531500192,86.80636955636956,2.106634106634107,8.55952380952381
World Cup 2026/27 | post_0_to_105m  F=5s,K YES + PM NO,24,980746,73.26739033348085,66.01877289377289,75.68633969659324,0.540359541372139,0.5786192745992549,87.25371387871388,1.9694240944240942,8.32926332926333
World Cup 2026/27 | post_0_to_105m  F=5s,K YES + PM NO,25,982760,73.27689364646506,66.34386446886447,75.71502392122254,0.540502859816294,0.579101086931587,87.65053927553929,1.8550061050061049,8.11986161986162
World Cup 2026/27 | post_0_to_105m  F=5s,K YES + PM NO,26,984536,73.28436948979011,66.64270451770452,75.74002302390218,0.5405639579519178,0.5795316151015156,88.01663614163613,1.7490333740333743,7.92908017908018
World Cup 2026/27 | post_0_to_105m  F=5s,K YES + PM NO,27,986135,73.29564410552308,66.91844729344729,75.76310353924293,0.540653556183307,0.5799235576069605,88.35439560439559,1.6515059015059015,7.755138380138381
World Cup 2026/27 | post_0_to_105m  F=5s,K YES + PM NO,28,987616,73.3030854097139,67.16707366707367,75.78399452615918,0.5407646954855542,0.5802807639687882,88.65862840862842,1.5693935693935697,7.593915343915343
World Cup 2026/27 | post_0_to_105m  F=5s,K YES + PM NO,29,989001,73.30953153737964,67.39748677248677,75.8039505155583,0.5408342176880532,0.5806091255651489,88.93986568986567,1.4928774928774928,7.447140822140822
World Cup 2026/27 | post_0_to_105m  F=5s,K YES + PM NO,30,990207,73.31638738162829,67.61217948717949,75.82272002957633,0.5408877605922661,0.5809233165521701,89.20151607651607,1.4214489214489214,7.311558811558812
World Cup 2026/27 | post_0_to_105m  F=5s,K YES + PM NO,31,991381,73.32206285978852,67.80728530728531,75.84018718497605,0.5409566271696792,0.5812173429390483,89.43859381359381,1.3608567358567358,7.185744810744811
World Cup 2026/27 | post_0_to_105m  F=5s,K YES + PM NO,32,992471,73.3284902027364,67.99013024013024,75.8565846503845,0.5410389692492344,0.5814997316633177,89.66051078551078,1.3039275539275539,7.068935693935694
World Cup 2026/27 | post_0_to_105m  F=5s,K YES + PM NO,33,993423,73.33572909022642,68.15995115995116,75.87185250499913,0.541130988821602,0.5817595618101481,89.86660561660564,1.2515262515262515,6.9612840862840875
World Cup 2026/27 | post_0_to_105m  F=5s,K YES + PM NO,34,994376,73.34107017868493,68.31364468864469,75.88513242018422,0.5412062273023907,0.5819909200305624,90.05367317867318,1.2065018315018317,6.862688237688237
World Cup 2026/27 | post_0_to_105m  F=5s,K YES + PM NO,35,995245,73.34555812890294,68.4604192104192,75.89826371028147,0.5412691926705826,0.5822214810292087,90.23163410663413,1.1635124135124135,6.7695360195360195
World Cup 2026/27 | post_0_to_105m  F=5s,K YES + PM NO,36,996058,73.3512506299834,68.59900284900284,75.91108308726457,0.5413282093419756,0.5824332821140228,90.3992673992674,1.1232193732193732,6.682997557997557
World Cup 2026/27 | post_0_to_105m  F=5s,K YES + PM NO,37,996817,73.35629308087643,68.7267501017501,75.92259440915909,0.5414094833453121,0.582632512205471,90.55408017908017,1.0882173382173381,6.6012413512413515
World Cup 2026/27 | post_0_to_105m  F=5s,K YES + PM NO,38,997520,73.35973213569653,68.8468660968661,75.93340437076603,0.5414437155325743,0.5828172785435924,90.69953194953194,1.0553520553520555,6.525742775742775
World Cup 2026/27 | post_0_to_105m  F=5s,K YES + PM NO,39,998175,73.36459037743883,68.9591982091982,75.94339411216293,0.5415171370738352,0.5829962626386612,90.83567358567359,1.0244200244200246,6.455942205942206
World Cup 2026/27 | post_0_to_105m  F=5s,K YES + PM NO,40,998789,73.36764822199684,69.06293243793243,75.95239760421417,0.5415773061978235,0.5831649687537007,90.96158933658933,0.9977614977614976,6.3905677655677655
World Cup 2026/27 | post_0_to_105m  F=5s,K YES + PM NO,41,999353,73.37007043557182,69.15979853479854,75.96070888950479,0.5416096667078188,0.5833241761043294,91.07936507936508,0.9724257224257227,6.331043956043956
World Cup 2026/27 | post_0_to_105m  F=5s,K YES + PM NO,42,999883,73.37418477961921,69.25050875050876,75.96822388387899,0.541679988117286,0.583472637891576,91.19006919006921,0.9488705738705739,6.2753866503866504
World Cup 2026/27 | post_0_to_105m  F=5s,K YES + PM NO,43,1000383,73.37649680172494,69.33470695970696,75.97510762057351,0.5417154418642502,0.5836125273978341,91.29283679283678,0.9277574277574276,6.2239010989010985
World Cup 2026/27 | post_0_to_105m  F=5s,K YES + PM NO,44,1000829,73.3787690004986,69.41412291412291,75.98148026458674,0.541764212316813,0.5837434786003142,91.38990638990639,0.9076617826617827,6.176485551485552
World Cup 2026/27 | post_0_to_105m  F=5s,K YES + PM NO,45,1001245,73.38144010706671,69.48840048840049,75.98750476360026,0.5418155201307627,0.5838625863734724,91.48056573056571,0.8885327635327636,6.133903133903135
World Cup 2026/27 | post_0_to_105m  F=5s,K YES + PM NO,46,1001651,73.38404294509765,69.55682743182743,75.99295435672654,0.5418552978821918,0.5839766849225978,91.56420431420432,0.8722018722018721,6.09406796906797
World Cup 2026/27 | post_0_to_105m  F=5s,K YES + PM NO,47,1002013,73.38647302979103,69.62169312169313,75.99843169835295,0.5418816939452125,0.5840829757273889,91.64306064306064,0.8567358567358567,6.0572344322344325
World Cup 2026/27 | post_0_to_105m  F=5s,K YES + PM NO,48,1002355,73.38986686353637,69.68253968253968,76.0032694590244,0.5419309053828673,0.584179015743402,91.71743996743996,0.8422873422873423,6.023199023199023
World Cup 2026/27 | post_0_to_105m  F=5s,K YES + PM NO,49,1002692,73.39262704798682,69.74023199023199,76.00782249349466,0.5419746537622425,0.5842709534508534,91.78800366300365,0.8287545787545788,5.991351241351241
World Cup 2026/27 | post_0_to_105m  F=5s,K YES + PM NO,50,1003021,73.39447529014846,69.79517704517704,76.01207200428625,0.5420125480917071,0.5843618091294573,91.85531135531134,0.8157305657305657,5.961640211640211
World Cup 2026/27 | post_0_to_105m  F=5s,K YES + PM NO,51,1003320,73.39652354184109,69.84706959706959,76.01593943148919,0.54205693286283,0.584455575662395,91.91900691900692,0.8033170533170533,5.934371184371185
World Cup 2026/27 | post_0_to_105m  F=5s,K YES + PM NO,52,1003611,73.39875708815467,69.89524827024827,76.01912732942797,0.5420971599449175,0.5845370542034057,91.97863247863248,0.7917684167684166,5.909340659340659
World Cup 2026/27 | post_0_to_105m  F=5s,K YES + PM NO,53,1003877,73.399430408307,69.94078144078144,76.02174773774422,0.5421183614079419,0.5846111325503285,92.0355107855108,0.7804232804232805,5.8863451363451365
World Cup 2026/27 | post_0_to_105m  F=5s,K YES + PM NO,54,1004125,73.4009212000498,69.9838726088726,76.02406502375608,0.5421532265140274,0.5846774726448053,92.0894892144892,0.7697395197395198,5.864977614977615
World Cup 2026/27 | post_0_to_105m  F=5s,K YES + PM NO,55,1004383,73.40257650716907,70.02431827431828,76.0261949397545,0.5421969931323497,0.5847423626179479,92.14031339031341,0.7598697598697599,5.845136345136345
World Cup 2026/27 | post_0_to_105m  F=5s,K YES + PM NO,56,1004592,73.40273464252154,70.06293243793243,76.02801398490986,0.5422029713949803,0.5848028963724531,92.18894993894995,0.7504578754578756,5.826516076516077
World Cup 2026/27 | post_0_to_105m  F=5s,K YES + PM NO,57,1004805,73.40409333154194,70.09976597476597,76.0295779497389,0.5422356298948972,0.5848574677569864,92.23560236060239,0.7414021164021165,5.809218559218559
World Cup 2026/27 | post_0_to_105m  F=5s,K YES + PM NO,58,1005013,73.40631414718018,70.13481888481888,76.03109698725875,0.5422761295585635,0.584910385949518,92.27991452991452,0.7328551078551079,5.793142043142043
World Cup 2026/27 | post_0_to_105m  F=5s,K YES + PM NO,59,1005195,73.40635399101667,70.16844729344729,76.03262184819286,0.5422731037134559,0.5849601350910113,92.32244607244607,0.7244607244607245,5.7784391534391535
World Cup 2026/27 | post_0_to_105m  F=5s,K YES + PM NO,60,1005399,73.40826875698106,70.20075295075296,76.03417902939006,0.5423074661028161,0.5850089572194029,92.36309523809524,0.7163207163207163,5.76500814000814
World Cup 2026/27 | post_0_to_105m  F=5s,PM YES + K NO,1,587655,75.62957857926845,12.128663003663004,75.28920217150328,0.6100064108500954,0.6070922839971408,16.109432234432234,61.57595645095645,3.2956349206349205
World Cup 2026/27 | post_0_to_105m  F=5s,PM YES + K NO,2,759593,76.16605208315505,23.61472323972324,75.65036980054566,0.6181719459035951,0.6077957823487703,31.215506715506717,56.55163817663817,2.946988196988197
World Cup 2026/27 | post_0_to_105m  F=5s,PM YES + K NO,3,869495,76.51958895680826,31.791921041921043,76.2268035955418,0.6225128619345188,0.6142043641971522,41.706552706552706,49.83277370777371,2.5723951973951973
World Cup 2026/27 | post_0_to_105m  F=5s,PM YES + K NO,4,961837,76.77527481267616,37.31801994301994,76.61638797698342,0.6256509832787833,0.6175057531054273,48.707010582010575,44.71367521367522,2.283831908831909
World Cup 2026/27 | post_0_to_105m  F=5s,PM YES + K NO,5,1038044,76.97217073650057,42.01485551485551,76.8995972716903,0.6278844437290878,0.6198296231008659,54.63527676027677,39.867266992267,2.129884004884005
World Cup 2026/27 | post_0_to_105m  F=5s,PM YES + K NO,6,1094758,77.10124063948379,45.94037444037444,77.11951764218581,0.629418996218194,0.6216169120261517,59.5693426943427,35.63059625559626,2.033831908831909
World Cup 2026/27 | post_0_to_105m  F=5s,PM YES + K NO,7,1145038,77.20957732407135,48.919871794871796,77.27672727009714,0.6305820667625284,0.6228870377138491,63.30357142857143,32.38100325600326,1.9575193325193325
World Cup 2026/27 | post_0_to_105m  F=5s,PM YES + K NO,8,1188818,77.29341244833103,51.55214692714693,77.39992636645977,0.6315639376135377,0.6238071381673963,66.60342897842898,29.43192918192918,1.9115282865282863
World Cup 2026/27 | post_0_to_105m  F=5s,PM YES + K NO,9,1223877,77.3589993112053,53.85963573463574,77.5010980966325,0.6322041018441301,0.6245535764590244,69.4936914936915,26.808404558404565,1.8836487586487585
World Cup 2026/27 | post_0_to_105m  F=5s,PM YES + K NO,10,1255566,77.41385160158845,55.70695970695971,77.57567513570727,0.6326566647622611,0.6250157020695125,71.8080993080993,24.702635327635328,1.8627391127391126
World Cup 2026/27 | post_0_to_105m  F=5s,PM YES + K NO,11,1283819,77.46045197960149,57.38314000814001,77.63845954230105,0.6330525589579122,0.6253161811360312,73.90898453398454,22.77136752136752,1.8505799755799754
World Cup 2026/27 | post_0_to_105m  F=5s,PM YES + K NO,12,1307256,77.49629758823062,58.883190883190885,77.69105968288788,0.6331283388976495,0.6255648259721752,75.78973341473342,21.029100529100532,1.8453907203907205
World Cup 2026/27 | post_0_to_105m  F=5s,PM YES + K NO,13,1328791,77.52934810666237,60.13446275946276,77.73425605809405,0.6333084614383507,0.6256267777681868,77.35729548229547,19.576363451363452,1.8398453398453398
World Cup 2026/27 | post_0_to_105m  F=5s,PM YES + K NO,14,1348487,77.55929423123841,61.286833536833534,77.77269904231404,0.6333942972887718,0.6256678421152732,78.8007733007733,18.230718355718352,1.8381664631664634
World Cup 2026/27 | post_0_to_105m  F=5s,PM YES + K NO,15,1365068,77.58309476157964,62.33862433862434,77.8062108930016,0.6334469224668504,0.6256356924129067,80.11879324379325,16.997659747659746,1.8386752136752138
World Cup 2026/27 | post_0_to_105m  F=5s,PM YES + K NO,16,1380477,77.60042362169018,63.23143060643061,77.83406989727767,0.6334174772489218,0.6256050043918308,81.23723036223036,15.953551078551081,1.8388787138787137
World Cup 2026/27 | post_0_to_105m  F=5s,PM YES + K NO,17,1394696,77.61791816998112,64.05942205942206,77.85851248213768,0.6333836574829523,0.6255539893024833,82.2752849002849,14.980413105413104,1.8413715913715916
World Cup 2026/27 | post_0_to_105m  F=5s,PM YES + K NO,18,1406976,77.6307484989083,64.82305657305658,77.88000180922681,0.6333132003992316,0.6254953650262383,83.23341473341475,14.079415954415953,1.8447802197802199
World Cup 2026/27 | post_0_to_105m  F=5s,PM YES + K NO,19,1418470,77.64379930488484,65.48382173382173,77.89706077259795,0.6332450082214706,0.6254170336482645,84.06359381359381,13.30067155067155,1.8472222222222223
World Cup 2026/27 | post_0_to_105m  F=5s,PM YES + K NO,20,1429044,77.6540820296646,66.10180097680097,77.91241264590997,0.633149960024821,0.6253161727772075,84.84025234025233,12.569393569393569,1.8501729751729752
World Cup 2026/27 | post_0_to_105m  F=5s,PM YES + K NO,21,1438338,77.6620655228465,66.67317867317867,77.92551894729957,0.633017079087574,0.6251867241440334,85.55921855921855,11.89061864061864,1.854293854293854
World Cup 2026/27 | post_0_to_105m  F=5s,PM YES + K NO,22,1446967,77.66873743492422,67.17307692307692,77.93584412288132,0.6329278107365665,0.6250400067075544,86.18930606430607,11.296906796906798,1.8563288563288562
World Cup 2026/27 | post_0_to_105m  F=5s,PM YES + K NO,23,1455100,77.67534877328019,67.64250101750102,77.9449464912255,0.6328310229574401,0.6249105678825161,86.78149165649167,10.738044363044363,1.8584656084656086
World Cup 2026/27 | post_0_to_105m  F=5s,PM YES + K NO,24,1462265,77.68092650784912,68.08368945868946,77.95410897182357,0.6327456329233886,0.6247968922891532,87.33725071225071,10.213013838013838,1.86050061050061
World Cup 2026/27 | post_0_to_105m  F=5s,PM YES + K NO,25,1469063,77.68604886243817,68.47624135124136,77.96233278403183,0.6326753098923137,0.6246952829709945,87.83160358160359,9.746998371998371,1.8621794871794872
World Cup 2026/27 | post_0_to_105m  F=5s,PM YES + K NO,26,1475453,77.69091933121557,68.84640822140823,77.9689678616287,0.632620839822275,0.6245909735441568,88.29899267399267,9.30591168091168,1.863960113960114
World Cup 2026/27 | post_0_to_105m  F=5s,PM YES + K NO,27,1481192,77.69391139028566,69.19444444444444,77.97455553013899,0.6325292648454033,0.6244923331336877,88.73906186406187,8.890720390720391,1.8654354904354904
World Cup 2026/27 | post_0_to_105m  F=5s,PM YES + K NO,28,1486626,77.69687870385692,69.50595238095238,77.97885304148058,0.632459440191741,0.6243879518356167,89.13364875864877,8.51994301994302,1.8660459910459908
World Cup 2026/27 | post_0_to_105m  F=5s,PM YES + K NO,29,1491768,77.69767148779167,69.8007733007733,77.98277563306824,0.6323593857756326,0.6243006482770621,89.50722425722425,8.168752543752545,1.866809116809117
World Cup 2026/27 | post_0_to_105m  F=5s,PM YES + K NO,30,1496320,77.69942258340463,70.07763532763532,77.98526855725844,0.6322770631986112,0.6241764780744528,89.85943223443222,7.837301587301587,1.8675722425722427
World Cup 2026/27 | post_0_to_105m  F=5s,PM YES + K NO,31,1500627,77.70105429263901,70.3252442002442,77.98728903206515,0.6322105932249064,0.6240569122543916,90.1745522995523,7.541514041514042,1.868284493284493
World Cup 2026/27 | post_0_to_105m  F=5s,PM YES + K NO,32,1504686,77.7019923093589,70.56084656084656,77.9897951265375,0.6321340046801297,0.6239587408298709,90.47369759869761,7.260327635327636,1.8689458689458687
World Cup 2026/27 | post_0_to_105m  F=5s,PM YES + K NO,33,1508362,77.70210334124036,70.7834249084249,77.99214315424105,0.632051169320736,0.6238657847768362,90.7563085063085,6.994810744810744,1.8696072446072445
World Cup 2026/27 | post_0_to_105m  F=5s,PM YES + K NO,34,1511894,77.7031326270228,70.98463573463573,77.99345207251352,0.6319883750108756,0.6237624946758874,91.01271876271876,6.754070004070005,1.8700142450142447
World Cup 2026/27 | post_0_to_105m  F=5s,PM YES + K NO,35,1515237,77.7013760883611,71.17628205128206,77.99466485297684,0.6319005982405657,0.6236708953924847,91.256919006919,6.52457264957265,1.8705738705738706
World Cup 2026/27 | post_0_to_105m  F=5s,PM YES + K NO,36,1518251,77.70184244897582,71.35739723239723,77.99468284168248,0.6318292567875934,0.6235739381891283,91.48906186406187,6.306115181115181,1.8712861212861212
World Cup 2026/27 | post_0_to_105m  F=5s,PM YES + K NO,37,1521181,77.700023863038,71.52167277167277,77.99373200753845,0.6317378108524618,0.62346635418319,91.70070207570208,6.107600732600733,1.8712352462352462
World Cup 2026/27 | post_0_to_105m  F=5s,PM YES + K NO,38,1523917,77.69970411774395,71.67979242979243,77.99247718661172,0.6316631463661329,0.6233614079420116,91.90491452991452,5.91570004070004,1.871133496133496
World Cup 2026/27 | post_0_to_105m  F=5s,PM YES + K NO,39,1526541,77.6980113865268,71.83073870573871,77.99093542943471,0.6315757307017813,0.6232461750345631,92.10022385022386,5.732041107041107,1.871082621082621
World Cup 2026/27 | post_0_to_105m  F=5s,PM YES + K NO,40,1528970,77.69452638050453,71.96932234432235,77.98894526882646,0.6314835752777364,0.6231331278143526,92.28021978021978,5.563237688237688,1.871082621082621
World Cup 2026/27 | post_0_to_105m  F=5s,PM YES + K NO,41,1531364,77.69204447799478,72.1017501017501,77.9864841887239,0.6314126697775807,0.6230369935113502,92.4528897028897,5.401251526251525,1.871184371184371
World Cup 2026/27 | post_0_to_105m  F=5s,PM YES + K NO,42,1533538,77.68989095803299,72.2298026048026,77.98423451258653,0.6313431677241902,0.6229518675831061,92.619708994709,5.244556369556369,1.8712352462352462
World Cup 2026/27 | post_0_to_105m  F=5s,PM YES + K NO,43,1535614,77.68684057321697,72.34661172161172,77.98171929443583,0.6312662479632168,0.6228621941089266,92.77248677248677,5.101546601546602,1.8708282458282457
World Cup 2026/27 | post_0_to_105m  F=5s,PM YES + K NO,44,1537608,77.68423421314145,72.45884208384209,77.97889575281542,0.6311908003163352,0.6227744795803689,92.91977004477005,4.963268213268214,1.8707264957264957
World Cup 2026/27 | post_0_to_105m  F=5s,PM YES + K NO,45,1539477,77.68086174720376,72.56674806674806,77.97629395409454,0.6311045338383259,0.622677699841997,93.06125356125354,4.830433455433455,1.8705738705738706
World Cup 2026/27 | post_0_to_105m  F=5s,PM YES + K NO,46,1541288,77.67782529936001,72.66636141636141,77.97348531374621,0.6310237797914365,0.6225800209392395,93.19235856735857,4.707417582417582,1.8702177452177453
World Cup 2026/27 | post_0_to_105m  F=5s,PM YES + K NO,47,1543027,77.67563367329282,72.76297313797313,77.97099616258765,0.6309494222511997,0.6224889269602397,93.31924094424093,4.588420838420839,1.8697598697598699
World Cup 2026/27 | post_0_to_105m  F=5s,PM YES + K NO,48,1544633,77.6740494343964,72.85612535612536,77.96850465722518,0.630917141366838,0.6224010194937954,93.44169719169719,4.473494098494099,1.8691493691493695
World Cup 2026/27 | post_0_to_105m  F=5s,PM YES + K NO,49,1546192,77.67114304045035,72.94286731786731,77.96646022650957,0.6308540312141797,0.622344567588491,93.5554538054538,4.3669108669108665,1.8685388685388686
World Cup 2026/27 | post_0_to_105m  F=5s,PM YES + K NO,50,1547675,77.66947194986028,73.02696377696378,77.96430654785506,0.6308126658183398,0.622278789282839,93.66590354090353,4.263278388278388,1.867826617826618
World Cup 2026/27 | post_0_to_105m  F=5s,PM YES + K NO,51,1549054,77.66662750297924,73.1078551078551,77.96250442164839,0.6307498748289896,0.6222179363900472,93.77182539682538,4.1639702889702885,1.867063492063492
World Cup 2026/27 | post_0_to_105m  F=5s,PM YES + K NO,52,1550416,77.66451068616423,73.18325193325194,77.96068391261839,0.6306955424254043,0.6221592763655116,93.8707264957265,4.071377696377696,1.8664529914529915
World Cup 2026/27 | post_0_to_105m  F=5s,PM YES + K NO,53,1551689,77.66311419363029,73.2559015059015,77.95868712260297,0.6306606620731746,0.622101910784523,93.96637159137158,3.981888481888482,1.865842490842491
World Cup 2026/27 | post_0_to_105m  F=5s,PM YES + K NO,54,1552917,77.6612014679471,73.32615995115995,77.9568929940433,0.630611168703905,0.6220578185839412,94.05860805860807,3.895451770451771,1.8653337403337404
World Cup 2026/27 | post_0_to_105m  F=5s,PM YES + K NO,55,1554060,77.65954982433111,73.39183964183964,77.95487275370229,0.6305849330311947,0.6220032899445651,94.14524827024826,3.814407814407815,1.8647741147741148
World Cup 2026/27 | post_0_to_105m  F=5s,PM YES + K NO,56,1555168,77.65894102759316,73.45497557997558,77.95289236922466,0.6305623073817396,0.621957379511095,94.22858160358159,3.7364672364672367,1.864265364265364
World Cup 2026/27 | post_0_to_105m  F=5s,PM YES + K NO,57,1556213,77.6571716082567,73.51628001628002,77.95090779527419,0.6305243622558481,0.621910119908141,94.30957468457468,3.6607142857142865,1.8636548636548635
World Cup 2026/27 | post_0_to_105m  F=5s,PM YES + K NO,58,1557212,77.65654259021893,73.57290394790395,77.94909359826826,0.6304950948211421,0.6218691725121515,94.38436100936099,3.5910154660154663,1.863044363044363
World Cup 2026/27 | post_0_to_105m  F=5s,PM YES + K NO,59,1558162,77.6557893210077,73.62769637769638,77.94748441832358,0.6304717345688824,0.6218213655483498,94.4565527065527,3.5238603988603985,1.8623829873829874
World Cup 2026/27 | post_0_to_105m  F=5s,PM YES + K NO,60,1559039,77.65469625840021,73.68091168091168,77.94630680319779,0.6304439838626953,0.6217810711196011,94.52620065120064,3.459198209198209,1.8616707366707368
World Cup 2026/27 | post_0_to_105m  F=5s,pooled,1,1069744,73.3559618002064,10.284849409849409,73.10311908425379,0.5590429509845445,0.5569023148585754,32.647283272283275,49.45090557590557,4.7402828652828655
World Cup 2026/27 | post_0_to_105m  F=5s,pooled,2,1378146,73.99840074999311,21.54504985754986,73.33913480188419,0.5703049707734277,0.5564538151905687,58.73478835978836,32.35841473341473,3.3287545787545785
World Cup 2026/27 | post_0_to_105m  F=5s,pooled,3,1565869,74.41235505652133,29.95001526251526,74.06150515205822,0.5765531625835659,0.5671852829500765,71.77019739519739,22.56288156288156,2.276200651200651
World Cup 2026/27 | post_0_to_105m  F=5s,pooled,4,1717517,74.72327784819598,35.76689051689052,74.58645244521396,0.5811762517027798,0.573995779382505,78.27152014652015,17.6498778998779,1.6170126170126171
World Cup 2026/27 | post_0_to_105m  F=5s,pooled,5,1838197,74.95730871065506,40.72629222629222,74.99063221319584,0.5845177577754129,0.5792645281083869,83.23361823361823,13.606939356939355,1.234940984940985
World Cup 2026/27 | post_0_to_105m  F=5s,pooled,6,1925942,75.11368462809368,44.840633903133906,75.3170084350435,0.5867324300739839,0.5835237471347992,86.78759666259667,10.64433251933252,0.9868233618233618
World Cup 2026/27 | post_0_to_105m  F=5s,pooled,7,2001891,75.25035079332491,47.97214590964591,75.55791583214507,0.588579818013278,0.5865722752647476,89.002849002849,8.838064713064714,0.8113553113553112
World Cup 2026/27 | post_0_to_105m  F=5s,pooled,8,2066548,75.36398864192847,50.715481277981276,75.7592638261539,0.5901892054727329,0.5891684181069976,90.81613756613758,7.322496947496947,0.6877798127798129
World Cup 2026/27 | post_0_to_105m  F=5s,pooled,9,2117571,75.44795428346913,53.09231277981278,75.9308432750491,0.5912221630209752,0.5913796569920882,92.24771062271063,6.11965811965812,0.5981888481888482
World Cup 2026/27 | post_0_to_105m  F=5s,pooled,10,2162916,75.52193427761411,54.99926231176231,76.06238144556205,0.5920943848866435,0.5930078208196067,93.23748473748473,5.311050061050061,0.5284391534391534
World Cup 2026/27 | post_0_to_105m  F=5s,pooled,11,2202807,75.58192796736165,56.69894688644688,76.1787730117962,0.5929144643392179,0.5944377291366829,94.07870370370371,4.617572242572242,0.47425722425722416
World Cup 2026/27 | post_0_to_105m  F=5s,pooled,12,2235568,75.63308295699348,58.20110907610908,76.28043838542992,0.5934037836213887,0.5957298066970743,94.77655677655679,4.041819291819292,0.4297415547415547
World Cup 2026/27 | post_0_to_105m  F=5s,pooled,13,2265265,75.67679719591307,59.450295075295074,76.36409024327206,0.5938765872879499,0.596717626556738,95.2946682946683,3.6242368742368742,0.39336589336589334
World Cup 2026/27 | post_0_to_105m  F=5s,pooled,14,2292024,75.71460857303414,60.58363858363858,76.4373500804599,0.5942560481812407,0.5975879048568633,95.75,3.255240130240131,0.3623321123321123
World Cup 2026/27 | post_0_to_105m  F=5s,pooled,15,2314523,75.74873958910756,61.60556573056573,76.50283477441211,0.5945543937161217,0.5983243576807626,96.14148351648352,2.93966218966219,0.33541921041921036
World Cup 2026/27 | post_0_to_105m  F=5s,pooled,16,2335275,75.77531554099625,62.475579975579976,76.55849007670375,0.594771357015251,0.5989331006879345,96.44444444444444,2.7039072039072036,0.31171143671143675
World Cup 2026/27 | post_0_to_105m  F=5s,pooled,17,2354266,75.80035560977392,63.2730463980464,76.6079133699425,0.5949922503913895,0.5994741168491879,96.71504884004885,2.4927248677248675,0.2911579161579161
World Cup 2026/27 | post_0_to_105m  F=5s,pooled,18,2370646,75.82173804102342,63.99982193732194,76.65258808557803,0.5951342505600616,0.5999668666665382,96.95309320309322,2.3073361823361824,0.2732498982498982
World Cup 2026/27 | post_0_to_105m  F=5s,pooled,19,2385830,75.84136338297364,64.62896825396825,76.68929187729081,0.5952814949749512,0.6003649561490004,97.14611314611314,2.161528286528287,0.25737688237688233
World Cup 2026/27 | post_0_to_105m  F=5s,pooled,20,2399775,75.85836172141138,65.21052096052097,76.72230096631775,0.5953850339999593,0.6007175022965775,97.32214082214084,2.0272181522181523,0.2438441188441188
World Cup 2026/27 | post_0_to_105m  F=5s,pooled,21,2411935,75.87190367899632,65.74445461945461,76.7515417594306,0.5954286926129218,0.6010125715551736,97.47914122914123,1.907254782254782,0.2323463573463573
World Cup 2026/27 | post_0_to_105m  F=5s,pooled,22,2423211,75.8850549952109,66.21301383801384,76.77650106951683,0.5955293731105183,0.6012624689007435,97.60922873422874,1.8105413105413102,0.22176434676434673
World Cup 2026/27 | post_0_to_105m  F=5s,pooled,23,2433745,75.89731052349363,66.64753764753765,76.79945596496601,0.5955973397995139,0.6014996193225656,97.72868335368335,1.7217134717134719,0.2120980870980871
World Cup 2026/27 | post_0_to_105m  F=5s,pooled,24,2443011,75.9091137944119,67.05123117623117,76.82094770738003,0.595657265435677,0.6017228131833052,97.83821733821735,1.6403642653642656,0.20334757834757827
World Cup 2026/27 | post_0_to_105m  F=5s,pooled,25,2451823,75.91873475369144,67.41005291005291,76.84001907934892,0.5957299851128702,0.6019253860886146,97.93198005698007,1.5727513227513226,0.1952584452584452
World Cup 2026/27 | post_0_to_105m  F=5s,pooled,26,2459989,75.9273313823761,67.74455636955636,76.85646153806195,0.5957778644068915,0.6021010400317467,98.0191798941799,1.5095136345136344,0.18798331298331294
World Cup 2026/27 | post_0_to_105m  F=5s,pooled,27,2467327,75.93602307274229,68.05644586894587,76.8714140287777,0.5958086145378048,0.6022600322965952,98.09986772486774,1.4512108262108259,0.18096255596255592
World Cup 2026/27 | post_0_to_105m  F=5s,pooled,28,2474242,75.943056499728,68.33651302401303,76.88453975225299,0.5958586561990089,0.6023969754258868,98.17165242165242,1.4007936507936507,0.1738400488400488
World Cup 2026/27 | post_0_to_105m  F=5s,pooled,29,2480769,75.94826442929592,68.59913003663004,76.89701247908462,0.5958713118099453,0.602528067668918,98.23901098901099,1.3535816035816037,0.16707366707366703
World Cup 2026/27 | post_0_to_105m  F=5s,pooled,30,2486527,75.95397114127455,68.8449074074074,76.90815372247512,0.595883198516699,0.6026330901085581,98.30163817663818,1.3094729344729346,0.160968660968661
World Cup 2026/27 | post_0_to_105m  F=5s,pooled,31,2492008,75.95898568543922,69.06626475376476,76.91832410689169,0.5959075604409839,0.6027286287033699,98.35637973137972,1.2719271469271471,0.15552503052503047
World Cup 2026/27 | post_0_to_105m  F=5s,pooled,32,2497157,75.96378601745906,69.2754884004884,76.92819190255724,0.5959291601672952,0.6028287953687428,98.40771265771266,1.2363146113146113,0.1505392755392755
World Cup 2026/27 | post_0_to_105m  F=5s,pooled,33,2501785,75.96827864904458,69.47168803418803,76.93740736974154,0.5959480675466063,0.6029200997458902,98.45624745624745,1.2028388278388278,0.1455535205535205
World Cup 2026/27 | post_0_to_105m  F=5s,pooled,34,2506270,75.97246106764236,69.64914021164022,76.94506362893445,0.5959700733475382,0.6029910542162416,98.49944037444035,1.1733821733821734,0.14102564102564094
World Cup 2026/27 | post_0_to_105m  F=5s,pooled,35,2510482,75.97457380694225,69.81835063085063,76.95257379215367,0.5959710623042404,0.6030669836197645,98.5405982905983,1.1450447700447701,0.13685388685388683
World Cup 2026/27 | post_0_to_105m  F=5s,pooled,36,2514309,75.97833042796252,69.97820004070005,76.9593134213284,0.5959767452957333,0.6031305794571303,98.58007733007734,1.1175213675213675,0.13288563288563288
World Cup 2026/27 | post_0_to_105m  F=5s,pooled,37,2517998,75.98044160479873,70.12421143671143,76.96486732626164,0.595978921274037,0.6031816092948794,98.61624949124949,1.0927452177452177,0.12896825396825393
World Cup 2026/27 | post_0_to_105m  F=5s,pooled,38,2521437,75.98274317383301,70.26332926332927,76.96992529810537,0.5959709253647392,0.6032268717735219,98.65099715099714,1.0686813186813184,0.12499999999999994
World Cup 2026/27 | post_0_to_105m  F=5s,pooled,39,2524716,75.98474442273903,70.39496845746845,76.97442990984867,0.5959700480449696,0.603264034616608,98.68350630850631,1.0462454212454213,0.1212352462352462
World Cup 2026/27 | post_0_to_105m  F=5s,pooled,40,2527759,75.98485456880977,70.5161273911274,76.97818692659563,0.5959590681597488,0.6032965431391527,98.71428571428571,1.0250814000814001,0.1175722425722425
World Cup 2026/27 | post_0_to_105m  F=5s,pooled,41,2530717,75.98534328413648,70.63077431827432,76.98136485813976,0.5959504270508057,0.6033328730873615,98.74389499389497,1.0045787545787546,0.1141636141636141
World Cup 2026/27 | post_0_to_105m  F=5s,pooled,42,2533421,75.98658099068413,70.74015567765568,76.98425814810047,0.5959551729870778,0.6033694824421332,98.77253764753766,0.9844831094831095,0.11090761090761085
World Cup 2026/27 | post_0_to_105m  F=5s,pooled,43,2535997,75.98652522065287,70.84065934065934,76.98666763975093,0.5959408496848662,0.6033988139664551,98.79919617419615,0.966015466015466,0.10775335775335775
World Cup 2026/27 | post_0_to_105m  F=5s,pooled,44,2538437,75.98671938677225,70.9364824989825,76.98866671654478,0.5959325990527334,0.6034246594187997,98.82493894993897,0.947802197802198,0.10490435490435489
World Cup 2026/27 | post_0_to_105m  F=5s,pooled,45,2540722,75.98655027980236,71.02757427757427,76.99060556871865,0.5959176151082841,0.6034400618329814,98.84996947496948,0.9299450549450549,0.1021571021571021
World Cup 2026/27 | post_0_to_105m  F=5s,pooled,46,2542939,75.98652582700568,71.11159442409442,76.99213509665951,0.5959007591161954,0.6034521239245877,98.8731684981685,0.9133597883597884,0.09976597476597471
World Cup 2026/27 | post_0_to_105m  F=5s,pooled,47,2545040,75.98693930154339,71.19233312983313,76.99384013625374,0.5958823814019135,0.6034636391307608,98.89565527065525,0.8972832722832723,0.09747659747659743
World Cup 2026/27 | post_0_to_105m  F=5s,pooled,48,2546988,75.98802978262952,71.26933251933252,76.99522568812282,0.5958970319003964,0.6034716453195147,98.91737891737893,0.8816137566137566,0.0953398453398453
World Cup 2026/27 | post_0_to_105m  F=5s,pooled,49,2548884,75.98804025604932,71.34154965404966,76.99666819310424,0.5958902428518855,0.6034929509514555,98.9383903133903,0.8663003663003663,0.09320309320309317
World Cup 2026/27 | post_0_to_105m  F=5s,pooled,50,2550696,75.98839689245602,71.41107041107041,76.99790370654196,0.5958934191177196,0.6035089762627011,98.95868945868945,0.8513431013431013,0.09121896621896616
World Cup 2026/27 | post_0_to_105m  F=5s,pooled,51,2552374,75.9880801167854,71.47746235246235,76.99912119915896,0.5958853124515764,0.6035287968285479,98.97858160358163,0.8365893365893364,0.08923483923483919
World Cup 2026/27 | post_0_to_105m  F=5s,pooled,52,2554027,75.98827263768159,71.5392501017501,76.99997672766301,0.5958805967573969,0.6035433166463618,98.99740537240535,0.8225986975986976,0.08740333740333733
World Cup 2026/27 | post_0_to_105m  F=5s,pooled,53,2555566,75.98825465669836,71.59834147334148,77.00045877344716,0.5958794906360402,0.6035547498270114,99.01587301587301,0.8087606837606838,0.08562271062271057
World Cup 2026/27 | post_0_to_105m  F=5s,pooled,54,2557042,75.98823171461399,71.65501628001628,77.00089003770086,0.5958746132615577,0.603568991964981,99.03357753357754,0.7953805453805454,0.08409645909645903
World Cup 2026/27 | post_0_to_105m  F=5s,pooled,55,2558443,75.98836479843405,71.70807895807896,77.00110162030784,0.5958859601639385,0.603576989485966,99.0505698005698,0.7825091575091575,0.08262108262108256
World Cup 2026/27 | post_0_to_105m  F=5s,pooled,56,2559760,75.98856924086633,71.758954008954,77.0011723553424,0.5958851962238145,0.6035870421969879,99.06720594220594,0.7698921448921449,0.08119658119658112
World Cup 2026/27 | post_0_to_105m  F=5s,pooled,57,2561018,75.98849363807673,71.80802299552299,77.00111263469113,0.5958846370684635,0.6035934160992074,99.0830280830281,0.7579365079365078,0.07992470492470488
World Cup 2026/27 | post_0_to_105m  F=5s,pooled,58,2562225,75.98942325517861,71.85386141636141,77.00109638661286,0.5958918859166001,0.6036017645269502,99.09844322344321,0.7462861212861214,0.07865282865282859
World Cup 2026/27 | post_0_to_105m  F=5s,pooled,59,2563357,75.98941544232817,71.89807183557184,77.00118261885373,0.5958855170647578,0.6036049936496236,99.11360398860398,0.7348392348392349,0.07733007733007725
World Cup 2026/27 | post_0_to_105m  F=5s,pooled,60,2564438,75.98986600572913,71.94083231583231,77.00149884217505,0.5958896811970567,0.6036114767899516,99.12835775335776,0.7237484737484736,0.07595645095645086
World Cup 2026/27 | pre_last_hour  F=10s,K YES + PM NO,1,68176,58.3959164515372,1.3751780626780628,57.105885832593906,0.24460153915577373,0.2223578829279705,2.408119658119658,5.825587606837607,19.63701923076923
World Cup 2026/27 | pre_last_hour  F=10s,K YES + PM NO,2,97941,59.49091800165406,4.405270655270655,58.82283010568613,0.26335805513477467,0.25189867663968873,7.487891737891738,7.699074074074074,31.32175925925926
World Cup 2026/27 | pre_last_hour  F=10s,K YES + PM NO,3,119692,60.09758379841593,7.855146011396012,60.706078245193964,0.2745541392973342,0.28504442580940353,12.936965811965813,8.214476495726496,37.37767094017094
World Cup 2026/27 | pre_last_hour  F=10s,K YES + PM NO,4,138345,60.715602298601326,11.075409544159545,62.15009067791106,0.2847098575764387,0.31026431502136537,17.81632834757835,8.513443732193732,39.81748575498575
World Cup 2026/27 | pre_last_hour  F=10s,K YES + PM NO,5,153687,61.20621783234756,14.292467948717949,63.33612139097774,0.29307637676760606,0.33067960477725167,22.56045227920228,8.316239316239317,41.27368233618234
World Cup 2026/27 | pre_last_hour  F=10s,K YES + PM NO,6,166302,61.5783333934649,17.362624643874643,64.35015310701652,0.2991715658523875,0.3478733914366312,26.973646723646723,7.924590455840455,41.93883547008547
World Cup 2026/27 | pre_last_hour  F=10s,K YES + PM NO,7,177357,61.92369063527236,20.11413817663818,65.17764154345474,0.3045889321781774,0.3616805115548629,30.850516381766383,7.638354700854701,41.78872863247863
World Cup 2026/27 | pre_last_hour  F=10s,K YES + PM NO,8,187022,62.19428730309803,22.737001424501425,65.90282132470395,0.30906403029211055,0.3737374845351291,34.48940527065527,7.227207977207978,41.4284188034188
World Cup 2026/27 | pre_last_hour  F=10s,K YES + PM NO,9,195431,62.4240780633574,25.19212962962963,66.52732257139229,0.31268121497580764,0.384169223698212,37.85470085470085,6.783475783475783,40.88960113960114
World Cup 2026/27 | pre_last_hour  F=10s,K YES + PM NO,10,202971,62.63899768932507,27.418002136752136,67.06409611477326,0.316138542652752,0.39300621219248,40.87045940170941,6.428952991452992,40.07665598290598
World Cup 2026/27 | pre_last_hour  F=10s,K YES + PM NO,11,209673,62.82258564526668,29.516915954415953,67.5453108191805,0.3190391539197568,0.4009128958859631,43.68678774928775,6.038639601139601,39.24608262108262
World Cup 2026/27 | pre_last_hour  F=10s,K YES + PM NO,12,215573,62.99722135889003,31.49074074074074,67.98927407806087,0.3216459959428175,0.40812854538514004,46.304042022792025,5.639334045584046,38.39298433048433
World Cup 2026/27 | pre_last_hour  F=10s,K YES + PM NO,13,220902,63.155154774515395,33.28605769230769,68.37499451345302,0.3242881772760741,0.4143752107869948,48.66826923076923,5.311876780626781,37.46376424501425
World Cup 2026/27 | pre_last_hour  F=10s,K YES + PM NO,14,225764,63.29131305256817,34.977118945868945,68.7265583452291,0.32640517500571836,0.42008002041631026,50.87971866096866,4.9747150997151,36.55982905982906
World Cup 2026/27 | pre_last_hour  F=10s,K YES + PM NO,15,230205,63.43215829369475,36.566951566951566,69.04632619816525,0.32860799857781414,0.4252532652968789,52.94667022792023,4.645121082621083,35.66924857549858
World Cup 2026/27 | pre_last_hour  F=10s,K YES + PM NO,16,234188,63.557056723657915,38.02777777777778,69.33006968262187,0.33044318673406187,0.4298117213928146,54.83653846153846,4.367966524216524,34.75525284900285
World Cup 2026/27 | pre_last_hour  F=10s,K YES + PM NO,17,237900,63.68516183270282,39.40660612535613,69.59027089917143,0.3324191493844647,0.4339620493870606,56.61235754985755,4.092681623931624,33.8747329059829
World Cup 2026/27 | pre_last_hour  F=10s,K YES + PM NO,18,241221,63.77429825761439,40.703258547008545,69.82763755775325,0.3337611143250777,0.4377621084784579,58.27653133903134,3.832799145299145,33.0207443019943
World Cup 2026/27 | pre_last_hour  F=10s,K YES + PM NO,19,244327,63.86891338247513,41.903133903133906,70.03715724045362,0.3352858879684701,0.44111226157164457,59.81579415954416,3.614049145299145,32.1650641025641
World Cup 2026/27 | pre_last_hour  F=10s,K YES + PM NO,20,247252,63.97198000420624,43.04424857549858,70.2360994488301,0.33674539937577885,0.4442601949405465,61.271189458689456,3.3972578347578346,31.34561965811966
World Cup 2026/27 | pre_last_hour  F=10s,K YES + PM NO,21,249901,64.050964181816,44.125890313390315,70.42075814044027,0.33790594843670574,0.44712040605429654,62.64690170940171,3.1901709401709404,30.555377492877493
World Cup 2026/27 | pre_last_hour  F=10s,K YES + PM NO,22,252463,64.13811132720438,45.131588319088316,70.58585993611433,0.33931299109517105,0.4496698500137215,63.925836894586894,3.015135327635328,29.77199074074074
World Cup 2026/27 | pre_last_hour  F=10s,K YES + PM NO,23,254790,64.21013383570784,46.08876424501425,70.74097305068047,0.34034909702422067,0.4520762035141993,65.13951210826211,2.846331908831909,29.015669515669515
World Cup 2026/27 | pre_last_hour  F=10s,K YES + PM NO,24,256992,64.27476341676005,46.99599358974359,70.88581247037243,0.34126466079462875,0.4543334073176115,66.28739316239316,2.68616452991453,28.289173789173788
World Cup 2026/27 | pre_last_hour  F=10s,K YES + PM NO,25,259062,64.33131837166393,47.84740028490028,71.01823880920477,0.3421916359607267,0.45638105135327217,67.36387108262109,2.548344017094017,27.57567663817664
World Cup 2026/27 | pre_last_hour  F=10s,K YES + PM NO,26,260926,64.39296965423146,48.65874287749288,71.14386542239046,0.3430676672424101,0.4583412686644211,68.38639601139602,2.414440883190883,26.892628205128204
World Cup 2026/27 | pre_last_hour  F=10s,K YES + PM NO,27,262761,64.45096494533055,49.42877492877493,71.26221966647499,0.3440136169378788,0.46019718049384234,69.3539886039886,2.286235754985755,26.24207621082621
World Cup 2026/27 | pre_last_hour  F=10s,K YES + PM NO,28,264463,64.50921300900315,50.15099715099715,71.368335698358,0.34478303681041206,0.46187148234023856,70.2636217948718,2.1737001424501425,25.610042735042736
World Cup 2026/27 | pre_last_hour  F=10s,K YES + PM NO,29,266060,64.56175298804781,50.83983262108262,71.47033902017449,0.34560268395217797,0.4634774537948459,71.12749287749288,2.0651709401709404,25.00578703703704
World Cup 2026/27 | pre_last_hour  F=10s,K YES + PM NO,30,267599,64.61571231581583,51.50008903133903,71.5691417626986,0.3463546595236627,0.465027240628927,71.95254629629629,1.9615384615384612,24.42352207977208
World Cup 2026/27 | pre_last_hour  F=10s,K YES + PM NO,31,268944,64.66662204771254,52.126157407407405,71.66116083832203,0.347060456686516,0.4664605349421194,72.73486467236468,1.870192307692308,23.854166666666668
World Cup 2026/27 | pre_last_hour  F=10s,K YES + PM NO,32,270298,64.71967976085654,52.72605056980057,71.74898595112212,0.34777089579519005,0.4678208169624121,73.48326210826211,1.783386752136752,23.30644586894587
World Cup 2026/27 | pre_last_hour  F=10s,K YES + PM NO,33,271633,64.76495860223169,53.300925925925924,71.83227026430343,0.34838386948043915,0.46909190524023564,74.19960826210826,1.7012108262108263,22.77715455840456
World Cup 2026/27 | pre_last_hour  F=10s,K YES + PM NO,34,272802,64.80964215804869,53.85131766381766,71.91162186293637,0.34902472438671833,0.47028906100830714,74.88461538461539,1.6264245014245011,22.258814102564106
World Cup 2026/27 | pre_last_hour  F=10s,K YES + PM NO,35,273984,64.84794732539126,54.37891737891738,71.98532912818627,0.34967417749922447,0.47141031122743665,75.54264601139602,1.5548433048433048,21.758368945868945
World Cup 2026/27 | pre_last_hour  F=10s,K YES + PM NO,36,275114,64.89237188947128,54.888799857549856,72.05598410472183,0.3503964117024987,0.4724759048804379,76.17743945868946,1.4854878917378918,21.27190170940171
World Cup 2026/27 | pre_last_hour  F=10s,K YES + PM NO,37,276196,64.92925313907514,55.37482193732194,72.12216367650606,0.3509957282682236,0.47347471158170107,76.7826745014245,1.4239672364672364,20.799679487179485
World Cup 2026/27 | pre_last_hour  F=10s,K YES + PM NO,38,277255,64.96654704153217,55.84250356125356,72.18487027455024,0.35152914508228483,0.47441964360912453,77.36556267806267,1.3638710826210827,20.34419515669516
World Cup 2026/27 | pre_last_hour  F=10s,K YES + PM NO,39,278266,65.00362962057888,56.29433760683761,72.24471188288162,0.3520711384221628,0.4753141119498805,77.92859686609687,1.3053774928774928,19.902599715099715
World Cup 2026/27 | pre_last_hour  F=10s,K YES + PM NO,40,279204,65.03810833655679,56.72649572649573,72.30151048008325,0.35255832882410704,0.47617836178375533,78.4670584045584,1.252136752136752,19.47418091168091
World Cup 2026/27 | pre_last_hour  F=10s,K YES + PM NO,41,280102,65.0673683158278,57.14307336182336,72.3569784247278,0.3529778291553185,0.4770315295944235,78.98415242165242,1.1995192307692308,19.062232905982903
World Cup 2026/27 | pre_last_hour  F=10s,K YES + PM NO,42,280958,65.09691840061504,57.54558404558404,72.40984506458443,0.3533584340435948,0.4778341566375262,79.4840633903134,1.1485933048433048,18.662571225071225
World Cup 2026/27 | pre_last_hour  F=10s,K YES + PM NO,43,281781,65.12291460389451,57.93260327635328,72.46131659975835,0.3538075313979539,0.47861041103527047,79.96340811965813,1.103098290598291,18.27394943019943
World Cup 2026/27 | pre_last_hour  F=10s,K YES + PM NO,44,282592,65.15541841241082,58.30671296296296,72.51057375052592,0.3542911460741312,0.47936890945613797,80.42654914529915,1.0587606837606838,17.896634615384617
World Cup 2026/27 | pre_last_hour  F=10s,K YES + PM NO,45,283347,65.18191475470007,58.670049857549856,72.55848880432676,0.3546900583496123,0.4801039508356134,80.87606837606837,1.0153133903133904,17.529469373219374
World Cup 2026/27 | pre_last_hour  F=10s,K YES + PM NO,46,284084,65.21134593993325,59.019052706552706,72.60335185740915,0.3552073065871755,0.48080392704575053,81.30840455840456,0.9757834757834758,17.172631766381766
World Cup 2026/27 | pre_last_hour  F=10s,K YES + PM NO,47,284812,65.23706866283725,59.357193732193736,72.64679730813488,0.3555794209839582,0.48148419876006227,81.72702991452991,0.9379451566951568,16.826121794871796
World Cup 2026/27 | pre_last_hour  F=10s,K YES + PM NO,48,285497,65.26618493364204,59.68527421652421,72.68905649575393,0.35595816622531934,0.48214433695520115,82.13238960113961,0.9014423076923076,16.48931623931624
World Cup 2026/27 | pre_last_hour  F=10s,K YES + PM NO,49,286141,65.29543127339319,60.00489672364672,72.7302256015574,0.3564146598596874,0.48277937508287183,82.5267094017094,0.8672542735042735,16.157941595441596
World Cup 2026/27 | pre_last_hour  F=10s,K YES + PM NO,50,286778,65.31986414578525,60.31383547008547,72.77015225503739,0.3567595728438597,0.48339547147620976,82.90714031339031,0.8350249287749287,15.837428774928776
World Cup 2026/27 | pre_last_hour  F=10s,K YES + PM NO,51,287413,65.34290376566126,60.614850427350426,72.80922956489377,0.35711991279014155,0.483990796346753,83.27724358974359,0.8031517094017094,15.524839743589745
World Cup 2026/27 | pre_last_hour  F=10s,K YES + PM NO,52,288018,65.36674791158886,60.90446937321937,72.84713133651594,0.35747727912217203,0.4845630903669299,83.63247863247864,0.7748397435897436,15.221064814814817
World Cup 2026/27 | pre_last_hour  F=10s,K YES + PM NO,53,288591,65.3866544694741,61.18545227920228,72.88346980612415,0.35782259023712126,0.4851115897522076,83.97729700854701,0.7474180911680912,14.925302706552706
World Cup 2026/27 | pre_last_hour  F=10s,K YES + PM NO,54,289191,65.40659979044992,61.45806623931624,72.9194417830323,0.35811141890122067,0.4856497870890355,84.31089743589743,0.7209757834757835,14.639066951566951
World Cup 2026/27 | pre_last_hour  F=10s,K YES + PM NO,55,289766,65.4338328168246,61.72195512820513,72.95410777989413,0.3585708745122962,0.4861719672161969,84.63354700854701,0.6966702279202279,14.35977564102564
World Cup 2026/27 | pre_last_hour  F=10s,K YES + PM NO,56,290263,65.45477721928044,61.97854344729345,72.98810202814917,0.3589235496313108,0.4866852563392912,84.94720441595442,0.6726317663817664,14.087606837606838
World Cup 2026/27 | pre_last_hour  F=10s,K YES + PM NO,57,290774,65.46940235371801,62.22667378917379,73.02138204977652,0.35917301755537634,0.48718664400311124,85.24973290598291,0.6502849002849003,13.824252136752136
World Cup 2026/27 | pre_last_hour  F=10s,K YES + PM NO,58,291281,65.49139834043415,62.467859686609685,73.05338035310642,0.3595017683939249,0.48766814017839205,85.54380341880342,0.6293625356125356,13.566684472934472
World Cup 2026/27 | pre_last_hour  F=10s,K YES + PM NO,59,291762,65.51298661237584,62.70183404558404,73.08411137365756,0.35983611128799003,0.4881392069017293,85.82914886039886,0.6090633903133903,13.316328347578349
World Cup 2026/27 | pre_last_hour  F=10s,K YES + PM NO,60,292246,65.53143584514416,62.92957621082621,73.1140540971075,0.36013411653936594,0.48859446263382433,86.10657051282051,0.5895655270655271,13.072293447293449
World Cup 2026/27 | pre_last_hour  F=10s,PM YES + K NO,1,119903,84.40989800088404,4.499376780626781,84.67428456537766,0.7656507728505966,0.7756380741864888,5.313746438746438,66.07389601139602,1.3961894586894588
World Cup 2026/27 | pre_last_hour  F=10s,PM YES + K NO,2,167815,84.69862646366535,9.490651709401709,84.09116009024501,0.7704167807534484,0.7566136298593055,11.286324786324789,73.10443376068376,1.3278133903133904
World Cup 2026/27 | pre_last_hour  F=10s,PM YES + K NO,3,206225,84.95429749060492,13.92957621082621,84.05972298335536,0.7753446664178225,0.7523726498432637,16.571581196581196,73.45779914529915,1.1354166666666667
World Cup 2026/27 | pre_last_hour  F=10s,PM YES + K NO,4,241327,85.20099284373485,17.656784188034187,84.13699769209883,0.7798221298374753,0.751430967805124,20.986556267806268,72.14983974358974,0.9444444444444444
World Cup 2026/27 | pre_last_hour  F=10s,PM YES + K NO,5,273333,85.3786407056594,21.10763888888889,84.22449349348283,0.7835276126764403,0.7513568351587198,25.062054843304843,69.97097578347578,0.7908653846153846
World Cup 2026/27 | pre_last_hour  F=10s,PM YES + K NO,6,301095,85.51088526876899,24.28400997150997,84.29982970543057,0.7862882429471968,0.7516605669692452,28.807692307692307,67.47569444444444,0.6691595441595442
World Cup 2026/27 | pre_last_hour  F=10s,PM YES + K NO,7,326886,85.64484254449563,27.078169515669515,84.37771359927646,0.7890256502470746,0.7522133335191968,32.092770655270655,65.05341880341881,0.5658831908831908
World Cup 2026/27 | pre_last_hour  F=10s,PM YES + K NO,8,350657,85.76272539832372,29.691061253561255,84.46548335460864,0.7914855161532668,0.7531703584271344,35.153490028490026,62.61039886039886,0.4801460113960114
World Cup 2026/27 | pre_last_hour  F=10s,PM YES + K NO,9,371832,85.8780309387035,32.11698717948718,84.5558297998017,0.793637377663641,0.7543010687852129,37.98548789173789,60.23326210826211,0.4131054131054131
World Cup 2026/27 | pre_last_hour  F=10s,PM YES + K NO,10,391773,85.99010141076593,34.29068732193732,84.64529031690914,0.7955859867962597,0.7553753258821331,40.513799857549856,58.04362535612536,0.3547008547008547
World Cup 2026/27 | pre_last_hour  F=10s,PM YES + K NO,11,410761,86.0760880414645,36.355235042735046,84.73073834527493,0.7971742862603827,0.7563854241823373,42.90998931623932,55.90473646723647,0.3093839031339031
World Cup 2026/27 | pre_last_hour  F=10s,PM YES + K NO,12,427839,86.1646553960719,38.317040598290596,84.80502078858697,0.7986482436868104,0.7572143526340059,45.186431623931625,53.831908831908834,0.2699430199430199
World Cup 2026/27 | pre_last_hour  F=10s,PM YES + K NO,13,444092,86.23505940210588,40.10309829059829,84.86948460834077,0.7997723388969719,0.7577880105334217,47.25703347578347,51.92280982905983,0.2362001424501424
World Cup 2026/27 | pre_last_hour  F=10s,PM YES + K NO,14,459543,86.29834422458835,41.80689102564103,84.92454768398284,0.8007528956950661,0.758216763796538,49.23290598290598,50.07460826210826,0.2078881766381766
World Cup 2026/27 | pre_last_hour  F=10s,PM YES + K NO,15,473517,86.36226365684864,43.429309116809115,84.9739398246861,0.801717582025727,0.7586111619169338,51.11369301994302,48.29585113960114,0.1834045584045584
World Cup 2026/27 | pre_last_hour  F=10s,PM YES + K NO,16,486866,86.42028812856104,44.90820868945869,85.02154155260993,0.8025866484234866,0.7589132455581662,52.82478632478632,46.668091168091166,0.1630163817663817
World Cup 2026/27 | pre_last_hour  F=10s,PM YES + K NO,17,499668,86.47301808400778,46.32763532763533,85.06444994809675,0.8033092017117888,0.7592032168649044,54.46670227920228,45.09508547008547,0.1463675213675213
World Cup 2026/27 | pre_last_hour  F=10s,PM YES + K NO,18,511373,86.52255789805093,47.68705484330484,85.10376977758852,0.8038971185771767,0.7594242310988045,56.03881766381766,43.58012820512821,0.1321225071225071
World Cup 2026/27 | pre_last_hour  F=10s,PM YES + K NO,19,522669,86.56415436920881,48.943643162393165,85.13849418068902,0.8043492533251438,0.7595660026134025,57.49198717948718,42.17521367521368,0.1186787749287749
World Cup 2026/27 | pre_last_hour  F=10s,PM YES + K NO,20,533491,86.60389772273571,50.15553774928775,85.17364418439395,0.8047632632315507,0.7596934195525037,58.89129273504273,40.81623931623932,0.1073717948717948
World Cup 2026/27 | pre_last_hour  F=10s,PM YES + K NO,21,543403,86.63312495514378,51.3198896011396,85.20669561952515,0.8050501846254118,0.7598070401853745,60.23530982905983,39.50721153846154,0.0964209401709401
World Cup 2026/27 | pre_last_hour  F=10s,PM YES + K NO,22,552994,86.66965645196873,52.3988603988604,85.23434433838618,0.8053997343481256,0.7598560985242346,61.48192663817664,38.29113247863248,0.0866274928774928
World Cup 2026/27 | pre_last_hour  F=10s,PM YES + K NO,23,562173,86.69911219500047,53.441862535612536,85.26018703695287,0.8057051764564775,0.7598674282389736,62.68669871794872,37.11351495726496,0.0773682336182336
World Cup 2026/27 | pre_last_hour  F=10s,PM YES + K NO,24,570622,86.72641433383221,54.44435541310541,85.28332989328409,0.8060048809735618,0.7598513112371108,63.84526353276353,35.9775641025641,0.0698005698005698
World Cup 2026/27 | pre_last_hour  F=10s,PM YES + K NO,25,578854,86.75071779757936,55.37544515669516,85.30469440040378,0.8062153766456869,0.7598317001814032,64.92076210826211,34.92085113960114,0.063034188034188
World Cup 2026/27 | pre_last_hour  F=10s,PM YES + K NO,26,586790,86.77278072223453,56.273148148148145,85.32311712995961,0.8064164128779607,0.7598147023717275,65.9587784900285,33.89921652421653,0.0570690883190883
World Cup 2026/27 | pre_last_hour  F=10s,PM YES + K NO,27,594235,86.79495485792658,57.14031339031339,85.34029742782376,0.8065639610225606,0.7597674220267989,66.96207264957265,32.90990028490028,0.052261396011396
World Cup 2026/27 | pre_last_hour  F=10s,PM YES + K NO,28,601356,86.81563000951184,57.9522792022792,85.35793762465954,0.806727622444922,0.7597435637569485,67.90001780626781,31.98424145299145,0.0477207977207977
World Cup 2026/27 | pre_last_hour  F=10s,PM YES + K NO,29,608145,86.83093670095126,58.736200142450144,85.37311308241293,0.8068485788354104,0.7596949423009296,68.80671296296296,31.08849715099715,0.0436253561253561
World Cup 2026/27 | pre_last_hour  F=10s,PM YES + K NO,30,614497,86.84826777022508,59.491720085470085,85.386738566518,0.8069612985781814,0.7596431520775693,69.68117877492878,30.223824786324787,0.0399750712250712
World Cup 2026/27 | pre_last_hour  F=10s,PM YES + K NO,31,620599,86.86672070048454,60.19284188034188,85.39706478614924,0.807080608024962,0.7595597234924593,70.49412393162393,29.41978276353276,0.0366809116809116
World Cup 2026/27 | pre_last_hour  F=10s,PM YES + K NO,32,626423,86.88074990860808,60.870637464387464,85.40643378587025,0.8071619734271784,0.7594616368756907,71.28027065527066,28.64138176638177,0.0338319088319088
World Cup 2026/27 | pre_last_hour  F=10s,PM YES + K NO,33,631869,86.89221974808069,61.52635327635328,85.41619543788741,0.8072194485126272,0.7593657907300214,72.04042022792022,27.888354700854705,0.0314280626780626
World Cup 2026/27 | pre_last_hour  F=10s,PM YES + K NO,34,637196,86.90183240321659,62.14307336182336,85.42588658037481,0.8072642984234172,0.7592680165489525,72.7545405982906,27.18082264957265,0.0292022792022792
World Cup 2026/27 | pre_last_hour  F=10s,PM YES + K NO,35,642311,86.91366020510314,62.74127492877493,85.43461683475722,0.8073078714301207,0.7591525710839314,73.4474715099715,26.494034900284905,0.0269764957264957
World Cup 2026/27 | pre_last_hour  F=10s,PM YES + K NO,36,647116,86.92104661297202,63.322916666666664,85.44249738414244,0.8072676852281828,0.7590238640244109,74.12161680911682,25.82514245014245,0.0250178062678062
World Cup 2026/27 | pre_last_hour  F=10s,PM YES + K NO,37,651811,86.92811259705651,63.86974715099715,85.44905764656416,0.8072189219293103,0.7588790158894452,74.75605413105413,25.194978632478637,0.0236823361823361
World Cup 2026/27 | pre_last_hour  F=10s,PM YES + K NO,38,656311,86.93805223438278,64.40215455840456,85.45605545815829,0.8072102637470623,0.7587234847096431,75.37313034188034,24.581552706552703,0.0225249287749287
World Cup 2026/27 | pre_last_hour  F=10s,PM YES + K NO,39,660598,86.94531318593154,64.91951566951568,85.46226386346216,0.8071514910735106,0.7585569033480741,75.9732905982906,23.98468660968661,0.021545584045584
World Cup 2026/27 | pre_last_hour  F=10s,PM YES + K NO,40,664789,86.95179974397891,65.40829772079772,85.46742268952728,0.8070581164330975,0.7583899250044082,76.5405982905983,23.420495014245013,0.0207443019943019
World Cup 2026/27 | pre_last_hour  F=10s,PM YES + K NO,41,668766,86.95851762798947,65.88327991452991,85.47237282536632,0.80699638356463,0.7582239954016895,77.09196937321937,22.87206196581197,0.0196759259259259
World Cup 2026/27 | pre_last_hour  F=10s,PM YES + K NO,42,672530,86.96533983614114,66.34624287749288,85.47716081315603,0.8069424137100479,0.7580540742188162,77.62945156695157,22.337339743589745,0.0185185185185185
World Cup 2026/27 | pre_last_hour  F=10s,PM YES + K NO,43,676271,86.97297385219831,66.78614672364672,85.4810074365794,0.8068384651509175,0.7578634114937298,78.14066951566952,21.82852564102564,0.0175391737891737
World Cup 2026/27 | pre_last_hour  F=10s,PM YES + K NO,44,679926,86.97828881378268,67.215900997151,85.48544706195402,0.8067443079583866,0.75767413400027,78.63951210826211,21.3318198005698,0.0167378917378917
World Cup 2026/27 | pre_last_hour  F=10s,PM YES + K NO,45,683460,86.98109618704825,67.63603988603988,85.48941408949017,0.8065871961447789,0.7574804390964653,79.12740384615384,20.845975783475783,0.016025641025641
World Cup 2026/27 | pre_last_hour  F=10s,PM YES + K NO,46,686850,86.98493120768727,68.0383725071225,85.49286037114436,0.8064628000159865,0.7572755696702125,79.59481837606837,20.380519943019944,0.0152243589743589
World Cup 2026/27 | pre_last_hour  F=10s,PM YES + K NO,47,690132,86.98959039719938,68.4315349002849,85.49631651600144,0.8063578420424297,0.7570700625264905,80.05146011396012,19.92565883190883,0.0144230769230769
World Cup 2026/27 | pre_last_hour  F=10s,PM YES + K NO,48,693196,86.99112516517695,68.81659544159544,85.5000707939542,0.8062234183443395,0.756874635992053,80.49848646723646,19.480146011396013,0.0137108262108262
World Cup 2026/27 | pre_last_hour  F=10s,PM YES + K NO,49,696202,86.99371734065687,69.18126780626781,85.50323562455091,0.8060876547783736,0.7566769480562858,80.92209757834758,19.0579594017094,0.0129985754985754
World Cup 2026/27 | pre_last_hour  F=10s,PM YES + K NO,50,699171,86.99516999417882,69.5372150997151,85.50584222009837,0.8059182541958627,0.7564756332063187,81.33618233618233,18.645299145299145,0.0122863247863247
World Cup 2026/27 | pre_last_hour  F=10s,PM YES + K NO,51,701985,86.99587598025599,69.88443732193733,85.50780684047639,0.8057709422032838,0.7562738815798614,81.74074074074075,18.24216524216524,0.011574074074074
World Cup 2026/27 | pre_last_hour  F=10s,PM YES + K NO,52,704677,86.99758896629235,70.21599002849003,85.51004653543067,0.8056506722241302,0.756090574204054,82.12660256410257,17.85763888888889,0.0109508547008547
World Cup 2026/27 | pre_last_hour  F=10s,PM YES + K NO,53,707373,87.00105884731252,70.54015313390313,85.51189039723877,0.805540217615017,0.7558964170531725,82.50400641025641,17.48148148148148,0.0103276353276353
World Cup 2026/27 | pre_last_hour  F=10s,PM YES + K NO,54,709878,87.00325971504962,70.85754985754986,85.5137289874771,0.8054528370117501,0.7557155007353696,82.8735754985755,17.11315883190883,0.0097044159544159
World Cup 2026/27 | pre_last_hour  F=10s,PM YES + K NO,55,712373,87.00498194064065,71.16096866096866,85.51558855626645,0.8053411944556874,0.7555474662217933,83.22685185185185,16.761039886039885,0.0090811965811965
World Cup 2026/27 | pre_last_hour  F=10s,PM YES + K NO,56,714792,87.0095076609699,71.45779914529915,85.51774840576005,0.8052417588279919,0.7553858851303544,83.57202635327636,16.416844729344728,0.0085470085470085
World Cup 2026/27 | pre_last_hour  F=10s,PM YES + K NO,57,717143,87.01123764716381,71.74804131054131,85.51966092413878,0.8051204806269187,0.7552192752006986,83.90972222222223,16.080039173789174,0.0079237891737891
World Cup 2026/27 | pre_last_hour  F=10s,PM YES + K NO,58,719402,87.01393657509988,72.02581908831908,85.52167551841954,0.8050307186461512,0.7550478733008967,84.23272792022792,15.757834757834758,0.0073896011396011
World Cup 2026/27 | pre_last_hour  F=10s,PM YES + K NO,59,721610,87.01597815994789,72.2971866096866,85.52365786408339,0.8049206196032481,0.7548802130047013,84.54852207977208,15.44284188034188,0.0068554131054131
World Cup 2026/27 | pre_last_hour  F=10s,PM YES + K NO,60,723754,87.01685931960307,72.56187678062678,85.5249350442203,0.8047901659610501,0.7547122953091664,84.8573717948718,15.134793447293449,0.006321225071225
World Cup 2026/27 | pre_last_hour  F=10s,pooled,1,188079,74.98019449273976,2.937277421652422,76.07688050546511,0.5767777324985199,0.6030936544433675,20.591435185185187,51.69310897435897,5.118856837606837
World Cup 2026/27 | pre_last_hour  F=10s,pooled,2,265756,75.40864552446605,6.947961182336182,74.01212994883419,0.5835467245898301,0.5552929557415507,40.08457977207977,45.01237535612536,4.572204415954416
World Cup 2026/27 | pre_last_hour  F=10s,pooled,3,325917,75.82574704602706,10.89236111111111,73.8197813337195,0.5914309099334861,0.5474618618704125,53.1309650997151,37.45459401709402,3.714476495726496
World Cup 2026/27 | pre_last_hour  F=10s,pooled,4,379672,76.27899871468004,14.366096866096866,74.04025502958444,0.5994129679662994,0.5488401185526058,61.2440349002849,32.335559116809115,2.908564814814815
World Cup 2026/27 | pre_last_hour  F=10s,pooled,5,427020,76.6788440822444,17.700053418803417,74.32745925312507,0.6070113392158974,0.552037475431068,67.90838675213675,27.48851495726496,2.329861111111111
World Cup 2026/27 | pre_last_hour  F=10s,pooled,6,467397,76.99557335626886,20.823317307692307,74.6513398221869,0.6129698912371495,0.556372364732439,73.22053062678063,23.36716524216524,1.8823005698005697
World Cup 2026/27 | pre_last_hour  F=10s,pooled,7,504243,77.30142014861882,23.596153846153847,74.96542107094267,0.6186350984564788,0.5607656581377153,77.01780626780626,20.383814102564106,1.52261396011396
World Cup 2026/27 | pre_last_hour  F=10s,pooled,8,537679,77.5648667699501,26.21403133903134,75.2708870985266,0.6236838517238856,0.5652268363126075,80.26575854700855,17.713942307692307,1.2459935897435896
World Cup 2026/27 | pre_last_hour  F=10s,pooled,9,567263,77.79777634007506,28.654558404558404,75.5553416679089,0.627940436685213,0.5695177566265918,82.98922720797721,15.414084757834758,1.03125
World Cup 2026/27 | pre_last_hour  F=10s,pooled,10,594744,78.02096364149953,30.854344729344728,75.8144912444584,0.6319627687642124,0.5733621590708233,85.05813746438747,13.659633190883191,0.8609330484330484
World Cup 2026/27 | pre_last_hour  F=10s,pooled,11,620434,78.21766698794714,32.9360754985755,76.05938149247349,0.635590576142536,0.5770224645151981,86.88221153846153,12.073717948717947,0.7276531339031339
World Cup 2026/27 | pre_last_hour  F=10s,pooled,12,643412,78.40248549918249,34.90389066951567,76.29287990464375,0.6388302646113257,0.5805069115051887,88.46848290598291,10.675302706552706,0.6176994301994302
World Cup 2026/27 | pre_last_hour  F=10s,pooled,13,664994,78.56822768325729,36.69457799145299,76.49939584272978,0.6418229404507008,0.5835240229479272,89.7247150997151,9.565705128205128,0.5273326210826211
World Cup 2026/27 | pre_last_hour  F=10s,pooled,14,685307,78.71902665520709,38.39200498575499,76.6908775312032,0.6444862315376739,0.5863370104948795,90.84642094017094,8.55920584045584,0.4545940170940171
World Cup 2026/27 | pre_last_hour  F=10s,pooled,15,703722,78.86125487053125,39.99813034188034,76.86848267135939,0.6469516493738746,0.588967534746202,91.83912037037037,7.658386752136752,0.3937856125356125
World Cup 2026/27 | pre_last_hour  F=10s,pooled,16,721054,78.99463840433587,41.46799323361823,77.02784386005386,0.6492412221362418,0.5912592411324323,92.64529914529916,6.926638176638177,0.3417022792022792
World Cup 2026/27 | pre_last_hour  F=10s,pooled,17,737568,79.12287409432079,42.86712072649573,77.17658656215814,0.6514252487085804,0.5934136206325549,93.37250712250712,6.260683760683761,0.2979878917378917
World Cup 2026/27 | pre_last_hour  F=10s,pooled,18,752594,79.23129868162648,44.1951566951567,77.31491107772842,0.6532093944102347,0.5954180032046885,94.02207977207978,5.660968660968661,0.2620192307692308
World Cup 2026/27 | pre_last_hour  F=10s,pooled,19,766996,79.33457280090119,45.42338853276353,77.43704200639901,0.6549288588674151,0.5971594378130143,94.5584935897436,5.166933760683761,0.229789886039886
World Cup 2026/27 | pre_last_hour  F=10s,pooled,20,780743,79.43663920137612,46.599893162393165,77.555780121562,0.6565475855065281,0.598828466942611,95.04932336182335,4.71073717948718,0.2029024216524216
World Cup 2026/27 | pre_last_hour  F=10s,pooled,21,793304,79.51945282010428,47.722889957264954,77.66751213320553,0.657893720309344,0.6003716366630415,95.4976851851852,4.292378917378917,0.1791310541310541
World Cup 2026/27 | pre_last_hour  F=10s,pooled,22,805457,79.60735334102255,48.76522435897436,77.76630114172416,0.6593091826962426,0.6017179431169906,95.87054843304844,3.9457799145299135,0.1582977207977208
World Cup 2026/27 | pre_last_hour  F=10s,pooled,23,816963,79.68537130812534,49.76531339031339,77.86027846244602,0.6605724403612753,0.6029975780423811,96.21296296296296,3.626157407407408,0.1399572649572649
World Cup 2026/27 | pre_last_hour  F=10s,pooled,24,827614,79.7546924049134,50.7201745014245,77.94856007197075,0.6616930173943758,0.6042061791135986,96.52617521367522,3.332175925925926,0.1245548433048433
World Cup 2026/27 | pre_last_hour  F=10s,pooled,25,837916,79.81921815551917,51.61142272079772,78.02871329908162,0.662751212804291,0.605286636714606,96.79042022792022,3.084223646723647,0.1115562678062678
World Cup 2026/27 | pre_last_hour  F=10s,pooled,26,847716,79.88430087434944,52.46594551282051,78.10463255345445,0.6637982072481252,0.6063382442113469,97.03454415954415,2.853899572649573,0.100338319088319
World Cup 2026/27 | pre_last_hour  F=10s,pooled,27,856996,79.94413042767994,53.28454415954416,78.17702074298553,0.6647427728699495,0.6073386200964711,97.25819088319088,2.642094017094017,0.0907229344729344
World Cup 2026/27 | pre_last_hour  F=10s,pooled,28,865819,80.00217135452098,54.05163817663818,78.24277623518147,0.665627402941008,0.6082447617277791,97.45156695156696,2.4588675213675213,0.0824430199430199
World Cup 2026/27 | pre_last_hour  F=10s,pooled,29,874205,80.05341996442482,54.78801638176638,78.30574384724133,0.6664706551302922,0.6091150396271298,97.6318554131054,2.2873931623931623,0.0751424501424501
World Cup 2026/27 | pre_last_hour  F=10s,pooled,30,882096,80.10363951315956,55.49590455840456,78.36646534339782,0.6672283488716301,0.6099583535114144,97.79816595441596,2.1289173789173788,0.068554131054131
World Cup 2026/27 | pre_last_hour  F=10s,pooled,31,889543,80.15475362067939,56.159499643874646,78.42103300159755,0.6679983381610353,0.6107039027820274,97.94399928774928,1.990206552706553,0.0625
World Cup 2026/27 | pre_last_hour  F=10s,pooled,32,896721,80.20075363463106,56.79834401709402,78.47321652619304,0.6686880339278568,0.6114098785446331,98.08146367521368,1.8587962962962965,0.0573361823361823
World Cup 2026/27 | pre_last_hour  F=10s,pooled,33,903502,80.23977810785145,57.4136396011396,78.52341352250941,0.6692730080628547,0.6120744472602154,98.20762108262107,1.738158831908832,0.05252849002849
World Cup 2026/27 | pre_last_hour  F=10s,pooled,34,909998,80.27896764608273,57.99719551282051,78.57078673368774,0.6698918291692435,0.6126836750963047,98.31908831908832,1.6315883190883191,0.0479878917378917
World Cup 2026/27 | pre_last_hour  F=10s,pooled,35,916295,80.31572801335814,58.56009615384615,78.61500701890893,0.6704695060587472,0.6132496814615312,98.42343304843304,1.5316951566951569,0.0438034188034188
World Cup 2026/27 | pre_last_hour  F=10s,pooled,36,922230,80.3495874131182,59.10585826210826,78.65734056941167,0.6709766476944385,0.6137826950097806,98.52021011396012,1.4389245014245011,0.0400641025641025
World Cup 2026/27 | pre_last_hour  F=10s,pooled,37,928007,80.38075143829734,59.62228454415954,78.69619861204714,0.6714365181366476,0.6142620451860914,98.60559116809117,1.3567485754985755,0.0371260683760683
World Cup 2026/27 | pre_last_hour  F=10s,pooled,38,933566,80.41284708312,60.12232905982906,78.73367424745888,0.6718798548039315,0.6147123226994542,98.68652065527066,1.2785790598290598,0.0346331908831908
World Cup 2026/27 | pre_last_hour  F=10s,pooled,39,938864,80.44210876122634,60.60692663817664,78.7693578742802,0.6722721162003874,0.6151326612700547,98.76379985754986,1.203792735042735,0.0322293447293447
World Cup 2026/27 | pre_last_hour  F=10s,pooled,40,943993,80.47040603055319,61.06739672364672,78.80257049945745,0.6726311040510348,0.6155286993428081,98.83262108262107,1.1374643874643875,0.0298254985754985
World Cup 2026/27 | pre_last_hour  F=10s,pooled,41,948868,80.49633879528027,61.51317663817664,78.8351517447393,0.6729719406208728,0.6159227801459277,98.89868233618232,1.073717948717949,0.0275997150997151
World Cup 2026/27 | pre_last_hour  F=10s,pooled,42,953488,80.5215167888846,61.94591346153846,78.86641846747104,0.6732878236584402,0.6162910900756124,98.96127136752136,1.0133547008547008,0.0253739316239316
World Cup 2026/27 | pre_last_hour  F=10s,pooled,43,958052,80.54646303123421,62.359375,78.89621745161638,0.673593600003886,0.6166294617989063,99.0164707977208,0.96011396011396,0.0234152421652421
World Cup 2026/27 | pre_last_hour  F=10s,pooled,44,962518,80.57116853918576,62.76130698005698,78.92528557073561,0.673905603723042,0.6169616065606972,99.06793091168092,0.9103454415954416,0.0217236467236467
World Cup 2026/27 | pre_last_hour  F=10s,pooled,45,966807,80.59230022124375,63.15304487179487,78.95351956376798,0.674147424501786,0.617281386731031,99.11716524216524,0.8627136752136753,0.0201210826210826
World Cup 2026/27 | pre_last_hour  F=10s,pooled,46,970934,80.61423330525041,63.52871260683761,78.97976125251117,0.6744306890844192,0.6175737951622379,99.16159188034187,0.8198896011396012,0.0185185185185185
World Cup 2026/27 | pre_last_hour  F=10s,pooled,47,974944,80.63499031739259,63.89436431623932,79.00537280768145,0.6746711978264488,0.6178576686945483,99.20370370370372,0.7792022792022792,0.017094017094017
World Cup 2026/27 | pre_last_hour  F=10s,pooled,48,978693,80.65368813305092,64.25093482905983,79.03061716173063,0.6748754075950811,0.6181381636398586,99.24341168091168,0.7407407407407407,0.0158475783475783
World Cup 2026/27 | pre_last_hour  F=10s,pooled,49,982343,80.67334932910398,64.59308226495726,79.05448586109148,0.6751050138484459,0.6183934185088423,99.27857905982906,0.7067307692307693,0.0146901709401709
World Cup 2026/27 | pre_last_hour  F=10s,pooled,50,985949,80.69058338717318,64.92552528490029,79.07757370382922,0.6752737398033692,0.6186399438260657,99.3125,0.6739672364672364,0.0135327635327635
World Cup 2026/27 | pre_last_hour  F=10s,pooled,51,989398,80.70584335120952,65.24964387464388,79.09990993271126,0.6754410463305214,0.6188756595556597,99.3451745014245,0.6424501424501424,0.0123753561253561
World Cup 2026/27 | pre_last_hour  F=10s,pooled,52,992695,80.72167181259098,65.5602297008547,79.1216035079557,0.6756187849531762,0.6191049090836112,99.37473290598292,0.613960113960114,0.01130698005698
World Cup 2026/27 | pre_last_hour  F=10s,pooled,53,995964,80.73805880533834,65.86280270655271,79.14236609432946,0.6758093460146235,0.6193179331558157,99.40233262108262,0.5873397435897436,0.0103276353276353
World Cup 2026/27 | pre_last_hour  F=10s,pooled,54,999069,80.75188000028027,66.15780804843305,79.16304454359118,0.6759651719507761,0.619534540380946,99.42922008547008,0.5614316239316239,0.0093482905982905
World Cup 2026/27 | pre_last_hour  F=10s,pooled,55,1002139,80.76773780882692,66.4414618945869,79.18283437581236,0.6761586673524446,0.6197443035366813,99.45290242165242,0.5387286324786325,0.0083689458689458
World Cup 2026/27 | pre_last_hour  F=10s,pooled,56,1005055,80.78443468267906,66.71817129629629,79.20246724771985,0.6763436762792197,0.6199534900717065,99.47489316239316,0.5175391737891738,0.0075676638176638
World Cup 2026/27 | pre_last_hour  F=10s,pooled,57,1007917,80.79663305609489,66.98735754985755,79.22172547913013,0.6764690860903004,0.6201565017254703,99.49581552706552,0.4973290598290598,0.0068554131054131
World Cup 2026/27 | pre_last_hour  F=10s,pooled,58,1010683,80.81109507135274,67.24683938746439,79.24012759133844,0.6766283232774561,0.6203415172136818,99.5153133903134,0.4784544159544159,0.0062321937321937
World Cup 2026/27 | pre_last_hour  F=10s,pooled,59,1013372,80.82500799311605,67.49951032763532,79.25789790882286,0.6767754307534709,0.620523617629439,99.53427706552706,0.4601139601139601,0.0056089743589743
World Cup 2026/27 | pre_last_hour  F=10s,pooled,60,1016000,80.8367125984252,67.7457264957265,79.27492799652445,0.6768876543278912,0.6206977691183113,99.55243945868946,0.4425747863247863,0.0049857549857549
