cell,route,seconds,cumulative_probability,episodes
Premier League 2025/26 | post_0_to_105m  F=60s,maker/taker,1.0,0.005,37206
Premier League 2025/26 | post_0_to_105m  F=60s,maker/taker,1.0,0.01,37206
Premier League 2025/26 | post_0_to_105m  F=60s,maker/taker,1.0,0.015,37206
Premier League 2025/26 | post_0_to_105m  F=60s,maker/taker,1.0,0.02,37206
Premier League 2025/26 | post_0_to_105m  F=60s,maker/taker,1.0,0.025,37206
Premier League 2025/26 | post_0_to_105m  F=60s,maker/taker,1.0,0.030000000000000002,37206
Premier League 2025/26 | post_0_to_105m  F=60s,maker/taker,1.0,0.034999999999999996,37206
Premier League 2025/26 | post_0_to_105m  F=60s,maker/taker,1.0,0.04,37206
Premier League 2025/26 | post_0_to_105m  F=60s,maker/taker,1.0,0.045,37206
Premier League 2025/26 | post_0_to_105m  F=60s,maker/taker,1.0,0.049999999999999996,37206
Premier League 2025/26 | post_0_to_105m  F=60s,maker/taker,1.0,0.055,37206
Premier League 2025/26 | post_0_to_105m  F=60s,maker/taker,2.0,0.06,37206
Premier League 2025/26 | post_0_to_105m  F=60s,maker/taker,2.0,0.065,37206
Premier League 2025/26 | post_0_to_105m  F=60s,maker/taker,2.0,0.07,37206
Premier League 2025/26 | post_0_to_105m  F=60s,maker/taker,2.0,0.07500000000000001,37206
Premier League 2025/26 | post_0_to_105m  F=60s,maker/taker,2.0,0.08,37206
Premier League 2025/26 | post_0_to_105m  F=60s,maker/taker,2.0,0.085,37206
Premier League 2025/26 | post_0_to_105m  F=60s,maker/taker,2.0,0.09000000000000001,37206
Premier League 2025/26 | post_0_to_105m  F=60s,maker/taker,2.0,0.095,37206
Premier League 2025/26 | post_0_to_105m  F=60s,maker/taker,2.0,0.1,37206
Premier League 2025/26 | post_0_to_105m  F=60s,maker/taker,2.0,0.10500000000000001,37206
Premier League 2025/26 | post_0_to_105m  F=60s,maker/taker,2.0,0.11,37206
Premier League 2025/26 | post_0_to_105m  F=60s,maker/taker,2.0,0.115,37206
Premier League 2025/26 | post_0_to_105m  F=60s,maker/taker,2.0,0.12000000000000001,37206
Premier League 2025/26 | post_0_to_105m  F=60s,maker/taker,3.0,0.125,37206
Premier League 2025/26 | post_0_to_105m  F=60s,maker/taker,3.0,0.13,37206
Premier League 2025/26 | post_0_to_105m  F=60s,maker/taker,3.0,0.135,37206
Premier League 2025/26 | post_0_to_105m  F=60s,maker/taker,3.0,0.14,37206
Premier League 2025/26 | post_0_to_105m  F=60s,maker/taker,3.0,0.14500000000000002,37206
Premier League 2025/26 | post_0_to_105m  F=60s,maker/taker,3.0,0.15,37206
Premier League 2025/26 | post_0_to_105m  F=60s,maker/taker,3.0,0.155,37206
Premier League 2025/26 | post_0_to_105m  F=60s,maker/taker,3.0,0.16,37206
Premier League 2025/26 | post_0_to_105m  F=60s,maker/taker,3.0,0.165,37206
Premier League 2025/26 | post_0_to_105m  F=60s,maker/taker,3.0,0.17,37206
Premier League 2025/26 | post_0_to_105m  F=60s,maker/taker,4.0,0.17500000000000002,37206
Premier League 2025/26 | post_0_to_105m  F=60s,maker/taker,4.0,0.18000000000000002,37206
Premier League 2025/26 | post_0_to_105m  F=60s,maker/taker,4.0,0.185,37206
Premier League 2025/26 | post_0_to_105m  F=60s,maker/taker,4.0,0.19,37206
Premier League 2025/26 | post_0_to_105m  F=60s,maker/taker,4.0,0.195,37206
Premier League 2025/26 | post_0_to_105m  F=60s,maker/taker,4.0,0.2,37206
Premier League 2025/26 | post_0_to_105m  F=60s,maker/taker,4.0,0.20500000000000002,37206
Premier League 2025/26 | post_0_to_105m  F=60s,maker/taker,4.0,0.21000000000000002,37206
Premier League 2025/26 | post_0_to_105m  F=60s,maker/taker,4.0,0.215,37206
Premier League 2025/26 | post_0_to_105m  F=60s,maker/taker,4.0,0.22,37206
Premier League 2025/26 | post_0_to_105m  F=60s,maker/taker,5.0,0.225,37206
Premier League 2025/26 | post_0_to_105m  F=60s,maker/taker,5.0,0.23,37206
Premier League 2025/26 | post_0_to_105m  F=60s,maker/taker,5.0,0.23500000000000001,37206
Premier League 2025/26 | post_0_to_105m  F=60s,maker/taker,5.0,0.24000000000000002,37206
Premier League 2025/26 | post_0_to_105m  F=60s,maker/taker,5.0,0.245,37206
Premier League 2025/26 | post_0_to_105m  F=60s,maker/taker,5.0,0.25,37206
Premier League 2025/26 | post_0_to_105m  F=60s,maker/taker,5.0,0.255,37206
Premier League 2025/26 | post_0_to_105m  F=60s,maker/taker,6.0,0.26,37206
Premier League 2025/26 | post_0_to_105m  F=60s,maker/taker,6.0,0.265,37206
Premier League 2025/26 | post_0_to_105m  F=60s,maker/taker,6.0,0.27,37206
Premier League 2025/26 | post_0_to_105m  F=60s,maker/taker,6.0,0.275,37206
Premier League 2025/26 | post_0_to_105m  F=60s,maker/taker,6.0,0.28,37206
Premier League 2025/26 | post_0_to_105m  F=60s,maker/taker,6.0,0.28500000000000003,37206
Premier League 2025/26 | post_0_to_105m  F=60s,maker/taker,6.0,0.29000000000000004,37206
Premier League 2025/26 | post_0_to_105m  F=60s,maker/taker,6.0,0.295,37206
Premier League 2025/26 | post_0_to_105m  F=60s,maker/taker,6.0,0.3,37206
Premier League 2025/26 | post_0_to_105m  F=60s,maker/taker,7.0,0.305,37206
Premier League 2025/26 | post_0_to_105m  F=60s,maker/taker,7.0,0.31,37206
Premier League 2025/26 | post_0_to_105m  F=60s,maker/taker,7.0,0.315,37206
Premier League 2025/26 | post_0_to_105m  F=60s,maker/taker,7.0,0.32,37206
Premier League 2025/26 | post_0_to_105m  F=60s,maker/taker,7.0,0.325,37206
Premier League 2025/26 | post_0_to_105m  F=60s,maker/taker,7.0,0.33,37206
Premier League 2025/26 | post_0_to_105m  F=60s,maker/taker,7.0,0.335,37206
Premier League 2025/26 | post_0_to_105m  F=60s,maker/taker,8.0,0.34,37206
Premier League 2025/26 | post_0_to_105m  F=60s,maker/taker,8.0,0.34500000000000003,37206
Premier League 2025/26 | post_0_to_105m  F=60s,maker/taker,8.0,0.35000000000000003,37206
Premier League 2025/26 | post_0_to_105m  F=60s,maker/taker,8.0,0.35500000000000004,37206
Premier League 2025/26 | post_0_to_105m  F=60s,maker/taker,8.0,0.36,37206
Premier League 2025/26 | post_0_to_105m  F=60s,maker/taker,8.0,0.365,37206
Premier League 2025/26 | post_0_to_105m  F=60s,maker/taker,8.0,0.37,37206
Premier League 2025/26 | post_0_to_105m  F=60s,maker/taker,8.0,0.375,37206
Premier League 2025/26 | post_0_to_105m  F=60s,maker/taker,9.0,0.38,37206
Premier League 2025/26 | post_0_to_105m  F=60s,maker/taker,9.0,0.385,37206
Premier League 2025/26 | post_0_to_105m  F=60s,maker/taker,9.0,0.39,37206
Premier League 2025/26 | post_0_to_105m  F=60s,maker/taker,9.0,0.395,37206
Premier League 2025/26 | post_0_to_105m  F=60s,maker/taker,9.0,0.4,37206
Premier League 2025/26 | post_0_to_105m  F=60s,maker/taker,10.0,0.405,37206
Premier League 2025/26 | post_0_to_105m  F=60s,maker/taker,10.0,0.41000000000000003,37206
Premier League 2025/26 | post_0_to_105m  F=60s,maker/taker,10.0,0.41500000000000004,37206
Premier League 2025/26 | post_0_to_105m  F=60s,maker/taker,10.0,0.42000000000000004,37206
Premier League 2025/26 | post_0_to_105m  F=60s,maker/taker,10.0,0.425,37206
Premier League 2025/26 | post_0_to_105m  F=60s,maker/taker,10.0,0.43,37206
Premier League 2025/26 | post_0_to_105m  F=60s,maker/taker,10.0,0.435,37206
Premier League 2025/26 | post_0_to_105m  F=60s,maker/taker,11.0,0.44,37206
Premier League 2025/26 | post_0_to_105m  F=60s,maker/taker,11.0,0.445,37206
Premier League 2025/26 | post_0_to_105m  F=60s,maker/taker,11.0,0.45,37206
Premier League 2025/26 | post_0_to_105m  F=60s,maker/taker,11.0,0.455,37206
Premier League 2025/26 | post_0_to_105m  F=60s,maker/taker,12.0,0.46,37206
Premier League 2025/26 | post_0_to_105m  F=60s,maker/taker,12.0,0.465,37206
Premier League 2025/26 | post_0_to_105m  F=60s,maker/taker,12.0,0.47000000000000003,37206
Premier League 2025/26 | post_0_to_105m  F=60s,maker/taker,12.0,0.47500000000000003,37206
Premier League 2025/26 | post_0_to_105m  F=60s,maker/taker,12.0,0.48000000000000004,37206
Premier League 2025/26 | post_0_to_105m  F=60s,maker/taker,12.0,0.485,37206
Premier League 2025/26 | post_0_to_105m  F=60s,maker/taker,13.0,0.49,37206
Premier League 2025/26 | post_0_to_105m  F=60s,maker/taker,13.0,0.495,37206
Premier League 2025/26 | post_0_to_105m  F=60s,maker/taker,13.0,0.5,37206
Premier League 2025/26 | post_0_to_105m  F=60s,maker/taker,14.0,0.505,37206
Premier League 2025/26 | post_0_to_105m  F=60s,maker/taker,14.0,0.51,37206
Premier League 2025/26 | post_0_to_105m  F=60s,maker/taker,14.0,0.515,37206
Premier League 2025/26 | post_0_to_105m  F=60s,maker/taker,14.0,0.52,37206
Premier League 2025/26 | post_0_to_105m  F=60s,maker/taker,14.0,0.525,37206
Premier League 2025/26 | post_0_to_105m  F=60s,maker/taker,15.0,0.53,37206
Premier League 2025/26 | post_0_to_105m  F=60s,maker/taker,15.0,0.535,37206
Premier League 2025/26 | post_0_to_105m  F=60s,maker/taker,15.0,0.54,37206
Premier League 2025/26 | post_0_to_105m  F=60s,maker/taker,16.0,0.545,37206
Premier League 2025/26 | post_0_to_105m  F=60s,maker/taker,16.0,0.55,37206
Premier League 2025/26 | post_0_to_105m  F=60s,maker/taker,16.0,0.555,37206
Premier League 2025/26 | post_0_to_105m  F=60s,maker/taker,16.0,0.56,37206
Premier League 2025/26 | post_0_to_105m  F=60s,maker/taker,17.0,0.5650000000000001,37206
Premier League 2025/26 | post_0_to_105m  F=60s,maker/taker,17.0,0.5700000000000001,37206
Premier League 2025/26 | post_0_to_105m  F=60s,maker/taker,18.0,0.5750000000000001,37206
Premier League 2025/26 | post_0_to_105m  F=60s,maker/taker,18.0,0.5800000000000001,37206
Premier League 2025/26 | post_0_to_105m  F=60s,maker/taker,18.0,0.585,37206
Premier League 2025/26 | post_0_to_105m  F=60s,maker/taker,18.0,0.59,37206
Premier League 2025/26 | post_0_to_105m  F=60s,maker/taker,19.0,0.595,37206
Premier League 2025/26 | post_0_to_105m  F=60s,maker/taker,19.0,0.6,37206
Premier League 2025/26 | post_0_to_105m  F=60s,maker/taker,20.0,0.605,37206
Premier League 2025/26 | post_0_to_105m  F=60s,maker/taker,20.0,0.61,37206
Premier League 2025/26 | post_0_to_105m  F=60s,maker/taker,20.0,0.615,37206
Premier League 2025/26 | post_0_to_105m  F=60s,maker/taker,21.0,0.62,37206
Premier League 2025/26 | post_0_to_105m  F=60s,maker/taker,21.0,0.625,37206
Premier League 2025/26 | post_0_to_105m  F=60s,maker/taker,22.0,0.63,37206
Premier League 2025/26 | post_0_to_105m  F=60s,maker/taker,22.0,0.635,37206
Premier League 2025/26 | post_0_to_105m  F=60s,maker/taker,22.0,0.64,37206
Premier League 2025/26 | post_0_to_105m  F=60s,maker/taker,23.0,0.645,37206
Premier League 2025/26 | post_0_to_105m  F=60s,maker/taker,23.0,0.65,37206
Premier League 2025/26 | post_0_to_105m  F=60s,maker/taker,24.0,0.655,37206
Premier League 2025/26 | post_0_to_105m  F=60s,maker/taker,24.0,0.66,37206
Premier League 2025/26 | post_0_to_105m  F=60s,maker/taker,25.0,0.665,37206
Premier League 2025/26 | post_0_to_105m  F=60s,maker/taker,25.0,0.67,37206
Premier League 2025/26 | post_0_to_105m  F=60s,maker/taker,26.0,0.675,37206
Premier League 2025/26 | post_0_to_105m  F=60s,maker/taker,26.0,0.68,37206
Premier League 2025/26 | post_0_to_105m  F=60s,maker/taker,27.0,0.685,37206
Premier League 2025/26 | post_0_to_105m  F=60s,maker/taker,27.0,0.6900000000000001,37206
Premier League 2025/26 | post_0_to_105m  F=60s,maker/taker,28.0,0.6950000000000001,37206
Premier League 2025/26 | post_0_to_105m  F=60s,maker/taker,28.0,0.7000000000000001,37206
Premier League 2025/26 | post_0_to_105m  F=60s,maker/taker,29.0,0.7050000000000001,37206
Premier League 2025/26 | post_0_to_105m  F=60s,maker/taker,30.0,0.71,37206
Premier League 2025/26 | post_0_to_105m  F=60s,maker/taker,30.0,0.715,37206
Premier League 2025/26 | post_0_to_105m  F=60s,maker/taker,31.0,0.72,37206
Premier League 2025/26 | post_0_to_105m  F=60s,maker/taker,32.0,0.725,37206
Premier League 2025/26 | post_0_to_105m  F=60s,maker/taker,32.0,0.73,37206
Premier League 2025/26 | post_0_to_105m  F=60s,maker/taker,33.0,0.735,37206
Premier League 2025/26 | post_0_to_105m  F=60s,maker/taker,34.0,0.74,37206
Premier League 2025/26 | post_0_to_105m  F=60s,maker/taker,35.0,0.745,37206
Premier League 2025/26 | post_0_to_105m  F=60s,maker/taker,35.0,0.75,37206
Premier League 2025/26 | post_0_to_105m  F=60s,maker/taker,36.0,0.755,37206
Premier League 2025/26 | post_0_to_105m  F=60s,maker/taker,37.0,0.76,37206
Premier League 2025/26 | post_0_to_105m  F=60s,maker/taker,38.0,0.765,37206
Premier League 2025/26 | post_0_to_105m  F=60s,maker/taker,39.0,0.77,37206
Premier League 2025/26 | post_0_to_105m  F=60s,maker/taker,40.0,0.775,37206
Premier League 2025/26 | post_0_to_105m  F=60s,maker/taker,41.0,0.78,37206
Premier League 2025/26 | post_0_to_105m  F=60s,maker/taker,42.0,0.785,37206
Premier League 2025/26 | post_0_to_105m  F=60s,maker/taker,43.0,0.79,37206
Premier League 2025/26 | post_0_to_105m  F=60s,maker/taker,44.0,0.795,37206
Premier League 2025/26 | post_0_to_105m  F=60s,maker/taker,45.0,0.8,37206
Premier League 2025/26 | post_0_to_105m  F=60s,maker/taker,46.0,0.805,37206
Premier League 2025/26 | post_0_to_105m  F=60s,maker/taker,48.0,0.81,37206
Premier League 2025/26 | post_0_to_105m  F=60s,maker/taker,49.0,0.8150000000000001,37206
Premier League 2025/26 | post_0_to_105m  F=60s,maker/taker,50.0,0.8200000000000001,37206
Premier League 2025/26 | post_0_to_105m  F=60s,maker/taker,52.0,0.8250000000000001,37206
Premier League 2025/26 | post_0_to_105m  F=60s,maker/taker,54.0,0.8300000000000001,37206
Premier League 2025/26 | post_0_to_105m  F=60s,maker/taker,55.0,0.8350000000000001,37206
Premier League 2025/26 | post_0_to_105m  F=60s,maker/taker,57.0,0.84,37206
Premier League 2025/26 | post_0_to_105m  F=60s,maker/taker,58.0,0.845,37206
Premier League 2025/26 | post_0_to_105m  F=60s,maker/taker,60.0,0.85,37206
Premier League 2025/26 | post_0_to_105m  F=60s,maker/taker,62.0,0.855,37206
Premier League 2025/26 | post_0_to_105m  F=60s,maker/taker,64.0,0.86,37206
Premier League 2025/26 | post_0_to_105m  F=60s,maker/taker,66.0,0.865,37206
Premier League 2025/26 | post_0_to_105m  F=60s,maker/taker,68.0,0.87,37206
Premier League 2025/26 | post_0_to_105m  F=60s,maker/taker,71.0,0.875,37206
Premier League 2025/26 | post_0_to_105m  F=60s,maker/taker,74.0,0.88,37206
Premier League 2025/26 | post_0_to_105m  F=60s,maker/taker,77.0,0.885,37206
Premier League 2025/26 | post_0_to_105m  F=60s,maker/taker,80.0,0.89,37206
Premier League 2025/26 | post_0_to_105m  F=60s,maker/taker,83.40000000000146,0.895,37206
Premier League 2025/26 | post_0_to_105m  F=60s,maker/taker,87.0,0.9,37206
Premier League 2025/26 | post_0_to_105m  F=60s,maker/taker,90.0,0.905,37206
Premier League 2025/26 | post_0_to_105m  F=60s,maker/taker,95.0,0.91,37206
Premier League 2025/26 | post_0_to_105m  F=60s,maker/taker,100.0,0.915,37206
Premier League 2025/26 | post_0_to_105m  F=60s,maker/taker,105.0,0.92,37206
Premier League 2025/26 | post_0_to_105m  F=60s,maker/taker,110.0,0.925,37206
Premier League 2025/26 | post_0_to_105m  F=60s,maker/taker,118.0,0.93,37206
Premier League 2025/26 | post_0_to_105m  F=60s,maker/taker,125.0,0.935,37206
Premier League 2025/26 | post_0_to_105m  F=60s,maker/taker,133.0,0.9400000000000001,37206
Premier League 2025/26 | post_0_to_105m  F=60s,maker/taker,141.0,0.9450000000000001,37206
Premier League 2025/26 | post_0_to_105m  F=60s,maker/taker,151.0,0.9500000000000001,37206
Premier League 2025/26 | post_0_to_105m  F=60s,maker/taker,165.0,0.9550000000000001,37206
Premier League 2025/26 | post_0_to_105m  F=60s,maker/taker,181.0,0.9600000000000001,37206
Premier League 2025/26 | post_0_to_105m  F=60s,maker/taker,198.0,0.965,37206
Premier League 2025/26 | post_0_to_105m  F=60s,maker/taker,218.0,0.97,37206
Premier League 2025/26 | post_0_to_105m  F=60s,maker/taker,247.0,0.975,37206
Premier League 2025/26 | post_0_to_105m  F=60s,maker/taker,290.0,0.98,37206
Premier League 2025/26 | post_0_to_105m  F=60s,maker/taker,356.1999999999971,0.985,37206
Premier League 2025/26 | post_0_to_105m  F=60s,maker/taker,469.8000000000029,0.99,37206
Premier League 2025/26 | post_0_to_105m  F=60s,maker/taker,700.0,0.995,37206
Premier League 2025/26 | post_0_to_105m  F=60s,taker/maker,1.0,0.005,43787
Premier League 2025/26 | post_0_to_105m  F=60s,taker/maker,1.0,0.01,43787
Premier League 2025/26 | post_0_to_105m  F=60s,taker/maker,1.0,0.015,43787
Premier League 2025/26 | post_0_to_105m  F=60s,taker/maker,1.0,0.02,43787
Premier League 2025/26 | post_0_to_105m  F=60s,taker/maker,1.0,0.025,43787
Premier League 2025/26 | post_0_to_105m  F=60s,taker/maker,1.0,0.030000000000000002,43787
Premier League 2025/26 | post_0_to_105m  F=60s,taker/maker,1.0,0.034999999999999996,43787
Premier League 2025/26 | post_0_to_105m  F=60s,taker/maker,1.0,0.04,43787
Premier League 2025/26 | post_0_to_105m  F=60s,taker/maker,1.0,0.045,43787
Premier League 2025/26 | post_0_to_105m  F=60s,taker/maker,2.0,0.049999999999999996,43787
Premier League 2025/26 | post_0_to_105m  F=60s,taker/maker,2.0,0.055,43787
Premier League 2025/26 | post_0_to_105m  F=60s,taker/maker,2.0,0.06,43787
Premier League 2025/26 | post_0_to_105m  F=60s,taker/maker,2.0,0.065,43787
Premier League 2025/26 | post_0_to_105m  F=60s,taker/maker,2.0,0.07,43787
Premier League 2025/26 | post_0_to_105m  F=60s,taker/maker,2.0,0.07500000000000001,43787
Premier League 2025/26 | post_0_to_105m  F=60s,taker/maker,2.0,0.08,43787
Premier League 2025/26 | post_0_to_105m  F=60s,taker/maker,2.0,0.085,43787
Premier League 2025/26 | post_0_to_105m  F=60s,taker/maker,2.0,0.09000000000000001,43787
Premier League 2025/26 | post_0_to_105m  F=60s,taker/maker,2.0,0.095,43787
Premier League 2025/26 | post_0_to_105m  F=60s,taker/maker,2.0,0.1,43787
Premier League 2025/26 | post_0_to_105m  F=60s,taker/maker,2.0,0.10500000000000001,43787
Premier League 2025/26 | post_0_to_105m  F=60s,taker/maker,3.0,0.11,43787
Premier League 2025/26 | post_0_to_105m  F=60s,taker/maker,3.0,0.115,43787
Premier League 2025/26 | post_0_to_105m  F=60s,taker/maker,3.0,0.12000000000000001,43787
Premier League 2025/26 | post_0_to_105m  F=60s,taker/maker,3.0,0.125,43787
Premier League 2025/26 | post_0_to_105m  F=60s,taker/maker,3.0,0.13,43787
Premier League 2025/26 | post_0_to_105m  F=60s,taker/maker,3.0,0.135,43787
Premier League 2025/26 | post_0_to_105m  F=60s,taker/maker,3.0,0.14,43787
Premier League 2025/26 | post_0_to_105m  F=60s,taker/maker,3.0,0.14500000000000002,43787
Premier League 2025/26 | post_0_to_105m  F=60s,taker/maker,3.0,0.15,43787
Premier League 2025/26 | post_0_to_105m  F=60s,taker/maker,4.0,0.155,43787
Premier League 2025/26 | post_0_to_105m  F=60s,taker/maker,4.0,0.16,43787
Premier League 2025/26 | post_0_to_105m  F=60s,taker/maker,4.0,0.165,43787
Premier League 2025/26 | post_0_to_105m  F=60s,taker/maker,4.0,0.17,43787
Premier League 2025/26 | post_0_to_105m  F=60s,taker/maker,4.0,0.17500000000000002,43787
Premier League 2025/26 | post_0_to_105m  F=60s,taker/maker,4.0,0.18000000000000002,43787
Premier League 2025/26 | post_0_to_105m  F=60s,taker/maker,4.0,0.185,43787
Premier League 2025/26 | post_0_to_105m  F=60s,taker/maker,4.0,0.19,43787
Premier League 2025/26 | post_0_to_105m  F=60s,taker/maker,4.0,0.195,43787
Premier League 2025/26 | post_0_to_105m  F=60s,taker/maker,4.0,0.2,43787
Premier League 2025/26 | post_0_to_105m  F=60s,taker/maker,4.0,0.20500000000000002,43787
Premier League 2025/26 | post_0_to_105m  F=60s,taker/maker,4.0,0.21000000000000002,43787
Premier League 2025/26 | post_0_to_105m  F=60s,taker/maker,5.0,0.215,43787
Premier League 2025/26 | post_0_to_105m  F=60s,taker/maker,5.0,0.22,43787
Premier League 2025/26 | post_0_to_105m  F=60s,taker/maker,5.0,0.225,43787
Premier League 2025/26 | post_0_to_105m  F=60s,taker/maker,5.0,0.23,43787
Premier League 2025/26 | post_0_to_105m  F=60s,taker/maker,5.0,0.23500000000000001,43787
Premier League 2025/26 | post_0_to_105m  F=60s,taker/maker,5.0,0.24000000000000002,43787
Premier League 2025/26 | post_0_to_105m  F=60s,taker/maker,5.0,0.245,43787
Premier League 2025/26 | post_0_to_105m  F=60s,taker/maker,5.0,0.25,43787
Premier League 2025/26 | post_0_to_105m  F=60s,taker/maker,6.0,0.255,43787
Premier League 2025/26 | post_0_to_105m  F=60s,taker/maker,6.0,0.26,43787
Premier League 2025/26 | post_0_to_105m  F=60s,taker/maker,6.0,0.265,43787
Premier League 2025/26 | post_0_to_105m  F=60s,taker/maker,6.0,0.27,43787
Premier League 2025/26 | post_0_to_105m  F=60s,taker/maker,6.0,0.275,43787
Premier League 2025/26 | post_0_to_105m  F=60s,taker/maker,6.0,0.28,43787
Premier League 2025/26 | post_0_to_105m  F=60s,taker/maker,6.0,0.28500000000000003,43787
Premier League 2025/26 | post_0_to_105m  F=60s,taker/maker,6.0,0.29000000000000004,43787
Premier League 2025/26 | post_0_to_105m  F=60s,taker/maker,6.0,0.295,43787
Premier League 2025/26 | post_0_to_105m  F=60s,taker/maker,6.0,0.3,43787
Premier League 2025/26 | post_0_to_105m  F=60s,taker/maker,7.0,0.305,43787
Premier League 2025/26 | post_0_to_105m  F=60s,taker/maker,7.0,0.31,43787
Premier League 2025/26 | post_0_to_105m  F=60s,taker/maker,7.0,0.315,43787
Premier League 2025/26 | post_0_to_105m  F=60s,taker/maker,7.0,0.32,43787
Premier League 2025/26 | post_0_to_105m  F=60s,taker/maker,7.0,0.325,43787
Premier League 2025/26 | post_0_to_105m  F=60s,taker/maker,7.0,0.33,43787
Premier League 2025/26 | post_0_to_105m  F=60s,taker/maker,7.0,0.335,43787
Premier League 2025/26 | post_0_to_105m  F=60s,taker/maker,8.0,0.34,43787
Premier League 2025/26 | post_0_to_105m  F=60s,taker/maker,8.0,0.34500000000000003,43787
Premier League 2025/26 | post_0_to_105m  F=60s,taker/maker,8.0,0.35000000000000003,43787
Premier League 2025/26 | post_0_to_105m  F=60s,taker/maker,8.0,0.35500000000000004,43787
Premier League 2025/26 | post_0_to_105m  F=60s,taker/maker,8.0,0.36,43787
Premier League 2025/26 | post_0_to_105m  F=60s,taker/maker,8.0,0.365,43787
Premier League 2025/26 | post_0_to_105m  F=60s,taker/maker,8.0,0.37,43787
Premier League 2025/26 | post_0_to_105m  F=60s,taker/maker,8.0,0.375,43787
Premier League 2025/26 | post_0_to_105m  F=60s,taker/maker,9.0,0.38,43787
Premier League 2025/26 | post_0_to_105m  F=60s,taker/maker,9.0,0.385,43787
Premier League 2025/26 | post_0_to_105m  F=60s,taker/maker,9.0,0.39,43787
Premier League 2025/26 | post_0_to_105m  F=60s,taker/maker,9.0,0.395,43787
Premier League 2025/26 | post_0_to_105m  F=60s,taker/maker,9.0,0.4,43787
Premier League 2025/26 | post_0_to_105m  F=60s,taker/maker,9.0,0.405,43787
Premier League 2025/26 | post_0_to_105m  F=60s,taker/maker,10.0,0.41000000000000003,43787
Premier League 2025/26 | post_0_to_105m  F=60s,taker/maker,10.0,0.41500000000000004,43787
Premier League 2025/26 | post_0_to_105m  F=60s,taker/maker,10.0,0.42000000000000004,43787
Premier League 2025/26 | post_0_to_105m  F=60s,taker/maker,10.0,0.425,43787
Premier League 2025/26 | post_0_to_105m  F=60s,taker/maker,10.0,0.43,43787
Premier League 2025/26 | post_0_to_105m  F=60s,taker/maker,10.0,0.435,43787
Premier League 2025/26 | post_0_to_105m  F=60s,taker/maker,11.0,0.44,43787
Premier League 2025/26 | post_0_to_105m  F=60s,taker/maker,11.0,0.445,43787
Premier League 2025/26 | post_0_to_105m  F=60s,taker/maker,11.0,0.45,43787
Premier League 2025/26 | post_0_to_105m  F=60s,taker/maker,11.0,0.455,43787
Premier League 2025/26 | post_0_to_105m  F=60s,taker/maker,11.0,0.46,43787
Premier League 2025/26 | post_0_to_105m  F=60s,taker/maker,12.0,0.465,43787
Premier League 2025/26 | post_0_to_105m  F=60s,taker/maker,12.0,0.47000000000000003,43787
Premier League 2025/26 | post_0_to_105m  F=60s,taker/maker,12.0,0.47500000000000003,43787
Premier League 2025/26 | post_0_to_105m  F=60s,taker/maker,12.0,0.48000000000000004,43787
Premier League 2025/26 | post_0_to_105m  F=60s,taker/maker,12.0,0.485,43787
Premier League 2025/26 | post_0_to_105m  F=60s,taker/maker,13.0,0.49,43787
Premier League 2025/26 | post_0_to_105m  F=60s,taker/maker,13.0,0.495,43787
Premier League 2025/26 | post_0_to_105m  F=60s,taker/maker,13.0,0.5,43787
Premier League 2025/26 | post_0_to_105m  F=60s,taker/maker,13.0,0.505,43787
Premier League 2025/26 | post_0_to_105m  F=60s,taker/maker,14.0,0.51,43787
Premier League 2025/26 | post_0_to_105m  F=60s,taker/maker,14.0,0.515,43787
Premier League 2025/26 | post_0_to_105m  F=60s,taker/maker,14.0,0.52,43787
Premier League 2025/26 | post_0_to_105m  F=60s,taker/maker,14.0,0.525,43787
Premier League 2025/26 | post_0_to_105m  F=60s,taker/maker,14.0,0.53,43787
Premier League 2025/26 | post_0_to_105m  F=60s,taker/maker,15.0,0.535,43787
Premier League 2025/26 | post_0_to_105m  F=60s,taker/maker,15.0,0.54,43787
Premier League 2025/26 | post_0_to_105m  F=60s,taker/maker,15.0,0.545,43787
Premier League 2025/26 | post_0_to_105m  F=60s,taker/maker,16.0,0.55,43787
Premier League 2025/26 | post_0_to_105m  F=60s,taker/maker,16.0,0.555,43787
Premier League 2025/26 | post_0_to_105m  F=60s,taker/maker,16.0,0.56,43787
Premier League 2025/26 | post_0_to_105m  F=60s,taker/maker,16.0,0.5650000000000001,43787
Premier League 2025/26 | post_0_to_105m  F=60s,taker/maker,17.0,0.5700000000000001,43787
Premier League 2025/26 | post_0_to_105m  F=60s,taker/maker,17.0,0.5750000000000001,43787
Premier League 2025/26 | post_0_to_105m  F=60s,taker/maker,17.0,0.5800000000000001,43787
Premier League 2025/26 | post_0_to_105m  F=60s,taker/maker,18.0,0.585,43787
Premier League 2025/26 | post_0_to_105m  F=60s,taker/maker,18.0,0.59,43787
Premier League 2025/26 | post_0_to_105m  F=60s,taker/maker,18.0,0.595,43787
Premier League 2025/26 | post_0_to_105m  F=60s,taker/maker,18.0,0.6,43787
Premier League 2025/26 | post_0_to_105m  F=60s,taker/maker,19.0,0.605,43787
Premier League 2025/26 | post_0_to_105m  F=60s,taker/maker,19.0,0.61,43787
Premier League 2025/26 | post_0_to_105m  F=60s,taker/maker,20.0,0.615,43787
Premier League 2025/26 | post_0_to_105m  F=60s,taker/maker,20.0,0.62,43787
Premier League 2025/26 | post_0_to_105m  F=60s,taker/maker,20.0,0.625,43787
Premier League 2025/26 | post_0_to_105m  F=60s,taker/maker,21.0,0.63,43787
Premier League 2025/26 | post_0_to_105m  F=60s,taker/maker,21.0,0.635,43787
Premier League 2025/26 | post_0_to_105m  F=60s,taker/maker,21.0,0.64,43787
Premier League 2025/26 | post_0_to_105m  F=60s,taker/maker,22.0,0.645,43787
Premier League 2025/26 | post_0_to_105m  F=60s,taker/maker,22.0,0.65,43787
Premier League 2025/26 | post_0_to_105m  F=60s,taker/maker,23.0,0.655,43787
Premier League 2025/26 | post_0_to_105m  F=60s,taker/maker,23.0,0.66,43787
Premier League 2025/26 | post_0_to_105m  F=60s,taker/maker,24.0,0.665,43787
Premier League 2025/26 | post_0_to_105m  F=60s,taker/maker,24.0,0.67,43787
Premier League 2025/26 | post_0_to_105m  F=60s,taker/maker,24.0,0.675,43787
Premier League 2025/26 | post_0_to_105m  F=60s,taker/maker,25.0,0.68,43787
Premier League 2025/26 | post_0_to_105m  F=60s,taker/maker,26.0,0.685,43787
Premier League 2025/26 | post_0_to_105m  F=60s,taker/maker,26.0,0.6900000000000001,43787
Premier League 2025/26 | post_0_to_105m  F=60s,taker/maker,26.0,0.6950000000000001,43787
Premier League 2025/26 | post_0_to_105m  F=60s,taker/maker,27.0,0.7000000000000001,43787
Premier League 2025/26 | post_0_to_105m  F=60s,taker/maker,28.0,0.7050000000000001,43787
Premier League 2025/26 | post_0_to_105m  F=60s,taker/maker,28.0,0.71,43787
Premier League 2025/26 | post_0_to_105m  F=60s,taker/maker,28.0,0.715,43787
Premier League 2025/26 | post_0_to_105m  F=60s,taker/maker,29.0,0.72,43787
Premier League 2025/26 | post_0_to_105m  F=60s,taker/maker,30.0,0.725,43787
Premier League 2025/26 | post_0_to_105m  F=60s,taker/maker,30.0,0.73,43787
Premier League 2025/26 | post_0_to_105m  F=60s,taker/maker,31.0,0.735,43787
Premier League 2025/26 | post_0_to_105m  F=60s,taker/maker,32.0,0.74,43787
Premier League 2025/26 | post_0_to_105m  F=60s,taker/maker,32.0,0.745,43787
Premier League 2025/26 | post_0_to_105m  F=60s,taker/maker,33.0,0.75,43787
Premier League 2025/26 | post_0_to_105m  F=60s,taker/maker,34.0,0.755,43787
Premier League 2025/26 | post_0_to_105m  F=60s,taker/maker,35.0,0.76,43787
Premier League 2025/26 | post_0_to_105m  F=60s,taker/maker,35.0,0.765,43787
Premier League 2025/26 | post_0_to_105m  F=60s,taker/maker,36.0,0.77,43787
Premier League 2025/26 | post_0_to_105m  F=60s,taker/maker,37.0,0.775,43787
Premier League 2025/26 | post_0_to_105m  F=60s,taker/maker,38.0,0.78,43787
Premier League 2025/26 | post_0_to_105m  F=60s,taker/maker,38.0,0.785,43787
Premier League 2025/26 | post_0_to_105m  F=60s,taker/maker,39.0,0.79,43787
Premier League 2025/26 | post_0_to_105m  F=60s,taker/maker,40.0,0.795,43787
Premier League 2025/26 | post_0_to_105m  F=60s,taker/maker,41.0,0.8,43787
Premier League 2025/26 | post_0_to_105m  F=60s,taker/maker,42.0,0.805,43787
Premier League 2025/26 | post_0_to_105m  F=60s,taker/maker,43.0,0.81,43787
Premier League 2025/26 | post_0_to_105m  F=60s,taker/maker,44.0,0.8150000000000001,43787
Premier League 2025/26 | post_0_to_105m  F=60s,taker/maker,46.0,0.8200000000000001,43787
Premier League 2025/26 | post_0_to_105m  F=60s,taker/maker,47.0,0.8250000000000001,43787
Premier League 2025/26 | post_0_to_105m  F=60s,taker/maker,48.0,0.8300000000000001,43787
Premier League 2025/26 | post_0_to_105m  F=60s,taker/maker,49.0,0.8350000000000001,43787
Premier League 2025/26 | post_0_to_105m  F=60s,taker/maker,51.0,0.84,43787
Premier League 2025/26 | post_0_to_105m  F=60s,taker/maker,52.0,0.845,43787
Premier League 2025/26 | post_0_to_105m  F=60s,taker/maker,54.0,0.85,43787
Premier League 2025/26 | post_0_to_105m  F=60s,taker/maker,56.0,0.855,43787
Premier League 2025/26 | post_0_to_105m  F=60s,taker/maker,57.0,0.86,43787
Premier League 2025/26 | post_0_to_105m  F=60s,taker/maker,59.0,0.865,43787
Premier League 2025/26 | post_0_to_105m  F=60s,taker/maker,60.0,0.87,43787
Premier League 2025/26 | post_0_to_105m  F=60s,taker/maker,62.0,0.875,43787
Premier League 2025/26 | post_0_to_105m  F=60s,taker/maker,64.0,0.88,43787
Premier League 2025/26 | post_0_to_105m  F=60s,taker/maker,67.0,0.885,43787
Premier League 2025/26 | post_0_to_105m  F=60s,taker/maker,70.0,0.89,43787
Premier League 2025/26 | post_0_to_105m  F=60s,taker/maker,72.0,0.895,43787
Premier League 2025/26 | post_0_to_105m  F=60s,taker/maker,74.0,0.9,43787
Premier League 2025/26 | post_0_to_105m  F=60s,taker/maker,77.0,0.905,43787
Premier League 2025/26 | post_0_to_105m  F=60s,taker/maker,80.0,0.91,43787
Premier League 2025/26 | post_0_to_105m  F=60s,taker/maker,84.0,0.915,43787
Premier League 2025/26 | post_0_to_105m  F=60s,taker/maker,88.0,0.92,43787
Premier League 2025/26 | post_0_to_105m  F=60s,taker/maker,92.0,0.925,43787
Premier League 2025/26 | post_0_to_105m  F=60s,taker/maker,97.0,0.93,43787
Premier League 2025/26 | post_0_to_105m  F=60s,taker/maker,103.0,0.935,43787
Premier League 2025/26 | post_0_to_105m  F=60s,taker/maker,110.0,0.9400000000000001,43787
Premier League 2025/26 | post_0_to_105m  F=60s,taker/maker,118.0,0.9450000000000001,43787
Premier League 2025/26 | post_0_to_105m  F=60s,taker/maker,126.30000000000291,0.9500000000000001,43787
Premier League 2025/26 | post_0_to_105m  F=60s,taker/maker,136.0,0.9550000000000001,43787
Premier League 2025/26 | post_0_to_105m  F=60s,taker/maker,146.0,0.9600000000000001,43787
Premier League 2025/26 | post_0_to_105m  F=60s,taker/maker,162.0,0.965,43787
Premier League 2025/26 | post_0_to_105m  F=60s,taker/maker,179.0,0.97,43787
Premier League 2025/26 | post_0_to_105m  F=60s,taker/maker,205.0,0.975,43787
Premier League 2025/26 | post_0_to_105m  F=60s,taker/maker,238.0,0.98,43787
Premier League 2025/26 | post_0_to_105m  F=60s,taker/maker,290.0,0.985,43787
Premier League 2025/26 | post_0_to_105m  F=60s,taker/maker,378.0,0.99,43787
Premier League 2025/26 | post_0_to_105m  F=60s,taker/maker,568.8899999999921,0.995,43787
Premier League 2025/26 | post_0_to_105m  F=60s,taker/taker,1.0,0.005,8736
Premier League 2025/26 | post_0_to_105m  F=60s,taker/taker,1.0,0.01,8736
Premier League 2025/26 | post_0_to_105m  F=60s,taker/taker,1.0,0.015,8736
Premier League 2025/26 | post_0_to_105m  F=60s,taker/taker,1.0,0.02,8736
Premier League 2025/26 | post_0_to_105m  F=60s,taker/taker,1.0,0.025,8736
Premier League 2025/26 | post_0_to_105m  F=60s,taker/taker,1.0,0.030000000000000002,8736
Premier League 2025/26 | post_0_to_105m  F=60s,taker/taker,1.0,0.034999999999999996,8736
Premier League 2025/26 | post_0_to_105m  F=60s,taker/taker,1.0,0.04,8736
Premier League 2025/26 | post_0_to_105m  F=60s,taker/taker,1.0,0.045,8736
Premier League 2025/26 | post_0_to_105m  F=60s,taker/taker,1.0,0.049999999999999996,8736
Premier League 2025/26 | post_0_to_105m  F=60s,taker/taker,1.0,0.055,8736
Premier League 2025/26 | post_0_to_105m  F=60s,taker/taker,1.0,0.06,8736
Premier League 2025/26 | post_0_to_105m  F=60s,taker/taker,1.0,0.065,8736
Premier League 2025/26 | post_0_to_105m  F=60s,taker/taker,1.0,0.07,8736
Premier League 2025/26 | post_0_to_105m  F=60s,taker/taker,1.0,0.07500000000000001,8736
Premier League 2025/26 | post_0_to_105m  F=60s,taker/taker,1.0,0.08,8736
Premier League 2025/26 | post_0_to_105m  F=60s,taker/taker,1.0,0.085,8736
Premier League 2025/26 | post_0_to_105m  F=60s,taker/taker,1.0,0.09000000000000001,8736
Premier League 2025/26 | post_0_to_105m  F=60s,taker/taker,1.0,0.095,8736
Premier League 2025/26 | post_0_to_105m  F=60s,taker/taker,1.0,0.1,8736
Premier League 2025/26 | post_0_to_105m  F=60s,taker/taker,2.0,0.10500000000000001,8736
Premier League 2025/26 | post_0_to_105m  F=60s,taker/taker,2.0,0.11,8736
Premier League 2025/26 | post_0_to_105m  F=60s,taker/taker,2.0,0.115,8736
Premier League 2025/26 | post_0_to_105m  F=60s,taker/taker,2.0,0.12000000000000001,8736
Premier League 2025/26 | post_0_to_105m  F=60s,taker/taker,2.0,0.125,8736
Premier League 2025/26 | post_0_to_105m  F=60s,taker/taker,2.0,0.13,8736
Premier League 2025/26 | post_0_to_105m  F=60s,taker/taker,2.0,0.135,8736
Premier League 2025/26 | post_0_to_105m  F=60s,taker/taker,2.0,0.14,8736
Premier League 2025/26 | post_0_to_105m  F=60s,taker/taker,2.0,0.14500000000000002,8736
Premier League 2025/26 | post_0_to_105m  F=60s,taker/taker,2.0,0.15,8736
Premier League 2025/26 | post_0_to_105m  F=60s,taker/taker,2.0,0.155,8736
Premier League 2025/26 | post_0_to_105m  F=60s,taker/taker,2.0,0.16,8736
Premier League 2025/26 | post_0_to_105m  F=60s,taker/taker,2.0,0.165,8736
Premier League 2025/26 | post_0_to_105m  F=60s,taker/taker,2.0,0.17,8736
Premier League 2025/26 | post_0_to_105m  F=60s,taker/taker,2.0,0.17500000000000002,8736
Premier League 2025/26 | post_0_to_105m  F=60s,taker/taker,2.0,0.18000000000000002,8736
Premier League 2025/26 | post_0_to_105m  F=60s,taker/taker,2.0,0.185,8736
Premier League 2025/26 | post_0_to_105m  F=60s,taker/taker,2.0,0.19,8736
Premier League 2025/26 | post_0_to_105m  F=60s,taker/taker,2.0,0.195,8736
Premier League 2025/26 | post_0_to_105m  F=60s,taker/taker,3.0,0.2,8736
Premier League 2025/26 | post_0_to_105m  F=60s,taker/taker,3.0,0.20500000000000002,8736
Premier League 2025/26 | post_0_to_105m  F=60s,taker/taker,3.0,0.21000000000000002,8736
Premier League 2025/26 | post_0_to_105m  F=60s,taker/taker,3.0,0.215,8736
Premier League 2025/26 | post_0_to_105m  F=60s,taker/taker,3.0,0.22,8736
Premier League 2025/26 | post_0_to_105m  F=60s,taker/taker,3.0,0.225,8736
Premier League 2025/26 | post_0_to_105m  F=60s,taker/taker,3.0,0.23,8736
Premier League 2025/26 | post_0_to_105m  F=60s,taker/taker,3.0,0.23500000000000001,8736
Premier League 2025/26 | post_0_to_105m  F=60s,taker/taker,3.0,0.24000000000000002,8736
Premier League 2025/26 | post_0_to_105m  F=60s,taker/taker,3.0,0.245,8736
Premier League 2025/26 | post_0_to_105m  F=60s,taker/taker,3.0,0.25,8736
Premier League 2025/26 | post_0_to_105m  F=60s,taker/taker,3.0,0.255,8736
Premier League 2025/26 | post_0_to_105m  F=60s,taker/taker,3.0,0.26,8736
Premier League 2025/26 | post_0_to_105m  F=60s,taker/taker,3.0,0.265,8736
Premier League 2025/26 | post_0_to_105m  F=60s,taker/taker,3.480000000000018,0.27,8736
Premier League 2025/26 | post_0_to_105m  F=60s,taker/taker,4.0,0.275,8736
Premier League 2025/26 | post_0_to_105m  F=60s,taker/taker,4.0,0.28,8736
Premier League 2025/26 | post_0_to_105m  F=60s,taker/taker,4.0,0.28500000000000003,8736
Premier League 2025/26 | post_0_to_105m  F=60s,taker/taker,4.0,0.29000000000000004,8736
Premier League 2025/26 | post_0_to_105m  F=60s,taker/taker,4.0,0.295,8736
Premier League 2025/26 | post_0_to_105m  F=60s,taker/taker,4.0,0.3,8736
Premier League 2025/26 | post_0_to_105m  F=60s,taker/taker,4.0,0.305,8736
Premier League 2025/26 | post_0_to_105m  F=60s,taker/taker,4.0,0.31,8736
Premier League 2025/26 | post_0_to_105m  F=60s,taker/taker,4.0,0.315,8736
Premier League 2025/26 | post_0_to_105m  F=60s,taker/taker,4.0,0.32,8736
Premier League 2025/26 | post_0_to_105m  F=60s,taker/taker,4.0,0.325,8736
Premier League 2025/26 | post_0_to_105m  F=60s,taker/taker,4.0,0.33,8736
Premier League 2025/26 | post_0_to_105m  F=60s,taker/taker,4.0,0.335,8736
Premier League 2025/26 | post_0_to_105m  F=60s,taker/taker,4.0,0.34,8736
Premier League 2025/26 | post_0_to_105m  F=60s,taker/taker,4.0,0.34500000000000003,8736
Premier League 2025/26 | post_0_to_105m  F=60s,taker/taker,4.0,0.35000000000000003,8736
Premier League 2025/26 | post_0_to_105m  F=60s,taker/taker,5.0,0.35500000000000004,8736
Premier League 2025/26 | post_0_to_105m  F=60s,taker/taker,5.0,0.36,8736
Premier League 2025/26 | post_0_to_105m  F=60s,taker/taker,5.0,0.365,8736
Premier League 2025/26 | post_0_to_105m  F=60s,taker/taker,5.0,0.37,8736
Premier League 2025/26 | post_0_to_105m  F=60s,taker/taker,5.0,0.375,8736
Premier League 2025/26 | post_0_to_105m  F=60s,taker/taker,5.0,0.38,8736
Premier League 2025/26 | post_0_to_105m  F=60s,taker/taker,5.0,0.385,8736
Premier League 2025/26 | post_0_to_105m  F=60s,taker/taker,5.0,0.39,8736
Premier League 2025/26 | post_0_to_105m  F=60s,taker/taker,5.0,0.395,8736
Premier League 2025/26 | post_0_to_105m  F=60s,taker/taker,5.0,0.4,8736
Premier League 2025/26 | post_0_to_105m  F=60s,taker/taker,6.0,0.405,8736
Premier League 2025/26 | post_0_to_105m  F=60s,taker/taker,6.0,0.41000000000000003,8736
Premier League 2025/26 | post_0_to_105m  F=60s,taker/taker,6.0,0.41500000000000004,8736
Premier League 2025/26 | post_0_to_105m  F=60s,taker/taker,6.0,0.42000000000000004,8736
Premier League 2025/26 | post_0_to_105m  F=60s,taker/taker,6.0,0.425,8736
Premier League 2025/26 | post_0_to_105m  F=60s,taker/taker,6.0,0.43,8736
Premier League 2025/26 | post_0_to_105m  F=60s,taker/taker,6.0,0.435,8736
Premier League 2025/26 | post_0_to_105m  F=60s,taker/taker,6.0,0.44,8736
Premier League 2025/26 | post_0_to_105m  F=60s,taker/taker,6.0,0.445,8736
Premier League 2025/26 | post_0_to_105m  F=60s,taker/taker,6.0,0.45,8736
Premier League 2025/26 | post_0_to_105m  F=60s,taker/taker,6.0,0.455,8736
Premier League 2025/26 | post_0_to_105m  F=60s,taker/taker,6.0,0.46,8736
Premier League 2025/26 | post_0_to_105m  F=60s,taker/taker,6.0,0.465,8736
Premier League 2025/26 | post_0_to_105m  F=60s,taker/taker,7.0,0.47000000000000003,8736
Premier League 2025/26 | post_0_to_105m  F=60s,taker/taker,7.0,0.47500000000000003,8736
Premier League 2025/26 | post_0_to_105m  F=60s,taker/taker,7.0,0.48000000000000004,8736
Premier League 2025/26 | post_0_to_105m  F=60s,taker/taker,7.0,0.485,8736
Premier League 2025/26 | post_0_to_105m  F=60s,taker/taker,7.0,0.49,8736
Premier League 2025/26 | post_0_to_105m  F=60s,taker/taker,7.0,0.495,8736
Premier League 2025/26 | post_0_to_105m  F=60s,taker/taker,7.0,0.5,8736
Premier League 2025/26 | post_0_to_105m  F=60s,taker/taker,7.0,0.505,8736
Premier League 2025/26 | post_0_to_105m  F=60s,taker/taker,7.0,0.51,8736
Premier League 2025/26 | post_0_to_105m  F=60s,taker/taker,7.0,0.515,8736
Premier League 2025/26 | post_0_to_105m  F=60s,taker/taker,8.0,0.52,8736
Premier League 2025/26 | post_0_to_105m  F=60s,taker/taker,8.0,0.525,8736
Premier League 2025/26 | post_0_to_105m  F=60s,taker/taker,8.0,0.53,8736
Premier League 2025/26 | post_0_to_105m  F=60s,taker/taker,8.0,0.535,8736
Premier League 2025/26 | post_0_to_105m  F=60s,taker/taker,8.0,0.54,8736
Premier League 2025/26 | post_0_to_105m  F=60s,taker/taker,8.0,0.545,8736
Premier League 2025/26 | post_0_to_105m  F=60s,taker/taker,8.0,0.55,8736
Premier League 2025/26 | post_0_to_105m  F=60s,taker/taker,8.0,0.555,8736
Premier League 2025/26 | post_0_to_105m  F=60s,taker/taker,8.0,0.56,8736
Premier League 2025/26 | post_0_to_105m  F=60s,taker/taker,9.0,0.5650000000000001,8736
Premier League 2025/26 | post_0_to_105m  F=60s,taker/taker,9.0,0.5700000000000001,8736
Premier League 2025/26 | post_0_to_105m  F=60s,taker/taker,9.0,0.5750000000000001,8736
Premier League 2025/26 | post_0_to_105m  F=60s,taker/taker,9.0,0.5800000000000001,8736
Premier League 2025/26 | post_0_to_105m  F=60s,taker/taker,9.0,0.585,8736
Premier League 2025/26 | post_0_to_105m  F=60s,taker/taker,9.0,0.59,8736
Premier League 2025/26 | post_0_to_105m  F=60s,taker/taker,9.0,0.595,8736
Premier League 2025/26 | post_0_to_105m  F=60s,taker/taker,10.0,0.6,8736
Premier League 2025/26 | post_0_to_105m  F=60s,taker/taker,10.0,0.605,8736
Premier League 2025/26 | post_0_to_105m  F=60s,taker/taker,10.0,0.61,8736
Premier League 2025/26 | post_0_to_105m  F=60s,taker/taker,10.0,0.615,8736
Premier League 2025/26 | post_0_to_105m  F=60s,taker/taker,10.0,0.62,8736
Premier League 2025/26 | post_0_to_105m  F=60s,taker/taker,10.0,0.625,8736
Premier League 2025/26 | post_0_to_105m  F=60s,taker/taker,10.0,0.63,8736
Premier League 2025/26 | post_0_to_105m  F=60s,taker/taker,11.0,0.635,8736
Premier League 2025/26 | post_0_to_105m  F=60s,taker/taker,11.0,0.64,8736
Premier League 2025/26 | post_0_to_105m  F=60s,taker/taker,11.0,0.645,8736
Premier League 2025/26 | post_0_to_105m  F=60s,taker/taker,11.0,0.65,8736
Premier League 2025/26 | post_0_to_105m  F=60s,taker/taker,11.0,0.655,8736
Premier League 2025/26 | post_0_to_105m  F=60s,taker/taker,12.0,0.66,8736
Premier League 2025/26 | post_0_to_105m  F=60s,taker/taker,12.0,0.665,8736
Premier League 2025/26 | post_0_to_105m  F=60s,taker/taker,12.0,0.67,8736
Premier League 2025/26 | post_0_to_105m  F=60s,taker/taker,12.0,0.675,8736
Premier League 2025/26 | post_0_to_105m  F=60s,taker/taker,12.0,0.68,8736
Premier League 2025/26 | post_0_to_105m  F=60s,taker/taker,13.0,0.685,8736
Premier League 2025/26 | post_0_to_105m  F=60s,taker/taker,13.0,0.6900000000000001,8736
Premier League 2025/26 | post_0_to_105m  F=60s,taker/taker,13.0,0.6950000000000001,8736
Premier League 2025/26 | post_0_to_105m  F=60s,taker/taker,14.0,0.7000000000000001,8736
Premier League 2025/26 | post_0_to_105m  F=60s,taker/taker,14.0,0.7050000000000001,8736
Premier League 2025/26 | post_0_to_105m  F=60s,taker/taker,14.0,0.71,8736
Premier League 2025/26 | post_0_to_105m  F=60s,taker/taker,14.0,0.715,8736
Premier League 2025/26 | post_0_to_105m  F=60s,taker/taker,14.0,0.72,8736
Premier League 2025/26 | post_0_to_105m  F=60s,taker/taker,15.0,0.725,8736
Premier League 2025/26 | post_0_to_105m  F=60s,taker/taker,15.0,0.73,8736
Premier League 2025/26 | post_0_to_105m  F=60s,taker/taker,15.0,0.735,8736
Premier League 2025/26 | post_0_to_105m  F=60s,taker/taker,16.0,0.74,8736
Premier League 2025/26 | post_0_to_105m  F=60s,taker/taker,16.0,0.745,8736
Premier League 2025/26 | post_0_to_105m  F=60s,taker/taker,16.0,0.75,8736
Premier League 2025/26 | post_0_to_105m  F=60s,taker/taker,17.0,0.755,8736
Premier League 2025/26 | post_0_to_105m  F=60s,taker/taker,17.0,0.76,8736
Premier League 2025/26 | post_0_to_105m  F=60s,taker/taker,17.0,0.765,8736
Premier League 2025/26 | post_0_to_105m  F=60s,taker/taker,18.0,0.77,8736
Premier League 2025/26 | post_0_to_105m  F=60s,taker/taker,18.0,0.775,8736
Premier League 2025/26 | post_0_to_105m  F=60s,taker/taker,18.0,0.78,8736
Premier League 2025/26 | post_0_to_105m  F=60s,taker/taker,19.0,0.785,8736
Premier League 2025/26 | post_0_to_105m  F=60s,taker/taker,19.0,0.79,8736
Premier League 2025/26 | post_0_to_105m  F=60s,taker/taker,20.0,0.795,8736
Premier League 2025/26 | post_0_to_105m  F=60s,taker/taker,20.0,0.8,8736
Premier League 2025/26 | post_0_to_105m  F=60s,taker/taker,20.0,0.805,8736
Premier League 2025/26 | post_0_to_105m  F=60s,taker/taker,21.0,0.81,8736
Premier League 2025/26 | post_0_to_105m  F=60s,taker/taker,22.0,0.8150000000000001,8736
Premier League 2025/26 | post_0_to_105m  F=60s,taker/taker,22.0,0.8200000000000001,8736
Premier League 2025/26 | post_0_to_105m  F=60s,taker/taker,23.0,0.8250000000000001,8736
Premier League 2025/26 | post_0_to_105m  F=60s,taker/taker,24.0,0.8300000000000001,8736
Premier League 2025/26 | post_0_to_105m  F=60s,taker/taker,24.0,0.8350000000000001,8736
Premier League 2025/26 | post_0_to_105m  F=60s,taker/taker,25.0,0.84,8736
Premier League 2025/26 | post_0_to_105m  F=60s,taker/taker,26.0,0.845,8736
Premier League 2025/26 | post_0_to_105m  F=60s,taker/taker,27.0,0.85,8736
Premier League 2025/26 | post_0_to_105m  F=60s,taker/taker,28.0,0.855,8736
Premier League 2025/26 | post_0_to_105m  F=60s,taker/taker,28.0,0.86,8736
Premier League 2025/26 | post_0_to_105m  F=60s,taker/taker,29.0,0.865,8736
Premier League 2025/26 | post_0_to_105m  F=60s,taker/taker,30.0,0.87,8736
Premier League 2025/26 | post_0_to_105m  F=60s,taker/taker,31.0,0.875,8736
Premier League 2025/26 | post_0_to_105m  F=60s,taker/taker,32.0,0.88,8736
Premier League 2025/26 | post_0_to_105m  F=60s,taker/taker,33.0,0.885,8736
Premier League 2025/26 | post_0_to_105m  F=60s,taker/taker,34.0,0.89,8736
Premier League 2025/26 | post_0_to_105m  F=60s,taker/taker,35.0,0.895,8736
Premier League 2025/26 | post_0_to_105m  F=60s,taker/taker,36.0,0.9,8736
Premier League 2025/26 | post_0_to_105m  F=60s,taker/taker,38.0,0.905,8736
Premier League 2025/26 | post_0_to_105m  F=60s,taker/taker,39.840000000000146,0.91,8736
Premier League 2025/26 | post_0_to_105m  F=60s,taker/taker,41.0,0.915,8736
Premier League 2025/26 | post_0_to_105m  F=60s,taker/taker,43.0,0.92,8736
Premier League 2025/26 | post_0_to_105m  F=60s,taker/taker,46.0,0.925,8736
Premier League 2025/26 | post_0_to_105m  F=60s,taker/taker,48.0,0.93,8736
Premier League 2025/26 | post_0_to_105m  F=60s,taker/taker,51.0,0.935,8736
Premier League 2025/26 | post_0_to_105m  F=60s,taker/taker,53.56000000000131,0.9400000000000001,8736
Premier League 2025/26 | post_0_to_105m  F=60s,taker/taker,57.0,0.9450000000000001,8736
Premier League 2025/26 | post_0_to_105m  F=60s,taker/taker,61.0,0.9500000000000001,8736
Premier League 2025/26 | post_0_to_105m  F=60s,taker/taker,66.0,0.9550000000000001,8736
Premier League 2025/26 | post_0_to_105m  F=60s,taker/taker,71.0,0.9600000000000001,8736
Premier League 2025/26 | post_0_to_105m  F=60s,taker/taker,77.0,0.965,8736
Premier League 2025/26 | post_0_to_105m  F=60s,taker/taker,87.0,0.97,8736
Premier League 2025/26 | post_0_to_105m  F=60s,taker/taker,97.89999999999964,0.975,8736
Premier League 2025/26 | post_0_to_105m  F=60s,taker/taker,114.0,0.98,8736
Premier League 2025/26 | post_0_to_105m  F=60s,taker/taker,138.0,0.985,8736
Premier League 2025/26 | post_0_to_105m  F=60s,taker/taker,179.52000000000044,0.99,8736
Premier League 2025/26 | post_0_to_105m  F=60s,taker/taker,287.5199999999968,0.995,8736
UEFA Champions League 2025/26 | post_0_to_105m  F=60s,maker/taker,1.0,0.005,21195
UEFA Champions League 2025/26 | post_0_to_105m  F=60s,maker/taker,1.0,0.01,21195
UEFA Champions League 2025/26 | post_0_to_105m  F=60s,maker/taker,1.0,0.015,21195
UEFA Champions League 2025/26 | post_0_to_105m  F=60s,maker/taker,1.0,0.02,21195
UEFA Champions League 2025/26 | post_0_to_105m  F=60s,maker/taker,1.0,0.025,21195
UEFA Champions League 2025/26 | post_0_to_105m  F=60s,maker/taker,1.0,0.030000000000000002,21195
UEFA Champions League 2025/26 | post_0_to_105m  F=60s,maker/taker,1.0,0.034999999999999996,21195
UEFA Champions League 2025/26 | post_0_to_105m  F=60s,maker/taker,1.0,0.04,21195
UEFA Champions League 2025/26 | post_0_to_105m  F=60s,maker/taker,1.0,0.045,21195
UEFA Champions League 2025/26 | post_0_to_105m  F=60s,maker/taker,1.0,0.049999999999999996,21195
UEFA Champions League 2025/26 | post_0_to_105m  F=60s,maker/taker,1.0,0.055,21195
UEFA Champions League 2025/26 | post_0_to_105m  F=60s,maker/taker,1.0,0.06,21195
UEFA Champions League 2025/26 | post_0_to_105m  F=60s,maker/taker,1.0,0.065,21195
UEFA Champions League 2025/26 | post_0_to_105m  F=60s,maker/taker,2.0,0.07,21195
UEFA Champions League 2025/26 | post_0_to_105m  F=60s,maker/taker,2.0,0.07500000000000001,21195
UEFA Champions League 2025/26 | post_0_to_105m  F=60s,maker/taker,2.0,0.08,21195
UEFA Champions League 2025/26 | post_0_to_105m  F=60s,maker/taker,2.0,0.085,21195
UEFA Champions League 2025/26 | post_0_to_105m  F=60s,maker/taker,2.0,0.09000000000000001,21195
UEFA Champions League 2025/26 | post_0_to_105m  F=60s,maker/taker,2.0,0.095,21195
UEFA Champions League 2025/26 | post_0_to_105m  F=60s,maker/taker,2.0,0.1,21195
UEFA Champions League 2025/26 | post_0_to_105m  F=60s,maker/taker,2.0,0.10500000000000001,21195
UEFA Champions League 2025/26 | post_0_to_105m  F=60s,maker/taker,2.0,0.11,21195
UEFA Champions League 2025/26 | post_0_to_105m  F=60s,maker/taker,2.0,0.115,21195
UEFA Champions League 2025/26 | post_0_to_105m  F=60s,maker/taker,2.0,0.12000000000000001,21195
UEFA Champions League 2025/26 | post_0_to_105m  F=60s,maker/taker,2.0,0.125,21195
UEFA Champions League 2025/26 | post_0_to_105m  F=60s,maker/taker,2.0,0.13,21195
UEFA Champions League 2025/26 | post_0_to_105m  F=60s,maker/taker,3.0,0.135,21195
UEFA Champions League 2025/26 | post_0_to_105m  F=60s,maker/taker,3.0,0.14,21195
UEFA Champions League 2025/26 | post_0_to_105m  F=60s,maker/taker,3.0,0.14500000000000002,21195
UEFA Champions League 2025/26 | post_0_to_105m  F=60s,maker/taker,3.0,0.15,21195
UEFA Champions League 2025/26 | post_0_to_105m  F=60s,maker/taker,3.0,0.155,21195
UEFA Champions League 2025/26 | post_0_to_105m  F=60s,maker/taker,3.0,0.16,21195
UEFA Champions League 2025/26 | post_0_to_105m  F=60s,maker/taker,3.0,0.165,21195
UEFA Champions League 2025/26 | post_0_to_105m  F=60s,maker/taker,3.0,0.17,21195
UEFA Champions League 2025/26 | post_0_to_105m  F=60s,maker/taker,3.0,0.17500000000000002,21195
UEFA Champions League 2025/26 | post_0_to_105m  F=60s,maker/taker,3.0,0.18000000000000002,21195
UEFA Champions League 2025/26 | post_0_to_105m  F=60s,maker/taker,4.0,0.185,21195
UEFA Champions League 2025/26 | post_0_to_105m  F=60s,maker/taker,4.0,0.19,21195
UEFA Champions League 2025/26 | post_0_to_105m  F=60s,maker/taker,4.0,0.195,21195
UEFA Champions League 2025/26 | post_0_to_105m  F=60s,maker/taker,4.0,0.2,21195
UEFA Champions League 2025/26 | post_0_to_105m  F=60s,maker/taker,4.0,0.20500000000000002,21195
UEFA Champions League 2025/26 | post_0_to_105m  F=60s,maker/taker,4.0,0.21000000000000002,21195
UEFA Champions League 2025/26 | post_0_to_105m  F=60s,maker/taker,4.0,0.215,21195
UEFA Champions League 2025/26 | post_0_to_105m  F=60s,maker/taker,4.0,0.22,21195
UEFA Champions League 2025/26 | post_0_to_105m  F=60s,maker/taker,4.0,0.225,21195
UEFA Champions League 2025/26 | post_0_to_105m  F=60s,maker/taker,4.0,0.23,21195
UEFA Champions League 2025/26 | post_0_to_105m  F=60s,maker/taker,5.0,0.23500000000000001,21195
UEFA Champions League 2025/26 | post_0_to_105m  F=60s,maker/taker,5.0,0.24000000000000002,21195
UEFA Champions League 2025/26 | post_0_to_105m  F=60s,maker/taker,5.0,0.245,21195
UEFA Champions League 2025/26 | post_0_to_105m  F=60s,maker/taker,5.0,0.25,21195
UEFA Champions League 2025/26 | post_0_to_105m  F=60s,maker/taker,5.0,0.255,21195
UEFA Champions League 2025/26 | post_0_to_105m  F=60s,maker/taker,5.0,0.26,21195
UEFA Champions League 2025/26 | post_0_to_105m  F=60s,maker/taker,5.0,0.265,21195
UEFA Champions League 2025/26 | post_0_to_105m  F=60s,maker/taker,5.0,0.27,21195
UEFA Champions League 2025/26 | post_0_to_105m  F=60s,maker/taker,6.0,0.275,21195
UEFA Champions League 2025/26 | post_0_to_105m  F=60s,maker/taker,6.0,0.28,21195
UEFA Champions League 2025/26 | post_0_to_105m  F=60s,maker/taker,6.0,0.28500000000000003,21195
UEFA Champions League 2025/26 | post_0_to_105m  F=60s,maker/taker,6.0,0.29000000000000004,21195
UEFA Champions League 2025/26 | post_0_to_105m  F=60s,maker/taker,6.0,0.295,21195
UEFA Champions League 2025/26 | post_0_to_105m  F=60s,maker/taker,6.0,0.3,21195
UEFA Champions League 2025/26 | post_0_to_105m  F=60s,maker/taker,6.0,0.305,21195
UEFA Champions League 2025/26 | post_0_to_105m  F=60s,maker/taker,6.0,0.31,21195
UEFA Champions League 2025/26 | post_0_to_105m  F=60s,maker/taker,6.0,0.315,21195
UEFA Champions League 2025/26 | post_0_to_105m  F=60s,maker/taker,7.0,0.32,21195
UEFA Champions League 2025/26 | post_0_to_105m  F=60s,maker/taker,7.0,0.325,21195
UEFA Champions League 2025/26 | post_0_to_105m  F=60s,maker/taker,7.0,0.33,21195
UEFA Champions League 2025/26 | post_0_to_105m  F=60s,maker/taker,7.0,0.335,21195
UEFA Champions League 2025/26 | post_0_to_105m  F=60s,maker/taker,7.0,0.34,21195
UEFA Champions League 2025/26 | post_0_to_105m  F=60s,maker/taker,7.0,0.34500000000000003,21195
UEFA Champions League 2025/26 | post_0_to_105m  F=60s,maker/taker,8.0,0.35000000000000003,21195
UEFA Champions League 2025/26 | post_0_to_105m  F=60s,maker/taker,8.0,0.35500000000000004,21195
UEFA Champions League 2025/26 | post_0_to_105m  F=60s,maker/taker,8.0,0.36,21195
UEFA Champions League 2025/26 | post_0_to_105m  F=60s,maker/taker,8.0,0.365,21195
UEFA Champions League 2025/26 | post_0_to_105m  F=60s,maker/taker,8.0,0.37,21195
UEFA Champions League 2025/26 | post_0_to_105m  F=60s,maker/taker,8.0,0.375,21195
UEFA Champions League 2025/26 | post_0_to_105m  F=60s,maker/taker,8.0,0.38,21195
UEFA Champions League 2025/26 | post_0_to_105m  F=60s,maker/taker,8.0,0.385,21195
UEFA Champions League 2025/26 | post_0_to_105m  F=60s,maker/taker,9.0,0.39,21195
UEFA Champions League 2025/26 | post_0_to_105m  F=60s,maker/taker,9.0,0.395,21195
UEFA Champions League 2025/26 | post_0_to_105m  F=60s,maker/taker,9.0,0.4,21195
UEFA Champions League 2025/26 | post_0_to_105m  F=60s,maker/taker,9.0,0.405,21195
UEFA Champions League 2025/26 | post_0_to_105m  F=60s,maker/taker,9.0,0.41000000000000003,21195
UEFA Champions League 2025/26 | post_0_to_105m  F=60s,maker/taker,9.0,0.41500000000000004,21195
UEFA Champions League 2025/26 | post_0_to_105m  F=60s,maker/taker,10.0,0.42000000000000004,21195
UEFA Champions League 2025/26 | post_0_to_105m  F=60s,maker/taker,10.0,0.425,21195
UEFA Champions League 2025/26 | post_0_to_105m  F=60s,maker/taker,10.0,0.43,21195
UEFA Champions League 2025/26 | post_0_to_105m  F=60s,maker/taker,10.0,0.435,21195
UEFA Champions League 2025/26 | post_0_to_105m  F=60s,maker/taker,10.0,0.44,21195
UEFA Champions League 2025/26 | post_0_to_105m  F=60s,maker/taker,10.0,0.445,21195
UEFA Champions League 2025/26 | post_0_to_105m  F=60s,maker/taker,10.0,0.45,21195
UEFA Champions League 2025/26 | post_0_to_105m  F=60s,maker/taker,11.0,0.455,21195
UEFA Champions League 2025/26 | post_0_to_105m  F=60s,maker/taker,11.0,0.46,21195
UEFA Champions League 2025/26 | post_0_to_105m  F=60s,maker/taker,11.0,0.465,21195
UEFA Champions League 2025/26 | post_0_to_105m  F=60s,maker/taker,11.0,0.47000000000000003,21195
UEFA Champions League 2025/26 | post_0_to_105m  F=60s,maker/taker,12.0,0.47500000000000003,21195
UEFA Champions League 2025/26 | post_0_to_105m  F=60s,maker/taker,12.0,0.48000000000000004,21195
UEFA Champions League 2025/26 | post_0_to_105m  F=60s,maker/taker,12.0,0.485,21195
UEFA Champions League 2025/26 | post_0_to_105m  F=60s,maker/taker,12.0,0.49,21195
UEFA Champions League 2025/26 | post_0_to_105m  F=60s,maker/taker,12.0,0.495,21195
UEFA Champions League 2025/26 | post_0_to_105m  F=60s,maker/taker,12.0,0.5,21195
UEFA Champions League 2025/26 | post_0_to_105m  F=60s,maker/taker,13.0,0.505,21195
UEFA Champions League 2025/26 | post_0_to_105m  F=60s,maker/taker,13.0,0.51,21195
UEFA Champions League 2025/26 | post_0_to_105m  F=60s,maker/taker,13.0,0.515,21195
UEFA Champions League 2025/26 | post_0_to_105m  F=60s,maker/taker,14.0,0.52,21195
UEFA Champions League 2025/26 | post_0_to_105m  F=60s,maker/taker,14.0,0.525,21195
UEFA Champions League 2025/26 | post_0_to_105m  F=60s,maker/taker,14.0,0.53,21195
UEFA Champions League 2025/26 | post_0_to_105m  F=60s,maker/taker,14.0,0.535,21195
UEFA Champions League 2025/26 | post_0_to_105m  F=60s,maker/taker,15.0,0.54,21195
UEFA Champions League 2025/26 | post_0_to_105m  F=60s,maker/taker,15.0,0.545,21195
UEFA Champions League 2025/26 | post_0_to_105m  F=60s,maker/taker,15.0,0.55,21195
UEFA Champions League 2025/26 | post_0_to_105m  F=60s,maker/taker,16.0,0.555,21195
UEFA Champions League 2025/26 | post_0_to_105m  F=60s,maker/taker,16.0,0.56,21195
UEFA Champions League 2025/26 | post_0_to_105m  F=60s,maker/taker,16.0,0.5650000000000001,21195
UEFA Champions League 2025/26 | post_0_to_105m  F=60s,maker/taker,16.0,0.5700000000000001,21195
UEFA Champions League 2025/26 | post_0_to_105m  F=60s,maker/taker,17.0,0.5750000000000001,21195
UEFA Champions League 2025/26 | post_0_to_105m  F=60s,maker/taker,17.0,0.5800000000000001,21195
UEFA Champions League 2025/26 | post_0_to_105m  F=60s,maker/taker,18.0,0.585,21195
UEFA Champions League 2025/26 | post_0_to_105m  F=60s,maker/taker,18.0,0.59,21195
UEFA Champions League 2025/26 | post_0_to_105m  F=60s,maker/taker,18.0,0.595,21195
UEFA Champions League 2025/26 | post_0_to_105m  F=60s,maker/taker,19.0,0.6,21195
UEFA Champions League 2025/26 | post_0_to_105m  F=60s,maker/taker,19.0,0.605,21195
UEFA Champions League 2025/26 | post_0_to_105m  F=60s,maker/taker,20.0,0.61,21195
UEFA Champions League 2025/26 | post_0_to_105m  F=60s,maker/taker,20.0,0.615,21195
UEFA Champions League 2025/26 | post_0_to_105m  F=60s,maker/taker,20.0,0.62,21195
UEFA Champions League 2025/26 | post_0_to_105m  F=60s,maker/taker,20.0,0.625,21195
UEFA Champions League 2025/26 | post_0_to_105m  F=60s,maker/taker,21.0,0.63,21195
UEFA Champions League 2025/26 | post_0_to_105m  F=60s,maker/taker,22.0,0.635,21195
UEFA Champions League 2025/26 | post_0_to_105m  F=60s,maker/taker,22.0,0.64,21195
UEFA Champions League 2025/26 | post_0_to_105m  F=60s,maker/taker,22.0,0.645,21195
UEFA Champions League 2025/26 | post_0_to_105m  F=60s,maker/taker,23.0,0.65,21195
UEFA Champions League 2025/26 | post_0_to_105m  F=60s,maker/taker,23.0,0.655,21195
UEFA Champions League 2025/26 | post_0_to_105m  F=60s,maker/taker,24.0,0.66,21195
UEFA Champions League 2025/26 | post_0_to_105m  F=60s,maker/taker,24.0,0.665,21195
UEFA Champions League 2025/26 | post_0_to_105m  F=60s,maker/taker,25.0,0.67,21195
UEFA Champions League 2025/26 | post_0_to_105m  F=60s,maker/taker,25.0,0.675,21195
UEFA Champions League 2025/26 | post_0_to_105m  F=60s,maker/taker,26.0,0.68,21195
UEFA Champions League 2025/26 | post_0_to_105m  F=60s,maker/taker,26.0,0.685,21195
UEFA Champions League 2025/26 | post_0_to_105m  F=60s,maker/taker,27.0,0.6900000000000001,21195
UEFA Champions League 2025/26 | post_0_to_105m  F=60s,maker/taker,28.0,0.6950000000000001,21195
UEFA Champions League 2025/26 | post_0_to_105m  F=60s,maker/taker,28.0,0.7000000000000001,21195
UEFA Champions League 2025/26 | post_0_to_105m  F=60s,maker/taker,29.0,0.7050000000000001,21195
UEFA Champions League 2025/26 | post_0_to_105m  F=60s,maker/taker,30.0,0.71,21195
UEFA Champions League 2025/26 | post_0_to_105m  F=60s,maker/taker,30.0,0.715,21195
UEFA Champions League 2025/26 | post_0_to_105m  F=60s,maker/taker,31.0,0.72,21195
UEFA Champions League 2025/26 | post_0_to_105m  F=60s,maker/taker,32.0,0.725,21195
UEFA Champions League 2025/26 | post_0_to_105m  F=60s,maker/taker,33.0,0.73,21195
UEFA Champions League 2025/26 | post_0_to_105m  F=60s,maker/taker,34.0,0.735,21195
UEFA Champions League 2025/26 | post_0_to_105m  F=60s,maker/taker,34.0,0.74,21195
UEFA Champions League 2025/26 | post_0_to_105m  F=60s,maker/taker,35.0,0.745,21195
UEFA Champions League 2025/26 | post_0_to_105m  F=60s,maker/taker,36.0,0.75,21195
UEFA Champions League 2025/26 | post_0_to_105m  F=60s,maker/taker,37.0,0.755,21195
UEFA Champions League 2025/26 | post_0_to_105m  F=60s,maker/taker,38.0,0.76,21195
UEFA Champions League 2025/26 | post_0_to_105m  F=60s,maker/taker,39.0,0.765,21195
UEFA Champions League 2025/26 | post_0_to_105m  F=60s,maker/taker,40.0,0.77,21195
UEFA Champions League 2025/26 | post_0_to_105m  F=60s,maker/taker,41.0,0.775,21195
UEFA Champions League 2025/26 | post_0_to_105m  F=60s,maker/taker,42.0,0.78,21195
UEFA Champions League 2025/26 | post_0_to_105m  F=60s,maker/taker,43.0,0.785,21195
UEFA Champions League 2025/26 | post_0_to_105m  F=60s,maker/taker,44.0,0.79,21195
UEFA Champions League 2025/26 | post_0_to_105m  F=60s,maker/taker,46.0,0.795,21195
UEFA Champions League 2025/26 | post_0_to_105m  F=60s,maker/taker,47.0,0.8,21195
UEFA Champions League 2025/26 | post_0_to_105m  F=60s,maker/taker,48.0,0.805,21195
UEFA Champions League 2025/26 | post_0_to_105m  F=60s,maker/taker,50.0,0.81,21195
UEFA Champions League 2025/26 | post_0_to_105m  F=60s,maker/taker,52.0,0.8150000000000001,21195
UEFA Champions League 2025/26 | post_0_to_105m  F=60s,maker/taker,53.0,0.8200000000000001,21195
UEFA Champions League 2025/26 | post_0_to_105m  F=60s,maker/taker,55.0,0.8250000000000001,21195
UEFA Champions League 2025/26 | post_0_to_105m  F=60s,maker/taker,56.0,0.8300000000000001,21195
UEFA Champions League 2025/26 | post_0_to_105m  F=60s,maker/taker,58.0,0.8350000000000001,21195
UEFA Champions League 2025/26 | post_0_to_105m  F=60s,maker/taker,60.0,0.84,21195
UEFA Champions League 2025/26 | post_0_to_105m  F=60s,maker/taker,62.0,0.845,21195
UEFA Champions League 2025/26 | post_0_to_105m  F=60s,maker/taker,64.0,0.85,21195
UEFA Champions League 2025/26 | post_0_to_105m  F=60s,maker/taker,67.0,0.855,21195
UEFA Champions League 2025/26 | post_0_to_105m  F=60s,maker/taker,69.0,0.86,21195
UEFA Champions League 2025/26 | post_0_to_105m  F=60s,maker/taker,72.0,0.865,21195
UEFA Champions League 2025/26 | post_0_to_105m  F=60s,maker/taker,74.0,0.87,21195
UEFA Champions League 2025/26 | post_0_to_105m  F=60s,maker/taker,77.0,0.875,21195
UEFA Champions League 2025/26 | post_0_to_105m  F=60s,maker/taker,81.0,0.88,21195
UEFA Champions League 2025/26 | post_0_to_105m  F=60s,maker/taker,84.0,0.885,21195
UEFA Champions League 2025/26 | post_0_to_105m  F=60s,maker/taker,88.0,0.89,21195
UEFA Champions League 2025/26 | post_0_to_105m  F=60s,maker/taker,92.0,0.895,21195
UEFA Champions League 2025/26 | post_0_to_105m  F=60s,maker/taker,95.70000000000073,0.9,21195
UEFA Champions League 2025/26 | post_0_to_105m  F=60s,maker/taker,100.0,0.905,21195
UEFA Champions League 2025/26 | post_0_to_105m  F=60s,maker/taker,106.0,0.91,21195
UEFA Champions League 2025/26 | post_0_to_105m  F=60s,maker/taker,112.0,0.915,21195
UEFA Champions League 2025/26 | post_0_to_105m  F=60s,maker/taker,118.0,0.92,21195
UEFA Champions League 2025/26 | post_0_to_105m  F=60s,maker/taker,125.0,0.925,21195
UEFA Champions League 2025/26 | post_0_to_105m  F=60s,maker/taker,133.0,0.93,21195
UEFA Champions League 2025/26 | post_0_to_105m  F=60s,maker/taker,143.0,0.935,21195
UEFA Champions League 2025/26 | post_0_to_105m  F=60s,maker/taker,153.22000000000116,0.9400000000000001,21195
UEFA Champions League 2025/26 | post_0_to_105m  F=60s,maker/taker,164.78499999999985,0.9450000000000001,21195
UEFA Champions League 2025/26 | post_0_to_105m  F=60s,maker/taker,178.35000000000218,0.9500000000000001,21195
UEFA Champions League 2025/26 | post_0_to_105m  F=60s,maker/taker,194.91500000000087,0.9550000000000001,21195
UEFA Champions League 2025/26 | post_0_to_105m  F=60s,maker/taker,210.0,0.9600000000000001,21195
UEFA Champions League 2025/26 | post_0_to_105m  F=60s,maker/taker,230.0,0.965,21195
UEFA Champions League 2025/26 | post_0_to_105m  F=60s,maker/taker,260.0,0.97,21195
UEFA Champions League 2025/26 | post_0_to_105m  F=60s,maker/taker,302.0,0.975,21195
UEFA Champions League 2025/26 | post_0_to_105m  F=60s,maker/taker,350.0,0.98,21195
UEFA Champions League 2025/26 | post_0_to_105m  F=60s,maker/taker,431.6100000000006,0.985,21195
UEFA Champions League 2025/26 | post_0_to_105m  F=60s,maker/taker,574.869999999999,0.99,21195
UEFA Champions League 2025/26 | post_0_to_105m  F=60s,maker/taker,834.3050000000039,0.995,21195
UEFA Champions League 2025/26 | post_0_to_105m  F=60s,taker/maker,1.0,0.005,22339
UEFA Champions League 2025/26 | post_0_to_105m  F=60s,taker/maker,1.0,0.01,22339
UEFA Champions League 2025/26 | post_0_to_105m  F=60s,taker/maker,1.0,0.015,22339
UEFA Champions League 2025/26 | post_0_to_105m  F=60s,taker/maker,1.0,0.02,22339
UEFA Champions League 2025/26 | post_0_to_105m  F=60s,taker/maker,1.0,0.025,22339
UEFA Champions League 2025/26 | post_0_to_105m  F=60s,taker/maker,1.0,0.030000000000000002,22339
UEFA Champions League 2025/26 | post_0_to_105m  F=60s,taker/maker,1.0,0.034999999999999996,22339
UEFA Champions League 2025/26 | post_0_to_105m  F=60s,taker/maker,1.0,0.04,22339
UEFA Champions League 2025/26 | post_0_to_105m  F=60s,taker/maker,1.0,0.045,22339
UEFA Champions League 2025/26 | post_0_to_105m  F=60s,taker/maker,1.0,0.049999999999999996,22339
UEFA Champions League 2025/26 | post_0_to_105m  F=60s,taker/maker,1.0,0.055,22339
UEFA Champions League 2025/26 | post_0_to_105m  F=60s,taker/maker,1.0,0.06,22339
UEFA Champions League 2025/26 | post_0_to_105m  F=60s,taker/maker,2.0,0.065,22339
UEFA Champions League 2025/26 | post_0_to_105m  F=60s,taker/maker,2.0,0.07,22339
UEFA Champions League 2025/26 | post_0_to_105m  F=60s,taker/maker,2.0,0.07500000000000001,22339
UEFA Champions League 2025/26 | post_0_to_105m  F=60s,taker/maker,2.0,0.08,22339
UEFA Champions League 2025/26 | post_0_to_105m  F=60s,taker/maker,2.0,0.085,22339
UEFA Champions League 2025/26 | post_0_to_105m  F=60s,taker/maker,2.0,0.09000000000000001,22339
UEFA Champions League 2025/26 | post_0_to_105m  F=60s,taker/maker,2.0,0.095,22339
UEFA Champions League 2025/26 | post_0_to_105m  F=60s,taker/maker,2.0,0.1,22339
UEFA Champions League 2025/26 | post_0_to_105m  F=60s,taker/maker,2.0,0.10500000000000001,22339
UEFA Champions League 2025/26 | post_0_to_105m  F=60s,taker/maker,2.0,0.11,22339
UEFA Champions League 2025/26 | post_0_to_105m  F=60s,taker/maker,2.0,0.115,22339
UEFA Champions League 2025/26 | post_0_to_105m  F=60s,taker/maker,2.0,0.12000000000000001,22339
UEFA Champions League 2025/26 | post_0_to_105m  F=60s,taker/maker,2.0,0.125,22339
UEFA Champions League 2025/26 | post_0_to_105m  F=60s,taker/maker,2.0,0.13,22339
UEFA Champions League 2025/26 | post_0_to_105m  F=60s,taker/maker,2.0,0.135,22339
UEFA Champions League 2025/26 | post_0_to_105m  F=60s,taker/maker,3.0,0.14,22339
UEFA Champions League 2025/26 | post_0_to_105m  F=60s,taker/maker,3.0,0.14500000000000002,22339
UEFA Champions League 2025/26 | post_0_to_105m  F=60s,taker/maker,3.0,0.15,22339
UEFA Champions League 2025/26 | post_0_to_105m  F=60s,taker/maker,3.0,0.155,22339
UEFA Champions League 2025/26 | post_0_to_105m  F=60s,taker/maker,3.0,0.16,22339
UEFA Champions League 2025/26 | post_0_to_105m  F=60s,taker/maker,3.0,0.165,22339
UEFA Champions League 2025/26 | post_0_to_105m  F=60s,taker/maker,3.0,0.17,22339
UEFA Champions League 2025/26 | post_0_to_105m  F=60s,taker/maker,3.0,0.17500000000000002,22339
UEFA Champions League 2025/26 | post_0_to_105m  F=60s,taker/maker,3.0,0.18000000000000002,22339
UEFA Champions League 2025/26 | post_0_to_105m  F=60s,taker/maker,3.0,0.185,22339
UEFA Champions League 2025/26 | post_0_to_105m  F=60s,taker/maker,4.0,0.19,22339
UEFA Champions League 2025/26 | post_0_to_105m  F=60s,taker/maker,4.0,0.195,22339
UEFA Champions League 2025/26 | post_0_to_105m  F=60s,taker/maker,4.0,0.2,22339
UEFA Champions League 2025/26 | post_0_to_105m  F=60s,taker/maker,4.0,0.20500000000000002,22339
UEFA Champions League 2025/26 | post_0_to_105m  F=60s,taker/maker,4.0,0.21000000000000002,22339
UEFA Champions League 2025/26 | post_0_to_105m  F=60s,taker/maker,4.0,0.215,22339
UEFA Champions League 2025/26 | post_0_to_105m  F=60s,taker/maker,4.0,0.22,22339
UEFA Champions League 2025/26 | post_0_to_105m  F=60s,taker/maker,4.0,0.225,22339
UEFA Champions League 2025/26 | post_0_to_105m  F=60s,taker/maker,4.0,0.23,22339
UEFA Champions League 2025/26 | post_0_to_105m  F=60s,taker/maker,4.0,0.23500000000000001,22339
UEFA Champions League 2025/26 | post_0_to_105m  F=60s,taker/maker,4.0,0.24000000000000002,22339
UEFA Champions League 2025/26 | post_0_to_105m  F=60s,taker/maker,5.0,0.245,22339
UEFA Champions League 2025/26 | post_0_to_105m  F=60s,taker/maker,5.0,0.25,22339
UEFA Champions League 2025/26 | post_0_to_105m  F=60s,taker/maker,5.0,0.255,22339
UEFA Champions League 2025/26 | post_0_to_105m  F=60s,taker/maker,5.0,0.26,22339
UEFA Champions League 2025/26 | post_0_to_105m  F=60s,taker/maker,5.0,0.265,22339
UEFA Champions League 2025/26 | post_0_to_105m  F=60s,taker/maker,5.0,0.27,22339
UEFA Champions League 2025/26 | post_0_to_105m  F=60s,taker/maker,5.0,0.275,22339
UEFA Champions League 2025/26 | post_0_to_105m  F=60s,taker/maker,5.0,0.28,22339
UEFA Champions League 2025/26 | post_0_to_105m  F=60s,taker/maker,6.0,0.28500000000000003,22339
UEFA Champions League 2025/26 | post_0_to_105m  F=60s,taker/maker,6.0,0.29000000000000004,22339
UEFA Champions League 2025/26 | post_0_to_105m  F=60s,taker/maker,6.0,0.295,22339
UEFA Champions League 2025/26 | post_0_to_105m  F=60s,taker/maker,6.0,0.3,22339
UEFA Champions League 2025/26 | post_0_to_105m  F=60s,taker/maker,6.0,0.305,22339
UEFA Champions League 2025/26 | post_0_to_105m  F=60s,taker/maker,6.0,0.31,22339
UEFA Champions League 2025/26 | post_0_to_105m  F=60s,taker/maker,6.0,0.315,22339
UEFA Champions League 2025/26 | post_0_to_105m  F=60s,taker/maker,6.0,0.32,22339
UEFA Champions League 2025/26 | post_0_to_105m  F=60s,taker/maker,6.0,0.325,22339
UEFA Champions League 2025/26 | post_0_to_105m  F=60s,taker/maker,7.0,0.33,22339
UEFA Champions League 2025/26 | post_0_to_105m  F=60s,taker/maker,7.0,0.335,22339
UEFA Champions League 2025/26 | post_0_to_105m  F=60s,taker/maker,7.0,0.34,22339
UEFA Champions League 2025/26 | post_0_to_105m  F=60s,taker/maker,7.0,0.34500000000000003,22339
UEFA Champions League 2025/26 | post_0_to_105m  F=60s,taker/maker,7.0,0.35000000000000003,22339
UEFA Champions League 2025/26 | post_0_to_105m  F=60s,taker/maker,7.0,0.35500000000000004,22339
UEFA Champions League 2025/26 | post_0_to_105m  F=60s,taker/maker,7.0,0.36,22339
UEFA Champions League 2025/26 | post_0_to_105m  F=60s,taker/maker,8.0,0.365,22339
UEFA Champions League 2025/26 | post_0_to_105m  F=60s,taker/maker,8.0,0.37,22339
UEFA Champions League 2025/26 | post_0_to_105m  F=60s,taker/maker,8.0,0.375,22339
UEFA Champions League 2025/26 | post_0_to_105m  F=60s,taker/maker,8.0,0.38,22339
UEFA Champions League 2025/26 | post_0_to_105m  F=60s,taker/maker,8.0,0.385,22339
UEFA Champions League 2025/26 | post_0_to_105m  F=60s,taker/maker,8.0,0.39,22339
UEFA Champions League 2025/26 | post_0_to_105m  F=60s,taker/maker,8.0,0.395,22339
UEFA Champions League 2025/26 | post_0_to_105m  F=60s,taker/maker,9.0,0.4,22339
UEFA Champions League 2025/26 | post_0_to_105m  F=60s,taker/maker,9.0,0.405,22339
UEFA Champions League 2025/26 | post_0_to_105m  F=60s,taker/maker,9.0,0.41000000000000003,22339
UEFA Champions League 2025/26 | post_0_to_105m  F=60s,taker/maker,9.0,0.41500000000000004,22339
UEFA Champions League 2025/26 | post_0_to_105m  F=60s,taker/maker,9.0,0.42000000000000004,22339
UEFA Champions League 2025/26 | post_0_to_105m  F=60s,taker/maker,10.0,0.425,22339
UEFA Champions League 2025/26 | post_0_to_105m  F=60s,taker/maker,10.0,0.43,22339
UEFA Champions League 2025/26 | post_0_to_105m  F=60s,taker/maker,10.0,0.435,22339
UEFA Champions League 2025/26 | post_0_to_105m  F=60s,taker/maker,10.0,0.44,22339
UEFA Champions League 2025/26 | post_0_to_105m  F=60s,taker/maker,10.0,0.445,22339
UEFA Champions League 2025/26 | post_0_to_105m  F=60s,taker/maker,10.0,0.45,22339
UEFA Champions League 2025/26 | post_0_to_105m  F=60s,taker/maker,11.0,0.455,22339
UEFA Champions League 2025/26 | post_0_to_105m  F=60s,taker/maker,11.0,0.46,22339
UEFA Champions League 2025/26 | post_0_to_105m  F=60s,taker/maker,11.0,0.465,22339
UEFA Champions League 2025/26 | post_0_to_105m  F=60s,taker/maker,11.0,0.47000000000000003,22339
UEFA Champions League 2025/26 | post_0_to_105m  F=60s,taker/maker,12.0,0.47500000000000003,22339
UEFA Champions League 2025/26 | post_0_to_105m  F=60s,taker/maker,12.0,0.48000000000000004,22339
UEFA Champions League 2025/26 | post_0_to_105m  F=60s,taker/maker,12.0,0.485,22339
UEFA Champions League 2025/26 | post_0_to_105m  F=60s,taker/maker,12.0,0.49,22339
UEFA Champions League 2025/26 | post_0_to_105m  F=60s,taker/maker,12.0,0.495,22339
UEFA Champions League 2025/26 | post_0_to_105m  F=60s,taker/maker,12.0,0.5,22339
UEFA Champions League 2025/26 | post_0_to_105m  F=60s,taker/maker,13.0,0.505,22339
UEFA Champions League 2025/26 | post_0_to_105m  F=60s,taker/maker,13.0,0.51,22339
UEFA Champions League 2025/26 | post_0_to_105m  F=60s,taker/maker,13.0,0.515,22339
UEFA Champions League 2025/26 | post_0_to_105m  F=60s,taker/maker,13.0,0.52,22339
UEFA Champions League 2025/26 | post_0_to_105m  F=60s,taker/maker,14.0,0.525,22339
UEFA Champions League 2025/26 | post_0_to_105m  F=60s,taker/maker,14.0,0.53,22339
UEFA Champions League 2025/26 | post_0_to_105m  F=60s,taker/maker,14.0,0.535,22339
UEFA Champions League 2025/26 | post_0_to_105m  F=60s,taker/maker,14.0,0.54,22339
UEFA Champions League 2025/26 | post_0_to_105m  F=60s,taker/maker,15.0,0.545,22339
UEFA Champions League 2025/26 | post_0_to_105m  F=60s,taker/maker,15.0,0.55,22339
UEFA Champions League 2025/26 | post_0_to_105m  F=60s,taker/maker,15.0,0.555,22339
UEFA Champions League 2025/26 | post_0_to_105m  F=60s,taker/maker,15.0,0.56,22339
UEFA Champions League 2025/26 | post_0_to_105m  F=60s,taker/maker,16.0,0.5650000000000001,22339
UEFA Champions League 2025/26 | post_0_to_105m  F=60s,taker/maker,16.0,0.5700000000000001,22339
UEFA Champions League 2025/26 | post_0_to_105m  F=60s,taker/maker,16.0,0.5750000000000001,22339
UEFA Champions League 2025/26 | post_0_to_105m  F=60s,taker/maker,16.0,0.5800000000000001,22339
UEFA Champions League 2025/26 | post_0_to_105m  F=60s,taker/maker,17.0,0.585,22339
UEFA Champions League 2025/26 | post_0_to_105m  F=60s,taker/maker,17.0,0.59,22339
UEFA Champions League 2025/26 | post_0_to_105m  F=60s,taker/maker,17.0,0.595,22339
UEFA Champions League 2025/26 | post_0_to_105m  F=60s,taker/maker,18.0,0.6,22339
UEFA Champions League 2025/26 | post_0_to_105m  F=60s,taker/maker,18.0,0.605,22339
UEFA Champions League 2025/26 | post_0_to_105m  F=60s,taker/maker,18.0,0.61,22339
UEFA Champions League 2025/26 | post_0_to_105m  F=60s,taker/maker,19.0,0.615,22339
UEFA Champions League 2025/26 | post_0_to_105m  F=60s,taker/maker,19.0,0.62,22339
UEFA Champions League 2025/26 | post_0_to_105m  F=60s,taker/maker,20.0,0.625,22339
UEFA Champions League 2025/26 | post_0_to_105m  F=60s,taker/maker,20.0,0.63,22339
UEFA Champions League 2025/26 | post_0_to_105m  F=60s,taker/maker,20.0,0.635,22339
UEFA Champions League 2025/26 | post_0_to_105m  F=60s,taker/maker,21.0,0.64,22339
UEFA Champions League 2025/26 | post_0_to_105m  F=60s,taker/maker,21.0,0.645,22339
UEFA Champions League 2025/26 | post_0_to_105m  F=60s,taker/maker,22.0,0.65,22339
UEFA Champions League 2025/26 | post_0_to_105m  F=60s,taker/maker,22.0,0.655,22339
UEFA Champions League 2025/26 | post_0_to_105m  F=60s,taker/maker,22.0,0.66,22339
UEFA Champions League 2025/26 | post_0_to_105m  F=60s,taker/maker,23.0,0.665,22339
UEFA Champions League 2025/26 | post_0_to_105m  F=60s,taker/maker,23.0,0.67,22339
UEFA Champions League 2025/26 | post_0_to_105m  F=60s,taker/maker,24.0,0.675,22339
UEFA Champions League 2025/26 | post_0_to_105m  F=60s,taker/maker,24.0,0.68,22339
UEFA Champions League 2025/26 | post_0_to_105m  F=60s,taker/maker,25.0,0.685,22339
UEFA Champions League 2025/26 | post_0_to_105m  F=60s,taker/maker,25.0,0.6900000000000001,22339
UEFA Champions League 2025/26 | post_0_to_105m  F=60s,taker/maker,26.0,0.6950000000000001,22339
UEFA Champions League 2025/26 | post_0_to_105m  F=60s,taker/maker,26.0,0.7000000000000001,22339
UEFA Champions League 2025/26 | post_0_to_105m  F=60s,taker/maker,27.0,0.7050000000000001,22339
UEFA Champions League 2025/26 | post_0_to_105m  F=60s,taker/maker,28.0,0.71,22339
UEFA Champions League 2025/26 | post_0_to_105m  F=60s,taker/maker,28.0,0.715,22339
UEFA Champions League 2025/26 | post_0_to_105m  F=60s,taker/maker,29.0,0.72,22339
UEFA Champions League 2025/26 | post_0_to_105m  F=60s,taker/maker,30.0,0.725,22339
UEFA Champions League 2025/26 | post_0_to_105m  F=60s,taker/maker,30.0,0.73,22339
UEFA Champions League 2025/26 | post_0_to_105m  F=60s,taker/maker,31.0,0.735,22339
UEFA Champions League 2025/26 | post_0_to_105m  F=60s,taker/maker,32.0,0.74,22339
UEFA Champions League 2025/26 | post_0_to_105m  F=60s,taker/maker,32.0,0.745,22339
UEFA Champions League 2025/26 | post_0_to_105m  F=60s,taker/maker,33.0,0.75,22339
UEFA Champions League 2025/26 | post_0_to_105m  F=60s,taker/maker,34.0,0.755,22339
UEFA Champions League 2025/26 | post_0_to_105m  F=60s,taker/maker,35.0,0.76,22339
UEFA Champions League 2025/26 | post_0_to_105m  F=60s,taker/maker,36.0,0.765,22339
UEFA Champions League 2025/26 | post_0_to_105m  F=60s,taker/maker,37.0,0.77,22339
UEFA Champions League 2025/26 | post_0_to_105m  F=60s,taker/maker,38.0,0.775,22339
UEFA Champions League 2025/26 | post_0_to_105m  F=60s,taker/maker,38.0,0.78,22339
UEFA Champions League 2025/26 | post_0_to_105m  F=60s,taker/maker,39.0,0.785,22339
UEFA Champions League 2025/26 | post_0_to_105m  F=60s,taker/maker,40.0,0.79,22339
UEFA Champions League 2025/26 | post_0_to_105m  F=60s,taker/maker,41.0,0.795,22339
UEFA Champions League 2025/26 | post_0_to_105m  F=60s,taker/maker,42.0,0.8,22339
UEFA Champions League 2025/26 | post_0_to_105m  F=60s,taker/maker,44.0,0.805,22339
UEFA Champions League 2025/26 | post_0_to_105m  F=60s,taker/maker,45.0,0.81,22339
UEFA Champions League 2025/26 | post_0_to_105m  F=60s,taker/maker,46.0,0.8150000000000001,22339
UEFA Champions League 2025/26 | post_0_to_105m  F=60s,taker/maker,48.0,0.8200000000000001,22339
UEFA Champions League 2025/26 | post_0_to_105m  F=60s,taker/maker,49.0,0.8250000000000001,22339
UEFA Champions League 2025/26 | post_0_to_105m  F=60s,taker/maker,50.0,0.8300000000000001,22339
UEFA Champions League 2025/26 | post_0_to_105m  F=60s,taker/maker,51.0,0.8350000000000001,22339
UEFA Champions League 2025/26 | post_0_to_105m  F=60s,taker/maker,53.0,0.84,22339
UEFA Champions League 2025/26 | post_0_to_105m  F=60s,taker/maker,54.0,0.845,22339
UEFA Champions League 2025/26 | post_0_to_105m  F=60s,taker/maker,56.0,0.85,22339
UEFA Champions League 2025/26 | post_0_to_105m  F=60s,taker/maker,58.0,0.855,22339
UEFA Champions League 2025/26 | post_0_to_105m  F=60s,taker/maker,60.0,0.86,22339
UEFA Champions League 2025/26 | post_0_to_105m  F=60s,taker/maker,62.0,0.865,22339
UEFA Champions League 2025/26 | post_0_to_105m  F=60s,taker/maker,64.0,0.87,22339
UEFA Champions League 2025/26 | post_0_to_105m  F=60s,taker/maker,66.0,0.875,22339
UEFA Champions League 2025/26 | post_0_to_105m  F=60s,taker/maker,68.0,0.88,22339
UEFA Champions League 2025/26 | post_0_to_105m  F=60s,taker/maker,71.0,0.885,22339
UEFA Champions League 2025/26 | post_0_to_105m  F=60s,taker/maker,74.0,0.89,22339
UEFA Champions League 2025/26 | post_0_to_105m  F=60s,taker/maker,76.95500000000175,0.895,22339
UEFA Champions League 2025/26 | post_0_to_105m  F=60s,taker/maker,80.0,0.9,22339
UEFA Champions League 2025/26 | post_0_to_105m  F=60s,taker/maker,83.0,0.905,22339
UEFA Champions League 2025/26 | post_0_to_105m  F=60s,taker/maker,86.0,0.91,22339
UEFA Champions League 2025/26 | post_0_to_105m  F=60s,taker/maker,90.0,0.915,22339
UEFA Champions League 2025/26 | post_0_to_105m  F=60s,taker/maker,94.0,0.92,22339
UEFA Champions League 2025/26 | post_0_to_105m  F=60s,taker/maker,100.0,0.925,22339
UEFA Champions League 2025/26 | post_0_to_105m  F=60s,taker/maker,105.97000000000116,0.93,22339
UEFA Champions League 2025/26 | post_0_to_105m  F=60s,taker/maker,111.0,0.935,22339
UEFA Champions League 2025/26 | post_0_to_105m  F=60s,taker/maker,118.0,0.9400000000000001,22339
UEFA Champions League 2025/26 | post_0_to_105m  F=60s,taker/maker,126.0,0.9450000000000001,22339
UEFA Champions League 2025/26 | post_0_to_105m  F=60s,taker/maker,135.0,0.9500000000000001,22339
UEFA Champions League 2025/26 | post_0_to_105m  F=60s,taker/maker,146.0,0.9550000000000001,22339
UEFA Champions League 2025/26 | post_0_to_105m  F=60s,taker/maker,158.0,0.9600000000000001,22339
UEFA Champions League 2025/26 | post_0_to_105m  F=60s,taker/maker,175.98500000000058,0.965,22339
UEFA Champions League 2025/26 | post_0_to_105m  F=60s,taker/maker,197.0,0.97,22339
UEFA Champions League 2025/26 | post_0_to_105m  F=60s,taker/maker,222.27499999999782,0.975,22339
UEFA Champions League 2025/26 | post_0_to_105m  F=60s,taker/maker,266.0,0.98,22339
UEFA Champions League 2025/26 | post_0_to_105m  F=60s,taker/maker,322.0,0.985,22339
UEFA Champions League 2025/26 | post_0_to_105m  F=60s,taker/maker,425.7099999999991,0.99,22339
UEFA Champions League 2025/26 | post_0_to_105m  F=60s,taker/maker,649.7099999999991,0.995,22339
UEFA Champions League 2025/26 | post_0_to_105m  F=60s,taker/taker,1.0,0.005,4892
UEFA Champions League 2025/26 | post_0_to_105m  F=60s,taker/taker,1.0,0.01,4892
UEFA Champions League 2025/26 | post_0_to_105m  F=60s,taker/taker,1.0,0.015,4892
UEFA Champions League 2025/26 | post_0_to_105m  F=60s,taker/taker,1.0,0.02,4892
UEFA Champions League 2025/26 | post_0_to_105m  F=60s,taker/taker,1.0,0.025,4892
UEFA Champions League 2025/26 | post_0_to_105m  F=60s,taker/taker,1.0,0.030000000000000002,4892
UEFA Champions League 2025/26 | post_0_to_105m  F=60s,taker/taker,1.0,0.034999999999999996,4892
UEFA Champions League 2025/26 | post_0_to_105m  F=60s,taker/taker,1.0,0.04,4892
UEFA Champions League 2025/26 | post_0_to_105m  F=60s,taker/taker,1.0,0.045,4892
UEFA Champions League 2025/26 | post_0_to_105m  F=60s,taker/taker,1.0,0.049999999999999996,4892
UEFA Champions League 2025/26 | post_0_to_105m  F=60s,taker/taker,1.0,0.055,4892
UEFA Champions League 2025/26 | post_0_to_105m  F=60s,taker/taker,1.0,0.06,4892
UEFA Champions League 2025/26 | post_0_to_105m  F=60s,taker/taker,1.0,0.065,4892
UEFA Champions League 2025/26 | post_0_to_105m  F=60s,taker/taker,1.0,0.07,4892
UEFA Champions League 2025/26 | post_0_to_105m  F=60s,taker/taker,1.0,0.07500000000000001,4892
UEFA Champions League 2025/26 | post_0_to_105m  F=60s,taker/taker,1.0,0.08,4892
UEFA Champions League 2025/26 | post_0_to_105m  F=60s,taker/taker,1.0,0.085,4892
UEFA Champions League 2025/26 | post_0_to_105m  F=60s,taker/taker,1.0,0.09000000000000001,4892
UEFA Champions League 2025/26 | post_0_to_105m  F=60s,taker/taker,1.0,0.095,4892
UEFA Champions League 2025/26 | post_0_to_105m  F=60s,taker/taker,1.0,0.1,4892
UEFA Champions League 2025/26 | post_0_to_105m  F=60s,taker/taker,1.0,0.10500000000000001,4892
UEFA Champions League 2025/26 | post_0_to_105m  F=60s,taker/taker,1.0,0.11,4892
UEFA Champions League 2025/26 | post_0_to_105m  F=60s,taker/taker,2.0,0.115,4892
UEFA Champions League 2025/26 | post_0_to_105m  F=60s,taker/taker,2.0,0.12000000000000001,4892
UEFA Champions League 2025/26 | post_0_to_105m  F=60s,taker/taker,2.0,0.125,4892
UEFA Champions League 2025/26 | post_0_to_105m  F=60s,taker/taker,2.0,0.13,4892
UEFA Champions League 2025/26 | post_0_to_105m  F=60s,taker/taker,2.0,0.135,4892
UEFA Champions League 2025/26 | post_0_to_105m  F=60s,taker/taker,2.0,0.14,4892
UEFA Champions League 2025/26 | post_0_to_105m  F=60s,taker/taker,2.0,0.14500000000000002,4892
UEFA Champions League 2025/26 | post_0_to_105m  F=60s,taker/taker,2.0,0.15,4892
UEFA Champions League 2025/26 | post_0_to_105m  F=60s,taker/taker,2.0,0.155,4892
UEFA Champions League 2025/26 | post_0_to_105m  F=60s,taker/taker,2.0,0.16,4892
UEFA Champions League 2025/26 | post_0_to_105m  F=60s,taker/taker,2.0,0.165,4892
UEFA Champions League 2025/26 | post_0_to_105m  F=60s,taker/taker,2.0,0.17,4892
UEFA Champions League 2025/26 | post_0_to_105m  F=60s,taker/taker,2.0,0.17500000000000002,4892
UEFA Champions League 2025/26 | post_0_to_105m  F=60s,taker/taker,2.0,0.18000000000000002,4892
UEFA Champions League 2025/26 | post_0_to_105m  F=60s,taker/taker,2.0,0.185,4892
UEFA Champions League 2025/26 | post_0_to_105m  F=60s,taker/taker,2.0,0.19,4892
UEFA Champions League 2025/26 | post_0_to_105m  F=60s,taker/taker,2.0,0.195,4892
UEFA Champions League 2025/26 | post_0_to_105m  F=60s,taker/taker,2.0,0.2,4892
UEFA Champions League 2025/26 | post_0_to_105m  F=60s,taker/taker,2.0,0.20500000000000002,4892
UEFA Champions League 2025/26 | post_0_to_105m  F=60s,taker/taker,3.0,0.21000000000000002,4892
UEFA Champions League 2025/26 | post_0_to_105m  F=60s,taker/taker,3.0,0.215,4892
UEFA Champions League 2025/26 | post_0_to_105m  F=60s,taker/taker,3.0,0.22,4892
UEFA Champions League 2025/26 | post_0_to_105m  F=60s,taker/taker,3.0,0.225,4892
UEFA Champions League 2025/26 | post_0_to_105m  F=60s,taker/taker,3.0,0.23,4892
UEFA Champions League 2025/26 | post_0_to_105m  F=60s,taker/taker,3.0,0.23500000000000001,4892
UEFA Champions League 2025/26 | post_0_to_105m  F=60s,taker/taker,3.0,0.24000000000000002,4892
UEFA Champions League 2025/26 | post_0_to_105m  F=60s,taker/taker,3.0,0.245,4892
UEFA Champions League 2025/26 | post_0_to_105m  F=60s,taker/taker,3.0,0.25,4892
UEFA Champions League 2025/26 | post_0_to_105m  F=60s,taker/taker,3.0,0.255,4892
UEFA Champions League 2025/26 | post_0_to_105m  F=60s,taker/taker,3.0,0.26,4892
UEFA Champions League 2025/26 | post_0_to_105m  F=60s,taker/taker,3.0,0.265,4892
UEFA Champions League 2025/26 | post_0_to_105m  F=60s,taker/taker,3.0,0.27,4892
UEFA Champions League 2025/26 | post_0_to_105m  F=60s,taker/taker,4.0,0.275,4892
UEFA Champions League 2025/26 | post_0_to_105m  F=60s,taker/taker,4.0,0.28,4892
UEFA Champions League 2025/26 | post_0_to_105m  F=60s,taker/taker,4.0,0.28500000000000003,4892
UEFA Champions League 2025/26 | post_0_to_105m  F=60s,taker/taker,4.0,0.29000000000000004,4892
UEFA Champions League 2025/26 | post_0_to_105m  F=60s,taker/taker,4.0,0.295,4892
UEFA Champions League 2025/26 | post_0_to_105m  F=60s,taker/taker,4.0,0.3,4892
UEFA Champions League 2025/26 | post_0_to_105m  F=60s,taker/taker,4.0,0.305,4892
UEFA Champions League 2025/26 | post_0_to_105m  F=60s,taker/taker,4.0,0.31,4892
UEFA Champions League 2025/26 | post_0_to_105m  F=60s,taker/taker,4.0,0.315,4892
UEFA Champions League 2025/26 | post_0_to_105m  F=60s,taker/taker,4.0,0.32,4892
UEFA Champions League 2025/26 | post_0_to_105m  F=60s,taker/taker,4.0,0.325,4892
UEFA Champions League 2025/26 | post_0_to_105m  F=60s,taker/taker,4.0,0.33,4892
UEFA Champions League 2025/26 | post_0_to_105m  F=60s,taker/taker,4.0,0.335,4892
UEFA Champions League 2025/26 | post_0_to_105m  F=60s,taker/taker,4.0,0.34,4892
UEFA Champions League 2025/26 | post_0_to_105m  F=60s,taker/taker,5.0,0.34500000000000003,4892
UEFA Champions League 2025/26 | post_0_to_105m  F=60s,taker/taker,5.0,0.35000000000000003,4892
UEFA Champions League 2025/26 | post_0_to_105m  F=60s,taker/taker,5.0,0.35500000000000004,4892
UEFA Champions League 2025/26 | post_0_to_105m  F=60s,taker/taker,5.0,0.36,4892
UEFA Champions League 2025/26 | post_0_to_105m  F=60s,taker/taker,5.0,0.365,4892
UEFA Champions League 2025/26 | post_0_to_105m  F=60s,taker/taker,5.0,0.37,4892
UEFA Champions League 2025/26 | post_0_to_105m  F=60s,taker/taker,5.0,0.375,4892
UEFA Champions League 2025/26 | post_0_to_105m  F=60s,taker/taker,5.0,0.38,4892
UEFA Champions League 2025/26 | post_0_to_105m  F=60s,taker/taker,5.0,0.385,4892
UEFA Champions League 2025/26 | post_0_to_105m  F=60s,taker/taker,5.0,0.39,4892
UEFA Champions League 2025/26 | post_0_to_105m  F=60s,taker/taker,6.0,0.395,4892
UEFA Champions League 2025/26 | post_0_to_105m  F=60s,taker/taker,6.0,0.4,4892
UEFA Champions League 2025/26 | post_0_to_105m  F=60s,taker/taker,6.0,0.405,4892
UEFA Champions League 2025/26 | post_0_to_105m  F=60s,taker/taker,6.0,0.41000000000000003,4892
UEFA Champions League 2025/26 | post_0_to_105m  F=60s,taker/taker,6.0,0.41500000000000004,4892
UEFA Champions League 2025/26 | post_0_to_105m  F=60s,taker/taker,6.0,0.42000000000000004,4892
UEFA Champions League 2025/26 | post_0_to_105m  F=60s,taker/taker,6.0,0.425,4892
UEFA Champions League 2025/26 | post_0_to_105m  F=60s,taker/taker,6.0,0.43,4892
UEFA Champions League 2025/26 | post_0_to_105m  F=60s,taker/taker,6.0,0.435,4892
UEFA Champions League 2025/26 | post_0_to_105m  F=60s,taker/taker,6.0,0.44,4892
UEFA Champions League 2025/26 | post_0_to_105m  F=60s,taker/taker,6.0,0.445,4892
UEFA Champions League 2025/26 | post_0_to_105m  F=60s,taker/taker,6.0,0.45,4892
UEFA Champions League 2025/26 | post_0_to_105m  F=60s,taker/taker,7.0,0.455,4892
UEFA Champions League 2025/26 | post_0_to_105m  F=60s,taker/taker,7.0,0.46,4892
UEFA Champions League 2025/26 | post_0_to_105m  F=60s,taker/taker,7.0,0.465,4892
UEFA Champions League 2025/26 | post_0_to_105m  F=60s,taker/taker,7.0,0.47000000000000003,4892
UEFA Champions League 2025/26 | post_0_to_105m  F=60s,taker/taker,7.0,0.47500000000000003,4892
UEFA Champions League 2025/26 | post_0_to_105m  F=60s,taker/taker,7.0,0.48000000000000004,4892
UEFA Champions League 2025/26 | post_0_to_105m  F=60s,taker/taker,7.0,0.485,4892
UEFA Champions League 2025/26 | post_0_to_105m  F=60s,taker/taker,7.0,0.49,4892
UEFA Champions League 2025/26 | post_0_to_105m  F=60s,taker/taker,8.0,0.495,4892
UEFA Champions League 2025/26 | post_0_to_105m  F=60s,taker/taker,8.0,0.5,4892
UEFA Champions League 2025/26 | post_0_to_105m  F=60s,taker/taker,8.0,0.505,4892
UEFA Champions League 2025/26 | post_0_to_105m  F=60s,taker/taker,8.0,0.51,4892
UEFA Champions League 2025/26 | post_0_to_105m  F=60s,taker/taker,8.0,0.515,4892
UEFA Champions League 2025/26 | post_0_to_105m  F=60s,taker/taker,8.0,0.52,4892
UEFA Champions League 2025/26 | post_0_to_105m  F=60s,taker/taker,8.0,0.525,4892
UEFA Champions League 2025/26 | post_0_to_105m  F=60s,taker/taker,8.0,0.53,4892
UEFA Champions League 2025/26 | post_0_to_105m  F=60s,taker/taker,8.0,0.535,4892
UEFA Champions League 2025/26 | post_0_to_105m  F=60s,taker/taker,9.0,0.54,4892
UEFA Champions League 2025/26 | post_0_to_105m  F=60s,taker/taker,9.0,0.545,4892
UEFA Champions League 2025/26 | post_0_to_105m  F=60s,taker/taker,9.0,0.55,4892
UEFA Champions League 2025/26 | post_0_to_105m  F=60s,taker/taker,9.0,0.555,4892
UEFA Champions League 2025/26 | post_0_to_105m  F=60s,taker/taker,9.0,0.56,4892
UEFA Champions League 2025/26 | post_0_to_105m  F=60s,taker/taker,9.0,0.5650000000000001,4892
UEFA Champions League 2025/26 | post_0_to_105m  F=60s,taker/taker,9.0,0.5700000000000001,4892
UEFA Champions League 2025/26 | post_0_to_105m  F=60s,taker/taker,9.0,0.5750000000000001,4892
UEFA Champions League 2025/26 | post_0_to_105m  F=60s,taker/taker,10.0,0.5800000000000001,4892
UEFA Champions League 2025/26 | post_0_to_105m  F=60s,taker/taker,10.0,0.585,4892
UEFA Champions League 2025/26 | post_0_to_105m  F=60s,taker/taker,10.0,0.59,4892
UEFA Champions League 2025/26 | post_0_to_105m  F=60s,taker/taker,10.0,0.595,4892
UEFA Champions League 2025/26 | post_0_to_105m  F=60s,taker/taker,10.0,0.6,4892
UEFA Champions League 2025/26 | post_0_to_105m  F=60s,taker/taker,10.0,0.605,4892
UEFA Champions League 2025/26 | post_0_to_105m  F=60s,taker/taker,10.0,0.61,4892
UEFA Champions League 2025/26 | post_0_to_105m  F=60s,taker/taker,11.0,0.615,4892
UEFA Champions League 2025/26 | post_0_to_105m  F=60s,taker/taker,11.0,0.62,4892
UEFA Champions League 2025/26 | post_0_to_105m  F=60s,taker/taker,11.0,0.625,4892
UEFA Champions League 2025/26 | post_0_to_105m  F=60s,taker/taker,11.0,0.63,4892
UEFA Champions League 2025/26 | post_0_to_105m  F=60s,taker/taker,11.0,0.635,4892
UEFA Champions League 2025/26 | post_0_to_105m  F=60s,taker/taker,12.0,0.64,4892
UEFA Champions League 2025/26 | post_0_to_105m  F=60s,taker/taker,12.0,0.645,4892
UEFA Champions League 2025/26 | post_0_to_105m  F=60s,taker/taker,12.0,0.65,4892
UEFA Champions League 2025/26 | post_0_to_105m  F=60s,taker/taker,12.0,0.655,4892
UEFA Champions League 2025/26 | post_0_to_105m  F=60s,taker/taker,12.0,0.66,4892
UEFA Champions League 2025/26 | post_0_to_105m  F=60s,taker/taker,13.0,0.665,4892
UEFA Champions League 2025/26 | post_0_to_105m  F=60s,taker/taker,13.0,0.67,4892
UEFA Champions League 2025/26 | post_0_to_105m  F=60s,taker/taker,13.0,0.675,4892
UEFA Champions League 2025/26 | post_0_to_105m  F=60s,taker/taker,13.0,0.68,4892
UEFA Champions League 2025/26 | post_0_to_105m  F=60s,taker/taker,14.0,0.685,4892
UEFA Champions League 2025/26 | post_0_to_105m  F=60s,taker/taker,14.0,0.6900000000000001,4892
UEFA Champions League 2025/26 | post_0_to_105m  F=60s,taker/taker,14.0,0.6950000000000001,4892
UEFA Champions League 2025/26 | post_0_to_105m  F=60s,taker/taker,14.0,0.7000000000000001,4892
UEFA Champions League 2025/26 | post_0_to_105m  F=60s,taker/taker,15.0,0.7050000000000001,4892
UEFA Champions League 2025/26 | post_0_to_105m  F=60s,taker/taker,15.0,0.71,4892
UEFA Champions League 2025/26 | post_0_to_105m  F=60s,taker/taker,15.0,0.715,4892
UEFA Champions League 2025/26 | post_0_to_105m  F=60s,taker/taker,16.0,0.72,4892
UEFA Champions League 2025/26 | post_0_to_105m  F=60s,taker/taker,16.0,0.725,4892
UEFA Champions League 2025/26 | post_0_to_105m  F=60s,taker/taker,16.0,0.73,4892
UEFA Champions League 2025/26 | post_0_to_105m  F=60s,taker/taker,17.0,0.735,4892
UEFA Champions League 2025/26 | post_0_to_105m  F=60s,taker/taker,17.0,0.74,4892
UEFA Champions League 2025/26 | post_0_to_105m  F=60s,taker/taker,17.0,0.745,4892
UEFA Champions League 2025/26 | post_0_to_105m  F=60s,taker/taker,18.0,0.75,4892
UEFA Champions League 2025/26 | post_0_to_105m  F=60s,taker/taker,18.0,0.755,4892
UEFA Champions League 2025/26 | post_0_to_105m  F=60s,taker/taker,18.159999999999854,0.76,4892
UEFA Champions League 2025/26 | post_0_to_105m  F=60s,taker/taker,19.0,0.765,4892
UEFA Champions League 2025/26 | post_0_to_105m  F=60s,taker/taker,20.0,0.77,4892
UEFA Champions League 2025/26 | post_0_to_105m  F=60s,taker/taker,20.0,0.775,4892
UEFA Champions League 2025/26 | post_0_to_105m  F=60s,taker/taker,20.0,0.78,4892
UEFA Champions League 2025/26 | post_0_to_105m  F=60s,taker/taker,21.0,0.785,4892
UEFA Champions League 2025/26 | post_0_to_105m  F=60s,taker/taker,21.0,0.79,4892
UEFA Champions League 2025/26 | post_0_to_105m  F=60s,taker/taker,22.0,0.795,4892
UEFA Champions League 2025/26 | post_0_to_105m  F=60s,taker/taker,22.0,0.8,4892
UEFA Champions League 2025/26 | post_0_to_105m  F=60s,taker/taker,23.0,0.805,4892
UEFA Champions League 2025/26 | post_0_to_105m  F=60s,taker/taker,24.0,0.81,4892
UEFA Champions League 2025/26 | post_0_to_105m  F=60s,taker/taker,24.0,0.8150000000000001,4892
UEFA Champions League 2025/26 | post_0_to_105m  F=60s,taker/taker,25.0,0.8200000000000001,4892
UEFA Champions League 2025/26 | post_0_to_105m  F=60s,taker/taker,26.0,0.8250000000000001,4892
UEFA Champions League 2025/26 | post_0_to_105m  F=60s,taker/taker,26.0,0.8300000000000001,4892
UEFA Champions League 2025/26 | post_0_to_105m  F=60s,taker/taker,27.0,0.8350000000000001,4892
UEFA Champions League 2025/26 | post_0_to_105m  F=60s,taker/taker,28.0,0.84,4892
UEFA Champions League 2025/26 | post_0_to_105m  F=60s,taker/taker,28.0,0.845,4892
UEFA Champions League 2025/26 | post_0_to_105m  F=60s,taker/taker,29.0,0.85,4892
UEFA Champions League 2025/26 | post_0_to_105m  F=60s,taker/taker,30.0,0.855,4892
UEFA Champions League 2025/26 | post_0_to_105m  F=60s,taker/taker,31.0,0.86,4892
UEFA Champions League 2025/26 | post_0_to_105m  F=60s,taker/taker,33.0,0.865,4892
UEFA Champions League 2025/26 | post_0_to_105m  F=60s,taker/taker,34.0,0.87,4892
UEFA Champions League 2025/26 | post_0_to_105m  F=60s,taker/taker,36.0,0.875,4892
UEFA Champions League 2025/26 | post_0_to_105m  F=60s,taker/taker,37.0,0.88,4892
UEFA Champions League 2025/26 | post_0_to_105m  F=60s,taker/taker,38.0,0.885,4892
UEFA Champions League 2025/26 | post_0_to_105m  F=60s,taker/taker,40.0,0.89,4892
UEFA Champions League 2025/26 | post_0_to_105m  F=60s,taker/taker,42.0,0.895,4892
UEFA Champions League 2025/26 | post_0_to_105m  F=60s,taker/taker,43.0,0.9,4892
UEFA Champions League 2025/26 | post_0_to_105m  F=60s,taker/taker,44.0,0.905,4892
UEFA Champions League 2025/26 | post_0_to_105m  F=60s,taker/taker,46.0,0.91,4892
UEFA Champions League 2025/26 | post_0_to_105m  F=60s,taker/taker,48.0,0.915,4892
UEFA Champions League 2025/26 | post_0_to_105m  F=60s,taker/taker,50.0,0.92,4892
UEFA Champions League 2025/26 | post_0_to_105m  F=60s,taker/taker,53.0,0.925,4892
UEFA Champions League 2025/26 | post_0_to_105m  F=60s,taker/taker,56.0,0.93,4892
UEFA Champions League 2025/26 | post_0_to_105m  F=60s,taker/taker,59.0,0.935,4892
UEFA Champions League 2025/26 | post_0_to_105m  F=60s,taker/taker,63.0,0.9400000000000001,4892
UEFA Champions League 2025/26 | post_0_to_105m  F=60s,taker/taker,67.0,0.9450000000000001,4892
UEFA Champions League 2025/26 | post_0_to_105m  F=60s,taker/taker,72.0,0.9500000000000001,4892
UEFA Champions League 2025/26 | post_0_to_105m  F=60s,taker/taker,78.0,0.9550000000000001,4892
UEFA Champions League 2025/26 | post_0_to_105m  F=60s,taker/taker,84.0,0.9600000000000001,4892
UEFA Champions League 2025/26 | post_0_to_105m  F=60s,taker/taker,92.6899999999996,0.965,4892
UEFA Champions League 2025/26 | post_0_to_105m  F=60s,taker/taker,105.0,0.97,4892
UEFA Champions League 2025/26 | post_0_to_105m  F=60s,taker/taker,117.34999999999945,0.975,4892
UEFA Champions League 2025/26 | post_0_to_105m  F=60s,taker/taker,145.36000000000058,0.98,4892
UEFA Champions League 2025/26 | post_0_to_105m  F=60s,taker/taker,183.0,0.985,4892
UEFA Champions League 2025/26 | post_0_to_105m  F=60s,taker/taker,227.34000000000015,0.99,4892
UEFA Champions League 2025/26 | post_0_to_105m  F=60s,taker/taker,382.35000000000036,0.995,4892
World Cup 2026/27 | post_0_to_105m  F=5s,maker/taker,1.0,0.005,15337
World Cup 2026/27 | post_0_to_105m  F=5s,maker/taker,1.0,0.01,15337
World Cup 2026/27 | post_0_to_105m  F=5s,maker/taker,1.0,0.015,15337
World Cup 2026/27 | post_0_to_105m  F=5s,maker/taker,1.0,0.02,15337
World Cup 2026/27 | post_0_to_105m  F=5s,maker/taker,1.0,0.025,15337
World Cup 2026/27 | post_0_to_105m  F=5s,maker/taker,1.0,0.030000000000000002,15337
World Cup 2026/27 | post_0_to_105m  F=5s,maker/taker,1.0,0.034999999999999996,15337
World Cup 2026/27 | post_0_to_105m  F=5s,maker/taker,1.0,0.04,15337
World Cup 2026/27 | post_0_to_105m  F=5s,maker/taker,1.0,0.045,15337
World Cup 2026/27 | post_0_to_105m  F=5s,maker/taker,1.0,0.049999999999999996,15337
World Cup 2026/27 | post_0_to_105m  F=5s,maker/taker,1.0,0.055,15337
World Cup 2026/27 | post_0_to_105m  F=5s,maker/taker,1.0,0.06,15337
World Cup 2026/27 | post_0_to_105m  F=5s,maker/taker,1.0,0.065,15337
World Cup 2026/27 | post_0_to_105m  F=5s,maker/taker,1.0,0.07,15337
World Cup 2026/27 | post_0_to_105m  F=5s,maker/taker,1.0,0.07500000000000001,15337
World Cup 2026/27 | post_0_to_105m  F=5s,maker/taker,1.0,0.08,15337
World Cup 2026/27 | post_0_to_105m  F=5s,maker/taker,1.0,0.085,15337
World Cup 2026/27 | post_0_to_105m  F=5s,maker/taker,1.0,0.09000000000000001,15337
World Cup 2026/27 | post_0_to_105m  F=5s,maker/taker,1.0,0.095,15337
World Cup 2026/27 | post_0_to_105m  F=5s,maker/taker,1.0,0.1,15337
World Cup 2026/27 | post_0_to_105m  F=5s,maker/taker,1.0,0.10500000000000001,15337
World Cup 2026/27 | post_0_to_105m  F=5s,maker/taker,1.0,0.11,15337
World Cup 2026/27 | post_0_to_105m  F=5s,maker/taker,1.0,0.115,15337
World Cup 2026/27 | post_0_to_105m  F=5s,maker/taker,1.0,0.12000000000000001,15337
World Cup 2026/27 | post_0_to_105m  F=5s,maker/taker,1.0,0.125,15337
World Cup 2026/27 | post_0_to_105m  F=5s,maker/taker,1.0,0.13,15337
World Cup 2026/27 | post_0_to_105m  F=5s,maker/taker,1.0,0.135,15337
World Cup 2026/27 | post_0_to_105m  F=5s,maker/taker,1.0,0.14,15337
World Cup 2026/27 | post_0_to_105m  F=5s,maker/taker,1.0,0.14500000000000002,15337
World Cup 2026/27 | post_0_to_105m  F=5s,maker/taker,1.0,0.15,15337
World Cup 2026/27 | post_0_to_105m  F=5s,maker/taker,1.0,0.155,15337
World Cup 2026/27 | post_0_to_105m  F=5s,maker/taker,1.0,0.16,15337
World Cup 2026/27 | post_0_to_105m  F=5s,maker/taker,1.0,0.165,15337
World Cup 2026/27 | post_0_to_105m  F=5s,maker/taker,1.0,0.17,15337
World Cup 2026/27 | post_0_to_105m  F=5s,maker/taker,1.0,0.17500000000000002,15337
World Cup 2026/27 | post_0_to_105m  F=5s,maker/taker,1.0,0.18000000000000002,15337
World Cup 2026/27 | post_0_to_105m  F=5s,maker/taker,2.0,0.185,15337
World Cup 2026/27 | post_0_to_105m  F=5s,maker/taker,2.0,0.19,15337
World Cup 2026/27 | post_0_to_105m  F=5s,maker/taker,2.0,0.195,15337
World Cup 2026/27 | post_0_to_105m  F=5s,maker/taker,2.0,0.2,15337
World Cup 2026/27 | post_0_to_105m  F=5s,maker/taker,2.0,0.20500000000000002,15337
World Cup 2026/27 | post_0_to_105m  F=5s,maker/taker,2.0,0.21000000000000002,15337
World Cup 2026/27 | post_0_to_105m  F=5s,maker/taker,2.0,0.215,15337
World Cup 2026/27 | post_0_to_105m  F=5s,maker/taker,2.0,0.22,15337
World Cup 2026/27 | post_0_to_105m  F=5s,maker/taker,2.0,0.225,15337
World Cup 2026/27 | post_0_to_105m  F=5s,maker/taker,2.0,0.23,15337
World Cup 2026/27 | post_0_to_105m  F=5s,maker/taker,2.0,0.23500000000000001,15337
World Cup 2026/27 | post_0_to_105m  F=5s,maker/taker,2.0,0.24000000000000002,15337
World Cup 2026/27 | post_0_to_105m  F=5s,maker/taker,2.0,0.245,15337
World Cup 2026/27 | post_0_to_105m  F=5s,maker/taker,2.0,0.25,15337
World Cup 2026/27 | post_0_to_105m  F=5s,maker/taker,2.0,0.255,15337
World Cup 2026/27 | post_0_to_105m  F=5s,maker/taker,2.0,0.26,15337
World Cup 2026/27 | post_0_to_105m  F=5s,maker/taker,2.0,0.265,15337
World Cup 2026/27 | post_0_to_105m  F=5s,maker/taker,2.0,0.27,15337
World Cup 2026/27 | post_0_to_105m  F=5s,maker/taker,2.0,0.275,15337
World Cup 2026/27 | post_0_to_105m  F=5s,maker/taker,2.0,0.28,15337
World Cup 2026/27 | post_0_to_105m  F=5s,maker/taker,2.0,0.28500000000000003,15337
World Cup 2026/27 | post_0_to_105m  F=5s,maker/taker,2.0,0.29000000000000004,15337
World Cup 2026/27 | post_0_to_105m  F=5s,maker/taker,2.0,0.295,15337
World Cup 2026/27 | post_0_to_105m  F=5s,maker/taker,2.0,0.3,15337
World Cup 2026/27 | post_0_to_105m  F=5s,maker/taker,2.0,0.305,15337
World Cup 2026/27 | post_0_to_105m  F=5s,maker/taker,2.0,0.31,15337
World Cup 2026/27 | post_0_to_105m  F=5s,maker/taker,2.0,0.315,15337
World Cup 2026/27 | post_0_to_105m  F=5s,maker/taker,2.0,0.32,15337
World Cup 2026/27 | post_0_to_105m  F=5s,maker/taker,2.0,0.325,15337
World Cup 2026/27 | post_0_to_105m  F=5s,maker/taker,3.0,0.33,15337
World Cup 2026/27 | post_0_to_105m  F=5s,maker/taker,3.0,0.335,15337
World Cup 2026/27 | post_0_to_105m  F=5s,maker/taker,3.0,0.34,15337
World Cup 2026/27 | post_0_to_105m  F=5s,maker/taker,3.0,0.34500000000000003,15337
World Cup 2026/27 | post_0_to_105m  F=5s,maker/taker,3.0,0.35000000000000003,15337
World Cup 2026/27 | post_0_to_105m  F=5s,maker/taker,3.0,0.35500000000000004,15337
World Cup 2026/27 | post_0_to_105m  F=5s,maker/taker,3.0,0.36,15337
World Cup 2026/27 | post_0_to_105m  F=5s,maker/taker,3.0,0.365,15337
World Cup 2026/27 | post_0_to_105m  F=5s,maker/taker,3.0,0.37,15337
World Cup 2026/27 | post_0_to_105m  F=5s,maker/taker,3.0,0.375,15337
World Cup 2026/27 | post_0_to_105m  F=5s,maker/taker,3.0,0.38,15337
World Cup 2026/27 | post_0_to_105m  F=5s,maker/taker,3.0,0.385,15337
World Cup 2026/27 | post_0_to_105m  F=5s,maker/taker,3.0,0.39,15337
World Cup 2026/27 | post_0_to_105m  F=5s,maker/taker,3.0,0.395,15337
World Cup 2026/27 | post_0_to_105m  F=5s,maker/taker,3.0,0.4,15337
World Cup 2026/27 | post_0_to_105m  F=5s,maker/taker,3.0,0.405,15337
World Cup 2026/27 | post_0_to_105m  F=5s,maker/taker,3.0,0.41000000000000003,15337
World Cup 2026/27 | post_0_to_105m  F=5s,maker/taker,3.0,0.41500000000000004,15337
World Cup 2026/27 | post_0_to_105m  F=5s,maker/taker,3.0,0.42000000000000004,15337
World Cup 2026/27 | post_0_to_105m  F=5s,maker/taker,3.0,0.425,15337
World Cup 2026/27 | post_0_to_105m  F=5s,maker/taker,3.0,0.43,15337
World Cup 2026/27 | post_0_to_105m  F=5s,maker/taker,3.0,0.435,15337
World Cup 2026/27 | post_0_to_105m  F=5s,maker/taker,3.0,0.44,15337
World Cup 2026/27 | post_0_to_105m  F=5s,maker/taker,3.0,0.445,15337
World Cup 2026/27 | post_0_to_105m  F=5s,maker/taker,3.0,0.45,15337
World Cup 2026/27 | post_0_to_105m  F=5s,maker/taker,3.0,0.455,15337
World Cup 2026/27 | post_0_to_105m  F=5s,maker/taker,4.0,0.46,15337
World Cup 2026/27 | post_0_to_105m  F=5s,maker/taker,4.0,0.465,15337
World Cup 2026/27 | post_0_to_105m  F=5s,maker/taker,4.0,0.47000000000000003,15337
World Cup 2026/27 | post_0_to_105m  F=5s,maker/taker,4.0,0.47500000000000003,15337
World Cup 2026/27 | post_0_to_105m  F=5s,maker/taker,4.0,0.48000000000000004,15337
World Cup 2026/27 | post_0_to_105m  F=5s,maker/taker,4.0,0.485,15337
World Cup 2026/27 | post_0_to_105m  F=5s,maker/taker,4.0,0.49,15337
World Cup 2026/27 | post_0_to_105m  F=5s,maker/taker,4.0,0.495,15337
World Cup 2026/27 | post_0_to_105m  F=5s,maker/taker,4.0,0.5,15337
World Cup 2026/27 | post_0_to_105m  F=5s,maker/taker,4.0,0.505,15337
World Cup 2026/27 | post_0_to_105m  F=5s,maker/taker,4.0,0.51,15337
World Cup 2026/27 | post_0_to_105m  F=5s,maker/taker,4.0,0.515,15337
World Cup 2026/27 | post_0_to_105m  F=5s,maker/taker,4.0,0.52,15337
World Cup 2026/27 | post_0_to_105m  F=5s,maker/taker,4.0,0.525,15337
World Cup 2026/27 | post_0_to_105m  F=5s,maker/taker,4.0,0.53,15337
World Cup 2026/27 | post_0_to_105m  F=5s,maker/taker,4.0,0.535,15337
World Cup 2026/27 | post_0_to_105m  F=5s,maker/taker,5.0,0.54,15337
World Cup 2026/27 | post_0_to_105m  F=5s,maker/taker,5.0,0.545,15337
World Cup 2026/27 | post_0_to_105m  F=5s,maker/taker,5.0,0.55,15337
World Cup 2026/27 | post_0_to_105m  F=5s,maker/taker,5.0,0.555,15337
World Cup 2026/27 | post_0_to_105m  F=5s,maker/taker,5.0,0.56,15337
World Cup 2026/27 | post_0_to_105m  F=5s,maker/taker,5.0,0.5650000000000001,15337
World Cup 2026/27 | post_0_to_105m  F=5s,maker/taker,5.0,0.5700000000000001,15337
World Cup 2026/27 | post_0_to_105m  F=5s,maker/taker,5.0,0.5750000000000001,15337
World Cup 2026/27 | post_0_to_105m  F=5s,maker/taker,5.0,0.5800000000000001,15337
World Cup 2026/27 | post_0_to_105m  F=5s,maker/taker,5.0,0.585,15337
World Cup 2026/27 | post_0_to_105m  F=5s,maker/taker,5.0,0.59,15337
World Cup 2026/27 | post_0_to_105m  F=5s,maker/taker,5.0,0.595,15337
World Cup 2026/27 | post_0_to_105m  F=5s,maker/taker,5.0,0.6,15337
World Cup 2026/27 | post_0_to_105m  F=5s,maker/taker,6.0,0.605,15337
World Cup 2026/27 | post_0_to_105m  F=5s,maker/taker,6.0,0.61,15337
World Cup 2026/27 | post_0_to_105m  F=5s,maker/taker,6.0,0.615,15337
World Cup 2026/27 | post_0_to_105m  F=5s,maker/taker,6.0,0.62,15337
World Cup 2026/27 | post_0_to_105m  F=5s,maker/taker,6.0,0.625,15337
World Cup 2026/27 | post_0_to_105m  F=5s,maker/taker,6.0,0.63,15337
World Cup 2026/27 | post_0_to_105m  F=5s,maker/taker,6.0,0.635,15337
World Cup 2026/27 | post_0_to_105m  F=5s,maker/taker,6.0,0.64,15337
World Cup 2026/27 | post_0_to_105m  F=5s,maker/taker,6.0,0.645,15337
World Cup 2026/27 | post_0_to_105m  F=5s,maker/taker,6.0,0.65,15337
World Cup 2026/27 | post_0_to_105m  F=5s,maker/taker,6.0,0.655,15337
World Cup 2026/27 | post_0_to_105m  F=5s,maker/taker,7.0,0.66,15337
World Cup 2026/27 | post_0_to_105m  F=5s,maker/taker,7.0,0.665,15337
World Cup 2026/27 | post_0_to_105m  F=5s,maker/taker,7.0,0.67,15337
World Cup 2026/27 | post_0_to_105m  F=5s,maker/taker,7.0,0.675,15337
World Cup 2026/27 | post_0_to_105m  F=5s,maker/taker,7.0,0.68,15337
World Cup 2026/27 | post_0_to_105m  F=5s,maker/taker,7.0,0.685,15337
World Cup 2026/27 | post_0_to_105m  F=5s,maker/taker,7.0,0.6900000000000001,15337
World Cup 2026/27 | post_0_to_105m  F=5s,maker/taker,8.0,0.6950000000000001,15337
World Cup 2026/27 | post_0_to_105m  F=5s,maker/taker,8.0,0.7000000000000001,15337
World Cup 2026/27 | post_0_to_105m  F=5s,maker/taker,8.0,0.7050000000000001,15337
World Cup 2026/27 | post_0_to_105m  F=5s,maker/taker,8.0,0.71,15337
World Cup 2026/27 | post_0_to_105m  F=5s,maker/taker,8.0,0.715,15337
World Cup 2026/27 | post_0_to_105m  F=5s,maker/taker,9.0,0.72,15337
World Cup 2026/27 | post_0_to_105m  F=5s,maker/taker,9.0,0.725,15337
World Cup 2026/27 | post_0_to_105m  F=5s,maker/taker,9.0,0.73,15337
World Cup 2026/27 | post_0_to_105m  F=5s,maker/taker,9.0,0.735,15337
World Cup 2026/27 | post_0_to_105m  F=5s,maker/taker,9.0,0.74,15337
World Cup 2026/27 | post_0_to_105m  F=5s,maker/taker,9.0,0.745,15337
World Cup 2026/27 | post_0_to_105m  F=5s,maker/taker,10.0,0.75,15337
World Cup 2026/27 | post_0_to_105m  F=5s,maker/taker,10.0,0.755,15337
World Cup 2026/27 | post_0_to_105m  F=5s,maker/taker,10.0,0.76,15337
World Cup 2026/27 | post_0_to_105m  F=5s,maker/taker,11.0,0.765,15337
World Cup 2026/27 | post_0_to_105m  F=5s,maker/taker,11.0,0.77,15337
World Cup 2026/27 | post_0_to_105m  F=5s,maker/taker,11.0,0.775,15337
World Cup 2026/27 | post_0_to_105m  F=5s,maker/taker,12.0,0.78,15337
World Cup 2026/27 | post_0_to_105m  F=5s,maker/taker,12.0,0.785,15337
World Cup 2026/27 | post_0_to_105m  F=5s,maker/taker,12.0,0.79,15337
World Cup 2026/27 | post_0_to_105m  F=5s,maker/taker,13.0,0.795,15337
World Cup 2026/27 | post_0_to_105m  F=5s,maker/taker,13.0,0.8,15337
World Cup 2026/27 | post_0_to_105m  F=5s,maker/taker,14.0,0.805,15337
World Cup 2026/27 | post_0_to_105m  F=5s,maker/taker,14.0,0.81,15337
World Cup 2026/27 | post_0_to_105m  F=5s,maker/taker,15.0,0.8150000000000001,15337
World Cup 2026/27 | post_0_to_105m  F=5s,maker/taker,15.0,0.8200000000000001,15337
World Cup 2026/27 | post_0_to_105m  F=5s,maker/taker,15.0,0.8250000000000001,15337
World Cup 2026/27 | post_0_to_105m  F=5s,maker/taker,16.0,0.8300000000000001,15337
World Cup 2026/27 | post_0_to_105m  F=5s,maker/taker,17.0,0.8350000000000001,15337
World Cup 2026/27 | post_0_to_105m  F=5s,maker/taker,17.0,0.84,15337
World Cup 2026/27 | post_0_to_105m  F=5s,maker/taker,18.0,0.845,15337
World Cup 2026/27 | post_0_to_105m  F=5s,maker/taker,18.0,0.85,15337
World Cup 2026/27 | post_0_to_105m  F=5s,maker/taker,19.0,0.855,15337
World Cup 2026/27 | post_0_to_105m  F=5s,maker/taker,20.0,0.86,15337
World Cup 2026/27 | post_0_to_105m  F=5s,maker/taker,21.0,0.865,15337
World Cup 2026/27 | post_0_to_105m  F=5s,maker/taker,22.0,0.87,15337
World Cup 2026/27 | post_0_to_105m  F=5s,maker/taker,23.0,0.875,15337
World Cup 2026/27 | post_0_to_105m  F=5s,maker/taker,24.0,0.88,15337
World Cup 2026/27 | post_0_to_105m  F=5s,maker/taker,25.0,0.885,15337
World Cup 2026/27 | post_0_to_105m  F=5s,maker/taker,26.0,0.89,15337
World Cup 2026/27 | post_0_to_105m  F=5s,maker/taker,27.0,0.895,15337
World Cup 2026/27 | post_0_to_105m  F=5s,maker/taker,29.0,0.9,15337
World Cup 2026/27 | post_0_to_105m  F=5s,maker/taker,30.0,0.905,15337
World Cup 2026/27 | post_0_to_105m  F=5s,maker/taker,32.0,0.91,15337
World Cup 2026/27 | post_0_to_105m  F=5s,maker/taker,34.0,0.915,15337
World Cup 2026/27 | post_0_to_105m  F=5s,maker/taker,36.0,0.92,15337
World Cup 2026/27 | post_0_to_105m  F=5s,maker/taker,38.0,0.925,15337
World Cup 2026/27 | post_0_to_105m  F=5s,maker/taker,41.0,0.93,15337
World Cup 2026/27 | post_0_to_105m  F=5s,maker/taker,44.0,0.935,15337
World Cup 2026/27 | post_0_to_105m  F=5s,maker/taker,48.0,0.9400000000000001,15337
World Cup 2026/27 | post_0_to_105m  F=5s,maker/taker,51.0,0.9450000000000001,15337
World Cup 2026/27 | post_0_to_105m  F=5s,maker/taker,55.0,0.9500000000000001,15337
World Cup 2026/27 | post_0_to_105m  F=5s,maker/taker,59.32000000000153,0.9550000000000001,15337
World Cup 2026/27 | post_0_to_105m  F=5s,maker/taker,65.0,0.9600000000000001,15337
World Cup 2026/27 | post_0_to_105m  F=5s,maker/taker,71.0,0.965,15337
World Cup 2026/27 | post_0_to_105m  F=5s,maker/taker,82.0,0.97,15337
World Cup 2026/27 | post_0_to_105m  F=5s,maker/taker,91.39999999999964,0.975,15337
World Cup 2026/27 | post_0_to_105m  F=5s,maker/taker,107.0,0.98,15337
World Cup 2026/27 | post_0_to_105m  F=5s,maker/taker,129.0,0.985,15337
World Cup 2026/27 | post_0_to_105m  F=5s,maker/taker,172.0,0.99,15337
World Cup 2026/27 | post_0_to_105m  F=5s,maker/taker,255.0,0.995,15337
World Cup 2026/27 | post_0_to_105m  F=5s,taker/maker,1.0,0.005,21703
World Cup 2026/27 | post_0_to_105m  F=5s,taker/maker,1.0,0.01,21703
World Cup 2026/27 | post_0_to_105m  F=5s,taker/maker,1.0,0.015,21703
World Cup 2026/27 | post_0_to_105m  F=5s,taker/maker,1.0,0.02,21703
World Cup 2026/27 | post_0_to_105m  F=5s,taker/maker,1.0,0.025,21703
World Cup 2026/27 | post_0_to_105m  F=5s,taker/maker,1.0,0.030000000000000002,21703
World Cup 2026/27 | post_0_to_105m  F=5s,taker/maker,1.0,0.034999999999999996,21703
World Cup 2026/27 | post_0_to_105m  F=5s,taker/maker,1.0,0.04,21703
World Cup 2026/27 | post_0_to_105m  F=5s,taker/maker,1.0,0.045,21703
World Cup 2026/27 | post_0_to_105m  F=5s,taker/maker,1.0,0.049999999999999996,21703
World Cup 2026/27 | post_0_to_105m  F=5s,taker/maker,1.0,0.055,21703
World Cup 2026/27 | post_0_to_105m  F=5s,taker/maker,1.0,0.06,21703
World Cup 2026/27 | post_0_to_105m  F=5s,taker/maker,1.0,0.065,21703
World Cup 2026/27 | post_0_to_105m  F=5s,taker/maker,1.0,0.07,21703
World Cup 2026/27 | post_0_to_105m  F=5s,taker/maker,1.0,0.07500000000000001,21703
World Cup 2026/27 | post_0_to_105m  F=5s,taker/maker,1.0,0.08,21703
World Cup 2026/27 | post_0_to_105m  F=5s,taker/maker,1.0,0.085,21703
World Cup 2026/27 | post_0_to_105m  F=5s,taker/maker,1.0,0.09000000000000001,21703
World Cup 2026/27 | post_0_to_105m  F=5s,taker/maker,1.0,0.095,21703
World Cup 2026/27 | post_0_to_105m  F=5s,taker/maker,1.0,0.1,21703
World Cup 2026/27 | post_0_to_105m  F=5s,taker/maker,1.0,0.10500000000000001,21703
World Cup 2026/27 | post_0_to_105m  F=5s,taker/maker,1.0,0.11,21703
World Cup 2026/27 | post_0_to_105m  F=5s,taker/maker,1.0,0.115,21703
World Cup 2026/27 | post_0_to_105m  F=5s,taker/maker,1.0,0.12000000000000001,21703
World Cup 2026/27 | post_0_to_105m  F=5s,taker/maker,1.0,0.125,21703
World Cup 2026/27 | post_0_to_105m  F=5s,taker/maker,1.0,0.13,21703
World Cup 2026/27 | post_0_to_105m  F=5s,taker/maker,1.0,0.135,21703
World Cup 2026/27 | post_0_to_105m  F=5s,taker/maker,1.0,0.14,21703
World Cup 2026/27 | post_0_to_105m  F=5s,taker/maker,1.0,0.14500000000000002,21703
World Cup 2026/27 | post_0_to_105m  F=5s,taker/maker,1.0,0.15,21703
World Cup 2026/27 | post_0_to_105m  F=5s,taker/maker,1.0,0.155,21703
World Cup 2026/27 | post_0_to_105m  F=5s,taker/maker,2.0,0.16,21703
World Cup 2026/27 | post_0_to_105m  F=5s,taker/maker,2.0,0.165,21703
World Cup 2026/27 | post_0_to_105m  F=5s,taker/maker,2.0,0.17,21703
World Cup 2026/27 | post_0_to_105m  F=5s,taker/maker,2.0,0.17500000000000002,21703
World Cup 2026/27 | post_0_to_105m  F=5s,taker/maker,2.0,0.18000000000000002,21703
World Cup 2026/27 | post_0_to_105m  F=5s,taker/maker,2.0,0.185,21703
World Cup 2026/27 | post_0_to_105m  F=5s,taker/maker,2.0,0.19,21703
World Cup 2026/27 | post_0_to_105m  F=5s,taker/maker,2.0,0.195,21703
World Cup 2026/27 | post_0_to_105m  F=5s,taker/maker,2.0,0.2,21703
World Cup 2026/27 | post_0_to_105m  F=5s,taker/maker,2.0,0.20500000000000002,21703
World Cup 2026/27 | post_0_to_105m  F=5s,taker/maker,2.0,0.21000000000000002,21703
World Cup 2026/27 | post_0_to_105m  F=5s,taker/maker,2.0,0.215,21703
World Cup 2026/27 | post_0_to_105m  F=5s,taker/maker,2.0,0.22,21703
World Cup 2026/27 | post_0_to_105m  F=5s,taker/maker,2.0,0.225,21703
World Cup 2026/27 | post_0_to_105m  F=5s,taker/maker,2.0,0.23,21703
World Cup 2026/27 | post_0_to_105m  F=5s,taker/maker,2.0,0.23500000000000001,21703
World Cup 2026/27 | post_0_to_105m  F=5s,taker/maker,2.0,0.24000000000000002,21703
World Cup 2026/27 | post_0_to_105m  F=5s,taker/maker,2.0,0.245,21703
World Cup 2026/27 | post_0_to_105m  F=5s,taker/maker,2.0,0.25,21703
World Cup 2026/27 | post_0_to_105m  F=5s,taker/maker,2.0,0.255,21703
World Cup 2026/27 | post_0_to_105m  F=5s,taker/maker,2.0,0.26,21703
World Cup 2026/27 | post_0_to_105m  F=5s,taker/maker,2.0,0.265,21703
World Cup 2026/27 | post_0_to_105m  F=5s,taker/maker,2.0,0.27,21703
World Cup 2026/27 | post_0_to_105m  F=5s,taker/maker,2.0,0.275,21703
World Cup 2026/27 | post_0_to_105m  F=5s,taker/maker,3.0,0.28,21703
World Cup 2026/27 | post_0_to_105m  F=5s,taker/maker,3.0,0.28500000000000003,21703
World Cup 2026/27 | post_0_to_105m  F=5s,taker/maker,3.0,0.29000000000000004,21703
World Cup 2026/27 | post_0_to_105m  F=5s,taker/maker,3.0,0.295,21703
World Cup 2026/27 | post_0_to_105m  F=5s,taker/maker,3.0,0.3,21703
World Cup 2026/27 | post_0_to_105m  F=5s,taker/maker,3.0,0.305,21703
World Cup 2026/27 | post_0_to_105m  F=5s,taker/maker,3.0,0.31,21703
World Cup 2026/27 | post_0_to_105m  F=5s,taker/maker,3.0,0.315,21703
World Cup 2026/27 | post_0_to_105m  F=5s,taker/maker,3.0,0.32,21703
World Cup 2026/27 | post_0_to_105m  F=5s,taker/maker,3.0,0.325,21703
World Cup 2026/27 | post_0_to_105m  F=5s,taker/maker,3.0,0.33,21703
World Cup 2026/27 | post_0_to_105m  F=5s,taker/maker,3.0,0.335,21703
World Cup 2026/27 | post_0_to_105m  F=5s,taker/maker,3.0,0.34,21703
World Cup 2026/27 | post_0_to_105m  F=5s,taker/maker,3.0,0.34500000000000003,21703
World Cup 2026/27 | post_0_to_105m  F=5s,taker/maker,3.0,0.35000000000000003,21703
World Cup 2026/27 | post_0_to_105m  F=5s,taker/maker,3.0,0.35500000000000004,21703
World Cup 2026/27 | post_0_to_105m  F=5s,taker/maker,3.0,0.36,21703
World Cup 2026/27 | post_0_to_105m  F=5s,taker/maker,3.0,0.365,21703
World Cup 2026/27 | post_0_to_105m  F=5s,taker/maker,3.0,0.37,21703
World Cup 2026/27 | post_0_to_105m  F=5s,taker/maker,3.0,0.375,21703
World Cup 2026/27 | post_0_to_105m  F=5s,taker/maker,3.0,0.38,21703
World Cup 2026/27 | post_0_to_105m  F=5s,taker/maker,3.0,0.385,21703
World Cup 2026/27 | post_0_to_105m  F=5s,taker/maker,3.0,0.39,21703
World Cup 2026/27 | post_0_to_105m  F=5s,taker/maker,4.0,0.395,21703
World Cup 2026/27 | post_0_to_105m  F=5s,taker/maker,4.0,0.4,21703
World Cup 2026/27 | post_0_to_105m  F=5s,taker/maker,4.0,0.405,21703
World Cup 2026/27 | post_0_to_105m  F=5s,taker/maker,4.0,0.41000000000000003,21703
World Cup 2026/27 | post_0_to_105m  F=5s,taker/maker,4.0,0.41500000000000004,21703
World Cup 2026/27 | post_0_to_105m  F=5s,taker/maker,4.0,0.42000000000000004,21703
World Cup 2026/27 | post_0_to_105m  F=5s,taker/maker,4.0,0.425,21703
World Cup 2026/27 | post_0_to_105m  F=5s,taker/maker,4.0,0.43,21703
World Cup 2026/27 | post_0_to_105m  F=5s,taker/maker,4.0,0.435,21703
World Cup 2026/27 | post_0_to_105m  F=5s,taker/maker,4.0,0.44,21703
World Cup 2026/27 | post_0_to_105m  F=5s,taker/maker,4.0,0.445,21703
World Cup 2026/27 | post_0_to_105m  F=5s,taker/maker,4.0,0.45,21703
World Cup 2026/27 | post_0_to_105m  F=5s,taker/maker,4.0,0.455,21703
World Cup 2026/27 | post_0_to_105m  F=5s,taker/maker,4.0,0.46,21703
World Cup 2026/27 | post_0_to_105m  F=5s,taker/maker,4.0,0.465,21703
World Cup 2026/27 | post_0_to_105m  F=5s,taker/maker,5.0,0.47000000000000003,21703
World Cup 2026/27 | post_0_to_105m  F=5s,taker/maker,5.0,0.47500000000000003,21703
World Cup 2026/27 | post_0_to_105m  F=5s,taker/maker,5.0,0.48000000000000004,21703
World Cup 2026/27 | post_0_to_105m  F=5s,taker/maker,5.0,0.485,21703
World Cup 2026/27 | post_0_to_105m  F=5s,taker/maker,5.0,0.49,21703
World Cup 2026/27 | post_0_to_105m  F=5s,taker/maker,5.0,0.495,21703
World Cup 2026/27 | post_0_to_105m  F=5s,taker/maker,5.0,0.5,21703
World Cup 2026/27 | post_0_to_105m  F=5s,taker/maker,5.0,0.505,21703
World Cup 2026/27 | post_0_to_105m  F=5s,taker/maker,5.0,0.51,21703
World Cup 2026/27 | post_0_to_105m  F=5s,taker/maker,5.0,0.515,21703
World Cup 2026/27 | post_0_to_105m  F=5s,taker/maker,5.0,0.52,21703
World Cup 2026/27 | post_0_to_105m  F=5s,taker/maker,5.0,0.525,21703
World Cup 2026/27 | post_0_to_105m  F=5s,taker/maker,6.0,0.53,21703
World Cup 2026/27 | post_0_to_105m  F=5s,taker/maker,6.0,0.535,21703
World Cup 2026/27 | post_0_to_105m  F=5s,taker/maker,6.0,0.54,21703
World Cup 2026/27 | post_0_to_105m  F=5s,taker/maker,6.0,0.545,21703
World Cup 2026/27 | post_0_to_105m  F=5s,taker/maker,6.0,0.55,21703
World Cup 2026/27 | post_0_to_105m  F=5s,taker/maker,6.0,0.555,21703
World Cup 2026/27 | post_0_to_105m  F=5s,taker/maker,6.0,0.56,21703
World Cup 2026/27 | post_0_to_105m  F=5s,taker/maker,6.0,0.5650000000000001,21703
World Cup 2026/27 | post_0_to_105m  F=5s,taker/maker,6.0,0.5700000000000001,21703
World Cup 2026/27 | post_0_to_105m  F=5s,taker/maker,6.0,0.5750000000000001,21703
World Cup 2026/27 | post_0_to_105m  F=5s,taker/maker,6.0,0.5800000000000001,21703
World Cup 2026/27 | post_0_to_105m  F=5s,taker/maker,6.0,0.585,21703
World Cup 2026/27 | post_0_to_105m  F=5s,taker/maker,7.0,0.59,21703
World Cup 2026/27 | post_0_to_105m  F=5s,taker/maker,7.0,0.595,21703
World Cup 2026/27 | post_0_to_105m  F=5s,taker/maker,7.0,0.6,21703
World Cup 2026/27 | post_0_to_105m  F=5s,taker/maker,7.0,0.605,21703
World Cup 2026/27 | post_0_to_105m  F=5s,taker/maker,7.0,0.61,21703
World Cup 2026/27 | post_0_to_105m  F=5s,taker/maker,7.0,0.615,21703
World Cup 2026/27 | post_0_to_105m  F=5s,taker/maker,7.0,0.62,21703
World Cup 2026/27 | post_0_to_105m  F=5s,taker/maker,8.0,0.625,21703
World Cup 2026/27 | post_0_to_105m  F=5s,taker/maker,8.0,0.63,21703
World Cup 2026/27 | post_0_to_105m  F=5s,taker/maker,8.0,0.635,21703
World Cup 2026/27 | post_0_to_105m  F=5s,taker/maker,8.0,0.64,21703
World Cup 2026/27 | post_0_to_105m  F=5s,taker/maker,8.0,0.645,21703
World Cup 2026/27 | post_0_to_105m  F=5s,taker/maker,8.0,0.65,21703
World Cup 2026/27 | post_0_to_105m  F=5s,taker/maker,9.0,0.655,21703
World Cup 2026/27 | post_0_to_105m  F=5s,taker/maker,9.0,0.66,21703
World Cup 2026/27 | post_0_to_105m  F=5s,taker/maker,9.0,0.665,21703
World Cup 2026/27 | post_0_to_105m  F=5s,taker/maker,9.0,0.67,21703
World Cup 2026/27 | post_0_to_105m  F=5s,taker/maker,9.0,0.675,21703
World Cup 2026/27 | post_0_to_105m  F=5s,taker/maker,9.0,0.68,21703
World Cup 2026/27 | post_0_to_105m  F=5s,taker/maker,10.0,0.685,21703
World Cup 2026/27 | post_0_to_105m  F=5s,taker/maker,10.0,0.6900000000000001,21703
World Cup 2026/27 | post_0_to_105m  F=5s,taker/maker,10.0,0.6950000000000001,21703
World Cup 2026/27 | post_0_to_105m  F=5s,taker/maker,11.0,0.7000000000000001,21703
World Cup 2026/27 | post_0_to_105m  F=5s,taker/maker,11.0,0.7050000000000001,21703
World Cup 2026/27 | post_0_to_105m  F=5s,taker/maker,11.0,0.71,21703
World Cup 2026/27 | post_0_to_105m  F=5s,taker/maker,11.0,0.715,21703
World Cup 2026/27 | post_0_to_105m  F=5s,taker/maker,12.0,0.72,21703
World Cup 2026/27 | post_0_to_105m  F=5s,taker/maker,12.0,0.725,21703
World Cup 2026/27 | post_0_to_105m  F=5s,taker/maker,12.0,0.73,21703
World Cup 2026/27 | post_0_to_105m  F=5s,taker/maker,13.0,0.735,21703
World Cup 2026/27 | post_0_to_105m  F=5s,taker/maker,13.0,0.74,21703
World Cup 2026/27 | post_0_to_105m  F=5s,taker/maker,13.0,0.745,21703
World Cup 2026/27 | post_0_to_105m  F=5s,taker/maker,14.0,0.75,21703
World Cup 2026/27 | post_0_to_105m  F=5s,taker/maker,14.0,0.755,21703
World Cup 2026/27 | post_0_to_105m  F=5s,taker/maker,15.0,0.76,21703
World Cup 2026/27 | post_0_to_105m  F=5s,taker/maker,15.0,0.765,21703
World Cup 2026/27 | post_0_to_105m  F=5s,taker/maker,15.0,0.77,21703
World Cup 2026/27 | post_0_to_105m  F=5s,taker/maker,16.0,0.775,21703
World Cup 2026/27 | post_0_to_105m  F=5s,taker/maker,17.0,0.78,21703
World Cup 2026/27 | post_0_to_105m  F=5s,taker/maker,17.0,0.785,21703
World Cup 2026/27 | post_0_to_105m  F=5s,taker/maker,18.0,0.79,21703
World Cup 2026/27 | post_0_to_105m  F=5s,taker/maker,18.0,0.795,21703
World Cup 2026/27 | post_0_to_105m  F=5s,taker/maker,19.0,0.8,21703
World Cup 2026/27 | post_0_to_105m  F=5s,taker/maker,20.0,0.805,21703
World Cup 2026/27 | post_0_to_105m  F=5s,taker/maker,20.0,0.81,21703
World Cup 2026/27 | post_0_to_105m  F=5s,taker/maker,21.0,0.8150000000000001,21703
World Cup 2026/27 | post_0_to_105m  F=5s,taker/maker,22.0,0.8200000000000001,21703
World Cup 2026/27 | post_0_to_105m  F=5s,taker/maker,23.0,0.8250000000000001,21703
World Cup 2026/27 | post_0_to_105m  F=5s,taker/maker,24.0,0.8300000000000001,21703
World Cup 2026/27 | post_0_to_105m  F=5s,taker/maker,24.0,0.8350000000000001,21703
World Cup 2026/27 | post_0_to_105m  F=5s,taker/maker,25.0,0.84,21703
World Cup 2026/27 | post_0_to_105m  F=5s,taker/maker,27.0,0.845,21703
World Cup 2026/27 | post_0_to_105m  F=5s,taker/maker,27.0,0.85,21703
World Cup 2026/27 | post_0_to_105m  F=5s,taker/maker,29.0,0.855,21703
World Cup 2026/27 | post_0_to_105m  F=5s,taker/maker,30.0,0.86,21703
World Cup 2026/27 | post_0_to_105m  F=5s,taker/maker,31.0,0.865,21703
World Cup 2026/27 | post_0_to_105m  F=5s,taker/maker,33.0,0.87,21703
World Cup 2026/27 | post_0_to_105m  F=5s,taker/maker,35.0,0.875,21703
World Cup 2026/27 | post_0_to_105m  F=5s,taker/maker,36.0,0.88,21703
World Cup 2026/27 | post_0_to_105m  F=5s,taker/maker,39.0,0.885,21703
World Cup 2026/27 | post_0_to_105m  F=5s,taker/maker,41.0,0.89,21703
World Cup 2026/27 | post_0_to_105m  F=5s,taker/maker,43.0,0.895,21703
World Cup 2026/27 | post_0_to_105m  F=5s,taker/maker,45.400000000001455,0.9,21703
World Cup 2026/27 | post_0_to_105m  F=5s,taker/maker,49.0,0.905,21703
World Cup 2026/27 | post_0_to_105m  F=5s,taker/maker,51.0,0.91,21703
World Cup 2026/27 | post_0_to_105m  F=5s,taker/maker,54.0,0.915,21703
World Cup 2026/27 | post_0_to_105m  F=5s,taker/maker,57.0,0.92,21703
World Cup 2026/27 | post_0_to_105m  F=5s,taker/maker,62.0,0.925,21703
World Cup 2026/27 | post_0_to_105m  F=5s,taker/maker,66.0,0.93,21703
World Cup 2026/27 | post_0_to_105m  F=5s,taker/maker,71.65999999999985,0.935,21703
World Cup 2026/27 | post_0_to_105m  F=5s,taker/maker,77.0,0.9400000000000001,21703
World Cup 2026/27 | post_0_to_105m  F=5s,taker/maker,85.0,0.9450000000000001,21703
World Cup 2026/27 | post_0_to_105m  F=5s,taker/maker,93.0,0.9500000000000001,21703
World Cup 2026/27 | post_0_to_105m  F=5s,taker/maker,104.0,0.9550000000000001,21703
World Cup 2026/27 | post_0_to_105m  F=5s,taker/maker,118.0,0.9600000000000001,21703
World Cup 2026/27 | post_0_to_105m  F=5s,taker/maker,132.73999999999796,0.965,21703
World Cup 2026/27 | post_0_to_105m  F=5s,taker/maker,152.0,0.97,21703
World Cup 2026/27 | post_0_to_105m  F=5s,taker/maker,180.0,0.975,21703
World Cup 2026/27 | post_0_to_105m  F=5s,taker/maker,215.0,0.98,21703
World Cup 2026/27 | post_0_to_105m  F=5s,taker/maker,270.4599999999991,0.985,21703
World Cup 2026/27 | post_0_to_105m  F=5s,taker/maker,389.0,0.99,21703
World Cup 2026/27 | post_0_to_105m  F=5s,taker/maker,617.6399999999994,0.995,21703
World Cup 2026/27 | post_0_to_105m  F=5s,taker/taker,1.0,0.005,3615
World Cup 2026/27 | post_0_to_105m  F=5s,taker/taker,1.0,0.01,3615
World Cup 2026/27 | post_0_to_105m  F=5s,taker/taker,1.0,0.015,3615
World Cup 2026/27 | post_0_to_105m  F=5s,taker/taker,1.0,0.02,3615
World Cup 2026/27 | post_0_to_105m  F=5s,taker/taker,1.0,0.025,3615
World Cup 2026/27 | post_0_to_105m  F=5s,taker/taker,1.0,0.030000000000000002,3615
World Cup 2026/27 | post_0_to_105m  F=5s,taker/taker,1.0,0.034999999999999996,3615
World Cup 2026/27 | post_0_to_105m  F=5s,taker/taker,1.0,0.04,3615
World Cup 2026/27 | post_0_to_105m  F=5s,taker/taker,1.0,0.045,3615
World Cup 2026/27 | post_0_to_105m  F=5s,taker/taker,1.0,0.049999999999999996,3615
World Cup 2026/27 | post_0_to_105m  F=5s,taker/taker,1.0,0.055,3615
World Cup 2026/27 | post_0_to_105m  F=5s,taker/taker,1.0,0.06,3615
World Cup 2026/27 | post_0_to_105m  F=5s,taker/taker,1.0,0.065,3615
World Cup 2026/27 | post_0_to_105m  F=5s,taker/taker,1.0,0.07,3615
World Cup 2026/27 | post_0_to_105m  F=5s,taker/taker,1.0,0.07500000000000001,3615
World Cup 2026/27 | post_0_to_105m  F=5s,taker/taker,1.0,0.08,3615
World Cup 2026/27 | post_0_to_105m  F=5s,taker/taker,1.0,0.085,3615
World Cup 2026/27 | post_0_to_105m  F=5s,taker/taker,1.0,0.09000000000000001,3615
World Cup 2026/27 | post_0_to_105m  F=5s,taker/taker,1.0,0.095,3615
World Cup 2026/27 | post_0_to_105m  F=5s,taker/taker,1.0,0.1,3615
World Cup 2026/27 | post_0_to_105m  F=5s,taker/taker,1.0,0.10500000000000001,3615
World Cup 2026/27 | post_0_to_105m  F=5s,taker/taker,1.0,0.11,3615
World Cup 2026/27 | post_0_to_105m  F=5s,taker/taker,1.0,0.115,3615
World Cup 2026/27 | post_0_to_105m  F=5s,taker/taker,1.0,0.12000000000000001,3615
World Cup 2026/27 | post_0_to_105m  F=5s,taker/taker,1.0,0.125,3615
World Cup 2026/27 | post_0_to_105m  F=5s,taker/taker,1.0,0.13,3615
World Cup 2026/27 | post_0_to_105m  F=5s,taker/taker,1.0,0.135,3615
World Cup 2026/27 | post_0_to_105m  F=5s,taker/taker,1.0,0.14,3615
World Cup 2026/27 | post_0_to_105m  F=5s,taker/taker,1.0,0.14500000000000002,3615
World Cup 2026/27 | post_0_to_105m  F=5s,taker/taker,1.0,0.15,3615
World Cup 2026/27 | post_0_to_105m  F=5s,taker/taker,1.0,0.155,3615
World Cup 2026/27 | post_0_to_105m  F=5s,taker/taker,1.0,0.16,3615
World Cup 2026/27 | post_0_to_105m  F=5s,taker/taker,1.0,0.165,3615
World Cup 2026/27 | post_0_to_105m  F=5s,taker/taker,1.0,0.17,3615
World Cup 2026/27 | post_0_to_105m  F=5s,taker/taker,1.0,0.17500000000000002,3615
World Cup 2026/27 | post_0_to_105m  F=5s,taker/taker,1.0,0.18000000000000002,3615
World Cup 2026/27 | post_0_to_105m  F=5s,taker/taker,1.0,0.185,3615
World Cup 2026/27 | post_0_to_105m  F=5s,taker/taker,1.0,0.19,3615
World Cup 2026/27 | post_0_to_105m  F=5s,taker/taker,1.0,0.195,3615
World Cup 2026/27 | post_0_to_105m  F=5s,taker/taker,1.0,0.2,3615
World Cup 2026/27 | post_0_to_105m  F=5s,taker/taker,1.0,0.20500000000000002,3615
World Cup 2026/27 | post_0_to_105m  F=5s,taker/taker,1.0,0.21000000000000002,3615
World Cup 2026/27 | post_0_to_105m  F=5s,taker/taker,1.0,0.215,3615
World Cup 2026/27 | post_0_to_105m  F=5s,taker/taker,1.0,0.22,3615
World Cup 2026/27 | post_0_to_105m  F=5s,taker/taker,1.0,0.225,3615
World Cup 2026/27 | post_0_to_105m  F=5s,taker/taker,1.0,0.23,3615
World Cup 2026/27 | post_0_to_105m  F=5s,taker/taker,1.0,0.23500000000000001,3615
World Cup 2026/27 | post_0_to_105m  F=5s,taker/taker,1.0,0.24000000000000002,3615
World Cup 2026/27 | post_0_to_105m  F=5s,taker/taker,1.0,0.245,3615
World Cup 2026/27 | post_0_to_105m  F=5s,taker/taker,1.0,0.25,3615
World Cup 2026/27 | post_0_to_105m  F=5s,taker/taker,1.0,0.255,3615
World Cup 2026/27 | post_0_to_105m  F=5s,taker/taker,1.0,0.26,3615
World Cup 2026/27 | post_0_to_105m  F=5s,taker/taker,1.0,0.265,3615
World Cup 2026/27 | post_0_to_105m  F=5s,taker/taker,1.0,0.27,3615
World Cup 2026/27 | post_0_to_105m  F=5s,taker/taker,2.0,0.275,3615
World Cup 2026/27 | post_0_to_105m  F=5s,taker/taker,2.0,0.28,3615
World Cup 2026/27 | post_0_to_105m  F=5s,taker/taker,2.0,0.28500000000000003,3615
World Cup 2026/27 | post_0_to_105m  F=5s,taker/taker,2.0,0.29000000000000004,3615
World Cup 2026/27 | post_0_to_105m  F=5s,taker/taker,2.0,0.295,3615
World Cup 2026/27 | post_0_to_105m  F=5s,taker/taker,2.0,0.3,3615
World Cup 2026/27 | post_0_to_105m  F=5s,taker/taker,2.0,0.305,3615
World Cup 2026/27 | post_0_to_105m  F=5s,taker/taker,2.0,0.31,3615
World Cup 2026/27 | post_0_to_105m  F=5s,taker/taker,2.0,0.315,3615
World Cup 2026/27 | post_0_to_105m  F=5s,taker/taker,2.0,0.32,3615
World Cup 2026/27 | post_0_to_105m  F=5s,taker/taker,2.0,0.325,3615
World Cup 2026/27 | post_0_to_105m  F=5s,taker/taker,2.0,0.33,3615
World Cup 2026/27 | post_0_to_105m  F=5s,taker/taker,2.0,0.335,3615
World Cup 2026/27 | post_0_to_105m  F=5s,taker/taker,2.0,0.34,3615
World Cup 2026/27 | post_0_to_105m  F=5s,taker/taker,2.0,0.34500000000000003,3615
World Cup 2026/27 | post_0_to_105m  F=5s,taker/taker,2.0,0.35000000000000003,3615
World Cup 2026/27 | post_0_to_105m  F=5s,taker/taker,2.0,0.35500000000000004,3615
World Cup 2026/27 | post_0_to_105m  F=5s,taker/taker,2.0,0.36,3615
World Cup 2026/27 | post_0_to_105m  F=5s,taker/taker,2.0,0.365,3615
World Cup 2026/27 | post_0_to_105m  F=5s,taker/taker,2.0,0.37,3615
World Cup 2026/27 | post_0_to_105m  F=5s,taker/taker,2.0,0.375,3615
World Cup 2026/27 | post_0_to_105m  F=5s,taker/taker,2.0,0.38,3615
World Cup 2026/27 | post_0_to_105m  F=5s,taker/taker,2.0,0.385,3615
World Cup 2026/27 | post_0_to_105m  F=5s,taker/taker,2.0,0.39,3615
World Cup 2026/27 | post_0_to_105m  F=5s,taker/taker,2.0,0.395,3615
World Cup 2026/27 | post_0_to_105m  F=5s,taker/taker,2.0,0.4,3615
World Cup 2026/27 | post_0_to_105m  F=5s,taker/taker,2.0,0.405,3615
World Cup 2026/27 | post_0_to_105m  F=5s,taker/taker,2.0,0.41000000000000003,3615
World Cup 2026/27 | post_0_to_105m  F=5s,taker/taker,2.0,0.41500000000000004,3615
World Cup 2026/27 | post_0_to_105m  F=5s,taker/taker,2.0,0.42000000000000004,3615
World Cup 2026/27 | post_0_to_105m  F=5s,taker/taker,2.0,0.425,3615
World Cup 2026/27 | post_0_to_105m  F=5s,taker/taker,2.0,0.43,3615
World Cup 2026/27 | post_0_to_105m  F=5s,taker/taker,2.0,0.435,3615
World Cup 2026/27 | post_0_to_105m  F=5s,taker/taker,2.0,0.44,3615
World Cup 2026/27 | post_0_to_105m  F=5s,taker/taker,2.0,0.445,3615
World Cup 2026/27 | post_0_to_105m  F=5s,taker/taker,2.0,0.45,3615
World Cup 2026/27 | post_0_to_105m  F=5s,taker/taker,3.0,0.455,3615
World Cup 2026/27 | post_0_to_105m  F=5s,taker/taker,3.0,0.46,3615
World Cup 2026/27 | post_0_to_105m  F=5s,taker/taker,3.0,0.465,3615
World Cup 2026/27 | post_0_to_105m  F=5s,taker/taker,3.0,0.47000000000000003,3615
World Cup 2026/27 | post_0_to_105m  F=5s,taker/taker,3.0,0.47500000000000003,3615
World Cup 2026/27 | post_0_to_105m  F=5s,taker/taker,3.0,0.48000000000000004,3615
World Cup 2026/27 | post_0_to_105m  F=5s,taker/taker,3.0,0.485,3615
World Cup 2026/27 | post_0_to_105m  F=5s,taker/taker,3.0,0.49,3615
World Cup 2026/27 | post_0_to_105m  F=5s,taker/taker,3.0,0.495,3615
World Cup 2026/27 | post_0_to_105m  F=5s,taker/taker,3.0,0.5,3615
World Cup 2026/27 | post_0_to_105m  F=5s,taker/taker,3.0,0.505,3615
World Cup 2026/27 | post_0_to_105m  F=5s,taker/taker,3.0,0.51,3615
World Cup 2026/27 | post_0_to_105m  F=5s,taker/taker,3.0,0.515,3615
World Cup 2026/27 | post_0_to_105m  F=5s,taker/taker,3.0,0.52,3615
World Cup 2026/27 | post_0_to_105m  F=5s,taker/taker,3.0,0.525,3615
World Cup 2026/27 | post_0_to_105m  F=5s,taker/taker,3.0,0.53,3615
World Cup 2026/27 | post_0_to_105m  F=5s,taker/taker,3.0,0.535,3615
World Cup 2026/27 | post_0_to_105m  F=5s,taker/taker,3.0,0.54,3615
World Cup 2026/27 | post_0_to_105m  F=5s,taker/taker,3.0,0.545,3615
World Cup 2026/27 | post_0_to_105m  F=5s,taker/taker,3.0,0.55,3615
World Cup 2026/27 | post_0_to_105m  F=5s,taker/taker,3.0,0.555,3615
World Cup 2026/27 | post_0_to_105m  F=5s,taker/taker,3.0,0.56,3615
World Cup 2026/27 | post_0_to_105m  F=5s,taker/taker,3.0,0.5650000000000001,3615
World Cup 2026/27 | post_0_to_105m  F=5s,taker/taker,3.0,0.5700000000000001,3615
World Cup 2026/27 | post_0_to_105m  F=5s,taker/taker,3.0,0.5750000000000001,3615
World Cup 2026/27 | post_0_to_105m  F=5s,taker/taker,3.0,0.5800000000000001,3615
World Cup 2026/27 | post_0_to_105m  F=5s,taker/taker,3.0,0.585,3615
World Cup 2026/27 | post_0_to_105m  F=5s,taker/taker,3.0,0.59,3615
World Cup 2026/27 | post_0_to_105m  F=5s,taker/taker,3.0,0.595,3615
World Cup 2026/27 | post_0_to_105m  F=5s,taker/taker,3.0,0.6,3615
World Cup 2026/27 | post_0_to_105m  F=5s,taker/taker,3.0,0.605,3615
World Cup 2026/27 | post_0_to_105m  F=5s,taker/taker,3.0,0.61,3615
World Cup 2026/27 | post_0_to_105m  F=5s,taker/taker,4.0,0.615,3615
World Cup 2026/27 | post_0_to_105m  F=5s,taker/taker,4.0,0.62,3615
World Cup 2026/27 | post_0_to_105m  F=5s,taker/taker,4.0,0.625,3615
World Cup 2026/27 | post_0_to_105m  F=5s,taker/taker,4.0,0.63,3615
World Cup 2026/27 | post_0_to_105m  F=5s,taker/taker,4.0,0.635,3615
World Cup 2026/27 | post_0_to_105m  F=5s,taker/taker,4.0,0.64,3615
World Cup 2026/27 | post_0_to_105m  F=5s,taker/taker,4.0,0.645,3615
World Cup 2026/27 | post_0_to_105m  F=5s,taker/taker,4.0,0.65,3615
World Cup 2026/27 | post_0_to_105m  F=5s,taker/taker,4.0,0.655,3615
World Cup 2026/27 | post_0_to_105m  F=5s,taker/taker,4.0,0.66,3615
World Cup 2026/27 | post_0_to_105m  F=5s,taker/taker,4.0,0.665,3615
World Cup 2026/27 | post_0_to_105m  F=5s,taker/taker,4.0,0.67,3615
World Cup 2026/27 | post_0_to_105m  F=5s,taker/taker,4.0,0.675,3615
World Cup 2026/27 | post_0_to_105m  F=5s,taker/taker,4.0,0.68,3615
World Cup 2026/27 | post_0_to_105m  F=5s,taker/taker,4.0,0.685,3615
World Cup 2026/27 | post_0_to_105m  F=5s,taker/taker,4.0,0.6900000000000001,3615
World Cup 2026/27 | post_0_to_105m  F=5s,taker/taker,4.0,0.6950000000000001,3615
World Cup 2026/27 | post_0_to_105m  F=5s,taker/taker,4.0,0.7000000000000001,3615
World Cup 2026/27 | post_0_to_105m  F=5s,taker/taker,4.0,0.7050000000000001,3615
World Cup 2026/27 | post_0_to_105m  F=5s,taker/taker,4.0,0.71,3615
World Cup 2026/27 | post_0_to_105m  F=5s,taker/taker,4.0,0.715,3615
World Cup 2026/27 | post_0_to_105m  F=5s,taker/taker,4.0,0.72,3615
World Cup 2026/27 | post_0_to_105m  F=5s,taker/taker,4.0,0.725,3615
World Cup 2026/27 | post_0_to_105m  F=5s,taker/taker,5.0,0.73,3615
World Cup 2026/27 | post_0_to_105m  F=5s,taker/taker,5.0,0.735,3615
World Cup 2026/27 | post_0_to_105m  F=5s,taker/taker,5.0,0.74,3615
World Cup 2026/27 | post_0_to_105m  F=5s,taker/taker,5.0,0.745,3615
World Cup 2026/27 | post_0_to_105m  F=5s,taker/taker,5.0,0.75,3615
World Cup 2026/27 | post_0_to_105m  F=5s,taker/taker,5.0,0.755,3615
World Cup 2026/27 | post_0_to_105m  F=5s,taker/taker,5.0,0.76,3615
World Cup 2026/27 | post_0_to_105m  F=5s,taker/taker,5.0,0.765,3615
World Cup 2026/27 | post_0_to_105m  F=5s,taker/taker,5.0,0.77,3615
World Cup 2026/27 | post_0_to_105m  F=5s,taker/taker,5.0,0.775,3615
World Cup 2026/27 | post_0_to_105m  F=5s,taker/taker,5.0,0.78,3615
World Cup 2026/27 | post_0_to_105m  F=5s,taker/taker,5.0,0.785,3615
World Cup 2026/27 | post_0_to_105m  F=5s,taker/taker,5.0,0.79,3615
World Cup 2026/27 | post_0_to_105m  F=5s,taker/taker,5.0,0.795,3615
World Cup 2026/27 | post_0_to_105m  F=5s,taker/taker,5.0,0.8,3615
World Cup 2026/27 | post_0_to_105m  F=5s,taker/taker,5.0,0.805,3615
World Cup 2026/27 | post_0_to_105m  F=5s,taker/taker,5.0,0.81,3615
World Cup 2026/27 | post_0_to_105m  F=5s,taker/taker,5.0,0.8150000000000001,3615
World Cup 2026/27 | post_0_to_105m  F=5s,taker/taker,5.0,0.8200000000000001,3615
World Cup 2026/27 | post_0_to_105m  F=5s,taker/taker,5.0,0.8250000000000001,3615
World Cup 2026/27 | post_0_to_105m  F=5s,taker/taker,5.0,0.8300000000000001,3615
World Cup 2026/27 | post_0_to_105m  F=5s,taker/taker,5.845000000000255,0.8350000000000001,3615
World Cup 2026/27 | post_0_to_105m  F=5s,taker/taker,6.0,0.84,3615
World Cup 2026/27 | post_0_to_105m  F=5s,taker/taker,6.0,0.845,3615
World Cup 2026/27 | post_0_to_105m  F=5s,taker/taker,6.0,0.85,3615
World Cup 2026/27 | post_0_to_105m  F=5s,taker/taker,6.0,0.855,3615
World Cup 2026/27 | post_0_to_105m  F=5s,taker/taker,6.0,0.86,3615
World Cup 2026/27 | post_0_to_105m  F=5s,taker/taker,6.0,0.865,3615
World Cup 2026/27 | post_0_to_105m  F=5s,taker/taker,6.0,0.87,3615
World Cup 2026/27 | post_0_to_105m  F=5s,taker/taker,6.0,0.875,3615
World Cup 2026/27 | post_0_to_105m  F=5s,taker/taker,6.0,0.88,3615
World Cup 2026/27 | post_0_to_105m  F=5s,taker/taker,6.0,0.885,3615
World Cup 2026/27 | post_0_to_105m  F=5s,taker/taker,7.0,0.89,3615
World Cup 2026/27 | post_0_to_105m  F=5s,taker/taker,7.0,0.895,3615
World Cup 2026/27 | post_0_to_105m  F=5s,taker/taker,7.0,0.9,3615
World Cup 2026/27 | post_0_to_105m  F=5s,taker/taker,7.0,0.905,3615
World Cup 2026/27 | post_0_to_105m  F=5s,taker/taker,7.0,0.91,3615
World Cup 2026/27 | post_0_to_105m  F=5s,taker/taker,8.0,0.915,3615
World Cup 2026/27 | post_0_to_105m  F=5s,taker/taker,8.0,0.92,3615
World Cup 2026/27 | post_0_to_105m  F=5s,taker/taker,9.0,0.925,3615
World Cup 2026/27 | post_0_to_105m  F=5s,taker/taker,9.0,0.93,3615
World Cup 2026/27 | post_0_to_105m  F=5s,taker/taker,9.0,0.935,3615
World Cup 2026/27 | post_0_to_105m  F=5s,taker/taker,10.0,0.9400000000000001,3615
World Cup 2026/27 | post_0_to_105m  F=5s,taker/taker,11.0,0.9450000000000001,3615
World Cup 2026/27 | post_0_to_105m  F=5s,taker/taker,12.0,0.9500000000000001,3615
World Cup 2026/27 | post_0_to_105m  F=5s,taker/taker,13.0,0.9550000000000001,3615
World Cup 2026/27 | post_0_to_105m  F=5s,taker/taker,14.0,0.9600000000000001,3615
World Cup 2026/27 | post_0_to_105m  F=5s,taker/taker,15.75500000000011,0.965,3615
World Cup 2026/27 | post_0_to_105m  F=5s,taker/taker,18.0,0.97,3615
World Cup 2026/27 | post_0_to_105m  F=5s,taker/taker,20.0,0.975,3615
World Cup 2026/27 | post_0_to_105m  F=5s,taker/taker,27.0,0.98,3615
World Cup 2026/27 | post_0_to_105m  F=5s,taker/taker,32.0,0.985,3615
World Cup 2026/27 | post_0_to_105m  F=5s,taker/taker,45.0,0.99,3615
World Cup 2026/27 | post_0_to_105m  F=5s,taker/taker,77.86000000000058,0.995,3615
World Cup 2026/27 | pre_last_hour  F=10s,maker/taker,1.0,0.005,152
World Cup 2026/27 | pre_last_hour  F=10s,maker/taker,1.0,0.01,152
World Cup 2026/27 | pre_last_hour  F=10s,maker/taker,1.0,0.015,152
World Cup 2026/27 | pre_last_hour  F=10s,maker/taker,1.0,0.02,152
World Cup 2026/27 | pre_last_hour  F=10s,maker/taker,1.0,0.025,152
World Cup 2026/27 | pre_last_hour  F=10s,maker/taker,1.0,0.030000000000000002,152
World Cup 2026/27 | pre_last_hour  F=10s,maker/taker,1.0,0.034999999999999996,152
World Cup 2026/27 | pre_last_hour  F=10s,maker/taker,1.0,0.04,152
World Cup 2026/27 | pre_last_hour  F=10s,maker/taker,1.0,0.045,152
World Cup 2026/27 | pre_last_hour  F=10s,maker/taker,1.0,0.049999999999999996,152
World Cup 2026/27 | pre_last_hour  F=10s,maker/taker,1.3049999999999997,0.055,152
World Cup 2026/27 | pre_last_hour  F=10s,maker/taker,2.0,0.06,152
World Cup 2026/27 | pre_last_hour  F=10s,maker/taker,2.0,0.065,152
World Cup 2026/27 | pre_last_hour  F=10s,maker/taker,2.5700000000000003,0.07,152
World Cup 2026/27 | pre_last_hour  F=10s,maker/taker,3.0,0.07500000000000001,152
World Cup 2026/27 | pre_last_hour  F=10s,maker/taker,3.0,0.08,152
World Cup 2026/27 | pre_last_hour  F=10s,maker/taker,3.0,0.085,152
World Cup 2026/27 | pre_last_hour  F=10s,maker/taker,3.0,0.09000000000000001,152
World Cup 2026/27 | pre_last_hour  F=10s,maker/taker,3.0,0.095,152
World Cup 2026/27 | pre_last_hour  F=10s,maker/taker,3.0,0.1,152
World Cup 2026/27 | pre_last_hour  F=10s,maker/taker,3.0,0.10500000000000001,152
World Cup 2026/27 | pre_last_hour  F=10s,maker/taker,3.0,0.11,152
World Cup 2026/27 | pre_last_hour  F=10s,maker/taker,3.365000000000002,0.115,152
World Cup 2026/27 | pre_last_hour  F=10s,maker/taker,4.0,0.12000000000000001,152
World Cup 2026/27 | pre_last_hour  F=10s,maker/taker,4.0,0.125,152
World Cup 2026/27 | pre_last_hour  F=10s,maker/taker,4.0,0.13,152
World Cup 2026/27 | pre_last_hour  F=10s,maker/taker,4.385000000000002,0.135,152
World Cup 2026/27 | pre_last_hour  F=10s,maker/taker,5.280000000000001,0.14,152
World Cup 2026/27 | pre_last_hour  F=10s,maker/taker,6.790000000000006,0.14500000000000002,152
World Cup 2026/27 | pre_last_hour  F=10s,maker/taker,8.299999999999997,0.15,152
World Cup 2026/27 | pre_last_hour  F=10s,maker/taker,9.405000000000001,0.155,152
World Cup 2026/27 | pre_last_hour  F=10s,maker/taker,10.0,0.16,152
World Cup 2026/27 | pre_last_hour  F=10s,maker/taker,10.0,0.165,152
World Cup 2026/27 | pre_last_hour  F=10s,maker/taker,10.670000000000002,0.17,152
World Cup 2026/27 | pre_last_hour  F=10s,maker/taker,11.850000000000009,0.17500000000000002,152
World Cup 2026/27 | pre_last_hour  F=10s,maker/taker,13.360000000000007,0.18000000000000002,152
World Cup 2026/27 | pre_last_hour  F=10s,maker/taker,14.869999999999997,0.185,152
World Cup 2026/27 | pre_last_hour  F=10s,maker/taker,15.690000000000001,0.19,152
World Cup 2026/27 | pre_last_hour  F=10s,maker/taker,16.0,0.195,152
World Cup 2026/27 | pre_last_hour  F=10s,maker/taker,16.200000000000003,0.2,152
World Cup 2026/27 | pre_last_hour  F=10s,maker/taker,16.955000000000002,0.20500000000000002,152
World Cup 2026/27 | pre_last_hour  F=10s,maker/taker,17.0,0.21000000000000002,152
World Cup 2026/27 | pre_last_hour  F=10s,maker/taker,17.0,0.215,152
World Cup 2026/27 | pre_last_hour  F=10s,maker/taker,17.22,0.22,152
World Cup 2026/27 | pre_last_hour  F=10s,maker/taker,17.975,0.225,152
World Cup 2026/27 | pre_last_hour  F=10s,maker/taker,20.190000000000012,0.23,152
World Cup 2026/27 | pre_last_hour  F=10s,maker/taker,22.455,0.23500000000000001,152
World Cup 2026/27 | pre_last_hour  F=10s,maker/taker,24.0,0.24000000000000002,152
World Cup 2026/27 | pre_last_hour  F=10s,maker/taker,24.0,0.245,152
World Cup 2026/27 | pre_last_hour  F=10s,maker/taker,25.5,0.25,152
World Cup 2026/27 | pre_last_hour  F=10s,maker/taker,26.0,0.255,152
World Cup 2026/27 | pre_last_hour  F=10s,maker/taker,26.259999999999998,0.26,152
World Cup 2026/27 | pre_last_hour  F=10s,maker/taker,27.0,0.265,152
World Cup 2026/27 | pre_last_hour  F=10s,maker/taker,27.0,0.27,152
World Cup 2026/27 | pre_last_hour  F=10s,maker/taker,27.525000000000006,0.275,152
World Cup 2026/27 | pre_last_hour  F=10s,maker/taker,28.28,0.28,152
World Cup 2026/27 | pre_last_hour  F=10s,maker/taker,29.070000000000007,0.28500000000000003,152
World Cup 2026/27 | pre_last_hour  F=10s,maker/taker,30.580000000000013,0.29000000000000004,152
World Cup 2026/27 | pre_last_hour  F=10s,maker/taker,32.08999999999999,0.295,152
World Cup 2026/27 | pre_last_hour  F=10s,maker/taker,33.0,0.3,152
World Cup 2026/27 | pre_last_hour  F=10s,maker/taker,33.0,0.305,152
World Cup 2026/27 | pre_last_hour  F=10s,maker/taker,33.0,0.31,152
World Cup 2026/27 | pre_last_hour  F=10s,maker/taker,34.129999999999995,0.315,152
World Cup 2026/27 | pre_last_hour  F=10s,maker/taker,35.32,0.32,152
World Cup 2026/27 | pre_last_hour  F=10s,maker/taker,36.0,0.325,152
World Cup 2026/27 | pre_last_hour  F=10s,maker/taker,36.0,0.33,152
World Cup 2026/27 | pre_last_hour  F=10s,maker/taker,37.755,0.335,152
World Cup 2026/27 | pre_last_hour  F=10s,maker/taker,39.0,0.34,152
World Cup 2026/27 | pre_last_hour  F=10s,maker/taker,39.28500000000002,0.34500000000000003,152
World Cup 2026/27 | pre_last_hour  F=10s,maker/taker,41.550000000000026,0.35000000000000003,152
World Cup 2026/27 | pre_last_hour  F=10s,maker/taker,46.84000000000003,0.35500000000000004,152
World Cup 2026/27 | pre_last_hour  F=10s,maker/taker,50.0,0.36,152
World Cup 2026/27 | pre_last_hour  F=10s,maker/taker,50.0,0.365,152
World Cup 2026/27 | pre_last_hour  F=10s,maker/taker,50.0,0.37,152
World Cup 2026/27 | pre_last_hour  F=10s,maker/taker,51.25,0.375,152
World Cup 2026/27 | pre_last_hour  F=10s,maker/taker,55.04000000000002,0.38,152
World Cup 2026/27 | pre_last_hour  F=10s,maker/taker,60.67499999999999,0.385,152
World Cup 2026/27 | pre_last_hour  F=10s,maker/taker,64.45,0.39,152
World Cup 2026/27 | pre_last_hour  F=10s,maker/taker,67.58000000000001,0.395,152
World Cup 2026/27 | pre_last_hour  F=10s,maker/taker,70.60000000000002,0.4,152
World Cup 2026/27 | pre_last_hour  F=10s,maker/taker,73.31,0.405,152
World Cup 2026/27 | pre_last_hour  F=10s,maker/taker,74.82000000000001,0.41000000000000003,152
World Cup 2026/27 | pre_last_hour  F=10s,maker/taker,80.32000000000005,0.41500000000000004,152
World Cup 2026/27 | pre_last_hour  F=10s,maker/taker,83.84000000000002,0.42000000000000004,152
World Cup 2026/27 | pre_last_hour  F=10s,maker/taker,85.35,0.425,152
World Cup 2026/27 | pre_last_hour  F=10s,maker/taker,86.85999999999999,0.43,152
World Cup 2026/27 | pre_last_hour  F=10s,maker/taker,88.37,0.435,152
World Cup 2026/27 | pre_last_hour  F=10s,maker/taker,89.88,0.44,152
World Cup 2026/27 | pre_last_hour  F=10s,maker/taker,91.58500000000002,0.445,152
World Cup 2026/27 | pre_last_hour  F=10s,maker/taker,93.85000000000001,0.45,152
World Cup 2026/27 | pre_last_hour  F=10s,maker/taker,94.705,0.455,152
World Cup 2026/27 | pre_last_hour  F=10s,maker/taker,96.84000000000003,0.46,152
World Cup 2026/27 | pre_last_hour  F=10s,maker/taker,99.215,0.465,152
World Cup 2026/27 | pre_last_hour  F=10s,maker/taker,99.97,0.47000000000000003,152
World Cup 2026/27 | pre_last_hour  F=10s,maker/taker,102.90000000000003,0.47500000000000003,152
World Cup 2026/27 | pre_last_hour  F=10s,maker/taker,106.40000000000002,0.48000000000000004,152
World Cup 2026/27 | pre_last_hour  F=10s,maker/taker,111.35,0.485,152
World Cup 2026/27 | pre_last_hour  F=10s,maker/taker,118.89999999999995,0.49,152
World Cup 2026/27 | pre_last_hour  F=10s,maker/taker,124.96000000000004,0.495,152
World Cup 2026/27 | pre_last_hour  F=10s,maker/taker,127.0,0.5,152
World Cup 2026/27 | pre_last_hour  F=10s,maker/taker,128.78499999999997,0.505,152
World Cup 2026/27 | pre_last_hour  F=10s,maker/taker,134.0,0.51,152
World Cup 2026/27 | pre_last_hour  F=10s,maker/taker,134.0,0.515,152
World Cup 2026/27 | pre_last_hour  F=10s,maker/taker,137.11999999999998,0.52,152
World Cup 2026/27 | pre_last_hour  F=10s,maker/taker,141.92500000000004,0.525,152
World Cup 2026/27 | pre_last_hour  F=10s,maker/taker,147.12,0.53,152
World Cup 2026/27 | pre_last_hour  F=10s,maker/taker,150.14000000000004,0.535,152
World Cup 2026/27 | pre_last_hour  F=10s,maker/taker,158.0200000000001,0.54,152
World Cup 2026/27 | pre_last_hour  F=10s,maker/taker,164.0,0.545,152
World Cup 2026/27 | pre_last_hour  F=10s,maker/taker,164.35000000000008,0.55,152
World Cup 2026/27 | pre_last_hour  F=10s,maker/taker,169.63500000000005,0.555,152
World Cup 2026/27 | pre_last_hour  F=10s,maker/taker,175.48000000000002,0.56,152
World Cup 2026/27 | pre_last_hour  F=10s,maker/taker,179.315,0.5650000000000001,152
World Cup 2026/27 | pre_last_hour  F=10s,maker/taker,180.14000000000001,0.5700000000000001,152
World Cup 2026/27 | pre_last_hour  F=10s,maker/taker,181.65000000000003,0.5750000000000001,152
World Cup 2026/27 | pre_last_hour  F=10s,maker/taker,184.32000000000005,0.5800000000000001,152
World Cup 2026/27 | pre_last_hour  F=10s,maker/taker,186.67,0.585,152
World Cup 2026/27 | pre_last_hour  F=10s,maker/taker,188.53999999999994,0.59,152
World Cup 2026/27 | pre_last_hour  F=10s,maker/taker,193.07,0.595,152
World Cup 2026/27 | pre_last_hour  F=10s,maker/taker,200.59999999999994,0.6,152
World Cup 2026/27 | pre_last_hour  F=10s,maker/taker,205.0,0.605,152
World Cup 2026/27 | pre_last_hour  F=10s,maker/taker,206.1,0.61,152
World Cup 2026/27 | pre_last_hour  F=10s,maker/taker,213.64999999999995,0.615,152
World Cup 2026/27 | pre_last_hour  F=10s,maker/taker,232.98000000000013,0.62,152
World Cup 2026/27 | pre_last_hour  F=10s,maker/taker,245.125,0.625,152
World Cup 2026/27 | pre_last_hour  F=10s,maker/taker,247.13,0.63,152
World Cup 2026/27 | pre_last_hour  F=10s,maker/taker,247.885,0.635,152
World Cup 2026/27 | pre_last_hour  F=10s,maker/taker,251.2,0.64,152
World Cup 2026/27 | pre_last_hour  F=10s,maker/taker,254.185,0.645,152
World Cup 2026/27 | pre_last_hour  F=10s,maker/taker,256.3,0.65,152
World Cup 2026/27 | pre_last_hour  F=10s,maker/taker,257.81,0.655,152
World Cup 2026/27 | pre_last_hour  F=10s,maker/taker,261.30000000000007,0.66,152
World Cup 2026/27 | pre_last_hour  F=10s,maker/taker,264.66,0.665,152
World Cup 2026/27 | pre_last_hour  F=10s,maker/taker,268.19,0.67,152
World Cup 2026/27 | pre_last_hour  F=10s,maker/taker,273.4750000000001,0.675,152
World Cup 2026/27 | pre_last_hour  F=10s,maker/taker,276.72,0.68,152
World Cup 2026/27 | pre_last_hour  F=10s,maker/taker,282.785,0.685,152
World Cup 2026/27 | pre_last_hour  F=10s,maker/taker,289.95000000000005,0.6900000000000001,152
World Cup 2026/27 | pre_last_hour  F=10s,maker/taker,293.725,0.6950000000000001,152
World Cup 2026/27 | pre_last_hour  F=10s,maker/taker,296.1,0.7000000000000001,152
World Cup 2026/27 | pre_last_hour  F=10s,maker/taker,302.9150000000002,0.7050000000000001,152
World Cup 2026/27 | pre_last_hour  F=10s,maker/taker,313.3599999999999,0.71,152
World Cup 2026/27 | pre_last_hour  F=10s,maker/taker,325.4399999999998,0.715,152
World Cup 2026/27 | pre_last_hour  F=10s,maker/taker,328.88,0.72,152
World Cup 2026/27 | pre_last_hour  F=10s,maker/taker,349.94999999999976,0.725,152
World Cup 2026/27 | pre_last_hour  F=10s,maker/taker,374.30000000000007,0.73,152
World Cup 2026/27 | pre_last_hour  F=10s,maker/taker,381.85,0.735,152
World Cup 2026/27 | pre_last_hour  F=10s,maker/taker,382.74,0.74,152
World Cup 2026/27 | pre_last_hour  F=10s,maker/taker,384.98,0.745,152
World Cup 2026/27 | pre_last_hour  F=10s,maker/taker,390.75,0.75,152
World Cup 2026/27 | pre_last_hour  F=10s,maker/taker,402.14999999999986,0.755,152
World Cup 2026/27 | pre_last_hour  F=10s,maker/taker,424.8000000000002,0.76,152
World Cup 2026/27 | pre_last_hour  F=10s,maker/taker,438.18,0.765,152
World Cup 2026/27 | pre_last_hour  F=10s,maker/taker,445.89,0.77,152
World Cup 2026/27 | pre_last_hour  F=10s,maker/taker,452.1750000000003,0.775,152
World Cup 2026/27 | pre_last_hour  F=10s,maker/taker,487.6600000000001,0.78,152
World Cup 2026/27 | pre_last_hour  F=10s,maker/taker,498.535,0.785,152
World Cup 2026/27 | pre_last_hour  F=10s,maker/taker,506.5400000000002,0.79,152
World Cup 2026/27 | pre_last_hour  F=10s,maker/taker,525.27,0.795,152
World Cup 2026/27 | pre_last_hour  F=10s,maker/taker,529.8000000000001,0.8,152
World Cup 2026/27 | pre_last_hour  F=10s,maker/taker,545.9850000000001,0.805,152
World Cup 2026/27 | pre_last_hour  F=10s,maker/taker,567.6100000000001,0.81,152
World Cup 2026/27 | pre_last_hour  F=10s,maker/taker,590.7550000000003,0.8150000000000001,152
World Cup 2026/27 | pre_last_hour  F=10s,maker/taker,611.1400000000002,0.8200000000000001,152
World Cup 2026/27 | pre_last_hour  F=10s,maker/taker,638.4250000000006,0.8250000000000001,152
World Cup 2026/27 | pre_last_hour  F=10s,maker/taker,665.2300000000004,0.8300000000000001,152
World Cup 2026/27 | pre_last_hour  F=10s,maker/taker,689.1450000000003,0.8350000000000001,152
World Cup 2026/27 | pre_last_hour  F=10s,maker/taker,717.0799999999996,0.84,152
World Cup 2026/27 | pre_last_hour  F=10s,maker/taker,728.95,0.845,152
World Cup 2026/27 | pre_last_hour  F=10s,maker/taker,738.2499999999999,0.85,152
World Cup 2026/27 | pre_last_hour  F=10s,maker/taker,748.525,0.855,152
World Cup 2026/27 | pre_last_hour  F=10s,maker/taker,752.3,0.86,152
World Cup 2026/27 | pre_last_hour  F=10s,maker/taker,766.5300000000002,0.865,152
World Cup 2026/27 | pre_last_hour  F=10s,maker/taker,776.11,0.87,152
World Cup 2026/27 | pre_last_hour  F=10s,maker/taker,778.875,0.875,152
World Cup 2026/27 | pre_last_hour  F=10s,maker/taker,784.16,0.88,152
World Cup 2026/27 | pre_last_hour  F=10s,maker/taker,823.7349999999994,0.885,152
World Cup 2026/27 | pre_last_hour  F=10s,maker/taker,857.7000000000005,0.89,152
World Cup 2026/27 | pre_last_hour  F=10s,maker/taker,883.3950000000006,0.895,152
World Cup 2026/27 | pre_last_hour  F=10s,maker/taker,921.9000000000003,0.9,152
World Cup 2026/27 | pre_last_hour  F=10s,maker/taker,929.62,0.905,152
World Cup 2026/27 | pre_last_hour  F=10s,maker/taker,931.8199999999999,0.91,152
World Cup 2026/27 | pre_last_hour  F=10s,maker/taker,935.8049999999998,0.915,152
World Cup 2026/27 | pre_last_hour  F=10s,maker/taker,948.6400000000003,0.92,152
World Cup 2026/27 | pre_last_hour  F=10s,maker/taker,1015.475000000001,0.925,152
World Cup 2026/27 | pre_last_hour  F=10s,maker/taker,1099.8900000000008,0.93,152
World Cup 2026/27 | pre_last_hour  F=10s,maker/taker,1207.1850000000004,0.935,152
World Cup 2026/27 | pre_last_hour  F=10s,maker/taker,1358.9399999999996,0.9400000000000001,152
World Cup 2026/27 | pre_last_hour  F=10s,maker/taker,1414.0900000000013,0.9450000000000001,152
World Cup 2026/27 | pre_last_hour  F=10s,maker/taker,1482.9500000000019,0.9500000000000001,152
World Cup 2026/27 | pre_last_hour  F=10s,maker/taker,1551.3800000000006,0.9550000000000001,152
World Cup 2026/27 | pre_last_hour  F=10s,maker/taker,1578.5600000000004,0.9600000000000001,152
World Cup 2026/27 | pre_last_hour  F=10s,maker/taker,1668.6600000000003,0.965,152
World Cup 2026/27 | pre_last_hour  F=10s,maker/taker,1759.4599999999998,0.97,152
World Cup 2026/27 | pre_last_hour  F=10s,maker/taker,1974.7749999999962,0.975,152
World Cup 2026/27 | pre_last_hour  F=10s,maker/taker,2487.4199999999933,0.98,152
World Cup 2026/27 | pre_last_hour  F=10s,maker/taker,2650.939999999997,0.985,152
World Cup 2026/27 | pre_last_hour  F=10s,maker/taker,2753.510000000001,0.99,152
World Cup 2026/27 | pre_last_hour  F=10s,maker/taker,2817.4750000000004,0.995,152
World Cup 2026/27 | pre_last_hour  F=10s,taker/maker,1.0,0.005,215
World Cup 2026/27 | pre_last_hour  F=10s,taker/maker,1.0,0.01,215
World Cup 2026/27 | pre_last_hour  F=10s,taker/maker,1.21,0.015,215
World Cup 2026/27 | pre_last_hour  F=10s,taker/maker,2.0,0.02,215
World Cup 2026/27 | pre_last_hour  F=10s,taker/maker,2.0,0.025,215
World Cup 2026/27 | pre_last_hour  F=10s,taker/maker,2.420000000000001,0.030000000000000002,215
World Cup 2026/27 | pre_last_hour  F=10s,taker/maker,3.0,0.034999999999999996,215
World Cup 2026/27 | pre_last_hour  F=10s,taker/maker,3.0,0.04,215
World Cup 2026/27 | pre_last_hour  F=10s,taker/maker,3.0,0.045,215
World Cup 2026/27 | pre_last_hour  F=10s,taker/maker,3.0,0.049999999999999996,215
World Cup 2026/27 | pre_last_hour  F=10s,taker/maker,3.0,0.055,215
World Cup 2026/27 | pre_last_hour  F=10s,taker/maker,3.0,0.06,215
World Cup 2026/27 | pre_last_hour  F=10s,taker/maker,3.91,0.065,215
World Cup 2026/27 | pre_last_hour  F=10s,taker/maker,4.0,0.07,215
World Cup 2026/27 | pre_last_hour  F=10s,taker/maker,4.050000000000001,0.07500000000000001,215
World Cup 2026/27 | pre_last_hour  F=10s,taker/maker,5.0,0.08,215
World Cup 2026/27 | pre_last_hour  F=10s,taker/maker,5.0,0.085,215
World Cup 2026/27 | pre_last_hour  F=10s,taker/maker,5.0,0.09000000000000001,215
World Cup 2026/27 | pre_last_hour  F=10s,taker/maker,5.0,0.095,215
World Cup 2026/27 | pre_last_hour  F=10s,taker/maker,5.0,0.1,215
World Cup 2026/27 | pre_last_hour  F=10s,taker/maker,5.0,0.10500000000000001,215
World Cup 2026/27 | pre_last_hour  F=10s,taker/maker,5.539999999999999,0.11,215
World Cup 2026/27 | pre_last_hour  F=10s,taker/maker,6.0,0.115,215
World Cup 2026/27 | pre_last_hour  F=10s,taker/maker,6.0,0.12000000000000001,215
World Cup 2026/27 | pre_last_hour  F=10s,taker/maker,6.75,0.125,215
World Cup 2026/27 | pre_last_hour  F=10s,taker/maker,7.0,0.13,215
World Cup 2026/27 | pre_last_hour  F=10s,taker/maker,7.0,0.135,215
World Cup 2026/27 | pre_last_hour  F=10s,taker/maker,7.960000000000004,0.14,215
World Cup 2026/27 | pre_last_hour  F=10s,taker/maker,10.030000000000005,0.14500000000000002,215
World Cup 2026/27 | pre_last_hour  F=10s,taker/maker,11.0,0.15,215
World Cup 2026/27 | pre_last_hour  F=10s,taker/maker,11.340000000000003,0.155,215
World Cup 2026/27 | pre_last_hour  F=10s,taker/maker,13.0,0.16,215
World Cup 2026/27 | pre_last_hour  F=10s,taker/maker,13.310000000000002,0.165,215
World Cup 2026/27 | pre_last_hour  F=10s,taker/maker,14.380000000000003,0.17,215
World Cup 2026/27 | pre_last_hour  F=10s,taker/maker,16.35000000000001,0.17500000000000002,215
World Cup 2026/27 | pre_last_hour  F=10s,taker/maker,18.0,0.18000000000000002,215
World Cup 2026/27 | pre_last_hour  F=10s,taker/maker,18.589999999999996,0.185,215
World Cup 2026/27 | pre_last_hour  F=10s,taker/maker,19.660000000000004,0.19,215
World Cup 2026/27 | pre_last_hour  F=10s,taker/maker,20.730000000000004,0.195,215
World Cup 2026/27 | pre_last_hour  F=10s,taker/maker,22.60000000000001,0.2,215
World Cup 2026/27 | pre_last_hour  F=10s,taker/maker,23.0,0.20500000000000002,215
World Cup 2026/27 | pre_last_hour  F=10s,taker/maker,23.940000000000005,0.21000000000000002,215
World Cup 2026/27 | pre_last_hour  F=10s,taker/maker,24.0,0.215,215
World Cup 2026/27 | pre_last_hour  F=10s,taker/maker,24.08,0.22,215
World Cup 2026/27 | pre_last_hour  F=10s,taker/maker,25.0,0.225,215
World Cup 2026/27 | pre_last_hour  F=10s,taker/maker,25.22,0.23,215
World Cup 2026/27 | pre_last_hour  F=10s,taker/maker,26.290000000000006,0.23500000000000001,215
World Cup 2026/27 | pre_last_hour  F=10s,taker/maker,27.360000000000007,0.24000000000000002,215
World Cup 2026/27 | pre_last_hour  F=10s,taker/maker,28.86,0.245,215
World Cup 2026/27 | pre_last_hour  F=10s,taker/maker,30.5,0.25,215
World Cup 2026/27 | pre_last_hour  F=10s,taker/maker,31.0,0.255,215
World Cup 2026/27 | pre_last_hour  F=10s,taker/maker,31.64,0.26,215
World Cup 2026/27 | pre_last_hour  F=10s,taker/maker,32.0,0.265,215
World Cup 2026/27 | pre_last_hour  F=10s,taker/maker,32.78,0.27,215
World Cup 2026/27 | pre_last_hour  F=10s,taker/maker,33.0,0.275,215
World Cup 2026/27 | pre_last_hour  F=10s,taker/maker,35.760000000000026,0.28,215
World Cup 2026/27 | pre_last_hour  F=10s,taker/maker,36.0,0.28500000000000003,215
World Cup 2026/27 | pre_last_hour  F=10s,taker/maker,38.06000000000001,0.29000000000000004,215
World Cup 2026/27 | pre_last_hour  F=10s,taker/maker,39.129999999999995,0.295,215
World Cup 2026/27 | pre_last_hour  F=10s,taker/maker,40.0,0.3,215
World Cup 2026/27 | pre_last_hour  F=10s,taker/maker,40.0,0.305,215
World Cup 2026/27 | pre_last_hour  F=10s,taker/maker,40.34,0.31,215
World Cup 2026/27 | pre_last_hour  F=10s,taker/maker,41.41,0.315,215
World Cup 2026/27 | pre_last_hour  F=10s,taker/maker,42.480000000000004,0.32,215
World Cup 2026/27 | pre_last_hour  F=10s,taker/maker,43.55,0.325,215
World Cup 2026/27 | pre_last_hour  F=10s,taker/maker,47.72000000000003,0.33,215
World Cup 2026/27 | pre_last_hour  F=10s,taker/maker,50.69,0.335,215
World Cup 2026/27 | pre_last_hour  F=10s,taker/maker,51.0,0.34,215
World Cup 2026/27 | pre_last_hour  F=10s,taker/maker,53.49000000000004,0.34500000000000003,215
World Cup 2026/27 | pre_last_hour  F=10s,taker/maker,54.0,0.35000000000000003,215
World Cup 2026/27 | pre_last_hour  F=10s,taker/maker,54.97000000000001,0.35500000000000004,215
World Cup 2026/27 | pre_last_hour  F=10s,taker/maker,57.0,0.36,215
World Cup 2026/27 | pre_last_hour  F=10s,taker/maker,57.0,0.365,215
World Cup 2026/27 | pre_last_hour  F=10s,taker/maker,57.53999999999998,0.37,215
World Cup 2026/27 | pre_last_hour  F=10s,taker/maker,60.0,0.375,215
World Cup 2026/27 | pre_last_hour  F=10s,taker/maker,60.32000000000001,0.38,215
World Cup 2026/27 | pre_last_hour  F=10s,taker/maker,61.0,0.385,215
World Cup 2026/27 | pre_last_hour  F=10s,taker/maker,61.46000000000001,0.39,215
World Cup 2026/27 | pre_last_hour  F=10s,taker/maker,62.53,0.395,215
World Cup 2026/27 | pre_last_hour  F=10s,taker/maker,65.40000000000003,0.4,215
World Cup 2026/27 | pre_last_hour  F=10s,taker/maker,68.34,0.405,215
World Cup 2026/27 | pre_last_hour  F=10s,taker/maker,71.22000000000003,0.41000000000000003,215
World Cup 2026/27 | pre_last_hour  F=10s,taker/maker,72.81,0.41500000000000004,215
World Cup 2026/27 | pre_last_hour  F=10s,taker/maker,74.76000000000002,0.42000000000000004,215
World Cup 2026/27 | pre_last_hour  F=10s,taker/maker,75.95,0.425,215
World Cup 2026/27 | pre_last_hour  F=10s,taker/maker,77.03999999999999,0.43,215
World Cup 2026/27 | pre_last_hour  F=10s,taker/maker,79.90000000000003,0.435,215
World Cup 2026/27 | pre_last_hour  F=10s,taker/maker,89.32,0.44,215
World Cup 2026/27 | pre_last_hour  F=10s,taker/maker,91.23,0.445,215
World Cup 2026/27 | pre_last_hour  F=10s,taker/maker,92.89999999999999,0.45,215
World Cup 2026/27 | pre_last_hour  F=10s,taker/maker,95.74000000000001,0.455,215
World Cup 2026/27 | pre_last_hour  F=10s,taker/maker,97.44,0.46,215
World Cup 2026/27 | pre_last_hour  F=10s,taker/maker,98.51,0.465,215
World Cup 2026/27 | pre_last_hour  F=10s,taker/maker,100.16000000000003,0.47000000000000003,215
World Cup 2026/27 | pre_last_hour  F=10s,taker/maker,101.65,0.47500000000000003,215
World Cup 2026/27 | pre_last_hour  F=10s,taker/maker,102.0,0.48000000000000004,215
World Cup 2026/27 | pre_last_hour  F=10s,taker/maker,109.10999999999993,0.485,215
World Cup 2026/27 | pre_last_hour  F=10s,taker/maker,112.72,0.49,215
World Cup 2026/27 | pre_last_hour  F=10s,taker/maker,113.92999999999999,0.495,215
World Cup 2026/27 | pre_last_hour  F=10s,taker/maker,118.0,0.5,215
World Cup 2026/27 | pre_last_hour  F=10s,taker/maker,121.9100000000001,0.505,215
World Cup 2026/27 | pre_last_hour  F=10s,taker/maker,135.54000000000002,0.51,215
World Cup 2026/27 | pre_last_hour  F=10s,taker/maker,146.47000000000006,0.515,215
World Cup 2026/27 | pre_last_hour  F=10s,taker/maker,152.56,0.52,215
World Cup 2026/27 | pre_last_hour  F=10s,taker/maker,155.40000000000003,0.525,215
World Cup 2026/27 | pre_last_hour  F=10s,taker/maker,158.84,0.53,215
World Cup 2026/27 | pre_last_hour  F=10s,taker/maker,160.49,0.535,215
World Cup 2026/27 | pre_last_hour  F=10s,taker/maker,161.56,0.54,215
World Cup 2026/27 | pre_last_hour  F=10s,taker/maker,162.63,0.545,215
World Cup 2026/27 | pre_last_hour  F=10s,taker/maker,174.20000000000005,0.55,215
World Cup 2026/27 | pre_last_hour  F=10s,taker/maker,179.77,0.555,215
World Cup 2026/27 | pre_last_hour  F=10s,taker/maker,182.52000000000004,0.56,215
World Cup 2026/27 | pre_last_hour  F=10s,taker/maker,186.64000000000004,0.5650000000000001,215
World Cup 2026/27 | pre_last_hour  F=10s,taker/maker,190.92000000000007,0.5700000000000001,215
World Cup 2026/27 | pre_last_hour  F=10s,taker/maker,198.15000000000003,0.5750000000000001,215
World Cup 2026/27 | pre_last_hour  F=10s,taker/maker,201.12,0.5800000000000001,215
World Cup 2026/27 | pre_last_hour  F=10s,taker/maker,202.19,0.585,215
World Cup 2026/27 | pre_last_hour  F=10s,taker/maker,203.26,0.59,215
World Cup 2026/27 | pre_last_hour  F=10s,taker/maker,204.32999999999998,0.595,215
World Cup 2026/27 | pre_last_hour  F=10s,taker/maker,207.80000000000004,0.6,215
World Cup 2026/27 | pre_last_hour  F=10s,taker/maker,213.41,0.605,215
World Cup 2026/27 | pre_last_hour  F=10s,taker/maker,221.4799999999999,0.61,215
World Cup 2026/27 | pre_last_hour  F=10s,taker/maker,233.09999999999985,0.615,215
World Cup 2026/27 | pre_last_hour  F=10s,taker/maker,241.08000000000004,0.62,215
World Cup 2026/27 | pre_last_hour  F=10s,taker/maker,243.75,0.625,215
World Cup 2026/27 | pre_last_hour  F=10s,taker/maker,248.09999999999997,0.63,215
World Cup 2026/27 | pre_last_hour  F=10s,taker/maker,252.56000000000006,0.635,215
World Cup 2026/27 | pre_last_hour  F=10s,taker/maker,253.0,0.64,215
World Cup 2026/27 | pre_last_hour  F=10s,taker/maker,254.03,0.645,215
World Cup 2026/27 | pre_last_hour  F=10s,taker/maker,255.49999999999997,0.65,215
World Cup 2026/27 | pre_last_hour  F=10s,taker/maker,262.0400000000002,0.655,215
World Cup 2026/27 | pre_last_hour  F=10s,taker/maker,272.96000000000004,0.66,215
World Cup 2026/27 | pre_last_hour  F=10s,taker/maker,276.31,0.665,215
World Cup 2026/27 | pre_last_hour  F=10s,taker/maker,277.0,0.67,215
World Cup 2026/27 | pre_last_hour  F=10s,taker/maker,278.35,0.675,215
World Cup 2026/27 | pre_last_hour  F=10s,taker/maker,281.56000000000006,0.68,215
World Cup 2026/27 | pre_last_hour  F=10s,taker/maker,289.49,0.685,215
World Cup 2026/27 | pre_last_hour  F=10s,taker/maker,295.32000000000005,0.6900000000000001,215
World Cup 2026/27 | pre_last_hour  F=10s,taker/maker,298.19000000000005,0.6950000000000001,215
World Cup 2026/27 | pre_last_hour  F=10s,taker/maker,309.40000000000015,0.7000000000000001,215
World Cup 2026/27 | pre_last_hour  F=10s,taker/maker,316.35,0.7050000000000001,215
World Cup 2026/27 | pre_last_hour  F=10s,taker/maker,337.67999999999995,0.71,215
World Cup 2026/27 | pre_last_hour  F=10s,taker/maker,358.03999999999996,0.715,215
World Cup 2026/27 | pre_last_hour  F=10s,taker/maker,362.08,0.72,215
World Cup 2026/27 | pre_last_hour  F=10s,taker/maker,365.1000000000001,0.725,215
World Cup 2026/27 | pre_last_hour  F=10s,taker/maker,381.4,0.73,215
World Cup 2026/27 | pre_last_hour  F=10s,taker/maker,397.0,0.735,215
World Cup 2026/27 | pre_last_hour  F=10s,taker/maker,399.51999999999987,0.74,215
World Cup 2026/27 | pre_last_hour  F=10s,taker/maker,405.72,0.745,215
World Cup 2026/27 | pre_last_hour  F=10s,taker/maker,417.5,0.75,215
World Cup 2026/27 | pre_last_hour  F=10s,taker/maker,429.84999999999997,0.755,215
World Cup 2026/27 | pre_last_hour  F=10s,taker/maker,440.32000000000016,0.76,215
World Cup 2026/27 | pre_last_hour  F=10s,taker/maker,449.97,0.765,215
World Cup 2026/27 | pre_last_hour  F=10s,taker/maker,459.8,0.77,215
World Cup 2026/27 | pre_last_hour  F=10s,taker/maker,463.7,0.775,215
World Cup 2026/27 | pre_last_hour  F=10s,taker/maker,485.16000000000037,0.78,215
World Cup 2026/27 | pre_last_hour  F=10s,taker/maker,491.95000000000005,0.785,215
World Cup 2026/27 | pre_last_hour  F=10s,taker/maker,518.24,0.79,215
World Cup 2026/27 | pre_last_hour  F=10s,taker/maker,524.3399999999999,0.795,215
World Cup 2026/27 | pre_last_hour  F=10s,taker/maker,540.4000000000001,0.8,215
World Cup 2026/27 | pre_last_hour  F=10s,taker/maker,548.2100000000003,0.805,215
World Cup 2026/27 | pre_last_hour  F=10s,taker/maker,566.02,0.81,215
World Cup 2026/27 | pre_last_hour  F=10s,taker/maker,572.5100000000002,0.8150000000000001,215
World Cup 2026/27 | pre_last_hour  F=10s,taker/maker,587.1600000000003,0.8200000000000001,215
World Cup 2026/27 | pre_last_hour  F=10s,taker/maker,608.1000000000003,0.8250000000000001,215
World Cup 2026/27 | pre_last_hour  F=10s,taker/maker,647.7600000000002,0.8300000000000001,215
World Cup 2026/27 | pre_last_hour  F=10s,taker/maker,670.8300000000002,0.8350000000000001,215
World Cup 2026/27 | pre_last_hour  F=10s,taker/maker,718.5999999999995,0.84,215
World Cup 2026/27 | pre_last_hour  F=10s,taker/maker,737.1499999999999,0.845,215
World Cup 2026/27 | pre_last_hour  F=10s,taker/maker,746.1,0.85,215
World Cup 2026/27 | pre_last_hour  F=10s,taker/maker,768.3399999999999,0.855,215
World Cup 2026/27 | pre_last_hour  F=10s,taker/maker,770.6799999999998,0.86,215
World Cup 2026/27 | pre_last_hour  F=10s,taker/maker,790.1899999999996,0.865,215
World Cup 2026/27 | pre_last_hour  F=10s,taker/maker,830.5800000000006,0.87,215
World Cup 2026/27 | pre_last_hour  F=10s,taker/maker,906.5,0.875,215
World Cup 2026/27 | pre_last_hour  F=10s,taker/maker,941.0799999999999,0.88,215
World Cup 2026/27 | pre_last_hour  F=10s,taker/maker,986.3700000000013,0.885,215
World Cup 2026/27 | pre_last_hour  F=10s,taker/maker,1041.6000000000001,0.89,215
World Cup 2026/27 | pre_last_hour  F=10s,taker/maker,1087.8100000000002,0.895,215
World Cup 2026/27 | pre_last_hour  F=10s,taker/maker,1143.1999999999998,0.9,215
World Cup 2026/27 | pre_last_hour  F=10s,taker/maker,1165.38,0.905,215
World Cup 2026/27 | pre_last_hour  F=10s,taker/maker,1320.9600000000019,0.91,215
World Cup 2026/27 | pre_last_hour  F=10s,taker/maker,1385.3400000000001,0.915,215
World Cup 2026/27 | pre_last_hour  F=10s,taker/maker,1393.28,0.92,215
World Cup 2026/27 | pre_last_hour  F=10s,taker/maker,1408.2500000000002,0.925,215
World Cup 2026/27 | pre_last_hour  F=10s,taker/maker,1512.6400000000003,0.93,215
World Cup 2026/27 | pre_last_hour  F=10s,taker/maker,1553.8100000000004,0.935,215
World Cup 2026/27 | pre_last_hour  F=10s,taker/maker,1665.640000000002,0.9400000000000001,215
World Cup 2026/27 | pre_last_hour  F=10s,taker/maker,1750.8600000000015,0.9450000000000001,215
World Cup 2026/27 | pre_last_hour  F=10s,taker/maker,1859.9000000000017,0.9500000000000001,215
World Cup 2026/27 | pre_last_hour  F=10s,taker/maker,1989.5700000000002,0.9550000000000001,215
World Cup 2026/27 | pre_last_hour  F=10s,taker/maker,2059.680000000002,0.9600000000000001,215
World Cup 2026/27 | pre_last_hour  F=10s,taker/maker,2283.0899999999965,0.965,215
World Cup 2026/27 | pre_last_hour  F=10s,taker/maker,2485.6799999999994,0.97,215
World Cup 2026/27 | pre_last_hour  F=10s,taker/maker,2642.800000000001,0.975,215
World Cup 2026/27 | pre_last_hour  F=10s,taker/maker,2727.08,0.98,215
World Cup 2026/27 | pre_last_hour  F=10s,taker/maker,2798.149999999999,0.985,215
World Cup 2026/27 | pre_last_hour  F=10s,taker/maker,2848.6799999999994,0.99,215
World Cup 2026/27 | pre_last_hour  F=10s,taker/maker,3047.4400000000014,0.995,215
World Cup 2026/27 | pre_last_hour  F=10s,taker/taker,2.03,0.005,7
World Cup 2026/27 | pre_last_hour  F=10s,taker/taker,2.06,0.01,7
World Cup 2026/27 | pre_last_hour  F=10s,taker/taker,2.09,0.015,7
World Cup 2026/27 | pre_last_hour  F=10s,taker/taker,2.12,0.02,7
World Cup 2026/27 | pre_last_hour  F=10s,taker/taker,2.15,0.025,7
World Cup 2026/27 | pre_last_hour  F=10s,taker/taker,2.18,0.030000000000000002,7
World Cup 2026/27 | pre_last_hour  F=10s,taker/taker,2.21,0.034999999999999996,7
World Cup 2026/27 | pre_last_hour  F=10s,taker/taker,2.24,0.04,7
World Cup 2026/27 | pre_last_hour  F=10s,taker/taker,2.27,0.045,7
World Cup 2026/27 | pre_last_hour  F=10s,taker/taker,2.3,0.049999999999999996,7
World Cup 2026/27 | pre_last_hour  F=10s,taker/taker,2.33,0.055,7
World Cup 2026/27 | pre_last_hour  F=10s,taker/taker,2.36,0.06,7
World Cup 2026/27 | pre_last_hour  F=10s,taker/taker,2.39,0.065,7
World Cup 2026/27 | pre_last_hour  F=10s,taker/taker,2.42,0.07,7
World Cup 2026/27 | pre_last_hour  F=10s,taker/taker,2.45,0.07500000000000001,7
World Cup 2026/27 | pre_last_hour  F=10s,taker/taker,2.48,0.08,7
World Cup 2026/27 | pre_last_hour  F=10s,taker/taker,2.51,0.085,7
World Cup 2026/27 | pre_last_hour  F=10s,taker/taker,2.54,0.09000000000000001,7
World Cup 2026/27 | pre_last_hour  F=10s,taker/taker,2.5700000000000003,0.095,7
World Cup 2026/27 | pre_last_hour  F=10s,taker/taker,2.6,0.1,7
World Cup 2026/27 | pre_last_hour  F=10s,taker/taker,2.63,0.10500000000000001,7
World Cup 2026/27 | pre_last_hour  F=10s,taker/taker,2.66,0.11,7
World Cup 2026/27 | pre_last_hour  F=10s,taker/taker,2.69,0.115,7
World Cup 2026/27 | pre_last_hour  F=10s,taker/taker,2.72,0.12000000000000001,7
World Cup 2026/27 | pre_last_hour  F=10s,taker/taker,2.75,0.125,7
World Cup 2026/27 | pre_last_hour  F=10s,taker/taker,2.7800000000000002,0.13,7
World Cup 2026/27 | pre_last_hour  F=10s,taker/taker,2.81,0.135,7
World Cup 2026/27 | pre_last_hour  F=10s,taker/taker,2.84,0.14,7
World Cup 2026/27 | pre_last_hour  F=10s,taker/taker,2.87,0.14500000000000002,7
World Cup 2026/27 | pre_last_hour  F=10s,taker/taker,2.9,0.15,7
World Cup 2026/27 | pre_last_hour  F=10s,taker/taker,2.9299999999999997,0.155,7
World Cup 2026/27 | pre_last_hour  F=10s,taker/taker,2.96,0.16,7
World Cup 2026/27 | pre_last_hour  F=10s,taker/taker,2.99,0.165,7
World Cup 2026/27 | pre_last_hour  F=10s,taker/taker,3.2800000000000002,0.17,7
World Cup 2026/27 | pre_last_hour  F=10s,taker/taker,3.7000000000000006,0.17500000000000002,7
World Cup 2026/27 | pre_last_hour  F=10s,taker/taker,4.120000000000001,0.18000000000000002,7
World Cup 2026/27 | pre_last_hour  F=10s,taker/taker,4.539999999999998,0.185,7
World Cup 2026/27 | pre_last_hour  F=10s,taker/taker,4.960000000000002,0.19,7
World Cup 2026/27 | pre_last_hour  F=10s,taker/taker,5.379999999999999,0.195,7
World Cup 2026/27 | pre_last_hour  F=10s,taker/taker,5.8000000000000025,0.2,7
World Cup 2026/27 | pre_last_hour  F=10s,taker/taker,6.22,0.20500000000000002,7
World Cup 2026/27 | pre_last_hour  F=10s,taker/taker,6.640000000000003,0.21000000000000002,7
World Cup 2026/27 | pre_last_hour  F=10s,taker/taker,7.0600000000000005,0.215,7
World Cup 2026/27 | pre_last_hour  F=10s,taker/taker,7.48,0.22,7
World Cup 2026/27 | pre_last_hour  F=10s,taker/taker,7.900000000000001,0.225,7
World Cup 2026/27 | pre_last_hour  F=10s,taker/taker,8.320000000000002,0.23,7
World Cup 2026/27 | pre_last_hour  F=10s,taker/taker,8.740000000000002,0.23500000000000001,7
World Cup 2026/27 | pre_last_hour  F=10s,taker/taker,9.160000000000002,0.24000000000000002,7
World Cup 2026/27 | pre_last_hour  F=10s,taker/taker,9.58,0.245,7
World Cup 2026/27 | pre_last_hour  F=10s,taker/taker,10.0,0.25,7
World Cup 2026/27 | pre_last_hour  F=10s,taker/taker,10.42,0.255,7
World Cup 2026/27 | pre_last_hour  F=10s,taker/taker,10.84,0.26,7
World Cup 2026/27 | pre_last_hour  F=10s,taker/taker,11.260000000000002,0.265,7
World Cup 2026/27 | pre_last_hour  F=10s,taker/taker,11.680000000000001,0.27,7
World Cup 2026/27 | pre_last_hour  F=10s,taker/taker,12.100000000000001,0.275,7
World Cup 2026/27 | pre_last_hour  F=10s,taker/taker,12.520000000000003,0.28,7
World Cup 2026/27 | pre_last_hour  F=10s,taker/taker,12.940000000000003,0.28500000000000003,7
World Cup 2026/27 | pre_last_hour  F=10s,taker/taker,13.360000000000003,0.29000000000000004,7
World Cup 2026/27 | pre_last_hour  F=10s,taker/taker,13.780000000000001,0.295,7
World Cup 2026/27 | pre_last_hour  F=10s,taker/taker,14.199999999999998,0.3,7
World Cup 2026/27 | pre_last_hour  F=10s,taker/taker,14.620000000000001,0.305,7
World Cup 2026/27 | pre_last_hour  F=10s,taker/taker,15.04,0.31,7
World Cup 2026/27 | pre_last_hour  F=10s,taker/taker,15.46,0.315,7
World Cup 2026/27 | pre_last_hour  F=10s,taker/taker,15.879999999999999,0.32,7
World Cup 2026/27 | pre_last_hour  F=10s,taker/taker,16.300000000000004,0.325,7
World Cup 2026/27 | pre_last_hour  F=10s,taker/taker,16.72,0.33,7
World Cup 2026/27 | pre_last_hour  F=10s,taker/taker,17.1,0.335,7
World Cup 2026/27 | pre_last_hour  F=10s,taker/taker,17.4,0.34,7
World Cup 2026/27 | pre_last_hour  F=10s,taker/taker,17.700000000000003,0.34500000000000003,7
World Cup 2026/27 | pre_last_hour  F=10s,taker/taker,18.0,0.35000000000000003,7
World Cup 2026/27 | pre_last_hour  F=10s,taker/taker,18.300000000000004,0.35500000000000004,7
World Cup 2026/27 | pre_last_hour  F=10s,taker/taker,18.6,0.36,7
World Cup 2026/27 | pre_last_hour  F=10s,taker/taker,18.9,0.365,7
World Cup 2026/27 | pre_last_hour  F=10s,taker/taker,19.199999999999996,0.37,7
World Cup 2026/27 | pre_last_hour  F=10s,taker/taker,19.5,0.375,7
World Cup 2026/27 | pre_last_hour  F=10s,taker/taker,19.800000000000004,0.38,7
World Cup 2026/27 | pre_last_hour  F=10s,taker/taker,20.1,0.385,7
World Cup 2026/27 | pre_last_hour  F=10s,taker/taker,20.4,0.39,7
World Cup 2026/27 | pre_last_hour  F=10s,taker/taker,20.700000000000003,0.395,7
World Cup 2026/27 | pre_last_hour  F=10s,taker/taker,21.000000000000004,0.4,7
World Cup 2026/27 | pre_last_hour  F=10s,taker/taker,21.3,0.405,7
World Cup 2026/27 | pre_last_hour  F=10s,taker/taker,21.6,0.41000000000000003,7
World Cup 2026/27 | pre_last_hour  F=10s,taker/taker,21.900000000000002,0.41500000000000004,7
World Cup 2026/27 | pre_last_hour  F=10s,taker/taker,22.200000000000003,0.42000000000000004,7
World Cup 2026/27 | pre_last_hour  F=10s,taker/taker,22.5,0.425,7
World Cup 2026/27 | pre_last_hour  F=10s,taker/taker,22.8,0.43,7
World Cup 2026/27 | pre_last_hour  F=10s,taker/taker,23.099999999999998,0.435,7
World Cup 2026/27 | pre_last_hour  F=10s,taker/taker,23.400000000000002,0.44,7
World Cup 2026/27 | pre_last_hour  F=10s,taker/taker,23.7,0.445,7
World Cup 2026/27 | pre_last_hour  F=10s,taker/taker,24.0,0.45,7
World Cup 2026/27 | pre_last_hour  F=10s,taker/taker,24.3,0.455,7
World Cup 2026/27 | pre_last_hour  F=10s,taker/taker,24.6,0.46,7
World Cup 2026/27 | pre_last_hour  F=10s,taker/taker,24.9,0.465,7
World Cup 2026/27 | pre_last_hour  F=10s,taker/taker,25.200000000000003,0.47000000000000003,7
World Cup 2026/27 | pre_last_hour  F=10s,taker/taker,25.5,0.47500000000000003,7
World Cup 2026/27 | pre_last_hour  F=10s,taker/taker,25.800000000000004,0.48000000000000004,7
World Cup 2026/27 | pre_last_hour  F=10s,taker/taker,26.1,0.485,7
World Cup 2026/27 | pre_last_hour  F=10s,taker/taker,26.4,0.49,7
World Cup 2026/27 | pre_last_hour  F=10s,taker/taker,26.699999999999996,0.495,7
World Cup 2026/27 | pre_last_hour  F=10s,taker/taker,27.0,0.5,7
World Cup 2026/27 | pre_last_hour  F=10s,taker/taker,28.20000000000001,0.505,7
World Cup 2026/27 | pre_last_hour  F=10s,taker/taker,29.400000000000002,0.51,7
World Cup 2026/27 | pre_last_hour  F=10s,taker/taker,30.599999999999994,0.515,7
World Cup 2026/27 | pre_last_hour  F=10s,taker/taker,31.800000000000004,0.52,7
World Cup 2026/27 | pre_last_hour  F=10s,taker/taker,33.000000000000014,0.525,7
World Cup 2026/27 | pre_last_hour  F=10s,taker/taker,34.2,0.53,7
World Cup 2026/27 | pre_last_hour  F=10s,taker/taker,35.4,0.535,7
World Cup 2026/27 | pre_last_hour  F=10s,taker/taker,36.60000000000001,0.54,7
World Cup 2026/27 | pre_last_hour  F=10s,taker/taker,37.80000000000002,0.545,7
World Cup 2026/27 | pre_last_hour  F=10s,taker/taker,39.000000000000014,0.55,7
World Cup 2026/27 | pre_last_hour  F=10s,taker/taker,40.2,0.555,7
World Cup 2026/27 | pre_last_hour  F=10s,taker/taker,41.40000000000001,0.56,7
World Cup 2026/27 | pre_last_hour  F=10s,taker/taker,42.60000000000002,0.5650000000000001,7
World Cup 2026/27 | pre_last_hour  F=10s,taker/taker,43.80000000000001,0.5700000000000001,7
World Cup 2026/27 | pre_last_hour  F=10s,taker/taker,45.00000000000001,0.5750000000000001,7
World Cup 2026/27 | pre_last_hour  F=10s,taker/taker,46.20000000000002,0.5800000000000001,7
World Cup 2026/27 | pre_last_hour  F=10s,taker/taker,47.39999999999999,0.585,7
World Cup 2026/27 | pre_last_hour  F=10s,taker/taker,48.6,0.59,7
World Cup 2026/27 | pre_last_hour  F=10s,taker/taker,49.8,0.595,7
World Cup 2026/27 | pre_last_hour  F=10s,taker/taker,50.999999999999986,0.6,7
World Cup 2026/27 | pre_last_hour  F=10s,taker/taker,52.199999999999996,0.605,7
World Cup 2026/27 | pre_last_hour  F=10s,taker/taker,53.400000000000006,0.61,7
World Cup 2026/27 | pre_last_hour  F=10s,taker/taker,54.599999999999994,0.615,7
World Cup 2026/27 | pre_last_hour  F=10s,taker/taker,55.79999999999999,0.62,7
World Cup 2026/27 | pre_last_hour  F=10s,taker/taker,57.0,0.625,7
World Cup 2026/27 | pre_last_hour  F=10s,taker/taker,58.20000000000001,0.63,7
World Cup 2026/27 | pre_last_hour  F=10s,taker/taker,59.400000000000006,0.635,7
World Cup 2026/27 | pre_last_hour  F=10s,taker/taker,60.599999999999994,0.64,7
World Cup 2026/27 | pre_last_hour  F=10s,taker/taker,61.800000000000004,0.645,7
World Cup 2026/27 | pre_last_hour  F=10s,taker/taker,63.000000000000014,0.65,7
World Cup 2026/27 | pre_last_hour  F=10s,taker/taker,64.2,0.655,7
World Cup 2026/27 | pre_last_hour  F=10s,taker/taker,65.4,0.66,7
World Cup 2026/27 | pre_last_hour  F=10s,taker/taker,66.60000000000001,0.665,7
World Cup 2026/27 | pre_last_hour  F=10s,taker/taker,67.76000000000002,0.67,7
World Cup 2026/27 | pre_last_hour  F=10s,taker/taker,68.90000000000003,0.675,7
World Cup 2026/27 | pre_last_hour  F=10s,taker/taker,70.04,0.68,7
World Cup 2026/27 | pre_last_hour  F=10s,taker/taker,71.18,0.685,7
World Cup 2026/27 | pre_last_hour  F=10s,taker/taker,72.32000000000002,0.6900000000000001,7
World Cup 2026/27 | pre_last_hour  F=10s,taker/taker,73.46,0.6950000000000001,7
World Cup 2026/27 | pre_last_hour  F=10s,taker/taker,74.60000000000001,0.7000000000000001,7
World Cup 2026/27 | pre_last_hour  F=10s,taker/taker,75.74000000000001,0.7050000000000001,7
World Cup 2026/27 | pre_last_hour  F=10s,taker/taker,76.88,0.71,7
World Cup 2026/27 | pre_last_hour  F=10s,taker/taker,78.02,0.715,7
World Cup 2026/27 | pre_last_hour  F=10s,taker/taker,79.16000000000001,0.72,7
World Cup 2026/27 | pre_last_hour  F=10s,taker/taker,80.29999999999998,0.725,7
World Cup 2026/27 | pre_last_hour  F=10s,taker/taker,81.44,0.73,7
World Cup 2026/27 | pre_last_hour  F=10s,taker/taker,82.58000000000001,0.735,7
World Cup 2026/27 | pre_last_hour  F=10s,taker/taker,83.71999999999998,0.74,7
World Cup 2026/27 | pre_last_hour  F=10s,taker/taker,84.85999999999999,0.745,7
World Cup 2026/27 | pre_last_hour  F=10s,taker/taker,86.0,0.75,7
World Cup 2026/27 | pre_last_hour  F=10s,taker/taker,87.14000000000001,0.755,7
World Cup 2026/27 | pre_last_hour  F=10s,taker/taker,88.28000000000002,0.76,7
World Cup 2026/27 | pre_last_hour  F=10s,taker/taker,89.41999999999999,0.765,7
World Cup 2026/27 | pre_last_hour  F=10s,taker/taker,90.56,0.77,7
World Cup 2026/27 | pre_last_hour  F=10s,taker/taker,91.70000000000002,0.775,7
World Cup 2026/27 | pre_last_hour  F=10s,taker/taker,92.83999999999999,0.78,7
World Cup 2026/27 | pre_last_hour  F=10s,taker/taker,93.98,0.785,7
World Cup 2026/27 | pre_last_hour  F=10s,taker/taker,95.12,0.79,7
World Cup 2026/27 | pre_last_hour  F=10s,taker/taker,96.26000000000002,0.795,7
World Cup 2026/27 | pre_last_hour  F=10s,taker/taker,97.40000000000003,0.8,7
World Cup 2026/27 | pre_last_hour  F=10s,taker/taker,98.54,0.805,7
World Cup 2026/27 | pre_last_hour  F=10s,taker/taker,99.68,0.81,7
World Cup 2026/27 | pre_last_hour  F=10s,taker/taker,100.82000000000002,0.8150000000000001,7
World Cup 2026/27 | pre_last_hour  F=10s,taker/taker,101.96,0.8200000000000001,7
World Cup 2026/27 | pre_last_hour  F=10s,taker/taker,103.10000000000001,0.8250000000000001,7
World Cup 2026/27 | pre_last_hour  F=10s,taker/taker,104.24000000000001,0.8300000000000001,7
World Cup 2026/27 | pre_last_hour  F=10s,taker/taker,108.72000000000025,0.8350000000000001,7
World Cup 2026/27 | pre_last_hour  F=10s,taker/taker,119.88000000000001,0.84,7
World Cup 2026/27 | pre_last_hour  F=10s,taker/taker,131.0400000000001,0.845,7
World Cup 2026/27 | pre_last_hour  F=10s,taker/taker,142.19999999999987,0.85,7
World Cup 2026/27 | pre_last_hour  F=10s,taker/taker,153.35999999999996,0.855,7
World Cup 2026/27 | pre_last_hour  F=10s,taker/taker,164.52000000000004,0.86,7
World Cup 2026/27 | pre_last_hour  F=10s,taker/taker,175.6799999999998,0.865,7
World Cup 2026/27 | pre_last_hour  F=10s,taker/taker,186.83999999999992,0.87,7
World Cup 2026/27 | pre_last_hour  F=10s,taker/taker,198.0,0.875,7
World Cup 2026/27 | pre_last_hour  F=10s,taker/taker,209.16000000000008,0.88,7
World Cup 2026/27 | pre_last_hour  F=10s,taker/taker,220.3200000000002,0.885,7
World Cup 2026/27 | pre_last_hour  F=10s,taker/taker,231.47999999999996,0.89,7
World Cup 2026/27 | pre_last_hour  F=10s,taker/taker,242.64000000000004,0.895,7
World Cup 2026/27 | pre_last_hour  F=10s,taker/taker,253.80000000000013,0.9,7
World Cup 2026/27 | pre_last_hour  F=10s,taker/taker,264.9599999999999,0.905,7
World Cup 2026/27 | pre_last_hour  F=10s,taker/taker,276.12,0.91,7
World Cup 2026/27 | pre_last_hour  F=10s,taker/taker,287.2800000000001,0.915,7
World Cup 2026/27 | pre_last_hour  F=10s,taker/taker,298.44000000000017,0.92,7
World Cup 2026/27 | pre_last_hour  F=10s,taker/taker,309.60000000000025,0.925,7
World Cup 2026/27 | pre_last_hour  F=10s,taker/taker,320.76,0.93,7
World Cup 2026/27 | pre_last_hour  F=10s,taker/taker,331.92000000000013,0.935,7
World Cup 2026/27 | pre_last_hour  F=10s,taker/taker,343.0800000000002,0.9400000000000001,7
World Cup 2026/27 | pre_last_hour  F=10s,taker/taker,354.24,0.9450000000000001,7
World Cup 2026/27 | pre_last_hour  F=10s,taker/taker,365.4000000000001,0.9500000000000001,7
World Cup 2026/27 | pre_last_hour  F=10s,taker/taker,376.5600000000002,0.9550000000000001,7
World Cup 2026/27 | pre_last_hour  F=10s,taker/taker,387.72000000000025,0.9600000000000001,7
World Cup 2026/27 | pre_last_hour  F=10s,taker/taker,398.88,0.965,7
World Cup 2026/27 | pre_last_hour  F=10s,taker/taker,410.0400000000001,0.97,7
World Cup 2026/27 | pre_last_hour  F=10s,taker/taker,421.1999999999999,0.975,7
World Cup 2026/27 | pre_last_hour  F=10s,taker/taker,432.35999999999996,0.98,7
World Cup 2026/27 | pre_last_hour  F=10s,taker/taker,443.52000000000004,0.985,7
World Cup 2026/27 | pre_last_hour  F=10s,taker/taker,454.67999999999984,0.99,7
World Cup 2026/27 | pre_last_hour  F=10s,taker/taker,465.8399999999999,0.995,7
