cell,route,freshness,n,pos_0c,pos_pct
Premier League 2025/26 | post_0_to_105m  F=60s,maker/maker,1,223970,165384,73.84203241505558
Premier League 2025/26 | post_0_to_105m  F=60s,maker/maker,2,320856,238704,74.39599072481113
Premier League 2025/26 | post_0_to_105m  F=60s,maker/maker,3,408235,304721,74.64352640023516
Premier League 2025/26 | post_0_to_105m  F=60s,maker/maker,4,476319,356499,74.84458944530871
Premier League 2025/26 | post_0_to_105m  F=60s,maker/maker,5,539482,404922,75.05755521036846
Premier League 2025/26 | post_0_to_105m  F=60s,maker/maker,6,591953,445003,75.17539399242845
Premier League 2025/26 | post_0_to_105m  F=60s,maker/maker,7,640572,482051,75.2532111924967
Premier League 2025/26 | post_0_to_105m  F=60s,maker/maker,8,681513,513542,75.35322143524775
Premier League 2025/26 | post_0_to_105m  F=60s,maker/maker,9,720488,543590,75.44747448951266
Premier League 2025/26 | post_0_to_105m  F=60s,maker/maker,10,754366,569710,75.5216963648945
Premier League 2025/26 | post_0_to_105m  F=60s,maker/maker,11,786982,594979,75.60261861135325
Premier League 2025/26 | post_0_to_105m  F=60s,maker/maker,12,815416,617118,75.68137000009811
Premier League 2025/26 | post_0_to_105m  F=60s,maker/maker,13,843203,638669,75.74320774475423
Premier League 2025/26 | post_0_to_105m  F=60s,maker/maker,14,867534,657574,75.7980667040139
Premier League 2025/26 | post_0_to_105m  F=60s,maker/maker,15,891447,676155,75.84915311846919
Premier League 2025/26 | post_0_to_105m  F=60s,maker/maker,16,912509,692631,75.9040184809136
Premier League 2025/26 | post_0_to_105m  F=60s,maker/maker,17,933138,708693,75.94728753946362
Premier League 2025/26 | post_0_to_105m  F=60s,maker/maker,18,951562,723100,75.99084452720895
Premier League 2025/26 | post_0_to_105m  F=60s,maker/maker,19,969896,737391,76.02784216039657
Premier League 2025/26 | post_0_to_105m  F=60s,maker/maker,20,986411,750232,76.0567349715281
Premier League 2025/26 | post_0_to_105m  F=60s,maker/maker,21,1002585,762916,76.09489469720772
Premier League 2025/26 | post_0_to_105m  F=60s,maker/maker,22,1017341,774436,76.12354166400449
Premier League 2025/26 | post_0_to_105m  F=60s,maker/maker,23,1031742,785693,76.15208065582287
Premier League 2025/26 | post_0_to_105m  F=60s,maker/maker,24,1045147,796208,76.18143667828545
Premier League 2025/26 | post_0_to_105m  F=60s,maker/maker,25,1058372,806563,76.20789287698466
Premier League 2025/26 | post_0_to_105m  F=60s,maker/maker,26,1070501,816016,76.22748600888742
Premier League 2025/26 | post_0_to_105m  F=60s,maker/maker,27,1082433,825336,76.2482296825762
Premier League 2025/26 | post_0_to_105m  F=60s,maker/maker,28,1093455,833958,76.26815918350549
Premier League 2025/26 | post_0_to_105m  F=60s,maker/maker,29,1104537,842568,76.28246043364777
Premier League 2025/26 | post_0_to_105m  F=60s,maker/maker,30,1114582,850398,76.29748192595969
Premier League 2025/26 | post_0_to_105m  F=60s,maker/maker,31,1124505,858196,76.31766866310065
Premier League 2025/26 | post_0_to_105m  F=60s,maker/maker,32,1133945,865591,76.33447830362142
Premier League 2025/26 | post_0_to_105m  F=60s,maker/maker,33,1142968,872667,76.35095645722365
Premier League 2025/26 | post_0_to_105m  F=60s,maker/maker,34,1151596,879384,76.36219646473242
Premier League 2025/26 | post_0_to_105m  F=60s,maker/maker,35,1159961,885938,76.37653334896605
Premier League 2025/26 | post_0_to_105m  F=60s,maker/maker,36,1167905,892121,76.38643554056195
Premier League 2025/26 | post_0_to_105m  F=60s,maker/maker,37,1175836,898387,76.40410737551835
Premier League 2025/26 | post_0_to_105m  F=60s,maker/maker,38,1183186,904132,76.41503533679405
Premier League 2025/26 | post_0_to_105m  F=60s,maker/maker,39,1190433,909789,76.42504870076687
Premier League 2025/26 | post_0_to_105m  F=60s,maker/maker,40,1197192,915068,76.43452345154328
Premier League 2025/26 | post_0_to_105m  F=60s,maker/maker,41,1203902,920299,76.44301612589729
Premier League 2025/26 | post_0_to_105m  F=60s,maker/maker,42,1210244,925277,76.45375643258714
Premier League 2025/26 | post_0_to_105m  F=60s,maker/maker,43,1216574,930251,76.46481019650264
Premier League 2025/26 | post_0_to_105m  F=60s,maker/maker,44,1222606,934994,76.47549578523252
Premier League 2025/26 | post_0_to_105m  F=60s,maker/maker,45,1228501,939666,76.48882662692175
Premier League 2025/26 | post_0_to_105m  F=60s,maker/maker,46,1234104,944032,76.49533588741305
Premier League 2025/26 | post_0_to_105m  F=60s,maker/maker,47,1239772,948484,76.50471215675141
Premier League 2025/26 | post_0_to_105m  F=60s,maker/maker,48,1245151,952678,76.51104163270158
Premier League 2025/26 | post_0_to_105m  F=60s,maker/maker,49,1250330,956757,76.52035862532291
Premier League 2025/26 | post_0_to_105m  F=60s,maker/maker,50,1255478,960761,76.52551458488321
Premier League 2025/26 | post_0_to_105m  F=60s,maker/maker,51,1260532,964711,76.5320515464899
Premier League 2025/26 | post_0_to_105m  F=60s,maker/maker,52,1265331,968458,76.53791774642366
Premier League 2025/26 | post_0_to_105m  F=60s,maker/maker,53,1269956,972156,76.55036867419028
Premier League 2025/26 | post_0_to_105m  F=60s,maker/maker,54,1274391,975606,76.55468376659911
Premier League 2025/26 | post_0_to_105m  F=60s,maker/maker,55,1278874,979139,76.56258552445354
Premier League 2025/26 | post_0_to_105m  F=60s,maker/maker,56,1283040,982426,76.57017707943633
Premier League 2025/26 | post_0_to_105m  F=60s,maker/maker,57,1287222,985711,76.57661227045529
Premier League 2025/26 | post_0_to_105m  F=60s,maker/maker,58,1291181,988845,76.58453772166722
Premier League 2025/26 | post_0_to_105m  F=60s,maker/maker,59,1295172,991964,76.58936419255512
Premier League 2025/26 | post_0_to_105m  F=60s,maker/maker,60,1299032,995000,76.5954957229691
Premier League 2025/26 | post_0_to_105m  F=60s,maker/maker,61,1302726,997887,76.59991433348225
Premier League 2025/26 | post_0_to_105m  F=60s,maker/maker,62,1306282,1000667,76.60420950453272
Premier League 2025/26 | post_0_to_105m  F=60s,maker/maker,63,1309865,1003487,76.6099559878308
Premier League 2025/26 | post_0_to_105m  F=60s,maker/maker,64,1313299,1006205,76.6165968298156
Premier League 2025/26 | post_0_to_105m  F=60s,maker/maker,65,1316746,1008904,76.62100359522641
Premier League 2025/26 | post_0_to_105m  F=60s,maker/maker,66,1319989,1011412,76.622759735119
Premier League 2025/26 | post_0_to_105m  F=60s,maker/maker,67,1323215,1013941,76.62707874381714
Premier League 2025/26 | post_0_to_105m  F=60s,maker/maker,68,1326261,1016353,76.63295535343345
Premier League 2025/26 | post_0_to_105m  F=60s,maker/maker,69,1329306,1018733,76.63645541357671
Premier League 2025/26 | post_0_to_105m  F=60s,maker/maker,70,1332149,1020967,76.64060101385056
Premier League 2025/26 | post_0_to_105m  F=60s,maker/maker,71,1334994,1023228,76.64663661409715
Premier League 2025/26 | post_0_to_105m  F=60s,maker/maker,72,1337783,1025439,76.65211772013846
Premier League 2025/26 | post_0_to_105m  F=60s,maker/maker,73,1340617,1027664,76.65604717827686
Premier League 2025/26 | post_0_to_105m  F=60s,maker/maker,74,1343269,1029786,76.66267888263631
Premier League 2025/26 | post_0_to_105m  F=60s,maker/maker,75,1345912,1031864,76.66652797508307
Premier League 2025/26 | post_0_to_105m  F=60s,maker/maker,76,1348429,1033852,76.67085178381657
Premier League 2025/26 | post_0_to_105m  F=60s,maker/maker,77,1351168,1036015,76.6755133336491
Premier League 2025/26 | post_0_to_105m  F=60s,maker/maker,78,1353728,1038026,76.67906699130106
Premier League 2025/26 | post_0_to_105m  F=60s,maker/maker,79,1356130,1039905,76.68180779128845
Premier League 2025/26 | post_0_to_105m  F=60s,maker/maker,80,1358452,1041748,76.6864048196035
Premier League 2025/26 | post_0_to_105m  F=60s,maker/maker,81,1360843,1043633,76.69018395215319
Premier League 2025/26 | post_0_to_105m  F=60s,maker/maker,82,1363056,1045368,76.69296052399902
Premier League 2025/26 | post_0_to_105m  F=60s,maker/maker,83,1365337,1047141,76.69469149374844
Premier League 2025/26 | post_0_to_105m  F=60s,maker/maker,84,1367378,1048781,76.70015167715145
Premier League 2025/26 | post_0_to_105m  F=60s,maker/maker,85,1369685,1050596,76.70347561665639
Premier League 2025/26 | post_0_to_105m  F=60s,maker/maker,86,1371699,1052161,76.7049476598
Premier League 2025/26 | post_0_to_105m  F=60s,maker/maker,87,1373816,1053836,76.70867132134143
Premier League 2025/26 | post_0_to_105m  F=60s,maker/maker,88,1375872,1055470,76.71280467950507
Premier League 2025/26 | post_0_to_105m  F=60s,maker/maker,89,1377856,1057052,76.71716057410934
Premier League 2025/26 | post_0_to_105m  F=60s,maker/maker,90,1379774,1058546,76.71879597673242
Premier League 2025/26 | post_0_to_105m  F=60s,maker/maker,91,1381674,1060019,76.71990643234221
Premier League 2025/26 | post_0_to_105m  F=60s,maker/maker,92,1383603,1061522,76.72157403532661
Premier League 2025/26 | post_0_to_105m  F=60s,maker/maker,93,1385437,1062963,76.72402281734932
Premier League 2025/26 | post_0_to_105m  F=60s,maker/maker,94,1387219,1064366,76.7266019280301
Premier League 2025/26 | post_0_to_105m  F=60s,maker/maker,95,1389004,1065754,76.72792878926195
Premier League 2025/26 | post_0_to_105m  F=60s,maker/maker,96,1390774,1067152,76.73079882137573
Premier League 2025/26 | post_0_to_105m  F=60s,maker/maker,97,1392532,1068531,76.7329583808487
Premier League 2025/26 | post_0_to_105m  F=60s,maker/maker,98,1394190,1069830,76.73487831644181
Premier League 2025/26 | post_0_to_105m  F=60s,maker/maker,99,1395928,1071199,76.73741052547123
Premier League 2025/26 | post_0_to_105m  F=60s,maker/maker,100,1397586,1072510,76.74017913745558
Premier League 2025/26 | post_0_to_105m  F=60s,maker/maker,101,1399286,1073828,76.74113798036998
Premier League 2025/26 | post_0_to_105m  F=60s,maker/maker,102,1400903,1075108,76.74392873739295
Premier League 2025/26 | post_0_to_105m  F=60s,maker/maker,103,1402412,1076283,76.74513623671218
Premier League 2025/26 | post_0_to_105m  F=60s,maker/maker,104,1403962,1077507,76.74759003448811
Premier League 2025/26 | post_0_to_105m  F=60s,maker/maker,105,1405486,1078715,76.75031981819812
Premier League 2025/26 | post_0_to_105m  F=60s,maker/maker,106,1406935,1079837,76.75102261298497
Premier League 2025/26 | post_0_to_105m  F=60s,maker/maker,107,1408408,1080989,76.75254613719888
Premier League 2025/26 | post_0_to_105m  F=60s,maker/maker,108,1409825,1082120,76.75562569822496
Premier League 2025/26 | post_0_to_105m  F=60s,maker/maker,109,1411280,1083275,76.75833286094893
Premier League 2025/26 | post_0_to_105m  F=60s,maker/maker,110,1412672,1084367,76.75999807457075
Premier League 2025/26 | post_0_to_105m  F=60s,maker/maker,111,1414064,1085447,76.76081139184647
Premier League 2025/26 | post_0_to_105m  F=60s,maker/maker,112,1415402,1086522,76.76419843973656
Premier League 2025/26 | post_0_to_105m  F=60s,maker/maker,113,1416754,1087602,76.7671734118979
Premier League 2025/26 | post_0_to_105m  F=60s,maker/maker,114,1418077,1088650,76.76945610146699
Premier League 2025/26 | post_0_to_105m  F=60s,maker/maker,115,1419367,1089654,76.77041948981483
Premier League 2025/26 | post_0_to_105m  F=60s,maker/maker,116,1420610,1090671,76.77483616193044
Premier League 2025/26 | post_0_to_105m  F=60s,maker/maker,117,1421849,1091649,76.77671820284714
Premier League 2025/26 | post_0_to_105m  F=60s,maker/maker,118,1423058,1092630,76.78042637756157
Premier League 2025/26 | post_0_to_105m  F=60s,maker/maker,119,1424268,1093592,76.78274032696093
Premier League 2025/26 | post_0_to_105m  F=60s,maker/maker,120,1425373,1094475,76.78516430436103
Premier League 2025/26 | post_0_to_105m  F=60s,maker/taker,1,258154,30532,11.827048970769386
Premier League 2025/26 | post_0_to_105m  F=60s,maker/taker,2,367918,43437,11.806163329872417
Premier League 2025/26 | post_0_to_105m  F=60s,maker/taker,3,468138,56259,12.0176101918665
Premier League 2025/26 | post_0_to_105m  F=60s,maker/taker,4,544855,66302,12.16874214240486
Premier League 2025/26 | post_0_to_105m  F=60s,maker/taker,5,614876,74770,12.160175384955666
Premier League 2025/26 | post_0_to_105m  F=60s,maker/taker,6,672780,81921,12.176491572282172
Premier League 2025/26 | post_0_to_105m  F=60s,maker/taker,7,726889,88801,12.21658327475034
Premier League 2025/26 | post_0_to_105m  F=60s,maker/taker,8,771208,94471,12.24974325992469
Premier League 2025/26 | post_0_to_105m  F=60s,maker/taker,9,813041,99949,12.293229984711719
Premier League 2025/26 | post_0_to_105m  F=60s,maker/taker,10,848541,104510,12.31643491593217
Premier League 2025/26 | post_0_to_105m  F=60s,maker/taker,11,882856,109227,12.37200630680428
Premier League 2025/26 | post_0_to_105m  F=60s,maker/taker,12,912271,113344,12.42437828233058
Premier League 2025/26 | post_0_to_105m  F=60s,maker/taker,13,940606,117308,12.471534308732881
Premier League 2025/26 | post_0_to_105m  F=60s,maker/taker,14,965270,120808,12.515461995089456
Premier League 2025/26 | post_0_to_105m  F=60s,maker/taker,15,989649,124293,12.55930132804661
Premier League 2025/26 | post_0_to_105m  F=60s,maker/taker,16,1010801,127365,12.600403046692673
Premier League 2025/26 | post_0_to_105m  F=60s,maker/taker,17,1031899,130435,12.640287469994641
Premier League 2025/26 | post_0_to_105m  F=60s,maker/taker,18,1050386,133163,12.677529974695016
Premier League 2025/26 | post_0_to_105m  F=60s,maker/taker,19,1068433,135849,12.71478885433153
Premier League 2025/26 | post_0_to_105m  F=60s,maker/taker,20,1084632,138276,12.748655765273384
Premier League 2025/26 | post_0_to_105m  F=60s,maker/taker,21,1100449,140679,12.783781892663812
Premier League 2025/26 | post_0_to_105m  F=60s,maker/taker,22,1114790,142919,12.820262112146683
Premier League 2025/26 | post_0_to_105m  F=60s,maker/taker,23,1128722,145051,12.850905714604659
Premier League 2025/26 | post_0_to_105m  F=60s,maker/taker,24,1141605,147021,12.878447448986295
Premier League 2025/26 | post_0_to_105m  F=60s,maker/taker,25,1153969,148940,12.90675919370451
Premier League 2025/26 | post_0_to_105m  F=60s,maker/taker,26,1165449,150793,12.938618506687122
Premier League 2025/26 | post_0_to_105m  F=60s,maker/taker,27,1176635,152590,12.968337674809945
Premier League 2025/26 | post_0_to_105m  F=60s,maker/taker,28,1186708,154199,12.993845158202355
Premier League 2025/26 | post_0_to_105m  F=60s,maker/taker,29,1196927,155825,13.01875552978586
Premier League 2025/26 | post_0_to_105m  F=60s,maker/taker,30,1206380,157249,13.034781743729173
Premier League 2025/26 | post_0_to_105m  F=60s,maker/taker,31,1215465,158693,13.056155463135507
Premier League 2025/26 | post_0_to_105m  F=60s,maker/taker,32,1223872,160089,13.080534565706218
Premier League 2025/26 | post_0_to_105m  F=60s,maker/taker,33,1232232,161436,13.101104337494887
Premier League 2025/26 | post_0_to_105m  F=60s,maker/taker,34,1239972,162756,13.125780259554247
Premier League 2025/26 | post_0_to_105m  F=60s,maker/taker,35,1247626,164063,13.150014507552743
Premier League 2025/26 | post_0_to_105m  F=60s,maker/taker,36,1254628,165163,13.164300493851563
Premier League 2025/26 | post_0_to_105m  F=60s,maker/taker,37,1261607,166312,13.182552094273415
Premier League 2025/26 | post_0_to_105m  F=60s,maker/taker,38,1268120,167465,13.205769170110084
Premier League 2025/26 | post_0_to_105m  F=60s,maker/taker,39,1274584,168590,13.22706075080183
Premier League 2025/26 | post_0_to_105m  F=60s,maker/taker,40,1280465,169624,13.24706259054328
Premier League 2025/26 | post_0_to_105m  F=60s,maker/taker,41,1286323,170585,13.261443665393529
Premier League 2025/26 | post_0_to_105m  F=60s,maker/taker,42,1291773,171569,13.281667909145028
Premier League 2025/26 | post_0_to_105m  F=60s,maker/taker,43,1297308,172545,13.30023402306931
Premier League 2025/26 | post_0_to_105m  F=60s,maker/taker,44,1302405,173409,13.314521980489939
Premier League 2025/26 | post_0_to_105m  F=60s,maker/taker,45,1307472,174312,13.331987224200594
Premier League 2025/26 | post_0_to_105m  F=60s,maker/taker,46,1312332,175186,13.3492134612278
Premier League 2025/26 | post_0_to_105m  F=60s,maker/taker,47,1317096,176009,13.363414663775458
Premier League 2025/26 | post_0_to_105m  F=60s,maker/taker,48,1321456,176743,13.374868327057428
Premier League 2025/26 | post_0_to_105m  F=60s,maker/taker,49,1325851,177476,13.385817863394907
Premier League 2025/26 | post_0_to_105m  F=60s,maker/taker,50,1330035,178216,13.399346633735203
Premier League 2025/26 | post_0_to_105m  F=60s,maker/taker,51,1334205,178977,13.41450526718158
Premier League 2025/26 | post_0_to_105m  F=60s,maker/taker,52,1338214,179707,13.428868626393088
Premier League 2025/26 | post_0_to_105m  F=60s,maker/taker,53,1342067,180384,13.440759664010812
Premier League 2025/26 | post_0_to_105m  F=60s,maker/taker,54,1345760,181026,13.451581262632267
Premier League 2025/26 | post_0_to_105m  F=60s,maker/taker,55,1349506,181734,13.466705594491614
Premier League 2025/26 | post_0_to_105m  F=60s,maker/taker,56,1353018,182355,13.477647747480077
Premier League 2025/26 | post_0_to_105m  F=60s,maker/taker,57,1356516,182955,13.487124368603098
Premier League 2025/26 | post_0_to_105m  F=60s,maker/taker,58,1359816,183580,13.500355930508245
Premier League 2025/26 | post_0_to_105m  F=60s,maker/taker,59,1363093,184228,13.515438785174599
Premier League 2025/26 | post_0_to_105m  F=60s,maker/taker,60,1366217,184840,13.529329528178906
Premier League 2025/26 | post_0_to_105m  F=60s,maker/taker,61,1369333,185411,13.54024185497611
Premier League 2025/26 | post_0_to_105m  F=60s,maker/taker,62,1372188,185933,13.550111209251211
Premier League 2025/26 | post_0_to_105m  F=60s,maker/taker,63,1375093,186472,13.560682804726662
Premier League 2025/26 | post_0_to_105m  F=60s,maker/taker,64,1377850,186982,13.570562833399862
Premier League 2025/26 | post_0_to_105m  F=60s,maker/taker,65,1380692,187522,13.58174017087084
Premier League 2025/26 | post_0_to_105m  F=60s,maker/taker,66,1383257,187985,13.590027015948591
Premier League 2025/26 | post_0_to_105m  F=60s,maker/taker,67,1385807,188465,13.59965709510776
Premier League 2025/26 | post_0_to_105m  F=60s,maker/taker,68,1388272,188933,13.609220671453432
Premier League 2025/26 | post_0_to_105m  F=60s,maker/taker,69,1390734,189396,13.618420201131201
Premier League 2025/26 | post_0_to_105m  F=60s,maker/taker,70,1393032,189826,13.626822642983075
Premier League 2025/26 | post_0_to_105m  F=60s,maker/taker,71,1395361,190282,13.636757799594514
Premier League 2025/26 | post_0_to_105m  F=60s,maker/taker,72,1397590,190724,13.6466345637848
Premier League 2025/26 | post_0_to_105m  F=60s,maker/taker,73,1399718,191129,13.654821899839824
Premier League 2025/26 | post_0_to_105m  F=60s,maker/taker,74,1401760,191518,13.662681200776166
Premier League 2025/26 | post_0_to_105m  F=60s,maker/taker,75,1403931,191940,13.671612066404974
Premier League 2025/26 | post_0_to_105m  F=60s,maker/taker,76,1405927,192327,13.67972874836318
Premier League 2025/26 | post_0_to_105m  F=60s,maker/taker,77,1407951,192727,13.68847353352496
Premier League 2025/26 | post_0_to_105m  F=60s,maker/taker,78,1409838,193105,13.696963764631114
Premier League 2025/26 | post_0_to_105m  F=60s,maker/taker,79,1411794,193500,13.705965601213775
Premier League 2025/26 | post_0_to_105m  F=60s,maker/taker,80,1413573,193826,13.711778592262302
Premier League 2025/26 | post_0_to_105m  F=60s,maker/taker,81,1415437,194200,13.720144379439
Premier League 2025/26 | post_0_to_105m  F=60s,maker/taker,82,1417227,194532,13.726241456026452
Premier League 2025/26 | post_0_to_105m  F=60s,maker/taker,83,1418902,194855,13.732801842551494
Premier League 2025/26 | post_0_to_105m  F=60s,maker/taker,84,1420577,195177,13.739276364463173
Premier League 2025/26 | post_0_to_105m  F=60s,maker/taker,85,1422261,195532,13.747968903035378
Premier League 2025/26 | post_0_to_105m  F=60s,maker/taker,86,1423855,195859,13.755543928279215
Premier League 2025/26 | post_0_to_105m  F=60s,maker/taker,87,1425451,196175,13.762311015952145
Premier League 2025/26 | post_0_to_105m  F=60s,maker/taker,88,1426919,196449,13.767354699180542
Premier League 2025/26 | post_0_to_105m  F=60s,maker/taker,89,1428445,196744,13.773298936955921
Premier League 2025/26 | post_0_to_105m  F=60s,maker/taker,90,1429902,197029,13.779196056792703
Premier League 2025/26 | post_0_to_105m  F=60s,maker/taker,91,1431361,197334,13.786459181156955
Premier League 2025/26 | post_0_to_105m  F=60s,maker/taker,92,1432717,197605,13.792326049038296
Premier League 2025/26 | post_0_to_105m  F=60s,maker/taker,93,1434100,197898,13.799456104874137
Premier League 2025/26 | post_0_to_105m  F=60s,maker/taker,94,1435477,198156,13.804191916693894
Premier League 2025/26 | post_0_to_105m  F=60s,maker/taker,95,1436856,198435,13.810360954751207
Premier League 2025/26 | post_0_to_105m  F=60s,maker/taker,96,1438133,198698,13.816385549876124
Premier League 2025/26 | post_0_to_105m  F=60s,maker/taker,97,1439457,198969,13.822503902513239
Premier League 2025/26 | post_0_to_105m  F=60s,maker/taker,98,1440694,199223,13.828266099532586
Premier League 2025/26 | post_0_to_105m  F=60s,maker/taker,99,1441955,199473,13.8335107544965
Premier League 2025/26 | post_0_to_105m  F=60s,maker/taker,100,1443079,199705,13.838812705333526
Premier League 2025/26 | post_0_to_105m  F=60s,maker/taker,101,1444257,199963,13.845389013174248
Premier League 2025/26 | post_0_to_105m  F=60s,maker/taker,102,1445408,200204,13.85103721578959
Premier League 2025/26 | post_0_to_105m  F=60s,maker/taker,103,1446549,200437,13.856219180961032
Premier League 2025/26 | post_0_to_105m  F=60s,maker/taker,104,1447620,200673,13.862270485348365
Premier League 2025/26 | post_0_to_105m  F=60s,maker/taker,105,1448731,200905,13.867653829454882
Premier League 2025/26 | post_0_to_105m  F=60s,maker/taker,106,1449784,201127,13.872894169062425
Premier League 2025/26 | post_0_to_105m  F=60s,maker/taker,107,1450843,201345,13.877793806773028
Premier League 2025/26 | post_0_to_105m  F=60s,maker/taker,108,1451814,201566,13.88373441776977
Premier League 2025/26 | post_0_to_105m  F=60s,maker/taker,109,1452810,201782,13.88908391324399
Premier League 2025/26 | post_0_to_105m  F=60s,maker/taker,110,1453825,201995,13.894038140766598
Premier League 2025/26 | post_0_to_105m  F=60s,maker/taker,111,1454776,202180,13.897672218953296
Premier League 2025/26 | post_0_to_105m  F=60s,maker/taker,112,1455699,202362,13.901362850424436
Premier League 2025/26 | post_0_to_105m  F=60s,maker/taker,113,1456621,202559,13.906088131367047
Premier League 2025/26 | post_0_to_105m  F=60s,maker/taker,114,1457533,202754,13.91076565676386
Premier League 2025/26 | post_0_to_105m  F=60s,maker/taker,115,1458456,202934,13.914303893981032
Premier League 2025/26 | post_0_to_105m  F=60s,maker/taker,116,1459277,203092,13.917302883551239
Premier League 2025/26 | post_0_to_105m  F=60s,maker/taker,117,1460135,203266,13.921041547528139
Premier League 2025/26 | post_0_to_105m  F=60s,maker/taker,118,1460974,203449,13.925572939696394
Premier League 2025/26 | post_0_to_105m  F=60s,maker/taker,119,1461804,203627,13.929842851709259
Premier League 2025/26 | post_0_to_105m  F=60s,maker/taker,120,1462573,203782,13.93311650085158
Premier League 2025/26 | post_0_to_105m  F=60s,taker/maker,1,258154,54891,21.262889593033616
Premier League 2025/26 | post_0_to_105m  F=60s,taker/maker,2,367918,76803,20.875031936464104
Premier League 2025/26 | post_0_to_105m  F=60s,taker/maker,3,468138,96286,20.567866740149274
Premier League 2025/26 | post_0_to_105m  F=60s,taker/maker,4,544855,110470,20.27511906837599
Premier League 2025/26 | post_0_to_105m  F=60s,taker/maker,5,614876,123692,20.11657635035357
Premier League 2025/26 | post_0_to_105m  F=60s,taker/maker,6,672780,134708,20.022592823805702
Premier League 2025/26 | post_0_to_105m  F=60s,taker/maker,7,726889,145150,19.96866096474152
Premier League 2025/26 | post_0_to_105m  F=60s,taker/maker,8,771208,153109,19.85313949025425
Premier League 2025/26 | post_0_to_105m  F=60s,taker/maker,9,813041,160388,19.726926440364014
Premier League 2025/26 | post_0_to_105m  F=60s,taker/maker,10,848541,166430,19.613666281299313
Premier League 2025/26 | post_0_to_105m  F=60s,taker/maker,11,882856,172357,19.522662812508496
Premier League 2025/26 | post_0_to_105m  F=60s,taker/maker,12,912271,177322,19.437425940318175
Premier League 2025/26 | post_0_to_105m  F=60s,taker/maker,13,940606,182206,19.37112882545933
Premier League 2025/26 | post_0_to_105m  F=60s,taker/maker,14,965270,186392,19.30983041014431
Premier League 2025/26 | post_0_to_105m  F=60s,taker/maker,15,989649,190509,19.250158389489606
Premier League 2025/26 | post_0_to_105m  F=60s,taker/maker,16,1010801,194035,19.19616225152132
Premier League 2025/26 | post_0_to_105m  F=60s,taker/maker,17,1031899,197533,19.142668032433406
Premier League 2025/26 | post_0_to_105m  F=60s,taker/maker,18,1050386,200687,19.106023880744793
Premier League 2025/26 | post_0_to_105m  F=60s,taker/maker,19,1068433,203677,19.06315136279018
Premier League 2025/26 | post_0_to_105m  F=60s,taker/maker,20,1084632,206426,19.031892844762094
Premier League 2025/26 | post_0_to_105m  F=60s,taker/maker,21,1100449,209076,18.999153981692928
Premier League 2025/26 | post_0_to_105m  F=60s,taker/maker,22,1114790,211464,18.968953793988106
Premier League 2025/26 | post_0_to_105m  F=60s,taker/maker,23,1128722,213766,18.938764372449548
Premier League 2025/26 | post_0_to_105m  F=60s,taker/maker,24,1141605,215769,18.900495355223565
Premier League 2025/26 | post_0_to_105m  F=60s,taker/maker,25,1153969,217780,18.872257400328778
Premier League 2025/26 | post_0_to_105m  F=60s,taker/maker,26,1165449,219662,18.847843191765577
Premier League 2025/26 | post_0_to_105m  F=60s,taker/maker,27,1176635,221503,18.825124188894602
Premier League 2025/26 | post_0_to_105m  F=60s,taker/maker,28,1186708,223108,18.800581103354826
Premier League 2025/26 | post_0_to_105m  F=60s,taker/maker,29,1196927,224787,18.780343329208883
Premier League 2025/26 | post_0_to_105m  F=60s,taker/maker,30,1206380,226360,18.763573666672194
Premier League 2025/26 | post_0_to_105m  F=60s,taker/maker,31,1215465,227797,18.741551587252616
Premier League 2025/26 | post_0_to_105m  F=60s,taker/maker,32,1223872,229115,18.720503451341315
Premier League 2025/26 | post_0_to_105m  F=60s,taker/maker,33,1232232,230457,18.702403443507393
Premier League 2025/26 | post_0_to_105m  F=60s,taker/maker,34,1239972,231766,18.691228511611552
Premier League 2025/26 | post_0_to_105m  F=60s,taker/maker,35,1247626,232957,18.672021904000076
Premier League 2025/26 | post_0_to_105m  F=60s,taker/maker,36,1254628,234185,18.665692141415622
Premier League 2025/26 | post_0_to_105m  F=60s,taker/maker,37,1261607,235319,18.6523219988475
Premier League 2025/26 | post_0_to_105m  F=60s,taker/maker,38,1268120,236365,18.639008926600006
Premier League 2025/26 | post_0_to_105m  F=60s,taker/maker,39,1274584,237412,18.626626413010047
Premier League 2025/26 | post_0_to_105m  F=60s,taker/maker,40,1280465,238348,18.61417531912235
Premier League 2025/26 | post_0_to_105m  F=60s,taker/maker,41,1286323,239385,18.610022521559515
Premier League 2025/26 | post_0_to_105m  F=60s,taker/maker,42,1291773,240201,18.59467568992385
Premier League 2025/26 | post_0_to_105m  F=60s,taker/maker,43,1297308,241102,18.584792508795136
Premier League 2025/26 | post_0_to_105m  F=60s,taker/maker,44,1302405,241934,18.5759421992391
Premier League 2025/26 | post_0_to_105m  F=60s,taker/maker,45,1307472,242724,18.564374609934287
Premier League 2025/26 | post_0_to_105m  F=60s,taker/maker,46,1312332,243513,18.55574656413164
Premier League 2025/26 | post_0_to_105m  F=60s,taker/maker,47,1317096,244303,18.548609972241962
Premier League 2025/26 | post_0_to_105m  F=60s,taker/maker,48,1321456,245044,18.543485367655073
Premier League 2025/26 | post_0_to_105m  F=60s,taker/maker,49,1325851,245781,18.5376033958567
Premier League 2025/26 | post_0_to_105m  F=60s,taker/maker,50,1330035,246435,18.52845977737428
Premier League 2025/26 | post_0_to_105m  F=60s,taker/maker,51,1334205,247117,18.521666460551415
Premier League 2025/26 | post_0_to_105m  F=60s,taker/maker,52,1338214,247783,18.515947374635147
Premier League 2025/26 | post_0_to_105m  F=60s,taker/maker,53,1342067,248392,18.50816687989497
Premier League 2025/26 | post_0_to_105m  F=60s,taker/maker,54,1345760,248979,18.500995719890618
Premier League 2025/26 | post_0_to_105m  F=60s,taker/maker,55,1349506,249572,18.493582095966968
Premier League 2025/26 | post_0_to_105m  F=60s,taker/maker,56,1353018,250126,18.486524199973687
Premier League 2025/26 | post_0_to_105m  F=60s,taker/maker,57,1356516,250748,18.484706409655324
Premier League 2025/26 | post_0_to_105m  F=60s,taker/maker,58,1359816,251268,18.478088211934555
Premier League 2025/26 | post_0_to_105m  F=60s,taker/maker,59,1363093,251794,18.47225391077498
Premier League 2025/26 | post_0_to_105m  F=60s,taker/maker,60,1366217,252338,18.469833123142223
Premier League 2025/26 | post_0_to_105m  F=60s,taker/maker,61,1369333,252833,18.4639528880119
Premier League 2025/26 | post_0_to_105m  F=60s,taker/maker,62,1372188,253301,18.4596425562678
Premier League 2025/26 | post_0_to_105m  F=60s,taker/maker,63,1375093,253755,18.453660952386493
Premier League 2025/26 | post_0_to_105m  F=60s,taker/maker,64,1377850,254211,18.449831258845304
Premier League 2025/26 | post_0_to_105m  F=60s,taker/maker,65,1380692,254669,18.445026117338262
Premier League 2025/26 | post_0_to_105m  F=60s,taker/maker,66,1383257,255079,18.440463341230156
Premier League 2025/26 | post_0_to_105m  F=60s,taker/maker,67,1385807,255505,18.437271568118792
Premier League 2025/26 | post_0_to_105m  F=60s,taker/maker,68,1388272,255934,18.435436283379627
Premier League 2025/26 | post_0_to_105m  F=60s,taker/maker,69,1390734,256345,18.432352987702895
Premier League 2025/26 | post_0_to_105m  F=60s,taker/maker,70,1393032,256704,18.427717381940976
Premier League 2025/26 | post_0_to_105m  F=60s,taker/maker,71,1395361,257081,18.42397773766072
Premier League 2025/26 | post_0_to_105m  F=60s,taker/maker,72,1397590,257431,18.41963666025086
Premier League 2025/26 | post_0_to_105m  F=60s,taker/maker,73,1399718,257785,18.416923980401766
Premier League 2025/26 | post_0_to_105m  F=60s,taker/maker,74,1401760,258120,18.413993836320056
Premier League 2025/26 | post_0_to_105m  F=60s,taker/maker,75,1403931,258499,18.4125145751465
Premier League 2025/26 | post_0_to_105m  F=60s,taker/maker,76,1405927,258809,18.408423765956552
Premier League 2025/26 | post_0_to_105m  F=60s,taker/maker,77,1407951,259156,18.40660647991301
Premier League 2025/26 | post_0_to_105m  F=60s,taker/maker,78,1409838,259459,18.40346195804057
Premier League 2025/26 | post_0_to_105m  F=60s,taker/maker,79,1411794,259780,18.40070151877682
Premier League 2025/26 | post_0_to_105m  F=60s,taker/maker,80,1413573,260084,18.399049783774874
Premier League 2025/26 | post_0_to_105m  F=60s,taker/maker,81,1415437,260398,18.397003893497203
Premier League 2025/26 | post_0_to_105m  F=60s,taker/maker,82,1417227,260705,18.395429948766147
Premier League 2025/26 | post_0_to_105m  F=60s,taker/maker,83,1418902,260962,18.391826919688604
Premier League 2025/26 | post_0_to_105m  F=60s,taker/maker,84,1420577,261214,18.387880417604958
Premier League 2025/26 | post_0_to_105m  F=60s,taker/maker,85,1422261,261494,18.38579557479253
Premier League 2025/26 | post_0_to_105m  F=60s,taker/maker,86,1423855,261760,18.383894427452233
Premier League 2025/26 | post_0_to_105m  F=60s,taker/maker,87,1425451,262031,18.382322507052155
Premier League 2025/26 | post_0_to_105m  F=60s,taker/maker,88,1426919,262255,18.379109115513916
Premier League 2025/26 | post_0_to_105m  F=60s,taker/maker,89,1428445,262513,18.37753641197246
Premier League 2025/26 | post_0_to_105m  F=60s,taker/maker,90,1429902,262754,18.375664905706824
Premier League 2025/26 | post_0_to_105m  F=60s,taker/maker,91,1431361,262986,18.373142764124495
Premier League 2025/26 | post_0_to_105m  F=60s,taker/maker,92,1432717,263196,18.370410904595953
Premier League 2025/26 | post_0_to_105m  F=60s,taker/maker,93,1434100,263437,18.369500034865073
Premier League 2025/26 | post_0_to_105m  F=60s,taker/maker,94,1435477,263666,18.367831738160906
Premier League 2025/26 | post_0_to_105m  F=60s,taker/maker,95,1436856,263897,18.36628026747287
Premier League 2025/26 | post_0_to_105m  F=60s,taker/maker,96,1438133,264097,18.36387872331697
Premier League 2025/26 | post_0_to_105m  F=60s,taker/maker,97,1439457,264316,18.362201858061756
Premier League 2025/26 | post_0_to_105m  F=60s,taker/maker,98,1440694,264545,18.362330932175745
Premier League 2025/26 | post_0_to_105m  F=60s,taker/maker,99,1441955,264768,18.361738057012875
Premier League 2025/26 | post_0_to_105m  F=60s,taker/maker,100,1443079,264953,18.36025609131586
Premier League 2025/26 | post_0_to_105m  F=60s,taker/maker,101,1444257,265161,18.35968252187803
Premier League 2025/26 | post_0_to_105m  F=60s,taker/maker,102,1445408,265343,18.357654032633
Premier League 2025/26 | post_0_to_105m  F=60s,taker/maker,103,1446549,265573,18.359073906241683
Premier League 2025/26 | post_0_to_105m  F=60s,taker/maker,104,1447620,265748,18.357580027907876
Premier League 2025/26 | post_0_to_105m  F=60s,taker/maker,105,1448731,265945,18.357100110372457
Premier League 2025/26 | post_0_to_105m  F=60s,taker/maker,106,1449784,266121,18.35590681094563
Premier League 2025/26 | post_0_to_105m  F=60s,taker/maker,107,1450843,266311,18.355604293503845
Premier League 2025/26 | post_0_to_105m  F=60s,taker/maker,108,1451814,266484,18.35524385355149
Premier League 2025/26 | post_0_to_105m  F=60s,taker/maker,109,1452810,266664,18.3550498688748
Premier League 2025/26 | post_0_to_105m  F=60s,taker/maker,110,1453825,266854,18.35530411156776
Premier League 2025/26 | post_0_to_105m  F=60s,taker/maker,111,1454776,267022,18.35485325575896
Premier League 2025/26 | post_0_to_105m  F=60s,taker/maker,112,1455699,267187,18.354549944734455
Premier League 2025/26 | post_0_to_105m  F=60s,taker/maker,113,1456621,267335,18.353092534022235
Premier League 2025/26 | post_0_to_105m  F=60s,taker/maker,114,1457533,267510,18.35361532123115
Premier League 2025/26 | post_0_to_105m  F=60s,taker/maker,115,1458456,267657,18.352079185110828
Premier League 2025/26 | post_0_to_105m  F=60s,taker/maker,116,1459277,267797,18.351347962038737
Premier League 2025/26 | post_0_to_105m  F=60s,taker/maker,117,1460135,267930,18.349673146661097
Premier League 2025/26 | post_0_to_105m  F=60s,taker/maker,118,1460974,268069,18.34864959951375
Premier League 2025/26 | post_0_to_105m  F=60s,taker/maker,119,1461804,268209,18.347808598143118
Premier League 2025/26 | post_0_to_105m  F=60s,taker/maker,120,1462573,268351,18.34787049945541
Premier League 2025/26 | post_0_to_105m  F=60s,taker/taker,1,223970,8396,3.7487163459391883
Premier League 2025/26 | post_0_to_105m  F=60s,taker/taker,2,320856,11009,3.431134215972274
Premier League 2025/26 | post_0_to_105m  F=60s,taker/taker,3,408235,13414,3.2858525114211177
Premier League 2025/26 | post_0_to_105m  F=60s,taker/taker,4,476319,14999,3.148940101066722
Premier League 2025/26 | post_0_to_105m  F=60s,taker/taker,5,539482,16430,3.045514030125194
Premier League 2025/26 | post_0_to_105m  F=60s,taker/taker,6,591953,17673,2.9855410818088597
Premier League 2025/26 | post_0_to_105m  F=60s,taker/taker,7,640572,18826,2.938935826105418
Premier League 2025/26 | post_0_to_105m  F=60s,taker/taker,8,681513,19639,2.8816765050703363
Premier League 2025/26 | post_0_to_105m  F=60s,taker/taker,9,720488,20461,2.8398807474933654
Premier League 2025/26 | post_0_to_105m  F=60s,taker/taker,10,754366,21147,2.8032811659062045
Premier League 2025/26 | post_0_to_105m  F=60s,taker/taker,11,786982,21782,2.767788843963394
Premier League 2025/26 | post_0_to_105m  F=60s,taker/taker,12,815416,22266,2.7306307455335683
Premier League 2025/26 | post_0_to_105m  F=60s,taker/taker,13,843203,22766,2.6999429556109265
Premier League 2025/26 | post_0_to_105m  F=60s,taker/taker,14,867534,23208,2.6751689270968053
Premier League 2025/26 | post_0_to_105m  F=60s,taker/taker,15,891447,23672,2.655457924026891
Premier League 2025/26 | post_0_to_105m  F=60s,taker/taker,16,912509,23998,2.6298918695596427
Premier League 2025/26 | post_0_to_105m  F=60s,taker/taker,17,933138,24368,2.6114036723399967
Premier League 2025/26 | post_0_to_105m  F=60s,taker/taker,18,951562,24666,2.592158997521969
Premier League 2025/26 | post_0_to_105m  F=60s,taker/taker,19,969896,24995,2.577080429241898
Premier League 2025/26 | post_0_to_105m  F=60s,taker/taker,20,986411,25275,2.5623193577524987
Premier League 2025/26 | post_0_to_105m  F=60s,taker/taker,21,1002585,25548,2.5482128697317434
Premier League 2025/26 | post_0_to_105m  F=60s,taker/taker,22,1017341,25789,2.5349415780942675
Premier League 2025/26 | post_0_to_105m  F=60s,taker/taker,23,1031742,26048,2.524662173295262
Premier League 2025/26 | post_0_to_105m  F=60s,taker/taker,24,1045147,26268,2.5133306606630454
Premier League 2025/26 | post_0_to_105m  F=60s,taker/taker,25,1058372,26509,2.504695891425699
Premier League 2025/26 | post_0_to_105m  F=60s,taker/taker,26,1070501,26704,2.494532933645088
Premier League 2025/26 | post_0_to_105m  F=60s,taker/taker,27,1082433,26943,2.4891147997150864
Premier League 2025/26 | post_0_to_105m  F=60s,taker/taker,28,1093455,27153,2.483229762541668
Premier League 2025/26 | post_0_to_105m  F=60s,taker/taker,29,1104537,27350,2.4761506404946143
Premier League 2025/26 | post_0_to_105m  F=60s,taker/taker,30,1114582,27513,2.4684590276893044
Premier League 2025/26 | post_0_to_105m  F=60s,taker/taker,31,1124505,27689,2.462327868706675
Premier League 2025/26 | post_0_to_105m  F=60s,taker/taker,32,1133945,27815,2.4529408392823284
Premier League 2025/26 | post_0_to_105m  F=60s,taker/taker,33,1142968,27978,2.4478375597567035
Premier League 2025/26 | post_0_to_105m  F=60s,taker/taker,34,1151596,28121,2.441915393940236
Premier League 2025/26 | post_0_to_105m  F=60s,taker/taker,35,1159961,28278,2.4378405825713108
Premier League 2025/26 | post_0_to_105m  F=60s,taker/taker,36,1167905,28414,2.4329033611466686
Premier League 2025/26 | post_0_to_105m  F=60s,taker/taker,37,1175836,28547,2.4278045577784657
Premier League 2025/26 | post_0_to_105m  F=60s,taker/taker,38,1183186,28658,2.422104385954533
Premier League 2025/26 | post_0_to_105m  F=60s,taker/taker,39,1190433,28780,2.417607710807748
Premier League 2025/26 | post_0_to_105m  F=60s,taker/taker,40,1197192,28909,2.414733810449786
Premier League 2025/26 | post_0_to_105m  F=60s,taker/taker,41,1203902,29041,2.412239534447156
Premier League 2025/26 | post_0_to_105m  F=60s,taker/taker,42,1210244,29145,2.4081920670542467
Premier League 2025/26 | post_0_to_105m  F=60s,taker/taker,43,1216574,29269,2.4058544732996103
Premier League 2025/26 | post_0_to_105m  F=60s,taker/taker,44,1222606,29356,2.4011005998661874
Premier League 2025/26 | post_0_to_105m  F=60s,taker/taker,45,1228501,29453,2.3974746459302843
Premier League 2025/26 | post_0_to_105m  F=60s,taker/taker,46,1234104,29551,2.394530768881715
Premier League 2025/26 | post_0_to_105m  F=60s,taker/taker,47,1239772,29659,2.3922947122535434
Premier League 2025/26 | post_0_to_105m  F=60s,taker/taker,48,1245151,29751,2.3893487617164504
Premier League 2025/26 | post_0_to_105m  F=60s,taker/taker,49,1250330,29855,2.387769628817992
Premier League 2025/26 | post_0_to_105m  F=60s,taker/taker,50,1255478,29931,2.3840322172112933
Premier League 2025/26 | post_0_to_105m  F=60s,taker/taker,51,1260532,30030,2.382327461738377
Premier League 2025/26 | post_0_to_105m  F=60s,taker/taker,52,1265331,30099,2.378745166284553
Premier League 2025/26 | post_0_to_105m  F=60s,taker/taker,53,1269956,30172,2.375830343728444
Premier League 2025/26 | post_0_to_105m  F=60s,taker/taker,54,1274391,30261,2.3745459595995264
Premier League 2025/26 | post_0_to_105m  F=60s,taker/taker,55,1278874,30333,2.371852113656232
Premier League 2025/26 | post_0_to_105m  F=60s,taker/taker,56,1283040,30411,2.370230078563412
Premier League 2025/26 | post_0_to_105m  F=60s,taker/taker,57,1287222,30479,2.3678122344086723
Premier League 2025/26 | post_0_to_105m  F=60s,taker/taker,58,1291181,30541,2.3653538891913684
Premier League 2025/26 | post_0_to_105m  F=60s,taker/taker,59,1295172,30626,2.3646280185180037
Premier League 2025/26 | post_0_to_105m  F=60s,taker/taker,60,1299032,30699,2.363221229346159
Premier League 2025/26 | post_0_to_105m  F=60s,taker/taker,61,1302726,30773,2.3622004934268603
Premier League 2025/26 | post_0_to_105m  F=60s,taker/taker,62,1306282,30841,2.3609756545676968
Premier League 2025/26 | post_0_to_105m  F=60s,taker/taker,63,1309865,30912,2.3599378561912867
Premier League 2025/26 | post_0_to_105m  F=60s,taker/taker,64,1313299,30970,2.3581834753548128
Premier League 2025/26 | post_0_to_105m  F=60s,taker/taker,65,1316746,31041,2.357402262850998
Premier League 2025/26 | post_0_to_105m  F=60s,taker/taker,66,1319989,31103,2.3563075146838344
Premier League 2025/26 | post_0_to_105m  F=60s,taker/taker,67,1323215,31165,2.3552483912289386
Premier League 2025/26 | post_0_to_105m  F=60s,taker/taker,68,1326261,31222,2.354136930815277
Premier League 2025/26 | post_0_to_105m  F=60s,taker/taker,69,1329306,31279,2.3530323341653463
Premier League 2025/26 | post_0_to_105m  F=60s,taker/taker,70,1332149,31328,2.351688887654459
Premier League 2025/26 | post_0_to_105m  F=60s,taker/taker,71,1334994,31370,2.3498232950859705
Premier League 2025/26 | post_0_to_105m  F=60s,taker/taker,72,1337783,31423,2.3488861795971396
Premier League 2025/26 | post_0_to_105m  F=60s,taker/taker,73,1340617,31476,2.347874150484441
Premier League 2025/26 | post_0_to_105m  F=60s,taker/taker,74,1343269,31532,2.3474077046369715
Premier League 2025/26 | post_0_to_105m  F=60s,taker/taker,75,1345912,31582,2.3465129963920375
Premier League 2025/26 | post_0_to_105m  F=60s,taker/taker,76,1348429,31621,2.345025210819405
Premier League 2025/26 | post_0_to_105m  F=60s,taker/taker,77,1351168,31668,2.34375
Premier League 2025/26 | post_0_to_105m  F=60s,taker/taker,78,1353728,31709,2.3423464684190622
Premier League 2025/26 | post_0_to_105m  F=60s,taker/taker,79,1356130,31747,2.340999756660497
Premier League 2025/26 | post_0_to_105m  F=60s,taker/taker,80,1358452,31782,2.339574751260994
Premier League 2025/26 | post_0_to_105m  F=60s,taker/taker,81,1360843,31828,2.338844378080352
Premier League 2025/26 | post_0_to_105m  F=60s,taker/taker,82,1363056,31861,2.3374681597821367
Premier League 2025/26 | post_0_to_105m  F=60s,taker/taker,83,1365337,31911,2.3372251685847525
Premier League 2025/26 | post_0_to_105m  F=60s,taker/taker,84,1367378,31950,2.3365887121191067
Premier League 2025/26 | post_0_to_105m  F=60s,taker/taker,85,1369685,31994,2.335865545727667
Premier League 2025/26 | post_0_to_105m  F=60s,taker/taker,86,1371699,32035,2.3354249000691842
Premier League 2025/26 | post_0_to_105m  F=60s,taker/taker,87,1373816,32082,2.3352472237912503
Premier League 2025/26 | post_0_to_105m  F=60s,taker/taker,88,1375872,32117,2.3343014466461995
Premier League 2025/26 | post_0_to_105m  F=60s,taker/taker,89,1377856,32160,2.3340610339542014
Premier League 2025/26 | post_0_to_105m  F=60s,taker/taker,90,1379774,32207,2.33422285098864
Premier League 2025/26 | post_0_to_105m  F=60s,taker/taker,91,1381674,32246,2.3338356225853567
Premier League 2025/26 | post_0_to_105m  F=60s,taker/taker,92,1383603,32296,2.334195574886727
Premier League 2025/26 | post_0_to_105m  F=60s,taker/taker,93,1385437,32332,2.333704094809075
Premier League 2025/26 | post_0_to_105m  F=60s,taker/taker,94,1387219,32366,2.3331572015665873
Premier League 2025/26 | post_0_to_105m  F=60s,taker/taker,95,1389004,32408,2.3331826258239716
Premier League 2025/26 | post_0_to_105m  F=60s,taker/taker,96,1390774,32439,2.332442222819811
Premier League 2025/26 | post_0_to_105m  F=60s,taker/taker,97,1392532,32475,2.332082853392238
Premier League 2025/26 | post_0_to_105m  F=60s,taker/taker,98,1394190,32508,2.3316764572977857
Premier League 2025/26 | post_0_to_105m  F=60s,taker/taker,99,1395928,32556,2.3322119765489338
Premier League 2025/26 | post_0_to_105m  F=60s,taker/taker,100,1397586,32584,2.331448655038044
Premier League 2025/26 | post_0_to_105m  F=60s,taker/taker,101,1399286,32618,2.3310459763050586
Premier League 2025/26 | post_0_to_105m  F=60s,taker/taker,102,1400903,32651,2.3307109771340344
Premier League 2025/26 | post_0_to_105m  F=60s,taker/taker,103,1402412,32690,2.330984047483906
Premier League 2025/26 | post_0_to_105m  F=60s,taker/taker,104,1403962,32716,2.3302624999821933
Premier League 2025/26 | post_0_to_105m  F=60s,taker/taker,105,1405486,32754,2.3304394351846978
Premier League 2025/26 | post_0_to_105m  F=60s,taker/taker,106,1406935,32784,2.3301716141826025
Premier League 2025/26 | post_0_to_105m  F=60s,taker/taker,107,1408408,32817,2.330077647954286
Premier League 2025/26 | post_0_to_105m  F=60s,taker/taker,108,1409825,32837,2.329154327664781
Premier League 2025/26 | post_0_to_105m  F=60s,taker/taker,109,1411280,32869,2.3290204636925345
Premier League 2025/26 | post_0_to_105m  F=60s,taker/taker,110,1412672,32891,2.328282856883976
Premier League 2025/26 | post_0_to_105m  F=60s,taker/taker,111,1414064,32916,2.327758856741986
Premier League 2025/26 | post_0_to_105m  F=60s,taker/taker,112,1415402,32941,2.3273246752512713
Premier League 2025/26 | post_0_to_105m  F=60s,taker/taker,113,1416754,32973,2.3273624073057144
Premier League 2025/26 | post_0_to_105m  F=60s,taker/taker,114,1418077,32997,2.326883519019066
Premier League 2025/26 | post_0_to_105m  F=60s,taker/taker,115,1419367,33025,2.326741427692767
Premier League 2025/26 | post_0_to_105m  F=60s,taker/taker,116,1420610,33046,2.326183822442472
Premier League 2025/26 | post_0_to_105m  F=60s,taker/taker,117,1421849,33077,2.3263370442290285
Premier League 2025/26 | post_0_to_105m  F=60s,taker/taker,118,1423058,33104,2.326257959970711
Premier League 2025/26 | post_0_to_105m  F=60s,taker/taker,119,1424268,33133,2.3263177997399365
Premier League 2025/26 | post_0_to_105m  F=60s,taker/taker,120,1425373,33156,2.3261279679073477
UEFA Champions League 2025/26 | post_0_to_105m  F=60s,maker/maker,1,171411,128301,74.84992211701699
UEFA Champions League 2025/26 | post_0_to_105m  F=60s,maker/maker,2,234390,176536,75.31720636545927
UEFA Champions League 2025/26 | post_0_to_105m  F=60s,maker/maker,3,290538,219691,75.61523793789452
UEFA Champions League 2025/26 | post_0_to_105m  F=60s,maker/maker,4,331037,251156,75.86946474261185
UEFA Champions League 2025/26 | post_0_to_105m  F=60s,maker/maker,5,368802,280569,76.07578050010575
UEFA Champions League 2025/26 | post_0_to_105m  F=60s,maker/maker,6,398136,303533,76.2385215102377
UEFA Champions League 2025/26 | post_0_to_105m  F=60s,maker/maker,7,425859,325219,76.36776491749616
UEFA Champions League 2025/26 | post_0_to_105m  F=60s,maker/maker,8,448764,343227,76.48273925715966
UEFA Champions League 2025/26 | post_0_to_105m  F=60s,maker/maker,9,470751,360437,76.56638010328177
UEFA Champions League 2025/26 | post_0_to_105m  F=60s,maker/maker,10,488970,374731,76.6368079841299
UEFA Champions League 2025/26 | post_0_to_105m  F=60s,maker/maker,11,506710,388792,76.72870083479702
UEFA Champions League 2025/26 | post_0_to_105m  F=60s,maker/maker,12,521758,400691,76.79633086603368
UEFA Champions League 2025/26 | post_0_to_105m  F=60s,maker/maker,13,536416,412378,76.87652866432023
UEFA Champions League 2025/26 | post_0_to_105m  F=60s,maker/maker,14,549145,422450,76.92868003896967
UEFA Champions League 2025/26 | post_0_to_105m  F=60s,maker/maker,15,561506,432294,76.98831357100369
UEFA Champions League 2025/26 | post_0_to_105m  F=60s,maker/maker,16,572633,441113,77.03240993795328
UEFA Champions League 2025/26 | post_0_to_105m  F=60s,maker/maker,17,583422,449622,77.06634305871222
UEFA Champions League 2025/26 | post_0_to_105m  F=60s,maker/maker,18,592894,457180,77.1099049745823
UEFA Champions League 2025/26 | post_0_to_105m  F=60s,maker/maker,19,602171,464574,77.14984614004992
UEFA Champions League 2025/26 | post_0_to_105m  F=60s,maker/maker,20,610665,471324,77.18208837906217
UEFA Champions League 2025/26 | post_0_to_105m  F=60s,maker/maker,21,619052,478100,77.2309919037496
UEFA Champions League 2025/26 | post_0_to_105m  F=60s,maker/maker,22,626613,484142,77.26331882677187
UEFA Champions League 2025/26 | post_0_to_105m  F=60s,maker/maker,23,633961,490074,77.30349343256131
UEFA Champions League 2025/26 | post_0_to_105m  F=60s,maker/maker,24,640887,495607,77.33141723892044
UEFA Champions League 2025/26 | post_0_to_105m  F=60s,maker/maker,25,647576,500961,77.35941418458992
UEFA Champions League 2025/26 | post_0_to_105m  F=60s,maker/maker,26,653790,505942,77.38601079857446
UEFA Champions League 2025/26 | post_0_to_105m  F=60s,maker/maker,27,659855,510832,77.41579589455259
UEFA Champions League 2025/26 | post_0_to_105m  F=60s,maker/maker,28,665388,515288,77.4417332443627
UEFA Champions League 2025/26 | post_0_to_105m  F=60s,maker/maker,29,670944,519768,77.4681642581199
UEFA Champions League 2025/26 | post_0_to_105m  F=60s,maker/maker,30,675985,523823,77.49032892741702
UEFA Champions League 2025/26 | post_0_to_105m  F=60s,maker/maker,31,681002,527875,77.51445663889386
UEFA Champions League 2025/26 | post_0_to_105m  F=60s,maker/maker,32,685615,531586,77.53418463715059
UEFA Champions League 2025/26 | post_0_to_105m  F=60s,maker/maker,33,690228,535303,77.55451821716882
UEFA Champions League 2025/26 | post_0_to_105m  F=60s,maker/maker,34,694454,538698,77.57144461692207
UEFA Champions League 2025/26 | post_0_to_105m  F=60s,maker/maker,35,698647,542030,77.582813638361
UEFA Champions League 2025/26 | post_0_to_105m  F=60s,maker/maker,36,702622,545230,77.59933506209597
UEFA Champions League 2025/26 | post_0_to_105m  F=60s,maker/maker,37,706539,548394,77.61694683520655
UEFA Champions League 2025/26 | post_0_to_105m  F=60s,maker/maker,38,710149,551302,77.6318772539284
UEFA Champions League 2025/26 | post_0_to_105m  F=60s,maker/maker,39,713771,554278,77.65487810516258
UEFA Champions League 2025/26 | post_0_to_105m  F=60s,maker/maker,40,717246,557090,77.67070154451889
UEFA Champions League 2025/26 | post_0_to_105m  F=60s,maker/maker,41,720573,559768,77.68373225197169
UEFA Champions League 2025/26 | post_0_to_105m  F=60s,maker/maker,42,723772,562354,77.69767274777139
UEFA Champions League 2025/26 | post_0_to_105m  F=60s,maker/maker,43,727006,564948,77.70884972063504
UEFA Champions League 2025/26 | post_0_to_105m  F=60s,maker/maker,44,729932,567280,77.71682841689363
UEFA Champions League 2025/26 | post_0_to_105m  F=60s,maker/maker,45,732954,569716,77.72875241829637
UEFA Champions League 2025/26 | post_0_to_105m  F=60s,maker/maker,46,735721,571920,77.73598959388137
UEFA Champions League 2025/26 | post_0_to_105m  F=60s,maker/maker,47,738563,574230,77.74963002479139
UEFA Champions League 2025/26 | post_0_to_105m  F=60s,maker/maker,48,741280,576469,77.76670084178718
UEFA Champions League 2025/26 | post_0_to_105m  F=60s,maker/maker,49,743935,578630,77.77964472702588
UEFA Champions League 2025/26 | post_0_to_105m  F=60s,maker/maker,50,746373,580607,77.79046133769576
UEFA Champions League 2025/26 | post_0_to_105m  F=60s,maker/maker,51,748791,582532,77.79634103508188
UEFA Champions League 2025/26 | post_0_to_105m  F=60s,maker/maker,52,751192,584466,77.80514169479973
UEFA Champions League 2025/26 | post_0_to_105m  F=60s,maker/maker,53,753526,586345,77.81350610330632
UEFA Champions League 2025/26 | post_0_to_105m  F=60s,maker/maker,54,755816,588175,77.8198662108238
UEFA Champions League 2025/26 | post_0_to_105m  F=60s,maker/maker,55,758056,589959,77.82525301560834
UEFA Champions League 2025/26 | post_0_to_105m  F=60s,maker/maker,56,760152,591626,77.82996032372473
UEFA Champions League 2025/26 | post_0_to_105m  F=60s,maker/maker,57,762209,593293,77.83862431432848
UEFA Champions League 2025/26 | post_0_to_105m  F=60s,maker/maker,58,764243,594929,77.84552818933246
UEFA Champions League 2025/26 | post_0_to_105m  F=60s,maker/maker,59,766277,596555,77.85109040203477
UEFA Champions League 2025/26 | post_0_to_105m  F=60s,maker/maker,60,768173,598077,77.85707125868782
UEFA Champions League 2025/26 | post_0_to_105m  F=60s,maker/maker,61,770002,599526,77.86031724592924
UEFA Champions League 2025/26 | post_0_to_105m  F=60s,maker/maker,62,771678,600888,77.86771166211814
UEFA Champions League 2025/26 | post_0_to_105m  F=60s,maker/maker,63,773424,602279,77.87177537805913
UEFA Champions League 2025/26 | post_0_to_105m  F=60s,maker/maker,64,775113,603666,77.8810315399174
UEFA Champions League 2025/26 | post_0_to_105m  F=60s,maker/maker,65,776822,605031,77.88541004245504
UEFA Champions League 2025/26 | post_0_to_105m  F=60s,maker/maker,66,778373,606272,77.88964930695181
UEFA Champions League 2025/26 | post_0_to_105m  F=60s,maker/maker,67,779983,607567,77.89490283762595
UEFA Champions League 2025/26 | post_0_to_105m  F=60s,maker/maker,68,781485,608785,77.90104736495262
UEFA Champions League 2025/26 | post_0_to_105m  F=60s,maker/maker,69,783033,610016,77.90425180037113
UEFA Champions League 2025/26 | post_0_to_105m  F=60s,maker/maker,70,784519,611195,77.9069722976754
UEFA Champions League 2025/26 | post_0_to_105m  F=60s,maker/maker,71,786016,612375,77.90871941538086
UEFA Champions League 2025/26 | post_0_to_105m  F=60s,maker/maker,72,787416,613504,77.91358062320299
UEFA Champions League 2025/26 | post_0_to_105m  F=60s,maker/maker,73,788803,614623,77.91844097956017
UEFA Champions League 2025/26 | post_0_to_105m  F=60s,maker/maker,74,790096,615622,77.91736700350337
UEFA Champions League 2025/26 | post_0_to_105m  F=60s,maker/maker,75,791436,616692,77.92064045608237
UEFA Champions League 2025/26 | post_0_to_105m  F=60s,maker/maker,76,792774,617774,77.92561310032872
UEFA Champions League 2025/26 | post_0_to_105m  F=60s,maker/maker,77,794074,618820,77.92976473225417
UEFA Champions League 2025/26 | post_0_to_105m  F=60s,maker/maker,78,795351,619843,77.9332646843972
UEFA Champions League 2025/26 | post_0_to_105m  F=60s,maker/maker,79,796606,620836,77.93513983073188
UEFA Champions League 2025/26 | post_0_to_105m  F=60s,maker/maker,80,797822,621804,77.93768534836092
UEFA Champions League 2025/26 | post_0_to_105m  F=60s,maker/maker,81,798953,622730,77.94325823922058
UEFA Champions League 2025/26 | post_0_to_105m  F=60s,maker/maker,82,800089,623658,77.94857822067296
UEFA Champions League 2025/26 | post_0_to_105m  F=60s,maker/maker,83,801217,624574,77.95316374964585
UEFA Champions League 2025/26 | post_0_to_105m  F=60s,maker/maker,84,802353,625486,77.9564605603768
UEFA Champions League 2025/26 | post_0_to_105m  F=60s,maker/maker,85,803428,626365,77.9615597166143
UEFA Champions League 2025/26 | post_0_to_105m  F=60s,maker/maker,86,804540,627252,77.9640539935864
UEFA Champions League 2025/26 | post_0_to_105m  F=60s,maker/maker,87,805656,628166,77.96950559544024
UEFA Champions League 2025/26 | post_0_to_105m  F=60s,maker/maker,88,806748,629064,77.97527852563626
UEFA Champions League 2025/26 | post_0_to_105m  F=60s,maker/maker,89,807765,629869,77.97676304370702
UEFA Champions League 2025/26 | post_0_to_105m  F=60s,maker/maker,90,808810,630724,77.98172623978438
UEFA Champions League 2025/26 | post_0_to_105m  F=60s,maker/maker,91,809812,631516,77.9830380384583
UEFA Champions League 2025/26 | post_0_to_105m  F=60s,maker/maker,92,810787,632283,77.9838601260257
UEFA Champions League 2025/26 | post_0_to_105m  F=60s,maker/maker,93,811797,633088,77.98599896279488
UEFA Champions League 2025/26 | post_0_to_105m  F=60s,maker/maker,94,812692,633808,77.98870912965798
UEFA Champions League 2025/26 | post_0_to_105m  F=60s,maker/maker,95,813657,634592,77.99256935047569
UEFA Champions League 2025/26 | post_0_to_105m  F=60s,maker/maker,96,814492,635265,77.99524120556126
UEFA Champions League 2025/26 | post_0_to_105m  F=60s,maker/maker,97,815425,636005,77.99675016095901
UEFA Champions League 2025/26 | post_0_to_105m  F=60s,maker/maker,98,816278,636667,77.99634438267356
UEFA Champions League 2025/26 | post_0_to_105m  F=60s,maker/maker,99,817185,637398,77.999229060739
UEFA Champions League 2025/26 | post_0_to_105m  F=60s,maker/maker,100,818002,638057,78.00188752594737
UEFA Champions League 2025/26 | post_0_to_105m  F=60s,maker/maker,101,818888,638783,78.00614980314768
UEFA Champions League 2025/26 | post_0_to_105m  F=60s,maker/maker,102,819756,639476,78.00809021220948
UEFA Champions League 2025/26 | post_0_to_105m  F=60s,maker/maker,103,820586,640129,78.00876446831899
UEFA Champions League 2025/26 | post_0_to_105m  F=60s,maker/maker,104,821341,640732,78.01047311652529
UEFA Champions League 2025/26 | post_0_to_105m  F=60s,maker/maker,105,822142,641376,78.01280070839344
UEFA Champions League 2025/26 | post_0_to_105m  F=60s,maker/maker,106,822907,642007,78.01695695868428
UEFA Champions League 2025/26 | post_0_to_105m  F=60s,maker/maker,107,823643,642591,78.0181462114047
UEFA Champions League 2025/26 | post_0_to_105m  F=60s,maker/maker,108,824408,643215,78.02144083997244
UEFA Champions League 2025/26 | post_0_to_105m  F=60s,maker/maker,109,825121,643790,78.02370803797261
UEFA Champions League 2025/26 | post_0_to_105m  F=60s,maker/maker,110,825821,644362,78.02683632409445
UEFA Champions League 2025/26 | post_0_to_105m  F=60s,maker/maker,111,826527,644932,78.02915089283229
UEFA Champions League 2025/26 | post_0_to_105m  F=60s,maker/maker,112,827224,645476,78.02916743227952
UEFA Champions League 2025/26 | post_0_to_105m  F=60s,maker/maker,113,827913,646021,78.03005871389868
UEFA Champions League 2025/26 | post_0_to_105m  F=60s,maker/maker,114,828583,646554,78.03128956302507
UEFA Champions League 2025/26 | post_0_to_105m  F=60s,maker/maker,115,829230,647083,78.0342004027833
UEFA Champions League 2025/26 | post_0_to_105m  F=60s,maker/maker,116,829912,647632,78.03622552752581
UEFA Champions League 2025/26 | post_0_to_105m  F=60s,maker/maker,117,830569,648171,78.03939227204482
UEFA Champions League 2025/26 | post_0_to_105m  F=60s,maker/maker,118,831189,648658,78.03977194115899
UEFA Champions League 2025/26 | post_0_to_105m  F=60s,maker/maker,119,831841,649182,78.04159689171368
UEFA Champions League 2025/26 | post_0_to_105m  F=60s,maker/maker,120,832448,649661,78.04223206734835
UEFA Champions League 2025/26 | post_0_to_105m  F=60s,maker/taker,1,197540,23527,11.909992912827782
UEFA Champions League 2025/26 | post_0_to_105m  F=60s,maker/taker,2,267710,32498,12.139255164170184
UEFA Champions League 2025/26 | post_0_to_105m  F=60s,maker/taker,3,331476,41638,12.5613920766511
UEFA Champions League 2025/26 | post_0_to_105m  F=60s,maker/taker,4,376363,48158,12.795625499849878
UEFA Champions League 2025/26 | post_0_to_105m  F=60s,maker/taker,5,417527,53661,12.852102977771498
UEFA Champions League 2025/26 | post_0_to_105m  F=60s,maker/taker,6,449177,58072,12.928533740596691
UEFA Champions League 2025/26 | post_0_to_105m  F=60s,maker/taker,7,479372,62300,12.996169989069031
UEFA Champions League 2025/26 | post_0_to_105m  F=60s,maker/taker,8,502867,65715,13.068067699809294
UEFA Champions League 2025/26 | post_0_to_105m  F=60s,maker/taker,9,525720,69059,13.136080042608233
UEFA Champions League 2025/26 | post_0_to_105m  F=60s,maker/taker,10,544261,71887,13.208185043572845
UEFA Champions League 2025/26 | post_0_to_105m  F=60s,maker/taker,11,562222,74593,13.26753488835371
UEFA Champions League 2025/26 | post_0_to_105m  F=60s,maker/taker,12,577355,76925,13.323691662841753
UEFA Champions League 2025/26 | post_0_to_105m  F=60s,maker/taker,13,592072,79255,13.386040886919158
UEFA Champions League 2025/26 | post_0_to_105m  F=60s,maker/taker,14,604671,81278,13.441689778408424
UEFA Champions League 2025/26 | post_0_to_105m  F=60s,maker/taker,15,616811,83207,13.489869668342491
UEFA Champions League 2025/26 | post_0_to_105m  F=60s,maker/taker,16,627382,84911,13.534178538753103
UEFA Champions League 2025/26 | post_0_to_105m  F=60s,maker/taker,17,637937,86615,13.577359519827192
UEFA Champions League 2025/26 | post_0_to_105m  F=60s,maker/taker,18,646994,88206,13.633202162616655
UEFA Champions League 2025/26 | post_0_to_105m  F=60s,maker/taker,19,655863,89748,13.683955338233748
UEFA Champions League 2025/26 | post_0_to_105m  F=60s,maker/taker,20,663888,91124,13.725809172631529
UEFA Champions League 2025/26 | post_0_to_105m  F=60s,maker/taker,21,671676,92482,13.768840929257559
UEFA Champions League 2025/26 | post_0_to_105m  F=60s,maker/taker,22,678691,93740,13.81188199047873
UEFA Champions League 2025/26 | post_0_to_105m  F=60s,maker/taker,23,685519,94968,13.853445345789103
UEFA Champions League 2025/26 | post_0_to_105m  F=60s,maker/taker,24,691705,96099,13.893061348407196
UEFA Champions League 2025/26 | post_0_to_105m  F=60s,maker/taker,25,697783,97196,13.929258809687253
UEFA Champions League 2025/26 | post_0_to_105m  F=60s,maker/taker,26,703268,98238,13.968785726067445
UEFA Champions League 2025/26 | post_0_to_105m  F=60s,maker/taker,27,708719,99232,14.001600069985425
UEFA Champions League 2025/26 | post_0_to_105m  F=60s,maker/taker,28,713653,100153,14.03385118538001
UEFA Champions League 2025/26 | post_0_to_105m  F=60s,maker/taker,29,718567,101074,14.066050904091059
UEFA Champions League 2025/26 | post_0_to_105m  F=60s,maker/taker,30,723045,101939,14.098569245344342
UEFA Champions League 2025/26 | post_0_to_105m  F=60s,maker/taker,31,727599,102810,14.130035912638693
UEFA Champions League 2025/26 | post_0_to_105m  F=60s,maker/taker,32,731547,103575,14.158352094944002
UEFA Champions League 2025/26 | post_0_to_105m  F=60s,maker/taker,33,735507,104334,14.185317067002762
UEFA Champions League 2025/26 | post_0_to_105m  F=60s,maker/taker,34,739324,105089,14.214201080987497
UEFA Champions League 2025/26 | post_0_to_105m  F=60s,maker/taker,35,743014,105782,14.236878443743993
UEFA Champions League 2025/26 | post_0_to_105m  F=60s,maker/taker,36,746424,106446,14.26079547281438
UEFA Champions League 2025/26 | post_0_to_105m  F=60s,maker/taker,37,749887,107150,14.288819515473664
UEFA Champions League 2025/26 | post_0_to_105m  F=60s,maker/taker,38,753028,107791,14.314341564988288
UEFA Champions League 2025/26 | post_0_to_105m  F=60s,maker/taker,39,756244,108438,14.339022855057362
UEFA Champions League 2025/26 | post_0_to_105m  F=60s,maker/taker,40,759117,109023,14.361817743509894
UEFA Champions League 2025/26 | post_0_to_105m  F=60s,maker/taker,41,762015,109653,14.389874215074506
UEFA Champions League 2025/26 | post_0_to_105m  F=60s,maker/taker,42,764685,110201,14.411293539169723
UEFA Champions League 2025/26 | post_0_to_105m  F=60s,maker/taker,43,767319,110764,14.435195792102112
UEFA Champions League 2025/26 | post_0_to_105m  F=60s,maker/taker,44,769829,111314,14.459574788686838
UEFA Champions League 2025/26 | post_0_to_105m  F=60s,maker/taker,45,772347,111847,14.48144422131503
UEFA Champions League 2025/26 | post_0_to_105m  F=60s,maker/taker,46,774799,112374,14.503632555023948
UEFA Champions League 2025/26 | post_0_to_105m  F=60s,maker/taker,47,777176,112901,14.527082668533254
UEFA Champions League 2025/26 | post_0_to_105m  F=60s,maker/taker,48,779395,113408,14.550773356257096
UEFA Champions League 2025/26 | post_0_to_105m  F=60s,maker/taker,49,781569,113891,14.572097920976907
UEFA Champions League 2025/26 | post_0_to_105m  F=60s,maker/taker,50,783622,114342,14.5914739504506
UEFA Champions League 2025/26 | post_0_to_105m  F=60s,maker/taker,51,785717,114790,14.60958589415782
UEFA Champions League 2025/26 | post_0_to_105m  F=60s,maker/taker,52,787693,115230,14.628795736409998
UEFA Champions League 2025/26 | post_0_to_105m  F=60s,maker/taker,53,789557,115623,14.644034566218778
UEFA Champions League 2025/26 | post_0_to_105m  F=60s,maker/taker,54,791360,116016,14.660331581075617
UEFA Champions League 2025/26 | post_0_to_105m  F=60s,maker/taker,55,793119,116401,14.676360041809614
UEFA Champions League 2025/26 | post_0_to_105m  F=60s,maker/taker,56,794755,116767,14.692200741108895
UEFA Champions League 2025/26 | post_0_to_105m  F=60s,maker/taker,57,796386,117124,14.706938595103379
UEFA Champions League 2025/26 | post_0_to_105m  F=60s,maker/taker,58,798039,117502,14.723841817254545
UEFA Champions League 2025/26 | post_0_to_105m  F=60s,maker/taker,59,799580,117863,14.740613822256686
UEFA Champions League 2025/26 | post_0_to_105m  F=60s,maker/taker,60,801169,118228,14.756936426646563
UEFA Champions League 2025/26 | post_0_to_105m  F=60s,maker/taker,61,802746,118596,14.773788969362663
UEFA Champions League 2025/26 | post_0_to_105m  F=60s,maker/taker,62,804175,118933,14.789442596449778
UEFA Champions League 2025/26 | post_0_to_105m  F=60s,maker/taker,63,805583,119260,14.804185291894193
UEFA Champions League 2025/26 | post_0_to_105m  F=60s,maker/taker,64,806939,119587,14.819831486642732
UEFA Champions League 2025/26 | post_0_to_105m  F=60s,maker/taker,65,808281,119897,14.833578916243237
UEFA Champions League 2025/26 | post_0_to_105m  F=60s,maker/taker,66,809555,120190,14.846427975863284
UEFA Champions League 2025/26 | post_0_to_105m  F=60s,maker/taker,67,810838,120520,14.863634906109482
UEFA Champions League 2025/26 | post_0_to_105m  F=60s,maker/taker,68,812069,120803,14.875952659195216
UEFA Champions League 2025/26 | post_0_to_105m  F=60s,maker/taker,69,813268,121053,14.884761234918871
UEFA Champions League 2025/26 | post_0_to_105m  F=60s,maker/taker,70,814403,121348,14.90023980756456
UEFA Champions League 2025/26 | post_0_to_105m  F=60s,maker/taker,71,815549,121618,14.912408696473173
UEFA Champions League 2025/26 | post_0_to_105m  F=60s,maker/taker,72,816720,121915,14.927392496816534
UEFA Champions League 2025/26 | post_0_to_105m  F=60s,maker/taker,73,817824,122167,14.938055131666472
UEFA Champions League 2025/26 | post_0_to_105m  F=60s,maker/taker,74,818930,122447,14.952071605631739
UEFA Champions League 2025/26 | post_0_to_105m  F=60s,maker/taker,75,819948,122699,14.96424163483538
UEFA Champions League 2025/26 | post_0_to_105m  F=60s,maker/taker,76,820878,122950,14.977865163885498
UEFA Champions League 2025/26 | post_0_to_105m  F=60s,maker/taker,77,821811,123191,14.990186308044064
UEFA Champions League 2025/26 | post_0_to_105m  F=60s,maker/taker,78,822753,123418,15.00061379296095
UEFA Champions League 2025/26 | post_0_to_105m  F=60s,maker/taker,79,823654,123623,15.009093624264558
UEFA Champions League 2025/26 | post_0_to_105m  F=60s,maker/taker,80,824543,123813,15.015954292256438
UEFA Champions League 2025/26 | post_0_to_105m  F=60s,maker/taker,81,825434,124049,15.028336608378138
UEFA Champions League 2025/26 | post_0_to_105m  F=60s,maker/taker,82,826315,124244,15.035912454693428
UEFA Champions League 2025/26 | post_0_to_105m  F=60s,maker/taker,83,827203,124471,15.047213320067746
UEFA Champions League 2025/26 | post_0_to_105m  F=60s,maker/taker,84,828083,124698,15.058635426642015
UEFA Champions League 2025/26 | post_0_to_105m  F=60s,maker/taker,85,828924,124919,15.070018481790852
UEFA Champions League 2025/26 | post_0_to_105m  F=60s,maker/taker,86,829710,125119,15.079847175519157
UEFA Champions League 2025/26 | post_0_to_105m  F=60s,maker/taker,87,830515,125335,15.091238568839817
UEFA Champions League 2025/26 | post_0_to_105m  F=60s,maker/taker,88,831335,125542,15.101252804224531
UEFA Champions League 2025/26 | post_0_to_105m  F=60s,maker/taker,89,832126,125740,15.11069237110726
UEFA Champions League 2025/26 | post_0_to_105m  F=60s,maker/taker,90,832914,125953,15.121969374989495
UEFA Champions League 2025/26 | post_0_to_105m  F=60s,maker/taker,91,833644,126137,15.130799238044057
UEFA Champions League 2025/26 | post_0_to_105m  F=60s,maker/taker,92,834333,126291,15.136761940376324
UEFA Champions League 2025/26 | post_0_to_105m  F=60s,maker/taker,93,835061,126472,15.145240886593914
UEFA Champions League 2025/26 | post_0_to_105m  F=60s,maker/taker,94,835791,126656,15.154027741385107
UEFA Champions League 2025/26 | post_0_to_105m  F=60s,maker/taker,95,836490,126848,15.16431756506354
UEFA Champions League 2025/26 | post_0_to_105m  F=60s,maker/taker,96,837140,127021,15.173208782282533
UEFA Champions League 2025/26 | post_0_to_105m  F=60s,maker/taker,97,837784,127194,15.18219493330023
UEFA Champions League 2025/26 | post_0_to_105m  F=60s,maker/taker,98,838391,127355,15.19040638556473
UEFA Champions League 2025/26 | post_0_to_105m  F=60s,maker/taker,99,839050,127537,15.200166855372148
UEFA Champions League 2025/26 | post_0_to_105m  F=60s,maker/taker,100,839674,127700,15.208283214676172
UEFA Champions League 2025/26 | post_0_to_105m  F=60s,maker/taker,101,840288,127843,15.214188468715488
UEFA Champions League 2025/26 | post_0_to_105m  F=60s,maker/taker,102,840882,128002,15.22234986597406
UEFA Champions League 2025/26 | post_0_to_105m  F=60s,maker/taker,103,841470,128166,15.231202538414916
UEFA Champions League 2025/26 | post_0_to_105m  F=60s,maker/taker,104,842016,128316,15.239140348876981
UEFA Champions League 2025/26 | post_0_to_105m  F=60s,maker/taker,105,842609,128487,15.24870966248877
UEFA Champions League 2025/26 | post_0_to_105m  F=60s,maker/taker,106,843153,128645,15.257610421833284
UEFA Champions League 2025/26 | post_0_to_105m  F=60s,maker/taker,107,843706,128804,15.266455376635937
UEFA Champions League 2025/26 | post_0_to_105m  F=60s,maker/taker,108,844218,128939,15.273187731131058
UEFA Champions League 2025/26 | post_0_to_105m  F=60s,maker/taker,109,844778,129088,15.280700965224
UEFA Champions League 2025/26 | post_0_to_105m  F=60s,maker/taker,110,845296,129228,15.287899150120195
UEFA Champions League 2025/26 | post_0_to_105m  F=60s,maker/taker,111,845817,129373,15.295625413062163
UEFA Champions League 2025/26 | post_0_to_105m  F=60s,maker/taker,112,846302,129497,15.301511753487526
UEFA Champions League 2025/26 | post_0_to_105m  F=60s,maker/taker,113,846791,129638,15.309326622507797
UEFA Champions League 2025/26 | post_0_to_105m  F=60s,maker/taker,114,847256,129765,15.315913962249898
UEFA Champions League 2025/26 | post_0_to_105m  F=60s,maker/taker,115,847694,129879,15.321448541572785
UEFA Champions League 2025/26 | post_0_to_105m  F=60s,maker/taker,116,848195,130019,15.328904320350862
UEFA Champions League 2025/26 | post_0_to_105m  F=60s,maker/taker,117,848616,130130,15.334379743016864
UEFA Champions League 2025/26 | post_0_to_105m  F=60s,maker/taker,118,849070,130254,15.340784623175946
UEFA Champions League 2025/26 | post_0_to_105m  F=60s,maker/taker,119,849462,130370,15.347361035573105
UEFA Champions League 2025/26 | post_0_to_105m  F=60s,maker/taker,120,849913,130505,15.35510105151939
UEFA Champions League 2025/26 | post_0_to_105m  F=60s,taker/maker,1,197540,39028,19.75701123823023
UEFA Champions League 2025/26 | post_0_to_105m  F=60s,taker/maker,2,267710,51977,19.415412199768404
UEFA Champions League 2025/26 | post_0_to_105m  F=60s,taker/maker,3,331476,63632,19.196563250431403
UEFA Champions League 2025/26 | post_0_to_105m  F=60s,taker/maker,4,376363,71703,19.051553951902818
UEFA Champions League 2025/26 | post_0_to_105m  F=60s,taker/maker,5,417527,79161,18.959492440009868
UEFA Champions League 2025/26 | post_0_to_105m  F=60s,taker/maker,6,449177,84991,18.921494199391333
UEFA Champions League 2025/26 | post_0_to_105m  F=60s,taker/maker,7,479372,90489,18.87657184816802
UEFA Champions League 2025/26 | post_0_to_105m  F=60s,taker/maker,8,502867,94777,18.847329413145026
UEFA Champions League 2025/26 | post_0_to_105m  F=60s,taker/maker,9,525720,98849,18.802594537015903
UEFA Champions League 2025/26 | post_0_to_105m  F=60s,taker/maker,10,544261,102219,18.781246497544377
UEFA Champions League 2025/26 | post_0_to_105m  F=60s,taker/maker,11,562222,105443,18.75469120738783
UEFA Champions League 2025/26 | post_0_to_105m  F=60s,taker/maker,12,577355,108156,18.733015215941666
UEFA Champions League 2025/26 | post_0_to_105m  F=60s,taker/maker,13,592072,110767,18.708366550014187
UEFA Champions League 2025/26 | post_0_to_105m  F=60s,taker/maker,14,604671,113044,18.69512511762595
UEFA Champions League 2025/26 | post_0_to_105m  F=60s,taker/maker,15,616811,115234,18.682221944809676
UEFA Champions League 2025/26 | post_0_to_105m  F=60s,taker/maker,16,627382,117206,18.681760075998355
UEFA Champions League 2025/26 | post_0_to_105m  F=60s,taker/maker,17,637937,119190,18.68366312033947
UEFA Champions League 2025/26 | post_0_to_105m  F=60s,taker/maker,18,646994,120799,18.670806839012418
UEFA Champions League 2025/26 | post_0_to_105m  F=60s,taker/maker,19,655863,122450,18.6700576187405
UEFA Champions League 2025/26 | post_0_to_105m  F=60s,taker/maker,20,663888,123908,18.66399151664136
UEFA Champions League 2025/26 | post_0_to_105m  F=60s,taker/maker,21,671676,125317,18.657358607423816
UEFA Champions League 2025/26 | post_0_to_105m  F=60s,taker/maker,22,678691,126616,18.655912631816246
UEFA Champions League 2025/26 | post_0_to_105m  F=60s,taker/maker,23,685519,127888,18.655646305937545
UEFA Champions League 2025/26 | post_0_to_105m  F=60s,taker/maker,24,691705,129060,18.65824303713288
UEFA Champions League 2025/26 | post_0_to_105m  F=60s,taker/maker,25,697783,130261,18.66783799547997
UEFA Champions League 2025/26 | post_0_to_105m  F=60s,taker/maker,26,703268,131263,18.664719566367303
UEFA Champions League 2025/26 | post_0_to_105m  F=60s,taker/maker,27,708719,132266,18.66268577532139
UEFA Champions League 2025/26 | post_0_to_105m  F=60s,taker/maker,28,713653,133186,18.662571305662556
UEFA Champions League 2025/26 | post_0_to_105m  F=60s,taker/maker,29,718567,134070,18.657967872167802
UEFA Champions League 2025/26 | post_0_to_105m  F=60s,taker/maker,30,723045,134917,18.65955784218133
UEFA Champions League 2025/26 | post_0_to_105m  F=60s,taker/maker,31,727599,135761,18.658766710784374
UEFA Champions League 2025/26 | post_0_to_105m  F=60s,taker/maker,32,731547,136508,18.660181779161146
UEFA Champions League 2025/26 | post_0_to_105m  F=60s,taker/maker,33,735507,137286,18.66549196676578
UEFA Champions League 2025/26 | post_0_to_105m  F=60s,taker/maker,34,739324,137972,18.661912774372265
UEFA Champions League 2025/26 | post_0_to_105m  F=60s,taker/maker,35,743014,138670,18.663174583520632
UEFA Champions League 2025/26 | post_0_to_105m  F=60s,taker/maker,36,746424,139319,18.664860722591985
UEFA Champions League 2025/26 | post_0_to_105m  F=60s,taker/maker,37,749887,139962,18.664412104757115
UEFA Champions League 2025/26 | post_0_to_105m  F=60s,taker/maker,38,753028,140585,18.669292509707475
UEFA Champions League 2025/26 | post_0_to_105m  F=60s,taker/maker,39,756244,141194,18.670429120759966
UEFA Champions League 2025/26 | post_0_to_105m  F=60s,taker/maker,40,759117,141740,18.671693559754292
UEFA Champions League 2025/26 | post_0_to_105m  F=60s,taker/maker,41,762015,142271,18.67036738121953
UEFA Champions League 2025/26 | post_0_to_105m  F=60s,taker/maker,42,764685,142773,18.670825241766217
UEFA Champions League 2025/26 | post_0_to_105m  F=60s,taker/maker,43,767319,143240,18.66759457279176
UEFA Champions League 2025/26 | post_0_to_105m  F=60s,taker/maker,44,769829,143706,18.6672624699771
UEFA Champions League 2025/26 | post_0_to_105m  F=60s,taker/maker,45,772347,144168,18.666221271009015
UEFA Champions League 2025/26 | post_0_to_105m  F=60s,taker/maker,46,774799,144629,18.66664773702599
UEFA Champions League 2025/26 | post_0_to_105m  F=60s,taker/maker,47,777176,145070,18.666299525461415
UEFA Champions League 2025/26 | post_0_to_105m  F=60s,taker/maker,48,779395,145490,18.66704302696322
UEFA Champions League 2025/26 | post_0_to_105m  F=60s,taker/maker,49,781569,145900,18.667577654692035
UEFA Champions League 2025/26 | post_0_to_105m  F=60s,taker/maker,50,783622,146276,18.66665305466156
UEFA Champions League 2025/26 | post_0_to_105m  F=60s,taker/maker,51,785717,146665,18.666390061561607
UEFA Champions League 2025/26 | post_0_to_105m  F=60s,taker/maker,52,787693,147037,18.666790234266397
UEFA Champions League 2025/26 | post_0_to_105m  F=60s,taker/maker,53,789557,147418,18.67097625630575
UEFA Champions League 2025/26 | post_0_to_105m  F=60s,taker/maker,54,791360,147766,18.672412050141528
UEFA Champions League 2025/26 | post_0_to_105m  F=60s,taker/maker,55,793119,148127,18.676516386569986
UEFA Champions League 2025/26 | post_0_to_105m  F=60s,taker/maker,56,794755,148411,18.673805134915792
UEFA Champions League 2025/26 | post_0_to_105m  F=60s,taker/maker,57,796386,148726,18.675114831250173
UEFA Champions League 2025/26 | post_0_to_105m  F=60s,taker/maker,58,798039,149062,18.67853576078362
UEFA Champions League 2025/26 | post_0_to_105m  F=60s,taker/maker,59,799580,149342,18.677555716751293
UEFA Champions League 2025/26 | post_0_to_105m  F=60s,taker/maker,60,801169,149644,18.678206470794553
UEFA Champions League 2025/26 | post_0_to_105m  F=60s,taker/maker,61,802746,149916,18.67539670082442
UEFA Champions League 2025/26 | post_0_to_105m  F=60s,taker/maker,62,804175,150195,18.67690490253987
UEFA Champions League 2025/26 | post_0_to_105m  F=60s,taker/maker,63,805583,150462,18.677405059441423
UEFA Champions League 2025/26 | post_0_to_105m  F=60s,taker/maker,64,806939,150735,18.679850645463908
UEFA Champions League 2025/26 | post_0_to_105m  F=60s,taker/maker,65,808281,151004,18.682116739104345
UEFA Champions League 2025/26 | post_0_to_105m  F=60s,taker/maker,66,809555,151217,18.679027366886746
UEFA Champions League 2025/26 | post_0_to_105m  F=60s,taker/maker,67,810838,151435,18.676357052826827
UEFA Champions League 2025/26 | post_0_to_105m  F=60s,taker/maker,68,812069,151680,18.678215767379374
UEFA Champions League 2025/26 | post_0_to_105m  F=60s,taker/maker,69,813268,151931,18.681541632032737
UEFA Champions League 2025/26 | post_0_to_105m  F=60s,taker/maker,70,814403,152141,18.6812916946524
UEFA Champions League 2025/26 | post_0_to_105m  F=60s,taker/maker,71,815549,152377,18.683978522443166
UEFA Champions League 2025/26 | post_0_to_105m  F=60s,taker/maker,72,816720,152618,18.68669801155843
UEFA Champions League 2025/26 | post_0_to_105m  F=60s,taker/maker,73,817824,152846,18.689351254059552
UEFA Champions League 2025/26 | post_0_to_105m  F=60s,taker/maker,74,818930,153063,18.690608476915
UEFA Champions League 2025/26 | post_0_to_105m  F=60s,taker/maker,75,819948,153266,18.69216096630518
UEFA Champions League 2025/26 | post_0_to_105m  F=60s,taker/maker,76,820878,153434,18.691449886584852
UEFA Champions League 2025/26 | post_0_to_105m  F=60s,taker/maker,77,821811,153628,18.693835930645854
UEFA Champions League 2025/26 | post_0_to_105m  F=60s,taker/maker,78,822753,153792,18.692365752540557
UEFA Champions League 2025/26 | post_0_to_105m  F=60s,taker/maker,79,823654,153963,18.692679207531317
UEFA Champions League 2025/26 | post_0_to_105m  F=60s,taker/maker,80,824543,154116,18.691080998807823
UEFA Champions League 2025/26 | post_0_to_105m  F=60s,taker/maker,81,825434,154291,18.69210621321632
UEFA Champions League 2025/26 | post_0_to_105m  F=60s,taker/maker,82,826315,154459,18.69250830494424
UEFA Champions League 2025/26 | post_0_to_105m  F=60s,taker/maker,83,827203,154640,18.69432291710741
UEFA Champions League 2025/26 | post_0_to_105m  F=60s,taker/maker,84,828083,154779,18.691242303005858
UEFA Champions League 2025/26 | post_0_to_105m  F=60s,taker/maker,85,828924,154934,18.690977701212656
UEFA Champions League 2025/26 | post_0_to_105m  F=60s,taker/maker,86,829710,155093,18.692434706102134
UEFA Champions League 2025/26 | post_0_to_105m  F=60s,taker/maker,87,830515,155235,18.69141436337694
UEFA Champions League 2025/26 | post_0_to_105m  F=60s,taker/maker,88,831335,155393,18.691983376135973
UEFA Champions League 2025/26 | post_0_to_105m  F=60s,taker/maker,89,832126,155543,18.692241319223292
UEFA Champions League 2025/26 | post_0_to_105m  F=60s,taker/maker,90,832914,155699,18.69328646174755
UEFA Champions League 2025/26 | post_0_to_105m  F=60s,taker/maker,91,833644,155832,18.69287129758026
UEFA Champions League 2025/26 | post_0_to_105m  F=60s,taker/maker,92,834333,155969,18.693854851719877
UEFA Champions League 2025/26 | post_0_to_105m  F=60s,taker/maker,93,835061,156114,18.694921688355702
UEFA Champions League 2025/26 | post_0_to_105m  F=60s,taker/maker,94,835791,156240,18.693668632469123
UEFA Champions League 2025/26 | post_0_to_105m  F=60s,taker/maker,95,836490,156359,18.692273667348086
UEFA Champions League 2025/26 | post_0_to_105m  F=60s,taker/maker,96,837140,156467,18.690661060276657
UEFA Champions League 2025/26 | post_0_to_105m  F=60s,taker/maker,97,837784,156592,18.69121396445862
UEFA Champions League 2025/26 | post_0_to_105m  F=60s,taker/maker,98,838391,156705,18.691159614070283
UEFA Champions League 2025/26 | post_0_to_105m  F=60s,taker/maker,99,839050,156823,18.69054287587152
UEFA Champions League 2025/26 | post_0_to_105m  F=60s,taker/maker,100,839674,156928,18.689157935103385
UEFA Champions League 2025/26 | post_0_to_105m  F=60s,taker/maker,101,840288,157042,18.689068509844244
UEFA Champions League 2025/26 | post_0_to_105m  F=60s,taker/maker,102,840882,157142,18.687758805635035
UEFA Champions League 2025/26 | post_0_to_105m  F=60s,taker/maker,103,841470,157263,18.689079824592678
UEFA Champions League 2025/26 | post_0_to_105m  F=60s,taker/maker,104,842016,157362,18.68871850416144
UEFA Champions League 2025/26 | post_0_to_105m  F=60s,taker/maker,105,842609,157483,18.68992616978931
UEFA Champions League 2025/26 | post_0_to_105m  F=60s,taker/maker,106,843153,157589,18.6904393390049
UEFA Champions League 2025/26 | post_0_to_105m  F=60s,taker/maker,107,843706,157692,18.690396891808284
UEFA Champions League 2025/26 | post_0_to_105m  F=60s,taker/maker,108,844218,157806,18.692565190507665
UEFA Champions League 2025/26 | post_0_to_105m  F=60s,taker/maker,109,844778,157914,18.69295838670041
UEFA Champions League 2025/26 | post_0_to_105m  F=60s,taker/maker,110,845296,158034,18.695699494614903
UEFA Champions League 2025/26 | post_0_to_105m  F=60s,taker/maker,111,845817,158136,18.696242804294545
UEFA Champions League 2025/26 | post_0_to_105m  F=60s,taker/maker,112,846302,158231,18.6967536411352
UEFA Champions League 2025/26 | post_0_to_105m  F=60s,taker/maker,113,846791,158326,18.697175572248643
UEFA Champions League 2025/26 | post_0_to_105m  F=60s,taker/maker,114,847256,158419,18.69789060213206
UEFA Champions League 2025/26 | post_0_to_105m  F=60s,taker/maker,115,847694,158521,18.700262122888685
UEFA Champions League 2025/26 | post_0_to_105m  F=60s,taker/maker,116,848195,158613,18.70006307511834
UEFA Champions League 2025/26 | post_0_to_105m  F=60s,taker/maker,117,848616,158701,18.70115576420902
UEFA Champions League 2025/26 | post_0_to_105m  F=60s,taker/maker,118,849070,158792,18.70187381487981
UEFA Champions League 2025/26 | post_0_to_105m  F=60s,taker/maker,119,849462,158874,18.702896656942865
UEFA Champions League 2025/26 | post_0_to_105m  F=60s,taker/maker,120,849913,158966,18.703796741548842
UEFA Champions League 2025/26 | post_0_to_105m  F=60s,taker/taker,1,171411,5551,3.2384152708986003
UEFA Champions League 2025/26 | post_0_to_105m  F=60s,taker/taker,2,234390,7285,3.1080677503306453
UEFA Champions League 2025/26 | post_0_to_105m  F=60s,taker/taker,3,290538,8832,3.03987774404725
UEFA Champions League 2025/26 | post_0_to_105m  F=60s,taker/taker,4,331037,9817,2.9655295329525098
UEFA Champions League 2025/26 | post_0_to_105m  F=60s,taker/taker,5,368802,10715,2.905353007847029
UEFA Champions League 2025/26 | post_0_to_105m  F=60s,taker/taker,6,398136,11420,2.868366588301485
UEFA Champions League 2025/26 | post_0_to_105m  F=60s,taker/taker,7,425859,12125,2.84718651008902
UEFA Champions League 2025/26 | post_0_to_105m  F=60s,taker/taker,8,448764,12612,2.8103858598283287
UEFA Champions League 2025/26 | post_0_to_105m  F=60s,taker/taker,9,470751,13082,2.7789638258867213
UEFA Champions League 2025/26 | post_0_to_105m  F=60s,taker/taker,10,488970,13465,2.753747673681412
UEFA Champions League 2025/26 | post_0_to_105m  F=60s,taker/taker,11,506710,13824,2.7281877207870378
UEFA Champions League 2025/26 | post_0_to_105m  F=60s,taker/taker,12,521758,14134,2.7089186941072296
UEFA Champions League 2025/26 | post_0_to_105m  F=60s,taker/taker,13,536416,14420,2.6882121338662532
UEFA Champions League 2025/26 | post_0_to_105m  F=60s,taker/taker,14,549145,14669,2.671243478498393
UEFA Champions League 2025/26 | post_0_to_105m  F=60s,taker/taker,15,561506,14882,2.650372391390297
UEFA Champions League 2025/26 | post_0_to_105m  F=60s,taker/taker,16,572633,15092,2.635544930173427
UEFA Champions League 2025/26 | post_0_to_105m  F=60s,taker/taker,17,583422,15304,2.623144139233694
UEFA Champions League 2025/26 | post_0_to_105m  F=60s,taker/taker,18,592894,15498,2.613957975624648
UEFA Champions League 2025/26 | post_0_to_105m  F=60s,taker/taker,19,602171,15676,2.6032472503657598
UEFA Champions League 2025/26 | post_0_to_105m  F=60s,taker/taker,20,610665,15831,2.5924197391368424
UEFA Champions League 2025/26 | post_0_to_105m  F=60s,taker/taker,21,619052,16007,2.585727854849027
UEFA Champions League 2025/26 | post_0_to_105m  F=60s,taker/taker,22,626613,16158,2.5786250843822263
UEFA Champions League 2025/26 | post_0_to_105m  F=60s,taker/taker,23,633961,16311,2.5728712018562656
UEFA Champions League 2025/26 | post_0_to_105m  F=60s,taker/taker,24,640887,16443,2.565662901572352
UEFA Champions League 2025/26 | post_0_to_105m  F=60s,taker/taker,25,647576,16574,2.559390712441474
UEFA Champions League 2025/26 | post_0_to_105m  F=60s,taker/taker,26,653790,16687,2.5523486134691566
UEFA Champions League 2025/26 | post_0_to_105m  F=60s,taker/taker,27,659855,16803,2.5464685423312696
UEFA Champions League 2025/26 | post_0_to_105m  F=60s,taker/taker,28,665388,16902,2.5401720499918845
UEFA Champions League 2025/26 | post_0_to_105m  F=60s,taker/taker,29,670944,17006,2.534637764105499
UEFA Champions League 2025/26 | post_0_to_105m  F=60s,taker/taker,30,675985,17105,2.5303815913074996
UEFA Champions League 2025/26 | post_0_to_105m  F=60s,taker/taker,31,681002,17196,2.525102716291582
UEFA Champions League 2025/26 | post_0_to_105m  F=60s,taker/taker,32,685615,17297,2.5228444535198324
UEFA Champions League 2025/26 | post_0_to_105m  F=60s,taker/taker,33,690228,17388,2.5191675794085433
UEFA Champions League 2025/26 | post_0_to_105m  F=60s,taker/taker,34,694454,17490,2.5185253450912515
UEFA Champions League 2025/26 | post_0_to_105m  F=60s,taker/taker,35,698647,17570,2.5148608667896664
UEFA Champions League 2025/26 | post_0_to_105m  F=60s,taker/taker,36,702622,17648,2.511734616906388
UEFA Champions League 2025/26 | post_0_to_105m  F=60s,taker/taker,37,706539,17721,2.5081418010895367
UEFA Champions League 2025/26 | post_0_to_105m  F=60s,taker/taker,38,710149,17788,2.5048264519136123
UEFA Champions League 2025/26 | post_0_to_105m  F=60s,taker/taker,39,713771,17854,2.5013624818043882
UEFA Champions League 2025/26 | post_0_to_105m  F=60s,taker/taker,40,717246,17929,2.499700242315747
UEFA Champions League 2025/26 | post_0_to_105m  F=60s,taker/taker,41,720573,17992,2.4969017712292856
UEFA Champions League 2025/26 | post_0_to_105m  F=60s,taker/taker,42,723772,18070,2.496642589102646
UEFA Champions League 2025/26 | post_0_to_105m  F=60s,taker/taker,43,727006,18156,2.4973659089471063
UEFA Champions League 2025/26 | post_0_to_105m  F=60s,taker/taker,44,729932,18217,2.4957119293304033
UEFA Champions League 2025/26 | post_0_to_105m  F=60s,taker/taker,45,732954,18276,2.4934716230486496
UEFA Champions League 2025/26 | post_0_to_105m  F=60s,taker/taker,46,735721,18332,2.491705415503975
UEFA Champions League 2025/26 | post_0_to_105m  F=60s,taker/taker,47,738563,18386,2.489428796189357
UEFA Champions League 2025/26 | post_0_to_105m  F=60s,taker/taker,48,741280,18445,2.4882635441398664
UEFA Champions League 2025/26 | post_0_to_105m  F=60s,taker/taker,49,743935,18491,2.4855666153629015
UEFA Champions League 2025/26 | post_0_to_105m  F=60s,taker/taker,50,746373,18558,2.486424348147642
UEFA Champions League 2025/26 | post_0_to_105m  F=60s,taker/taker,51,748791,18624,2.487209381523015
UEFA Champions League 2025/26 | post_0_to_105m  F=60s,taker/taker,52,751192,18673,2.4857825961937827
UEFA Champions League 2025/26 | post_0_to_105m  F=60s,taker/taker,53,753526,18728,2.485382057155294
UEFA Champions League 2025/26 | post_0_to_105m  F=60s,taker/taker,54,755816,18783,2.48512865565164
UEFA Champions League 2025/26 | post_0_to_105m  F=60s,taker/taker,55,758056,18839,2.4851725993857974
UEFA Champions League 2025/26 | post_0_to_105m  F=60s,taker/taker,56,760152,18885,2.484371546743283
UEFA Champions League 2025/26 | post_0_to_105m  F=60s,taker/taker,57,762209,18930,2.4835707791432533
UEFA Champions League 2025/26 | post_0_to_105m  F=60s,taker/taker,58,764243,18978,2.4832415867727935
UEFA Champions League 2025/26 | post_0_to_105m  F=60s,taker/taker,59,766277,19031,2.483566647570004
UEFA Champions League 2025/26 | post_0_to_105m  F=60s,taker/taker,60,768173,19073,2.482904241622655
UEFA Champions League 2025/26 | post_0_to_105m  F=60s,taker/taker,61,770002,19122,2.4833701730644857
UEFA Champions League 2025/26 | post_0_to_105m  F=60s,taker/taker,62,771678,19163,2.4832896622684593
UEFA Champions League 2025/26 | post_0_to_105m  F=60s,taker/taker,63,773424,19219,2.484924181302882
UEFA Champions League 2025/26 | post_0_to_105m  F=60s,taker/taker,64,775113,19262,2.485057017492933
UEFA Champions League 2025/26 | post_0_to_105m  F=60s,taker/taker,65,776822,19310,2.4857689406324743
UEFA Champions League 2025/26 | post_0_to_105m  F=60s,taker/taker,66,778373,19352,2.4862116234761484
UEFA Champions League 2025/26 | post_0_to_105m  F=60s,taker/taker,67,779983,19400,2.487233696119018
UEFA Champions League 2025/26 | post_0_to_105m  F=60s,taker/taker,68,781485,19439,2.487443776911905
UEFA Champions League 2025/26 | post_0_to_105m  F=60s,taker/taker,69,783033,19475,2.487123786609249
UEFA Champions League 2025/26 | post_0_to_105m  F=60s,taker/taker,70,784519,19529,2.489295989007277
UEFA Champions League 2025/26 | post_0_to_105m  F=60s,taker/taker,71,786016,19575,2.4904073199527743
UEFA Champions League 2025/26 | post_0_to_105m  F=60s,taker/taker,72,787416,19614,2.4909323661190528
UEFA Champions League 2025/26 | post_0_to_105m  F=60s,taker/taker,73,788803,19648,2.490862737591008
UEFA Champions League 2025/26 | post_0_to_105m  F=60s,taker/taker,74,790096,19686,2.491595957959539
UEFA Champions League 2025/26 | post_0_to_105m  F=60s,taker/taker,75,791436,19723,2.49205242116861
UEFA Champions League 2025/26 | post_0_to_105m  F=60s,taker/taker,76,792774,19760,2.492513629357169
UEFA Champions League 2025/26 | post_0_to_105m  F=60s,taker/taker,77,794074,19799,2.493344449006012
UEFA Champions League 2025/26 | post_0_to_105m  F=60s,taker/taker,78,795351,19839,2.4943704100453763
UEFA Champions League 2025/26 | post_0_to_105m  F=60s,taker/taker,79,796606,19873,2.494708802092879
UEFA Champions League 2025/26 | post_0_to_105m  F=60s,taker/taker,80,797822,19905,2.4949174126559557
UEFA Champions League 2025/26 | post_0_to_105m  F=60s,taker/taker,81,798953,19929,2.494389532300398
UEFA Champions League 2025/26 | post_0_to_105m  F=60s,taker/taker,82,800089,19957,2.494347503840198
UEFA Champions League 2025/26 | post_0_to_105m  F=60s,taker/taker,83,801217,19996,2.4957034111857337
UEFA Champions League 2025/26 | post_0_to_105m  F=60s,taker/taker,84,802353,20026,2.4959089079245667
UEFA Champions League 2025/26 | post_0_to_105m  F=60s,taker/taker,85,803428,20053,2.4959299402062163
UEFA Champions League 2025/26 | post_0_to_105m  F=60s,taker/taker,86,804540,20081,2.495960424590449
UEFA Champions League 2025/26 | post_0_to_105m  F=60s,taker/taker,87,805656,20110,2.496102554936598
UEFA Champions League 2025/26 | post_0_to_105m  F=60s,taker/taker,88,806748,20143,2.49681437078245
UEFA Champions League 2025/26 | post_0_to_105m  F=60s,taker/taker,89,807765,20171,2.497137162417287
UEFA Champions League 2025/26 | post_0_to_105m  F=60s,taker/taker,90,808810,20196,2.497001768029574
UEFA Champions League 2025/26 | post_0_to_105m  F=60s,taker/taker,91,809812,20226,2.4976167307967776
UEFA Champions League 2025/26 | post_0_to_105m  F=60s,taker/taker,92,810787,20259,2.4986833780018674
UEFA Champions League 2025/26 | post_0_to_105m  F=60s,taker/taker,93,811797,20291,2.499516504741949
UEFA Champions League 2025/26 | post_0_to_105m  F=60s,taker/taker,94,812692,20311,2.499224798570676
UEFA Champions League 2025/26 | post_0_to_105m  F=60s,taker/taker,95,813657,20334,2.4990874533126366
UEFA Champions League 2025/26 | post_0_to_105m  F=60s,taker/taker,96,814492,20357,2.499349287654145
UEFA Champions League 2025/26 | post_0_to_105m  F=60s,taker/taker,97,815425,20387,2.500168623723825
UEFA Champions League 2025/26 | post_0_to_105m  F=60s,taker/taker,98,816278,20421,2.5017212273269647
UEFA Champions League 2025/26 | post_0_to_105m  F=60s,taker/taker,99,817185,20447,2.5021262015333123
UEFA Champions League 2025/26 | post_0_to_105m  F=60s,taker/taker,100,818002,20471,2.502561118432473
UEFA Champions League 2025/26 | post_0_to_105m  F=60s,taker/taker,101,818888,20505,2.5040054317562355
UEFA Champions League 2025/26 | post_0_to_105m  F=60s,taker/taker,102,819756,20536,2.5051356745177835
UEFA Champions League 2025/26 | post_0_to_105m  F=60s,taker/taker,103,820586,20563,2.5058921307455893
UEFA Champions League 2025/26 | post_0_to_105m  F=60s,taker/taker,104,821341,20582,2.505901933545263
UEFA Champions League 2025/26 | post_0_to_105m  F=60s,taker/taker,105,822142,20614,2.5073527444164148
UEFA Champions League 2025/26 | post_0_to_105m  F=60s,taker/taker,106,822907,20633,2.5073307190241425
UEFA Champions League 2025/26 | post_0_to_105m  F=60s,taker/taker,107,823643,20652,2.507397015454511
UEFA Champions League 2025/26 | post_0_to_105m  F=60s,taker/taker,108,824408,20676,2.5079814848958284
UEFA Champions League 2025/26 | post_0_to_105m  F=60s,taker/taker,109,825121,20692,2.5077534082879964
UEFA Champions League 2025/26 | post_0_to_105m  F=60s,taker/taker,110,825821,20712,2.50804956522055
UEFA Champions League 2025/26 | post_0_to_105m  F=60s,taker/taker,111,826527,20731,2.508206023517683
UEFA Champions League 2025/26 | post_0_to_105m  F=60s,taker/taker,112,827224,20757,2.509235708828564
UEFA Champions League 2025/26 | post_0_to_105m  F=60s,taker/taker,113,827913,20779,2.5098047741731317
UEFA Champions League 2025/26 | post_0_to_105m  F=60s,taker/taker,114,828583,20807,2.511154585599753
UEFA Champions League 2025/26 | post_0_to_105m  F=60s,taker/taker,115,829230,20826,2.5114865598205562
UEFA Champions League 2025/26 | post_0_to_105m  F=60s,taker/taker,116,829912,20853,2.5126760427611603
UEFA Champions League 2025/26 | post_0_to_105m  F=60s,taker/taker,117,830569,20868,2.5124944465781893
UEFA Champions League 2025/26 | post_0_to_105m  F=60s,taker/taker,118,831189,20894,2.5137483773245313
UEFA Champions League 2025/26 | post_0_to_105m  F=60s,taker/taker,119,831841,20918,2.514663258964153
UEFA Champions League 2025/26 | post_0_to_105m  F=60s,taker/taker,120,832448,20942,2.5157126931652187
World Cup 2026/27 | post_0_to_105m  F=5s,maker/maker,1,1069744,784721,73.3559618002064
World Cup 2026/27 | post_0_to_105m  F=5s,maker/maker,2,1378146,1019806,73.99840074999311
World Cup 2026/27 | post_0_to_105m  F=5s,maker/maker,3,1565869,1165200,74.41235505652133
World Cup 2026/27 | post_0_to_105m  F=5s,maker/maker,4,1717517,1283385,74.72327784819598
World Cup 2026/27 | post_0_to_105m  F=5s,maker/maker,5,1838197,1377863,74.95730871065506
World Cup 2026/27 | post_0_to_105m  F=5s,maker/maker,6,1925942,1446646,75.11368462809368
World Cup 2026/27 | post_0_to_105m  F=5s,maker/maker,7,2001891,1506430,75.25035079332491
World Cup 2026/27 | post_0_to_105m  F=5s,maker/maker,8,2066548,1557433,75.36398864192847
World Cup 2026/27 | post_0_to_105m  F=5s,maker/maker,9,2117571,1597664,75.44795428346913
World Cup 2026/27 | post_0_to_105m  F=5s,maker/maker,10,2162916,1633476,75.52193427761411
World Cup 2026/27 | post_0_to_105m  F=5s,maker/maker,11,2202807,1664924,75.58192796736165
World Cup 2026/27 | post_0_to_105m  F=5s,maker/maker,12,2235568,1690829,75.63308295699348
World Cup 2026/27 | post_0_to_105m  F=5s,maker/maker,13,2265265,1714280,75.67679719591307
World Cup 2026/27 | post_0_to_105m  F=5s,maker/maker,14,2292024,1735397,75.71460857303414
World Cup 2026/27 | post_0_to_105m  F=5s,maker/maker,15,2314523,1753222,75.74873958910756
World Cup 2026/27 | post_0_to_105m  F=5s,maker/maker,16,2335275,1769562,75.77531554099625
World Cup 2026/27 | post_0_to_105m  F=5s,maker/maker,17,2354266,1784542,75.80035560977392
World Cup 2026/27 | post_0_to_105m  F=5s,maker/maker,18,2370646,1797465,75.82173804102342
World Cup 2026/27 | post_0_to_105m  F=5s,maker/maker,19,2385830,1809446,75.84136338297364
World Cup 2026/27 | post_0_to_105m  F=5s,maker/maker,20,2399775,1820430,75.85836172141138
World Cup 2026/27 | post_0_to_105m  F=5s,maker/maker,21,2411935,1829981,75.87190367899632
World Cup 2026/27 | post_0_to_105m  F=5s,maker/maker,22,2423211,1838855,75.8850549952109
World Cup 2026/27 | post_0_to_105m  F=5s,maker/maker,23,2433745,1847147,75.89731052349363
World Cup 2026/27 | post_0_to_105m  F=5s,maker/maker,24,2443011,1854468,75.9091137944119
World Cup 2026/27 | post_0_to_105m  F=5s,maker/maker,25,2451823,1861393,75.91873475369144
World Cup 2026/27 | post_0_to_105m  F=5s,maker/maker,26,2459989,1867804,75.9273313823761
World Cup 2026/27 | post_0_to_105m  F=5s,maker/maker,27,2467327,1873590,75.93602307274229
World Cup 2026/27 | post_0_to_105m  F=5s,maker/maker,28,2474242,1879015,75.943056499728
World Cup 2026/27 | post_0_to_105m  F=5s,maker/maker,29,2480769,1884101,75.94826442929592
World Cup 2026/27 | post_0_to_105m  F=5s,maker/maker,30,2486527,1888616,75.95397114127455
World Cup 2026/27 | post_0_to_105m  F=5s,maker/maker,31,2492008,1892904,75.95898568543922
World Cup 2026/27 | post_0_to_105m  F=5s,maker/maker,32,2497157,1896935,75.96378601745906
World Cup 2026/27 | post_0_to_105m  F=5s,maker/maker,33,2501785,1900563,75.96827864904458
World Cup 2026/27 | post_0_to_105m  F=5s,maker/maker,34,2506270,1904075,75.97246106764236
World Cup 2026/27 | post_0_to_105m  F=5s,maker/maker,35,2510482,1907328,75.97457380694225
World Cup 2026/27 | post_0_to_105m  F=5s,maker/maker,36,2514309,1910330,75.97833042796252
World Cup 2026/27 | post_0_to_105m  F=5s,maker/maker,37,2517998,1913186,75.98044160479873
World Cup 2026/27 | post_0_to_105m  F=5s,maker/maker,38,2521437,1915857,75.98274317383301
World Cup 2026/27 | post_0_to_105m  F=5s,maker/maker,39,2524716,1918399,75.98474442273903
World Cup 2026/27 | post_0_to_105m  F=5s,maker/maker,40,2527759,1920714,75.98485456880977
World Cup 2026/27 | post_0_to_105m  F=5s,maker/maker,41,2530717,1922974,75.98534328413648
World Cup 2026/27 | post_0_to_105m  F=5s,maker/maker,42,2533421,1925060,75.98658099068413
World Cup 2026/27 | post_0_to_105m  F=5s,maker/maker,43,2535997,1927016,75.98652522065287
World Cup 2026/27 | post_0_to_105m  F=5s,maker/maker,44,2538437,1928875,75.98671938677225
World Cup 2026/27 | post_0_to_105m  F=5s,maker/maker,45,2540722,1930607,75.98655027980236
World Cup 2026/27 | post_0_to_105m  F=5s,maker/maker,46,2542939,1932291,75.98652582700568
World Cup 2026/27 | post_0_to_105m  F=5s,maker/maker,47,2545040,1933898,75.98693930154339
World Cup 2026/27 | post_0_to_105m  F=5s,maker/maker,48,2546988,1935406,75.98802978262952
World Cup 2026/27 | post_0_to_105m  F=5s,maker/maker,49,2548884,1936847,75.98804025604932
World Cup 2026/27 | post_0_to_105m  F=5s,maker/maker,50,2550696,1938233,75.98839689245602
World Cup 2026/27 | post_0_to_105m  F=5s,maker/maker,51,2552374,1939500,75.9880801167854
World Cup 2026/27 | post_0_to_105m  F=5s,maker/maker,52,2554027,1940761,75.98827263768159
World Cup 2026/27 | post_0_to_105m  F=5s,maker/maker,53,2555566,1941930,75.98825465669836
World Cup 2026/27 | post_0_to_105m  F=5s,maker/maker,54,2557042,1943051,75.98823171461399
World Cup 2026/27 | post_0_to_105m  F=5s,maker/maker,55,2558443,1944119,75.98836479843405
World Cup 2026/27 | post_0_to_105m  F=5s,maker/maker,56,2559760,1945125,75.98856924086633
World Cup 2026/27 | post_0_to_105m  F=5s,maker/maker,57,2561018,1946079,75.98849363807673
World Cup 2026/27 | post_0_to_105m  F=5s,maker/maker,58,2562225,1947020,75.98942325517861
World Cup 2026/27 | post_0_to_105m  F=5s,maker/maker,59,2563357,1947880,75.98941544232817
World Cup 2026/27 | post_0_to_105m  F=5s,maker/maker,60,2564438,1948713,75.98986600572913
World Cup 2026/27 | post_0_to_105m  F=5s,maker/maker,61,2565485,1949526,75.99054369836503
World Cup 2026/27 | post_0_to_105m  F=5s,maker/maker,62,2566492,1950300,75.99088561351448
World Cup 2026/27 | post_0_to_105m  F=5s,maker/maker,63,2567420,1951010,75.99107275007596
World Cup 2026/27 | post_0_to_105m  F=5s,maker/maker,64,2568322,1951706,75.99148393386811
World Cup 2026/27 | post_0_to_105m  F=5s,maker/maker,65,2569212,1952394,75.99193838422053
World Cup 2026/27 | post_0_to_105m  F=5s,maker/maker,66,2570025,1953025,75.99245143529733
World Cup 2026/27 | post_0_to_105m  F=5s,maker/maker,67,2570830,1953634,75.99234488472594
World Cup 2026/27 | post_0_to_105m  F=5s,maker/maker,68,2571609,1954229,75.99246230667259
World Cup 2026/27 | post_0_to_105m  F=5s,maker/maker,69,2572344,1954792,75.9926355106471
World Cup 2026/27 | post_0_to_105m  F=5s,maker/maker,70,2573066,1955340,75.9926095949346
World Cup 2026/27 | post_0_to_105m  F=5s,maker/maker,71,2573765,1955865,75.99236915569215
World Cup 2026/27 | post_0_to_105m  F=5s,maker/maker,72,2574411,1956361,75.99256684344496
World Cup 2026/27 | post_0_to_105m  F=5s,maker/maker,73,2575070,1956858,75.99241962354421
World Cup 2026/27 | post_0_to_105m  F=5s,maker/maker,74,2575692,1957330,75.99239350046511
World Cup 2026/27 | post_0_to_105m  F=5s,maker/maker,75,2576264,1957771,75.99263895315076
World Cup 2026/27 | post_0_to_105m  F=5s,maker/maker,76,2576840,1958214,75.99284394840191
World Cup 2026/27 | post_0_to_105m  F=5s,maker/maker,77,2577366,1958602,75.99238912905656
World Cup 2026/27 | post_0_to_105m  F=5s,maker/maker,78,2577883,1958993,75.99231617571472
World Cup 2026/27 | post_0_to_105m  F=5s,maker/maker,79,2578417,1959396,75.9922076219634
World Cup 2026/27 | post_0_to_105m  F=5s,maker/maker,80,2578890,1959755,75.992190438522
World Cup 2026/27 | post_0_to_105m  F=5s,maker/maker,81,2579348,1960100,75.9920724151995
World Cup 2026/27 | post_0_to_105m  F=5s,maker/maker,82,2579824,1960460,75.99200565619981
World Cup 2026/27 | post_0_to_105m  F=5s,maker/maker,83,2580272,1960798,75.99191093032053
World Cup 2026/27 | post_0_to_105m  F=5s,maker/maker,84,2580687,1961114,75.99193548074602
World Cup 2026/27 | post_0_to_105m  F=5s,maker/maker,85,2581073,1961394,75.9914190726105
World Cup 2026/27 | post_0_to_105m  F=5s,maker/maker,86,2581462,1961693,75.99155052447024
World Cup 2026/27 | post_0_to_105m  F=5s,maker/maker,87,2581844,1961978,75.99134572034562
World Cup 2026/27 | post_0_to_105m  F=5s,maker/maker,88,2582190,1962237,75.99119352177803
World Cup 2026/27 | post_0_to_105m  F=5s,maker/maker,89,2582551,1962508,75.9910646488685
World Cup 2026/27 | post_0_to_105m  F=5s,maker/maker,90,2582878,1962751,75.99085206502204
World Cup 2026/27 | post_0_to_105m  F=5s,maker/maker,91,2583194,1962982,75.99049858431074
World Cup 2026/27 | post_0_to_105m  F=5s,maker/maker,92,2583509,1963207,75.98994236133878
World Cup 2026/27 | post_0_to_105m  F=5s,maker/maker,93,2583807,1963427,75.98969272859776
World Cup 2026/27 | post_0_to_105m  F=5s,maker/maker,94,2584107,1963646,75.98934564242116
World Cup 2026/27 | post_0_to_105m  F=5s,maker/maker,95,2584398,1963860,75.9890697949774
World Cup 2026/27 | post_0_to_105m  F=5s,maker/maker,96,2584668,1964060,75.98886975038961
World Cup 2026/27 | post_0_to_105m  F=5s,maker/maker,97,2584928,1964251,75.98861554364377
World Cup 2026/27 | post_0_to_105m  F=5s,maker/maker,98,2585199,1964455,75.98854092083434
World Cup 2026/27 | post_0_to_105m  F=5s,maker/maker,99,2585449,1964642,75.98842599486588
World Cup 2026/27 | post_0_to_105m  F=5s,maker/maker,100,2585689,1964818,75.98817955291607
World Cup 2026/27 | post_0_to_105m  F=5s,maker/maker,101,2585944,1965005,75.98791775846654
World Cup 2026/27 | post_0_to_105m  F=5s,maker/maker,102,2586182,1965181,75.98773017521582
World Cup 2026/27 | post_0_to_105m  F=5s,maker/maker,103,2586420,1965351,75.9873106456028
World Cup 2026/27 | post_0_to_105m  F=5s,maker/maker,104,2586654,1965520,75.98697003928628
World Cup 2026/27 | post_0_to_105m  F=5s,maker/maker,105,2586873,1965677,75.98660622303453
World Cup 2026/27 | post_0_to_105m  F=5s,maker/maker,106,2587090,1965830,75.98614659714197
World Cup 2026/27 | post_0_to_105m  F=5s,maker/maker,107,2587308,1965982,75.98561902950867
World Cup 2026/27 | post_0_to_105m  F=5s,maker/maker,108,2587501,1966125,75.98547788000855
World Cup 2026/27 | post_0_to_105m  F=5s,maker/maker,109,2587712,1966273,75.98500142210571
World Cup 2026/27 | post_0_to_105m  F=5s,maker/maker,110,2587902,1966408,75.98463929468736
World Cup 2026/27 | post_0_to_105m  F=5s,maker/maker,111,2588089,1966542,75.9843266595546
World Cup 2026/27 | post_0_to_105m  F=5s,maker/maker,112,2588270,1966675,75.98415157614932
World Cup 2026/27 | post_0_to_105m  F=5s,maker/maker,113,2588466,1966804,75.9833816631163
World Cup 2026/27 | post_0_to_105m  F=5s,maker/maker,114,2588627,1966923,75.98325289815799
World Cup 2026/27 | post_0_to_105m  F=5s,maker/maker,115,2588808,1967056,75.9830779262116
World Cup 2026/27 | post_0_to_105m  F=5s,maker/maker,116,2588976,1967172,75.98262788067561
World Cup 2026/27 | post_0_to_105m  F=5s,maker/maker,117,2589142,1967297,75.98258419198329
World Cup 2026/27 | post_0_to_105m  F=5s,maker/maker,118,2589305,1967416,75.98239682076851
World Cup 2026/27 | post_0_to_105m  F=5s,maker/maker,119,2589463,1967529,75.98212447909084
World Cup 2026/27 | post_0_to_105m  F=5s,maker/maker,120,2589597,1967629,75.9820543505418
World Cup 2026/27 | post_0_to_105m  F=5s,maker/taker,1,1246729,84790,6.800996848553294
World Cup 2026/27 | post_0_to_105m  F=5s,maker/taker,2,1571519,107646,6.849805824810264
World Cup 2026/27 | post_0_to_105m  F=5s,maker/taker,3,1753721,120955,6.897049188553938
World Cup 2026/27 | post_0_to_105m  F=5s,maker/taker,4,1897114,131631,6.938486564328764
World Cup 2026/27 | post_0_to_105m  F=5s,maker/taker,5,2006486,139906,6.97268757419688
World Cup 2026/27 | post_0_to_105m  F=5s,maker/taker,6,2079994,145409,6.990837473569635
World Cup 2026/27 | post_0_to_105m  F=5s,maker/taker,7,2142054,150113,7.0078998942136845
World Cup 2026/27 | post_0_to_105m  F=5s,maker/taker,8,2193043,154077,7.025717233998604
World Cup 2026/27 | post_0_to_105m  F=5s,maker/taker,9,2230597,157014,7.039102087916374
World Cup 2026/27 | post_0_to_105m  F=5s,maker/taker,10,2263141,159565,7.050599145170363
World Cup 2026/27 | post_0_to_105m  F=5s,maker/taker,11,2290832,161743,7.060447907135923
World Cup 2026/27 | post_0_to_105m  F=5s,maker/taker,12,2312193,163356,7.064981167229552
World Cup 2026/27 | post_0_to_105m  F=5s,maker/taker,13,2331313,164838,7.070607850597496
World Cup 2026/27 | post_0_to_105m  F=5s,maker/taker,14,2347946,166142,7.076057115453252
World Cup 2026/27 | post_0_to_105m  F=5s,maker/taker,15,2361245,167166,7.0795703114246935
World Cup 2026/27 | post_0_to_105m  F=5s,maker/taker,16,2373273,168077,7.082076103339144
World Cup 2026/27 | post_0_to_105m  F=5s,maker/taker,17,2384016,168937,7.086235998416118
World Cup 2026/27 | post_0_to_105m  F=5s,maker/taker,18,2392724,169595,7.087946624851007
World Cup 2026/27 | post_0_to_105m  F=5s,maker/taker,19,2400875,170221,7.089956786588223
World Cup 2026/27 | post_0_to_105m  F=5s,maker/taker,20,2408078,170775,7.091755333506639
World Cup 2026/27 | post_0_to_105m  F=5s,maker/taker,21,2414064,171232,7.093101094254337
World Cup 2026/27 | post_0_to_105m  F=5s,maker/taker,22,2419536,171655,7.094542094021333
World Cup 2026/27 | post_0_to_105m  F=5s,maker/taker,23,2424646,172079,7.097077264062465
World Cup 2026/27 | post_0_to_105m  F=5s,maker/taker,24,2428972,172399,7.097611664523098
World Cup 2026/27 | post_0_to_105m  F=5s,maker/taker,25,2432987,172738,7.0998324282045076
World Cup 2026/27 | post_0_to_105m  F=5s,maker/taker,26,2436692,173067,7.102539016010231
World Cup 2026/27 | post_0_to_105m  F=5s,maker/taker,27,2439824,173327,7.104077999068785
World Cup 2026/27 | post_0_to_105m  F=5s,maker/taker,28,2442839,173565,7.105052768520562
World Cup 2026/27 | post_0_to_105m  F=5s,maker/taker,29,2445575,173804,7.106876705887164
World Cup 2026/27 | post_0_to_105m  F=5s,maker/taker,30,2447994,173992,7.107533760295164
World Cup 2026/27 | post_0_to_105m  F=5s,maker/taker,31,2450230,174193,7.109250968276448
World Cup 2026/27 | post_0_to_105m  F=5s,maker/taker,32,2452280,174380,7.110933498621691
World Cup 2026/27 | post_0_to_105m  F=5s,maker/taker,33,2454151,174537,7.1119095768760765
World Cup 2026/27 | post_0_to_105m  F=5s,maker/taker,34,2455835,174680,7.112855708954388
World Cup 2026/27 | post_0_to_105m  F=5s,maker/taker,35,2457490,174831,7.114210027304282
World Cup 2026/27 | post_0_to_105m  F=5s,maker/taker,36,2458946,174957,7.11512168221669
World Cup 2026/27 | post_0_to_105m  F=5s,maker/taker,37,2460332,175084,7.116275364463007
World Cup 2026/27 | post_0_to_105m  F=5s,maker/taker,38,2461619,175213,7.117795239637003
World Cup 2026/27 | post_0_to_105m  F=5s,maker/taker,39,2462736,175317,7.118789833745883
World Cup 2026/27 | post_0_to_105m  F=5s,maker/taker,40,2463819,175412,7.1195164904564825
World Cup 2026/27 | post_0_to_105m  F=5s,maker/taker,41,2464840,175524,7.121111309456192
World Cup 2026/27 | post_0_to_105m  F=5s,maker/taker,42,2465736,175609,7.121970884149803
World Cup 2026/27 | post_0_to_105m  F=5s,maker/taker,43,2466621,175696,7.122942681506401
World Cup 2026/27 | post_0_to_105m  F=5s,maker/taker,44,2467496,175791,7.124266868112451
World Cup 2026/27 | post_0_to_105m  F=5s,maker/taker,45,2468301,175867,7.125022434459979
World Cup 2026/27 | post_0_to_105m  F=5s,maker/taker,46,2469039,175945,7.126051876863833
World Cup 2026/27 | post_0_to_105m  F=5s,maker/taker,47,2469747,176032,7.127531686443996
World Cup 2026/27 | post_0_to_105m  F=5s,maker/taker,48,2470392,176103,7.128544781556935
World Cup 2026/27 | post_0_to_105m  F=5s,maker/taker,49,2471013,176180,7.129869409833133
World Cup 2026/27 | post_0_to_105m  F=5s,maker/taker,50,2471615,176245,7.130762679462618
World Cup 2026/27 | post_0_to_105m  F=5s,maker/taker,51,2472173,176309,7.1317419937844155
World Cup 2026/27 | post_0_to_105m  F=5s,maker/taker,52,2472756,176375,7.132729634464541
World Cup 2026/27 | post_0_to_105m  F=5s,maker/taker,53,2473268,176440,7.133881164515936
World Cup 2026/27 | post_0_to_105m  F=5s,maker/taker,54,2473723,176494,7.1347519508045165
World Cup 2026/27 | post_0_to_105m  F=5s,maker/taker,55,2474180,176552,7.135778318473191
World Cup 2026/27 | post_0_to_105m  F=5s,maker/taker,56,2474621,176614,7.137012091952666
World Cup 2026/27 | post_0_to_105m  F=5s,maker/taker,57,2474991,176663,7.1379249459897025
World Cup 2026/27 | post_0_to_105m  F=5s,maker/taker,58,2475402,176727,7.139325248989861
World Cup 2026/27 | post_0_to_105m  F=5s,maker/taker,59,2475775,176779,7.140349991416829
World Cup 2026/27 | post_0_to_105m  F=5s,maker/taker,60,2476100,176818,7.1409878437866
World Cup 2026/27 | post_0_to_105m  F=5s,maker/taker,61,2476424,176858,7.141668793389178
World Cup 2026/27 | post_0_to_105m  F=5s,maker/taker,62,2476742,176907,7.142730248043599
World Cup 2026/27 | post_0_to_105m  F=5s,maker/taker,63,2477025,176938,7.14316569271606
World Cup 2026/27 | post_0_to_105m  F=5s,maker/taker,64,2477322,176982,7.144085427732043
World Cup 2026/27 | post_0_to_105m  F=5s,maker/taker,65,2477612,177036,7.145428743483644
World Cup 2026/27 | post_0_to_105m  F=5s,maker/taker,66,2477883,177080,7.146422974773224
World Cup 2026/27 | post_0_to_105m  F=5s,maker/taker,67,2478134,177116,7.147151848931494
World Cup 2026/27 | post_0_to_105m  F=5s,maker/taker,68,2478385,177166,7.148445459442338
World Cup 2026/27 | post_0_to_105m  F=5s,maker/taker,69,2478598,177200,7.1492028961533896
World Cup 2026/27 | post_0_to_105m  F=5s,maker/taker,70,2478817,177234,7.149942896147638
World Cup 2026/27 | post_0_to_105m  F=5s,maker/taker,71,2479041,177274,7.150910372196345
World Cup 2026/27 | post_0_to_105m  F=5s,maker/taker,72,2479262,177306,7.151563650796084
World Cup 2026/27 | post_0_to_105m  F=5s,maker/taker,73,2479506,177349,7.1525941054387445
World Cup 2026/27 | post_0_to_105m  F=5s,maker/taker,74,2479712,177393,7.153774309274626
World Cup 2026/27 | post_0_to_105m  F=5s,maker/taker,75,2479917,177427,7.154553962894726
World Cup 2026/27 | post_0_to_105m  F=5s,maker/taker,76,2480118,177469,7.155667593235483
World Cup 2026/27 | post_0_to_105m  F=5s,maker/taker,77,2480292,177506,7.1566573613106845
World Cup 2026/27 | post_0_to_105m  F=5s,maker/taker,78,2480454,177531,7.157197835557523
World Cup 2026/27 | post_0_to_105m  F=5s,maker/taker,79,2480594,177561,7.158003284697133
World Cup 2026/27 | post_0_to_105m  F=5s,maker/taker,80,2480763,177605,7.159289299300256
World Cup 2026/27 | post_0_to_105m  F=5s,maker/taker,81,2480909,177636,7.16011752144073
World Cup 2026/27 | post_0_to_105m  F=5s,maker/taker,82,2481074,177666,7.160850502645226
World Cup 2026/27 | post_0_to_105m  F=5s,maker/taker,83,2481222,177700,7.161793664573343
World Cup 2026/27 | post_0_to_105m  F=5s,maker/taker,84,2481351,177727,7.162509455534505
World Cup 2026/27 | post_0_to_105m  F=5s,maker/taker,85,2481492,177754,7.1631905321475955
World Cup 2026/27 | post_0_to_105m  F=5s,maker/taker,86,2481620,177781,7.163909059404744
World Cup 2026/27 | post_0_to_105m  F=5s,maker/taker,87,2481735,177806,7.164584454021078
World Cup 2026/27 | post_0_to_105m  F=5s,maker/taker,88,2481850,177835,7.165420956141588
World Cup 2026/27 | post_0_to_105m  F=5s,maker/taker,89,2481965,177870,7.1664991246854814
World Cup 2026/27 | post_0_to_105m  F=5s,maker/taker,90,2482060,177889,7.1669903225546525
World Cup 2026/27 | post_0_to_105m  F=5s,maker/taker,91,2482166,177914,7.167691443682655
World Cup 2026/27 | post_0_to_105m  F=5s,maker/taker,92,2482274,177949,7.168789585678294
World Cup 2026/27 | post_0_to_105m  F=5s,maker/taker,93,2482363,177972,7.169459100059097
World Cup 2026/27 | post_0_to_105m  F=5s,maker/taker,94,2482456,177997,7.1701975785270715
World Cup 2026/27 | post_0_to_105m  F=5s,maker/taker,95,2482559,178026,7.1710682404728345
World Cup 2026/27 | post_0_to_105m  F=5s,maker/taker,96,2482649,178050,7.171774987120612
World Cup 2026/27 | post_0_to_105m  F=5s,maker/taker,97,2482745,178073,7.172424070937612
World Cup 2026/27 | post_0_to_105m  F=5s,maker/taker,98,2482835,178102,7.173332098186146
World Cup 2026/27 | post_0_to_105m  F=5s,maker/taker,99,2482918,178123,7.173938084141321
World Cup 2026/27 | post_0_to_105m  F=5s,maker/taker,100,2483009,178147,7.174641735088355
World Cup 2026/27 | post_0_to_105m  F=5s,maker/taker,101,2483101,178183,7.175825711479315
World Cup 2026/27 | post_0_to_105m  F=5s,maker/taker,102,2483178,178205,7.176489160261568
World Cup 2026/27 | post_0_to_105m  F=5s,maker/taker,103,2483249,178229,7.177250448907862
World Cup 2026/27 | post_0_to_105m  F=5s,maker/taker,104,2483337,178259,7.178204166409956
World Cup 2026/27 | post_0_to_105m  F=5s,maker/taker,105,2483406,178278,7.17876980244068
World Cup 2026/27 | post_0_to_105m  F=5s,maker/taker,106,2483474,178302,7.179539628761968
World Cup 2026/27 | post_0_to_105m  F=5s,maker/taker,107,2483543,178322,7.180145461544254
World Cup 2026/27 | post_0_to_105m  F=5s,maker/taker,108,2483619,178336,7.180489439000104
World Cup 2026/27 | post_0_to_105m  F=5s,maker/taker,109,2483695,178359,7.181195758738492
World Cup 2026/27 | post_0_to_105m  F=5s,maker/taker,110,2483759,178382,7.181936733797442
World Cup 2026/27 | post_0_to_105m  F=5s,maker/taker,111,2483815,178398,7.182418980479625
World Cup 2026/27 | post_0_to_105m  F=5s,maker/taker,112,2483872,178414,7.182898313600701
World Cup 2026/27 | post_0_to_105m  F=5s,maker/taker,113,2483945,178442,7.1838144564392525
World Cup 2026/27 | post_0_to_105m  F=5s,maker/taker,114,2483999,178462,7.184463439800097
World Cup 2026/27 | post_0_to_105m  F=5s,maker/taker,115,2484058,178485,7.185218702622886
World Cup 2026/27 | post_0_to_105m  F=5s,maker/taker,116,2484116,178510,7.1860573338765175
World Cup 2026/27 | post_0_to_105m  F=5s,maker/taker,117,2484173,178531,7.186737799662101
World Cup 2026/27 | post_0_to_105m  F=5s,maker/taker,118,2484232,178548,7.187251432233382
World Cup 2026/27 | post_0_to_105m  F=5s,maker/taker,119,2484301,178580,7.188339899231212
World Cup 2026/27 | post_0_to_105m  F=5s,maker/taker,120,2484349,178594,7.188764541535831
World Cup 2026/27 | post_0_to_105m  F=5s,taker/maker,1,1246729,214339,17.19210830902305
World Cup 2026/27 | post_0_to_105m  F=5s,taker/maker,2,1571519,268701,17.098170623454124
World Cup 2026/27 | post_0_to_105m  F=5s,taker/maker,3,1753721,299819,17.096162958646214
World Cup 2026/27 | post_0_to_105m  F=5s,taker/maker,4,1897114,324494,17.104612585221552
World Cup 2026/27 | post_0_to_105m  F=5s,taker/maker,5,2006486,343851,17.136974790753587
World Cup 2026/27 | post_0_to_105m  F=5s,taker/maker,6,2079994,357529,17.188943814261002
World Cup 2026/27 | post_0_to_105m  F=5s,taker/maker,7,2142054,369235,17.237427254401616
World Cup 2026/27 | post_0_to_105m  F=5s,taker/maker,8,2193043,379072,17.285205990033027
World Cup 2026/27 | post_0_to_105m  F=5s,taker/maker,9,2230597,386654,17.33410382960257
World Cup 2026/27 | post_0_to_105m  F=5s,taker/maker,10,2263141,393344,17.380446026120335
World Cup 2026/27 | post_0_to_105m  F=5s,taker/maker,11,2290832,399115,17.422272781242796
World Cup 2026/27 | post_0_to_105m  F=5s,taker/maker,12,2312193,403733,17.461042395682366
World Cup 2026/27 | post_0_to_105m  F=5s,taker/maker,13,2331313,407925,17.49765046563889
World Cup 2026/27 | post_0_to_105m  F=5s,taker/maker,14,2347946,411599,17.530173181154932
World Cup 2026/27 | post_0_to_105m  F=5s,taker/maker,15,2361245,414648,17.560566565519462
World Cup 2026/27 | post_0_to_105m  F=5s,taker/maker,16,2373273,417421,17.58841060425834
World Cup 2026/27 | post_0_to_105m  F=5s,taker/maker,17,2384016,419967,17.615947208408
World Cup 2026/27 | post_0_to_105m  F=5s,taker/maker,18,2392724,422080,17.640145708405985
World Cup 2026/27 | post_0_to_105m  F=5s,taker/maker,19,2400875,424112,17.664893007757588
World Cup 2026/27 | post_0_to_105m  F=5s,taker/maker,20,2408078,425912,17.686802503905604
World Cup 2026/27 | post_0_to_105m  F=5s,taker/maker,21,2414064,427422,17.70549579464339
World Cup 2026/27 | post_0_to_105m  F=5s,taker/maker,22,2419536,428789,17.721951646927344
World Cup 2026/27 | post_0_to_105m  F=5s,taker/maker,23,2424646,430146,17.740569138752626
World Cup 2026/27 | post_0_to_105m  F=5s,taker/maker,24,2428972,431318,17.757224043751844
World Cup 2026/27 | post_0_to_105m  F=5s,taker/maker,25,2432987,432419,17.773173469484217
World Cup 2026/27 | post_0_to_105m  F=5s,taker/maker,26,2436692,433464,17.78903529867542
World Cup 2026/27 | post_0_to_105m  F=5s,taker/maker,27,2439824,434351,17.802554610496493
World Cup 2026/27 | post_0_to_105m  F=5s,taker/maker,28,2442839,435197,17.815214183169665
World Cup 2026/27 | post_0_to_105m  F=5s,taker/maker,29,2445575,436011,17.828567923698927
World Cup 2026/27 | post_0_to_105m  F=5s,taker/maker,30,2447994,436719,17.839872156549404
World Cup 2026/27 | post_0_to_105m  F=5s,taker/maker,31,2450230,437357,17.849630442856384
World Cup 2026/27 | post_0_to_105m  F=5s,taker/maker,32,2452280,437945,17.858686610011908
World Cup 2026/27 | post_0_to_105m  F=5s,taker/maker,33,2454151,438500,17.86768621816669
World Cup 2026/27 | post_0_to_105m  F=5s,taker/maker,34,2455835,438999,17.875753053442107
World Cup 2026/27 | post_0_to_105m  F=5s,taker/maker,35,2457490,439497,17.883979182010915
World Cup 2026/27 | post_0_to_105m  F=5s,taker/maker,36,2458946,439914,17.890348141032785
World Cup 2026/27 | post_0_to_105m  F=5s,taker/maker,37,2460332,440352,17.89807229268245
World Cup 2026/27 | post_0_to_105m  F=5s,taker/maker,38,2461619,440772,17.905776645370384
World Cup 2026/27 | post_0_to_105m  F=5s,taker/maker,39,2462736,441135,17.91239499483501
World Cup 2026/27 | post_0_to_105m  F=5s,taker/maker,40,2463819,441497,17.919214033173702
World Cup 2026/27 | post_0_to_105m  F=5s,taker/maker,41,2464840,441817,17.924774021843202
World Cup 2026/27 | post_0_to_105m  F=5s,taker/maker,42,2465736,442106,17.92998114964457
World Cup 2026/27 | post_0_to_105m  F=5s,taker/maker,43,2466621,442378,17.93457527524496
World Cup 2026/27 | post_0_to_105m  F=5s,taker/maker,44,2467496,442654,17.93940091493563
World Cup 2026/27 | post_0_to_105m  F=5s,taker/maker,45,2468301,442905,17.94371918173675
World Cup 2026/27 | post_0_to_105m  F=5s,taker/maker,46,2469039,443155,17.94848117020428
World Cup 2026/27 | post_0_to_105m  F=5s,taker/maker,47,2469747,443393,17.9529725109495
World Cup 2026/27 | post_0_to_105m  F=5s,taker/maker,48,2470392,443589,17.95621909397375
World Cup 2026/27 | post_0_to_105m  F=5s,taker/maker,49,2471013,443793,17.95996216936131
World Cup 2026/27 | post_0_to_105m  F=5s,taker/maker,50,2471615,443995,17.963760537138672
World Cup 2026/27 | post_0_to_105m  F=5s,taker/maker,51,2472173,444200,17.967998194301128
World Cup 2026/27 | post_0_to_105m  F=5s,taker/maker,52,2472756,444395,17.97164782938551
World Cup 2026/27 | post_0_to_105m  F=5s,taker/maker,53,2473268,444571,17.975043545624654
World Cup 2026/27 | post_0_to_105m  F=5s,taker/maker,54,2473723,444746,17.9788116939528
World Cup 2026/27 | post_0_to_105m  F=5s,taker/maker,55,2474180,444902,17.981795988974124
World Cup 2026/27 | post_0_to_105m  F=5s,taker/maker,56,2474621,445048,17.984491362515715
World Cup 2026/27 | post_0_to_105m  F=5s,taker/maker,57,2474991,445169,17.986691668777784
World Cup 2026/27 | post_0_to_105m  F=5s,taker/maker,58,2475402,445319,17.989764894752447
World Cup 2026/27 | post_0_to_105m  F=5s,taker/maker,59,2475775,445448,17.992265048318203
World Cup 2026/27 | post_0_to_105m  F=5s,taker/maker,60,2476100,445552,17.994103630709585
World Cup 2026/27 | post_0_to_105m  F=5s,taker/maker,61,2476424,445663,17.996231663075466
World Cup 2026/27 | post_0_to_105m  F=5s,taker/maker,62,2476742,445775,17.99844311599674
World Cup 2026/27 | post_0_to_105m  F=5s,taker/maker,63,2477025,445882,18.000706492667614
World Cup 2026/27 | post_0_to_105m  F=5s,taker/maker,64,2477322,445994,18.003069443536205
World Cup 2026/27 | post_0_to_105m  F=5s,taker/maker,65,2477612,446089,18.004796554101286
World Cup 2026/27 | post_0_to_105m  F=5s,taker/maker,66,2477883,446179,18.006459546314332
World Cup 2026/27 | post_0_to_105m  F=5s,taker/maker,67,2478134,446270,18.00830786390082
World Cup 2026/27 | post_0_to_105m  F=5s,taker/maker,68,2478385,446354,18.00987336511478
World Cup 2026/27 | post_0_to_105m  F=5s,taker/maker,69,2478598,446428,18.011311233205223
World Cup 2026/27 | post_0_to_105m  F=5s,taker/maker,70,2478817,446506,18.01286662145693
World Cup 2026/27 | post_0_to_105m  F=5s,taker/maker,71,2479041,446584,18.01438540145161
World Cup 2026/27 | post_0_to_105m  F=5s,taker/maker,72,2479262,446668,18.016167714424697
World Cup 2026/27 | post_0_to_105m  F=5s,taker/maker,73,2479506,446752,18.017782574432164
World Cup 2026/27 | post_0_to_105m  F=5s,taker/maker,74,2479712,446823,18.01914899794815
World Cup 2026/27 | post_0_to_105m  F=5s,taker/maker,75,2479917,446892,18.020441813173587
World Cup 2026/27 | post_0_to_105m  F=5s,taker/maker,76,2480118,446962,18.021803801270746
World Cup 2026/27 | post_0_to_105m  F=5s,taker/maker,77,2480292,447027,18.023160176301822
World Cup 2026/27 | post_0_to_105m  F=5s,taker/maker,78,2480454,447089,18.02448261487615
World Cup 2026/27 | post_0_to_105m  F=5s,taker/maker,79,2480594,447151,18.02596474876582
World Cup 2026/27 | post_0_to_105m  F=5s,taker/maker,80,2480763,447209,18.027074734668325
World Cup 2026/27 | post_0_to_105m  F=5s,taker/maker,81,2480909,447264,18.028230781540152
World Cup 2026/27 | post_0_to_105m  F=5s,taker/maker,82,2481074,447334,18.029853200670356
World Cup 2026/27 | post_0_to_105m  F=5s,taker/maker,83,2481222,447389,18.03099440517616
World Cup 2026/27 | post_0_to_105m  F=5s,taker/maker,84,2481351,447435,18.031910842117863
World Cup 2026/27 | post_0_to_105m  F=5s,taker/maker,85,2481492,447491,18.03314296399102
World Cup 2026/27 | post_0_to_105m  F=5s,taker/maker,86,2481620,447536,18.03402616033075
World Cup 2026/27 | post_0_to_105m  F=5s,taker/maker,87,2481735,447575,18.03476197095983
World Cup 2026/27 | post_0_to_105m  F=5s,taker/maker,88,2481850,447620,18.03573946854161
World Cup 2026/27 | post_0_to_105m  F=5s,taker/maker,89,2481965,447667,18.036797456853744
World Cup 2026/27 | post_0_to_105m  F=5s,taker/maker,90,2482060,447704,18.037597801825903
World Cup 2026/27 | post_0_to_105m  F=5s,taker/maker,91,2482166,447742,18.038358433722806
World Cup 2026/27 | post_0_to_105m  F=5s,taker/maker,92,2482274,447776,18.038943323742664
World Cup 2026/27 | post_0_to_105m  F=5s,taker/maker,93,2482363,447811,18.03970652156836
World Cup 2026/27 | post_0_to_105m  F=5s,taker/maker,94,2482456,447841,18.04023918248702
World Cup 2026/27 | post_0_to_105m  F=5s,taker/maker,95,2482559,447881,18.041101943599326
World Cup 2026/27 | post_0_to_105m  F=5s,taker/maker,96,2482649,447911,18.041656311464084
World Cup 2026/27 | post_0_to_105m  F=5s,taker/maker,97,2482745,447946,18.04236842688234
World Cup 2026/27 | post_0_to_105m  F=5s,taker/maker,98,2482835,447978,18.04300326038581
World Cup 2026/27 | post_0_to_105m  F=5s,taker/maker,99,2482918,448008,18.043608367251757
World Cup 2026/27 | post_0_to_105m  F=5s,taker/maker,100,2483009,448041,18.0442761182098
World Cup 2026/27 | post_0_to_105m  F=5s,taker/maker,101,2483101,448073,18.044896280900375
World Cup 2026/27 | post_0_to_105m  F=5s,taker/maker,102,2483178,448102,18.0455045912939
World Cup 2026/27 | post_0_to_105m  F=5s,taker/maker,103,2483249,448119,18.045673228902942
World Cup 2026/27 | post_0_to_105m  F=5s,taker/maker,104,2483337,448149,18.046241810918133
World Cup 2026/27 | post_0_to_105m  F=5s,taker/maker,105,2483406,448172,18.04666655391829
World Cup 2026/27 | post_0_to_105m  F=5s,taker/maker,106,2483474,448199,18.04725960489218
World Cup 2026/27 | post_0_to_105m  F=5s,taker/maker,107,2483543,448224,18.047764826298557
World Cup 2026/27 | post_0_to_105m  F=5s,taker/maker,108,2483619,448256,18.048500997938895
World Cup 2026/27 | post_0_to_105m  F=5s,taker/maker,109,2483695,448284,18.049076074155643
World Cup 2026/27 | post_0_to_105m  F=5s,taker/maker,110,2483759,448309,18.049617535356692
World Cup 2026/27 | post_0_to_105m  F=5s,taker/maker,111,2483815,448328,18.049975541656686
World Cup 2026/27 | post_0_to_105m  F=5s,taker/maker,112,2483872,448348,18.050366524523003
World Cup 2026/27 | post_0_to_105m  F=5s,taker/maker,113,2483945,448371,18.0507619935224
World Cup 2026/27 | post_0_to_105m  F=5s,taker/maker,114,2483999,448384,18.050892935142084
World Cup 2026/27 | post_0_to_105m  F=5s,taker/maker,115,2484058,448406,18.05134984770887
World Cup 2026/27 | post_0_to_105m  F=5s,taker/maker,116,2484116,448420,18.05149195931269
World Cup 2026/27 | post_0_to_105m  F=5s,taker/maker,117,2484173,448437,18.051762095474025
World Cup 2026/27 | post_0_to_105m  F=5s,taker/maker,118,2484232,448462,18.05233971706346
World Cup 2026/27 | post_0_to_105m  F=5s,taker/maker,119,2484301,448479,18.052522621051153
World Cup 2026/27 | post_0_to_105m  F=5s,taker/maker,120,2484349,448498,18.05293861691735
World Cup 2026/27 | post_0_to_105m  F=5s,taker/taker,1,1069744,10472,0.9789257990696839
World Cup 2026/27 | post_0_to_105m  F=5s,taker/taker,2,1378146,12061,0.8751612673838621
World Cup 2026/27 | post_0_to_105m  F=5s,taker/taker,3,1565869,12809,0.8180122347399431
World Cup 2026/27 | post_0_to_105m  F=5s,taker/taker,4,1717517,13396,0.7799631677590382
World Cup 2026/27 | post_0_to_105m  F=5s,taker/taker,5,1838197,13843,0.753074888056068
World Cup 2026/27 | post_0_to_105m  F=5s,taker/taker,6,1925942,14140,0.7341861800614972
World Cup 2026/27 | post_0_to_105m  F=5s,taker/taker,7,2001891,14375,0.7180710638091684
World Cup 2026/27 | post_0_to_105m  F=5s,taker/taker,8,2066548,14592,0.7061050602260388
World Cup 2026/27 | post_0_to_105m  F=5s,taker/taker,9,2117571,14738,0.6959861086121788
World Cup 2026/27 | post_0_to_105m  F=5s,taker/taker,10,2162916,14862,0.6871279328462132
World Cup 2026/27 | post_0_to_105m  F=5s,taker/taker,11,2202807,14982,0.680132213126252
World Cup 2026/27 | post_0_to_105m  F=5s,taker/taker,12,2235568,15074,0.674280540784266
World Cup 2026/27 | post_0_to_105m  F=5s,taker/taker,13,2265265,15164,0.6694139537758276
World Cup 2026/27 | post_0_to_105m  F=5s,taker/taker,14,2292024,15247,0.665219910437238
World Cup 2026/27 | post_0_to_105m  F=5s,taker/taker,15,2314523,15309,0.6614321827866908
World Cup 2026/27 | post_0_to_105m  F=5s,taker/taker,16,2335275,15377,0.6584663476464228
World Cup 2026/27 | post_0_to_105m  F=5s,taker/taker,17,2354266,15437,0.655703306253414
World Cup 2026/27 | post_0_to_105m  F=5s,taker/taker,18,2370646,15484,0.6531553002852387
World Cup 2026/27 | post_0_to_105m  F=5s,taker/taker,19,2385830,15537,0.6512199108905496
World Cup 2026/27 | post_0_to_105m  F=5s,taker/taker,20,2399775,15598,0.6499776020668604
World Cup 2026/27 | post_0_to_105m  F=5s,taker/taker,21,2411935,15633,0.6481517951354411
World Cup 2026/27 | post_0_to_105m  F=5s,taker/taker,22,2423211,15667,0.6465388280261191
World Cup 2026/27 | post_0_to_105m  F=5s,taker/taker,23,2433745,15704,0.6452606990461203
World Cup 2026/27 | post_0_to_105m  F=5s,taker/taker,24,2443011,15747,0.6445734382694143
World Cup 2026/27 | post_0_to_105m  F=5s,taker/taker,25,2451823,15790,0.6440105994600752
World Cup 2026/27 | post_0_to_105m  F=5s,taker/taker,26,2459989,15830,0.6434988123930635
World Cup 2026/27 | post_0_to_105m  F=5s,taker/taker,27,2467327,15863,0.6429224825083988
World Cup 2026/27 | post_0_to_105m  F=5s,taker/taker,28,2474242,15890,0.642216889051273
World Cup 2026/27 | post_0_to_105m  F=5s,taker/taker,29,2480769,15928,0.6420589744550984
World Cup 2026/27 | post_0_to_105m  F=5s,taker/taker,30,2486527,15964,0.6420199740441186
World Cup 2026/27 | post_0_to_105m  F=5s,taker/taker,31,2492008,15995,0.6418518720646161
World Cup 2026/27 | post_0_to_105m  F=5s,taker/taker,32,2497157,16021,0.6415695929410926
World Cup 2026/27 | post_0_to_105m  F=5s,taker/taker,33,2501785,16046,0.6413820532140052
World Cup 2026/27 | post_0_to_105m  F=5s,taker/taker,34,2506270,16070,0.6411918907380291
World Cup 2026/27 | post_0_to_105m  F=5s,taker/taker,35,2510482,16104,0.6414704427277311
World Cup 2026/27 | post_0_to_105m  F=5s,taker/taker,36,2514309,16128,0.6414486047657627
World Cup 2026/27 | post_0_to_105m  F=5s,taker/taker,37,2517998,16146,0.6412237023222417
World Cup 2026/27 | post_0_to_105m  F=5s,taker/taker,38,2521437,16177,0.6415785918902595
World Cup 2026/27 | post_0_to_105m  F=5s,taker/taker,39,2524716,16199,0.6416167204548947
World Cup 2026/27 | post_0_to_105m  F=5s,taker/taker,40,2527759,16223,0.6417937785999377
World Cup 2026/27 | post_0_to_105m  F=5s,taker/taker,41,2530717,16246,0.6419524585325028
World Cup 2026/27 | post_0_to_105m  F=5s,taker/taker,42,2533421,16261,0.6418593672350549
World Cup 2026/27 | post_0_to_105m  F=5s,taker/taker,43,2535997,16282,0.6420354598211275
World Cup 2026/27 | post_0_to_105m  F=5s,taker/taker,44,2538437,16294,0.6418910534316983
World Cup 2026/27 | post_0_to_105m  F=5s,taker/taker,45,2540722,16318,0.6422583816726112
World Cup 2026/27 | post_0_to_105m  F=5s,taker/taker,46,2542939,16340,0.6425635848913402
World Cup 2026/27 | post_0_to_105m  F=5s,taker/taker,47,2545040,16365,0.6430154339420991
World Cup 2026/27 | post_0_to_105m  F=5s,taker/taker,48,2546988,16386,0.6433481429830058
World Cup 2026/27 | post_0_to_105m  F=5s,taker/taker,49,2548884,16402,0.643497310980021
World Cup 2026/27 | post_0_to_105m  F=5s,taker/taker,50,2550696,16430,0.6441379137302132
World Cup 2026/27 | post_0_to_105m  F=5s,taker/taker,51,2552374,16453,0.6446155618259707
World Cup 2026/27 | post_0_to_105m  F=5s,taker/taker,52,2554027,16474,0.6450205890540703
World Cup 2026/27 | post_0_to_105m  F=5s,taker/taker,53,2555566,16496,0.6454930140720294
World Cup 2026/27 | post_0_to_105m  F=5s,taker/taker,54,2557042,16513,0.6457852471723187
World Cup 2026/27 | post_0_to_105m  F=5s,taker/taker,55,2558443,16535,0.6462915140184871
World Cup 2026/27 | post_0_to_105m  F=5s,taker/taker,56,2559760,16556,0.6467793855673969
World Cup 2026/27 | post_0_to_105m  F=5s,taker/taker,57,2561018,16572,0.6470864320360107
World Cup 2026/27 | post_0_to_105m  F=5s,taker/taker,58,2562225,16588,0.6474060630896974
World Cup 2026/27 | post_0_to_105m  F=5s,taker/taker,59,2563357,16608,0.6479003899963992
World Cup 2026/27 | post_0_to_105m  F=5s,taker/taker,60,2564438,16626,0.648329185575943
World Cup 2026/27 | post_0_to_105m  F=5s,taker/taker,61,2565485,16640,0.6486103017558084
World Cup 2026/27 | post_0_to_105m  F=5s,taker/taker,62,2566492,16661,0.6491740476884401
World Cup 2026/27 | post_0_to_105m  F=5s,taker/taker,63,2567420,16679,0.6496404951274042
World Cup 2026/27 | post_0_to_105m  F=5s,taker/taker,64,2568322,16694,0.6499963789587131
World Cup 2026/27 | post_0_to_105m  F=5s,taker/taker,65,2569212,16709,0.6503550504979737
World Cup 2026/27 | post_0_to_105m  F=5s,taker/taker,66,2570025,16718,0.6504995087596425
World Cup 2026/27 | post_0_to_105m  F=5s,taker/taker,67,2570830,16731,0.6508014921251113
World Cup 2026/27 | post_0_to_105m  F=5s,taker/taker,68,2571609,16752,0.6514209586294029
World Cup 2026/27 | post_0_to_105m  F=5s,taker/taker,69,2572344,16771,0.6519734530062853
World Cup 2026/27 | post_0_to_105m  F=5s,taker/taker,70,2573066,16786,0.6523734719591335
World Cup 2026/27 | post_0_to_105m  F=5s,taker/taker,71,2573765,16808,0.6530510749815931
World Cup 2026/27 | post_0_to_105m  F=5s,taker/taker,72,2574411,16823,0.6534698616499075
World Cup 2026/27 | post_0_to_105m  F=5s,taker/taker,73,2575070,16840,0.6539628048946242
World Cup 2026/27 | post_0_to_105m  F=5s,taker/taker,74,2575692,16860,0.6545813707539566
World Cup 2026/27 | post_0_to_105m  F=5s,taker/taker,75,2576264,16879,0.6551735381156589
World Cup 2026/27 | post_0_to_105m  F=5s,taker/taker,76,2576840,16895,0.6556480029803946
World Cup 2026/27 | post_0_to_105m  F=5s,taker/taker,77,2577366,16915,0.656290181526411
World Cup 2026/27 | post_0_to_105m  F=5s,taker/taker,78,2577883,16931,0.6567792254342032
World Cup 2026/27 | post_0_to_105m  F=5s,taker/taker,79,2578417,16950,0.6573800901871187
World Cup 2026/27 | post_0_to_105m  F=5s,taker/taker,80,2578890,16974,0.6581901515768412
World Cup 2026/27 | post_0_to_105m  F=5s,taker/taker,81,2579348,16991,0.6587323618216696
World Cup 2026/27 | post_0_to_105m  F=5s,taker/taker,82,2579824,17015,0.6595411159831058
World Cup 2026/27 | post_0_to_105m  F=5s,taker/taker,83,2580272,17037,0.660279226376134
World Cup 2026/27 | post_0_to_105m  F=5s,taker/taker,84,2580687,17049,0.6606380394057861
World Cup 2026/27 | post_0_to_105m  F=5s,taker/taker,85,2581073,17069,0.6613141123865927
World Cup 2026/27 | post_0_to_105m  F=5s,taker/taker,86,2581462,17079,0.6616018364787086
World Cup 2026/27 | post_0_to_105m  F=5s,taker/taker,87,2581844,17097,0.6622011244676286
World Cup 2026/27 | post_0_to_105m  F=5s,taker/taker,88,2582190,17113,0.6627320220433043
World Cup 2026/27 | post_0_to_105m  F=5s,taker/taker,89,2582551,17136,0.6635299748194712
World Cup 2026/27 | post_0_to_105m  F=5s,taker/taker,90,2582878,17151,0.6640267174833655
World Cup 2026/27 | post_0_to_105m  F=5s,taker/taker,91,2583194,17167,0.664564875886209
World Cup 2026/27 | post_0_to_105m  F=5s,taker/taker,92,2583509,17183,0.6651031600818886
World Cup 2026/27 | post_0_to_105m  F=5s,taker/taker,93,2583807,17202,0.6657618003202251
World Cup 2026/27 | post_0_to_105m  F=5s,taker/taker,94,2584107,17218,0.6663036786015439
World Cup 2026/27 | post_0_to_105m  F=5s,taker/taker,95,2584398,17241,0.6671186094401869
World Cup 2026/27 | post_0_to_105m  F=5s,taker/taker,96,2584668,17257,0.6676679558070902
World Cup 2026/27 | post_0_to_105m  F=5s,taker/taker,97,2584928,17273,0.668219772465616
World Cup 2026/27 | post_0_to_105m  F=5s,taker/taker,98,2585199,17292,0.6688846777366075
World Cup 2026/27 | post_0_to_105m  F=5s,taker/taker,99,2585449,17313,0.6696322379594415
World Cup 2026/27 | post_0_to_105m  F=5s,taker/taker,100,2585689,17327,0.6701115253999997
World Cup 2026/27 | post_0_to_105m  F=5s,taker/taker,101,2585944,17349,0.6708961988349322
World Cup 2026/27 | post_0_to_105m  F=5s,taker/taker,102,2586182,17365,0.6714531305221365
World Cup 2026/27 | post_0_to_105m  F=5s,taker/taker,103,2586420,17383,0.6720872866742447
World Cup 2026/27 | post_0_to_105m  F=5s,taker/taker,104,2586654,17404,0.6728383463733456
World Cup 2026/27 | post_0_to_105m  F=5s,taker/taker,105,2586873,17420,0.6733998924570321
World Cup 2026/27 | post_0_to_105m  F=5s,taker/taker,106,2587090,17436,0.6739618644886726
World Cup 2026/27 | post_0_to_105m  F=5s,taker/taker,107,2587308,17461,0.674871333447738
World Cup 2026/27 | post_0_to_105m  F=5s,taker/taker,108,2587501,17471,0.6752074685188527
World Cup 2026/27 | post_0_to_105m  F=5s,taker/taker,109,2587712,17486,0.6757320752850394
World Cup 2026/27 | post_0_to_105m  F=5s,taker/taker,110,2587902,17505,0.6764166494712706
World Cup 2026/27 | post_0_to_105m  F=5s,taker/taker,111,2588089,17521,0.6769859923673414
World Cup 2026/27 | post_0_to_105m  F=5s,taker/taker,112,2588270,17536,0.6775181878242996
World Cup 2026/27 | post_0_to_105m  F=5s,taker/taker,113,2588466,17567,0.6786645063137782
World Cup 2026/27 | post_0_to_105m  F=5s,taker/taker,114,2588627,17578,0.6790472323745368
World Cup 2026/27 | post_0_to_105m  F=5s,taker/taker,115,2588808,17593,0.679579173117512
World Cup 2026/27 | post_0_to_105m  F=5s,taker/taker,116,2588976,17611,0.6802303304472502
World Cup 2026/27 | post_0_to_105m  F=5s,taker/taker,117,2589142,17625,0.6807274378925529
World Cup 2026/27 | post_0_to_105m  F=5s,taker/taker,118,2589305,17644,0.6814183728838433
World Cup 2026/27 | post_0_to_105m  F=5s,taker/taker,119,2589463,17664,0.6821491560219243
World Cup 2026/27 | post_0_to_105m  F=5s,taker/taker,120,2589597,17675,0.6825386343898298
World Cup 2026/27 | pre_last_hour  F=10s,maker/maker,1,188079,141022,74.98019449273976
World Cup 2026/27 | pre_last_hour  F=10s,maker/maker,2,265756,200403,75.40864552446605
World Cup 2026/27 | pre_last_hour  F=10s,maker/maker,3,325917,247129,75.82574704602706
World Cup 2026/27 | pre_last_hour  F=10s,maker/maker,4,379672,289610,76.27899871468004
World Cup 2026/27 | pre_last_hour  F=10s,maker/maker,5,427020,327434,76.6788440822444
World Cup 2026/27 | pre_last_hour  F=10s,maker/maker,6,467397,359875,76.99557335626886
World Cup 2026/27 | pre_last_hour  F=10s,maker/maker,7,504243,389787,77.30142014861882
World Cup 2026/27 | pre_last_hour  F=10s,maker/maker,8,537679,417050,77.5648667699501
World Cup 2026/27 | pre_last_hour  F=10s,maker/maker,9,567263,441318,77.79777634007506
World Cup 2026/27 | pre_last_hour  F=10s,maker/maker,10,594744,464025,78.02096364149953
World Cup 2026/27 | pre_last_hour  F=10s,maker/maker,11,620434,485289,78.21766698794714
World Cup 2026/27 | pre_last_hour  F=10s,maker/maker,12,643412,504451,78.40248549918249
World Cup 2026/27 | pre_last_hour  F=10s,maker/maker,13,664994,522474,78.56822768325729
World Cup 2026/27 | pre_last_hour  F=10s,maker/maker,14,685307,539467,78.71902665520709
World Cup 2026/27 | pre_last_hour  F=10s,maker/maker,15,703722,554964,78.86125487053125
World Cup 2026/27 | pre_last_hour  F=10s,maker/maker,16,721054,569594,78.99463840433587
World Cup 2026/27 | pre_last_hour  F=10s,maker/maker,17,737568,583585,79.12287409432079
World Cup 2026/27 | pre_last_hour  F=10s,maker/maker,18,752594,596290,79.23129868162648
World Cup 2026/27 | pre_last_hour  F=10s,maker/maker,19,766996,608493,79.33457280090119
World Cup 2026/27 | pre_last_hour  F=10s,maker/maker,20,780743,620196,79.43663920137612
World Cup 2026/27 | pre_last_hour  F=10s,maker/maker,21,793304,630831,79.51945282010428
World Cup 2026/27 | pre_last_hour  F=10s,maker/maker,22,805457,641203,79.60735334102255
World Cup 2026/27 | pre_last_hour  F=10s,maker/maker,23,816963,651000,79.68537130812534
World Cup 2026/27 | pre_last_hour  F=10s,maker/maker,24,827614,660061,79.7546924049134
World Cup 2026/27 | pre_last_hour  F=10s,maker/maker,25,837916,668818,79.81921815551917
World Cup 2026/27 | pre_last_hour  F=10s,maker/maker,26,847716,677192,79.88430087434944
World Cup 2026/27 | pre_last_hour  F=10s,maker/maker,27,856996,685118,79.94413042767994
World Cup 2026/27 | pre_last_hour  F=10s,maker/maker,28,865819,692674,80.00217135452098
World Cup 2026/27 | pre_last_hour  F=10s,maker/maker,29,874205,699831,80.05341996442482
World Cup 2026/27 | pre_last_hour  F=10s,maker/maker,30,882096,706591,80.10363951315956
World Cup 2026/27 | pre_last_hour  F=10s,maker/maker,31,889543,713011,80.15475362067939
World Cup 2026/27 | pre_last_hour  F=10s,maker/maker,32,896721,719177,80.20075363463106
World Cup 2026/27 | pre_last_hour  F=10s,maker/maker,33,903502,724968,80.23977810785145
World Cup 2026/27 | pre_last_hour  F=10s,maker/maker,34,909998,730537,80.27896764608273
World Cup 2026/27 | pre_last_hour  F=10s,maker/maker,35,916295,735929,80.31572801335814
World Cup 2026/27 | pre_last_hour  F=10s,maker/maker,36,922230,741008,80.3495874131182
World Cup 2026/27 | pre_last_hour  F=10s,maker/maker,37,928007,745939,80.38075143829734
World Cup 2026/27 | pre_last_hour  F=10s,maker/maker,38,933566,750707,80.41284708312
World Cup 2026/27 | pre_last_hour  F=10s,maker/maker,39,938864,755242,80.44210876122634
World Cup 2026/27 | pre_last_hour  F=10s,maker/maker,40,943993,759635,80.47040603055319
World Cup 2026/27 | pre_last_hour  F=10s,maker/maker,41,948868,763804,80.49633879528027
World Cup 2026/27 | pre_last_hour  F=10s,maker/maker,42,953488,767763,80.5215167888846
World Cup 2026/27 | pre_last_hour  F=10s,maker/maker,43,958052,771677,80.54646303123421
World Cup 2026/27 | pre_last_hour  F=10s,maker/maker,44,962518,775512,80.57116853918576
World Cup 2026/27 | pre_last_hour  F=10s,maker/maker,45,966807,779172,80.59230022124375
World Cup 2026/27 | pre_last_hour  F=10s,maker/maker,46,970934,782711,80.61423330525041
World Cup 2026/27 | pre_last_hour  F=10s,maker/maker,47,974944,786146,80.63499031739259
World Cup 2026/27 | pre_last_hour  F=10s,maker/maker,48,978693,789352,80.65368813305092
World Cup 2026/27 | pre_last_hour  F=10s,maker/maker,49,982343,792489,80.67334932910398
World Cup 2026/27 | pre_last_hour  F=10s,maker/maker,50,985949,795568,80.69058338717318
World Cup 2026/27 | pre_last_hour  F=10s,maker/maker,51,989398,798502,80.70584335120952
World Cup 2026/27 | pre_last_hour  F=10s,maker/maker,52,992695,801320,80.72167181259098
World Cup 2026/27 | pre_last_hour  F=10s,maker/maker,53,995964,804122,80.73805880533834
World Cup 2026/27 | pre_last_hour  F=10s,maker/maker,54,999069,806767,80.75188000028027
World Cup 2026/27 | pre_last_hour  F=10s,maker/maker,55,1002139,809405,80.76773780882692
World Cup 2026/27 | pre_last_hour  F=10s,maker/maker,56,1005055,811928,80.78443468267906
World Cup 2026/27 | pre_last_hour  F=10s,maker/maker,57,1007917,814363,80.79663305609489
World Cup 2026/27 | pre_last_hour  F=10s,maker/maker,58,1010683,816744,80.81109507135274
World Cup 2026/27 | pre_last_hour  F=10s,maker/maker,59,1013372,819058,80.82500799311605
World Cup 2026/27 | pre_last_hour  F=10s,maker/maker,60,1016000,821301,80.8367125984252
World Cup 2026/27 | pre_last_hour  F=10s,maker/maker,61,1018532,823475,80.8492025778277
World Cup 2026/27 | pre_last_hour  F=10s,maker/maker,62,1021009,825599,80.86108937335518
World Cup 2026/27 | pre_last_hour  F=10s,maker/maker,63,1023349,827608,80.87250781502694
World Cup 2026/27 | pre_last_hour  F=10s,maker/maker,64,1025656,829583,80.88316160584056
World Cup 2026/27 | pre_last_hour  F=10s,maker/maker,65,1027866,831465,80.89235367256043
World Cup 2026/27 | pre_last_hour  F=10s,maker/maker,66,1030059,833334,80.90157942409124
World Cup 2026/27 | pre_last_hour  F=10s,maker/maker,67,1032139,835109,80.91051689743338
World Cup 2026/27 | pre_last_hour  F=10s,maker/maker,68,1034249,836920,80.92055201407011
World Cup 2026/27 | pre_last_hour  F=10s,maker/maker,69,1036220,838609,80.92962884329583
World Cup 2026/27 | pre_last_hour  F=10s,maker/maker,70,1038164,840271,80.93817547131282
World Cup 2026/27 | pre_last_hour  F=10s,maker/maker,71,1040079,841912,80.946928069887
World Cup 2026/27 | pre_last_hour  F=10s,maker/maker,72,1041889,843471,80.95593676485692
World Cup 2026/27 | pre_last_hour  F=10s,maker/maker,73,1043686,845018,80.96477292978923
World Cup 2026/27 | pre_last_hour  F=10s,maker/maker,74,1045414,846494,80.97213161484349
World Cup 2026/27 | pre_last_hour  F=10s,maker/maker,75,1047091,847936,80.98016313768335
World Cup 2026/27 | pre_last_hour  F=10s,maker/maker,76,1048761,849370,80.9879467295218
World Cup 2026/27 | pre_last_hour  F=10s,maker/maker,77,1050387,850756,80.9945286832377
World Cup 2026/27 | pre_last_hour  F=10s,maker/maker,78,1051932,852082,81.00162367909712
World Cup 2026/27 | pre_last_hour  F=10s,maker/maker,79,1053429,853370,81.00878179734941
World Cup 2026/27 | pre_last_hour  F=10s,maker/maker,80,1054881,854616,81.01539415346376
World Cup 2026/27 | pre_last_hour  F=10s,maker/maker,81,1056290,855832,81.02244648723362
World Cup 2026/27 | pre_last_hour  F=10s,maker/maker,82,1057695,857034,81.02846283664005
World Cup 2026/27 | pre_last_hour  F=10s,maker/maker,83,1059044,858184,81.03383806527397
World Cup 2026/27 | pre_last_hour  F=10s,maker/maker,84,1060369,859318,81.03952492009857
World Cup 2026/27 | pre_last_hour  F=10s,maker/maker,85,1061683,860435,81.04443605106232
World Cup 2026/27 | pre_last_hour  F=10s,maker/maker,86,1062955,861520,81.04952702607353
World Cup 2026/27 | pre_last_hour  F=10s,maker/maker,87,1064154,862543,81.05433987937836
World Cup 2026/27 | pre_last_hour  F=10s,maker/maker,88,1065378,863602,81.06061886016043
World Cup 2026/27 | pre_last_hour  F=10s,maker/maker,89,1066569,864630,81.06648515004655
World Cup 2026/27 | pre_last_hour  F=10s,maker/maker,90,1067691,865596,81.0717707651371
World Cup 2026/27 | pre_last_hour  F=10s,maker/maker,91,1068814,866563,81.07706298757314
World Cup 2026/27 | pre_last_hour  F=10s,maker/maker,92,1069907,867505,81.08228098330042
World Cup 2026/27 | pre_last_hour  F=10s,maker/maker,93,1070978,868418,81.08644622018379
World Cup 2026/27 | pre_last_hour  F=10s,maker/maker,94,1072027,869317,81.09096132839937
World Cup 2026/27 | pre_last_hour  F=10s,maker/maker,95,1073033,870183,81.09564197932403
World Cup 2026/27 | pre_last_hour  F=10s,maker/maker,96,1074033,871050,81.10086002944044
World Cup 2026/27 | pre_last_hour  F=10s,maker/maker,97,1075021,871900,81.10539235977716
World Cup 2026/27 | pre_last_hour  F=10s,maker/maker,98,1075989,872733,81.1098440597441
World Cup 2026/27 | pre_last_hour  F=10s,maker/maker,99,1076947,873559,81.11439095888656
World Cup 2026/27 | pre_last_hour  F=10s,maker/maker,100,1077895,874390,81.12014621090181
World Cup 2026/27 | pre_last_hour  F=10s,maker/maker,101,1078780,875157,81.12469641632214
World Cup 2026/27 | pre_last_hour  F=10s,maker/maker,102,1079629,875891,81.12888779386252
World Cup 2026/27 | pre_last_hour  F=10s,maker/maker,103,1080510,876643,81.13233565631045
World Cup 2026/27 | pre_last_hour  F=10s,maker/maker,104,1081360,877382,81.13690167936673
World Cup 2026/27 | pre_last_hour  F=10s,maker/maker,105,1082175,878088,81.14103541478966
World Cup 2026/27 | pre_last_hour  F=10s,maker/maker,106,1082971,878786,81.14584785742186
World Cup 2026/27 | pre_last_hour  F=10s,maker/maker,107,1083774,879478,81.14957546499546
World Cup 2026/27 | pre_last_hour  F=10s,maker/maker,108,1084498,880097,81.15247792066006
World Cup 2026/27 | pre_last_hour  F=10s,maker/maker,109,1085289,880782,81.15644772959092
World Cup 2026/27 | pre_last_hour  F=10s,maker/maker,110,1086045,881457,81.16210654254658
World Cup 2026/27 | pre_last_hour  F=10s,maker/maker,111,1086796,882116,81.16665869215566
World Cup 2026/27 | pre_last_hour  F=10s,maker/maker,112,1087522,882738,81.16966829176789
World Cup 2026/27 | pre_last_hour  F=10s,maker/maker,113,1088247,883368,81.17348359333864
World Cup 2026/27 | pre_last_hour  F=10s,maker/maker,114,1088933,883962,81.1768951808789
World Cup 2026/27 | pre_last_hour  F=10s,maker/maker,115,1089661,884588,81.18011014434765
World Cup 2026/27 | pre_last_hour  F=10s,maker/maker,116,1090314,885157,81.183677362668
World Cup 2026/27 | pre_last_hour  F=10s,maker/maker,117,1090982,885741,81.18749896881891
World Cup 2026/27 | pre_last_hour  F=10s,maker/maker,118,1091616,886307,81.19219579046111
World Cup 2026/27 | pre_last_hour  F=10s,maker/maker,119,1092244,886850,81.19522744002256
World Cup 2026/27 | pre_last_hour  F=10s,maker/maker,120,1092841,887370,81.19845430396553
World Cup 2026/27 | pre_last_hour  F=10s,maker/taker,1,393881,6904,1.7528136670720345
World Cup 2026/27 | pre_last_hour  F=10s,maker/taker,2,512791,9842,1.9193004557412279
World Cup 2026/27 | pre_last_hour  F=10s,maker/taker,3,586938,12158,2.0714283280346475
World Cup 2026/27 | pre_last_hour  F=10s,maker/taker,4,647344,14160,2.1873995897081
World Cup 2026/27 | pre_last_hour  F=10s,maker/taker,5,696045,15929,2.2885014618307724
World Cup 2026/27 | pre_last_hour  F=10s,maker/taker,6,731736,17380,2.37517355986312
World Cup 2026/27 | pre_last_hour  F=10s,maker/taker,7,763074,18700,2.450614226143205
World Cup 2026/27 | pre_last_hour  F=10s,maker/taker,8,789535,19853,2.5145180390989634
World Cup 2026/27 | pre_last_hour  F=10s,maker/taker,9,810376,20826,2.569918161446045
World Cup 2026/27 | pre_last_hour  F=10s,maker/taker,10,828904,21707,2.618759229054269
World Cup 2026/27 | pre_last_hour  F=10s,maker/taker,11,845437,22537,2.665721987563828
World Cup 2026/27 | pre_last_hour  F=10s,maker/taker,12,858968,23209,2.7019632861759693
World Cup 2026/27 | pre_last_hour  F=10s,maker/taker,13,871255,23861,2.7386930347602023
World Cup 2026/27 | pre_last_hour  F=10s,maker/taker,14,882411,24462,2.772177590714531
World Cup 2026/27 | pre_last_hour  F=10s,maker/taker,15,891633,24967,2.800143108207076
World Cup 2026/27 | pre_last_hour  F=10s,maker/taker,16,900170,25469,2.82935445526956
World Cup 2026/27 | pre_last_hour  F=10s,maker/taker,17,907924,25895,2.8521109696406306
World Cup 2026/27 | pre_last_hour  F=10s,maker/taker,18,914517,26266,2.872117194103554
World Cup 2026/27 | pre_last_hour  F=10s,maker/taker,19,920706,26639,2.8933231672216757
World Cup 2026/27 | pre_last_hour  F=10s,maker/taker,20,926432,26963,2.9104132845152155
World Cup 2026/27 | pre_last_hour  F=10s,maker/taker,21,931390,27260,2.926808318749396
World Cup 2026/27 | pre_last_hour  F=10s,maker/taker,22,935947,27545,2.943008525055372
World Cup 2026/27 | pre_last_hour  F=10s,maker/taker,23,940193,27816,2.958541490949199
World Cup 2026/27 | pre_last_hour  F=10s,maker/taker,24,943865,28037,2.9704459853898597
World Cup 2026/27 | pre_last_hour  F=10s,maker/taker,25,947353,28254,2.9824152137587574
World Cup 2026/27 | pre_last_hour  F=10s,maker/taker,26,950684,28464,2.994054806854854
World Cup 2026/27 | pre_last_hour  F=10s,maker/taker,27,953579,28626,3.001953692352705
World Cup 2026/27 | pre_last_hour  F=10s,maker/taker,28,956345,28791,3.010524444630337
World Cup 2026/27 | pre_last_hour  F=10s,maker/taker,29,958908,28962,3.0203106033112666
World Cup 2026/27 | pre_last_hour  F=10s,maker/taker,30,961201,29105,3.0279827008086757
World Cup 2026/27 | pre_last_hour  F=10s,maker/taker,31,963450,29249,3.0358607089106857
World Cup 2026/27 | pre_last_hour  F=10s,maker/taker,32,965490,29390,3.0440501714155506
World Cup 2026/27 | pre_last_hour  F=10s,maker/taker,33,967369,29512,3.050748990302563
World Cup 2026/27 | pre_last_hour  F=10s,maker/taker,34,969184,29632,3.0574173737907353
World Cup 2026/27 | pre_last_hour  F=10s,maker/taker,35,970902,29739,3.063027988406657
World Cup 2026/27 | pre_last_hour  F=10s,maker/taker,36,972399,29836,3.0682878118961456
World Cup 2026/27 | pre_last_hour  F=10s,maker/taker,37,973858,29933,3.073651394761865
World Cup 2026/27 | pre_last_hour  F=10s,maker/taker,38,975289,30008,3.0768315853044585
World Cup 2026/27 | pre_last_hour  F=10s,maker/taker,39,976608,30088,3.0808676562141617
World Cup 2026/27 | pre_last_hour  F=10s,maker/taker,40,977857,30165,3.084806878715395
World Cup 2026/27 | pre_last_hour  F=10s,maker/taker,41,979109,30251,3.0896457902031336
World Cup 2026/27 | pre_last_hour  F=10s,maker/taker,42,980216,30326,3.093807895402646
World Cup 2026/27 | pre_last_hour  F=10s,maker/taker,43,981296,30385,3.0964153527579854
World Cup 2026/27 | pre_last_hour  F=10s,maker/taker,44,982307,30455,3.100354573468376
World Cup 2026/27 | pre_last_hour  F=10s,maker/taker,45,983257,30511,3.1030544404972455
World Cup 2026/27 | pre_last_hour  F=10s,maker/taker,46,984186,30574,3.106526611839632
World Cup 2026/27 | pre_last_hour  F=10s,maker/taker,47,985116,30634,3.1096845447642716
World Cup 2026/27 | pre_last_hour  F=10s,maker/taker,48,985956,30694,3.113120666642325
World Cup 2026/27 | pre_last_hour  F=10s,maker/taker,49,986720,30740,3.115372142046376
World Cup 2026/27 | pre_last_hour  F=10s,maker/taker,50,987449,30784,3.1175280951218745
World Cup 2026/27 | pre_last_hour  F=10s,maker/taker,51,988168,30826,3.1195100428267257
World Cup 2026/27 | pre_last_hour  F=10s,maker/taker,52,988849,30861,3.120901168934792
World Cup 2026/27 | pre_last_hour  F=10s,maker/taker,53,989484,30896,3.1224355320550914
World Cup 2026/27 | pre_last_hour  F=10s,maker/taker,54,990116,30935,3.124381385615423
World Cup 2026/27 | pre_last_hour  F=10s,maker/taker,55,990725,30963,3.125287037270686
World Cup 2026/27 | pre_last_hour  F=10s,maker/taker,56,991278,30993,3.126569943043223
World Cup 2026/27 | pre_last_hour  F=10s,maker/taker,57,991825,31026,3.1281728127441837
World Cup 2026/27 | pre_last_hour  F=10s,maker/taker,58,992379,31066,3.13045721443118
World Cup 2026/27 | pre_last_hour  F=10s,maker/taker,59,992894,31093,3.1315528142984044
World Cup 2026/27 | pre_last_hour  F=10s,maker/taker,60,993381,31125,3.1332389083342647
World Cup 2026/27 | pre_last_hour  F=10s,maker/taker,61,993870,31160,3.1352188918067756
World Cup 2026/27 | pre_last_hour  F=10s,maker/taker,62,994349,31200,3.1377313196875543
World Cup 2026/27 | pre_last_hour  F=10s,maker/taker,63,994771,31226,3.1390139037024603
World Cup 2026/27 | pre_last_hour  F=10s,maker/taker,64,995247,31258,3.140727879611795
World Cup 2026/27 | pre_last_hour  F=10s,maker/taker,65,995680,31287,3.1422746263859875
World Cup 2026/27 | pre_last_hour  F=10s,maker/taker,66,996049,31312,3.1436204443757285
World Cup 2026/27 | pre_last_hour  F=10s,maker/taker,67,996419,31340,3.1452631874743457
World Cup 2026/27 | pre_last_hour  F=10s,maker/taker,68,996813,31365,3.1465279846871983
World Cup 2026/27 | pre_last_hour  F=10s,maker/taker,69,997180,31388,3.1476764475821817
World Cup 2026/27 | pre_last_hour  F=10s,maker/taker,70,997528,31418,3.149585776038367
World Cup 2026/27 | pre_last_hour  F=10s,maker/taker,71,997875,31442,3.150895653263184
World Cup 2026/27 | pre_last_hour  F=10s,maker/taker,72,998203,31466,3.15226461952128
World Cup 2026/27 | pre_last_hour  F=10s,maker/taker,73,998507,31487,3.153408038201034
World Cup 2026/27 | pre_last_hour  F=10s,maker/taker,74,998783,31509,3.1547393177497014
World Cup 2026/27 | pre_last_hour  F=10s,maker/taker,75,999060,31528,3.155766420435209
World Cup 2026/27 | pre_last_hour  F=10s,maker/taker,76,999335,31546,3.156699204971306
World Cup 2026/27 | pre_last_hour  F=10s,maker/taker,77,999595,31567,3.1579789814875023
World Cup 2026/27 | pre_last_hour  F=10s,maker/taker,78,999859,31588,3.1592454536089587
World Cup 2026/27 | pre_last_hour  F=10s,maker/taker,79,1000117,31608,3.1604302296631293
World Cup 2026/27 | pre_last_hour  F=10s,maker/taker,80,1000339,31618,3.1607285130340816
World Cup 2026/27 | pre_last_hour  F=10s,maker/taker,81,1000554,31635,3.1617483913911695
World Cup 2026/27 | pre_last_hour  F=10s,maker/taker,82,1000756,31643,3.161909596345163
World Cup 2026/27 | pre_last_hour  F=10s,maker/taker,83,1000946,31655,3.1625082671792484
World Cup 2026/27 | pre_last_hour  F=10s,maker/taker,84,1001186,31671,3.1633482689530217
World Cup 2026/27 | pre_last_hour  F=10s,maker/taker,85,1001406,31681,3.163651905420978
World Cup 2026/27 | pre_last_hour  F=10s,maker/taker,86,1001606,31692,3.164118425808152
World Cup 2026/27 | pre_last_hour  F=10s,maker/taker,87,1001790,31704,3.1647351241278114
World Cup 2026/27 | pre_last_hour  F=10s,maker/taker,88,1001978,31713,3.1650395517666055
World Cup 2026/27 | pre_last_hour  F=10s,maker/taker,89,1002182,31725,3.1655926767792675
World Cup 2026/27 | pre_last_hour  F=10s,maker/taker,90,1002381,31734,3.1658620823818486
World Cup 2026/27 | pre_last_hour  F=10s,maker/taker,91,1002549,31742,3.166129535813212
World Cup 2026/27 | pre_last_hour  F=10s,maker/taker,92,1002703,31750,3.1664411096805334
World Cup 2026/27 | pre_last_hour  F=10s,maker/taker,93,1002873,31759,3.166801778490397
World Cup 2026/27 | pre_last_hour  F=10s,maker/taker,94,1003029,31768,3.16720653141634
World Cup 2026/27 | pre_last_hour  F=10s,maker/taker,95,1003182,31776,3.1675209483423745
World Cup 2026/27 | pre_last_hour  F=10s,maker/taker,96,1003322,31782,3.167676977082133
World Cup 2026/27 | pre_last_hour  F=10s,maker/taker,97,1003492,31787,3.1676386059878903
World Cup 2026/27 | pre_last_hour  F=10s,maker/taker,98,1003629,31795,3.168003315966358
World Cup 2026/27 | pre_last_hour  F=10s,maker/taker,99,1003771,31806,3.168651017014837
World Cup 2026/27 | pre_last_hour  F=10s,maker/taker,100,1003902,31815,3.1691340389799003
World Cup 2026/27 | pre_last_hour  F=10s,maker/taker,101,1004033,31826,3.169816131541493
World Cup 2026/27 | pre_last_hour  F=10s,maker/taker,102,1004148,31831,3.1699510430733318
World Cup 2026/27 | pre_last_hour  F=10s,maker/taker,103,1004272,31836,3.170057514298915
World Cup 2026/27 | pre_last_hour  F=10s,maker/taker,104,1004378,31840,3.1701212093454854
World Cup 2026/27 | pre_last_hour  F=10s,maker/taker,105,1004504,31842,3.169922668301968
World Cup 2026/27 | pre_last_hour  F=10s,maker/taker,106,1004600,31848,3.170217001791758
World Cup 2026/27 | pre_last_hour  F=10s,maker/taker,107,1004712,31852,3.1702617267435844
World Cup 2026/27 | pre_last_hour  F=10s,maker/taker,108,1004823,31858,3.170508636844499
World Cup 2026/27 | pre_last_hour  F=10s,maker/taker,109,1004945,31867,3.171019309514451
World Cup 2026/27 | pre_last_hour  F=10s,maker/taker,110,1005030,31868,3.1708506213744863
World Cup 2026/27 | pre_last_hour  F=10s,maker/taker,111,1005118,31873,3.171070461378664
World Cup 2026/27 | pre_last_hour  F=10s,maker/taker,112,1005208,31878,3.171283953171881
World Cup 2026/27 | pre_last_hour  F=10s,maker/taker,113,1005298,31884,3.171596879731184
World Cup 2026/27 | pre_last_hour  F=10s,maker/taker,114,1005401,31890,3.1718687369517236
World Cup 2026/27 | pre_last_hour  F=10s,maker/taker,115,1005497,31896,3.1721626220665002
World Cup 2026/27 | pre_last_hour  F=10s,maker/taker,116,1005577,31900,3.1723080380716744
World Cup 2026/27 | pre_last_hour  F=10s,maker/taker,117,1005660,31907,3.1727422787025437
World Cup 2026/27 | pre_last_hour  F=10s,maker/taker,118,1005757,31915,3.1732317050738894
World Cup 2026/27 | pre_last_hour  F=10s,maker/taker,119,1005840,31918,3.173268114212996
World Cup 2026/27 | pre_last_hour  F=10s,maker/taker,120,1005933,31920,3.1731735612610383
World Cup 2026/27 | pre_last_hour  F=10s,taker/maker,1,393881,41527,10.543032032517436
World Cup 2026/27 | pre_last_hour  F=10s,taker/maker,2,512791,53747,10.481268196984736
World Cup 2026/27 | pre_last_hour  F=10s,taker/maker,3,586938,61468,10.472656396416657
World Cup 2026/27 | pre_last_hour  F=10s,taker/maker,4,647344,67785,10.4712486714946
World Cup 2026/27 | pre_last_hour  F=10s,taker/maker,5,696045,73027,10.491706714364732
World Cup 2026/27 | pre_last_hour  F=10s,taker/maker,6,731736,76860,10.503788251500541
World Cup 2026/27 | pre_last_hour  F=10s,taker/maker,7,763074,80202,10.510383003483279
World Cup 2026/27 | pre_last_hour  F=10s,taker/maker,8,789535,83100,10.525182544155737
World Cup 2026/27 | pre_last_hour  F=10s,taker/maker,9,810376,85424,10.54127960354206
World Cup 2026/27 | pre_last_hour  F=10s,taker/maker,10,828904,87492,10.555142694449538
World Cup 2026/27 | pre_last_hour  F=10s,taker/maker,11,845437,89409,10.575477534103666
World Cup 2026/27 | pre_last_hour  F=10s,taker/maker,12,858968,90966,10.590150040513732
World Cup 2026/27 | pre_last_hour  F=10s,taker/maker,13,871255,92406,10.606079735553886
World Cup 2026/27 | pre_last_hour  F=10s,taker/maker,14,882411,93705,10.619201256557318
World Cup 2026/27 | pre_last_hour  F=10s,taker/maker,15,891633,94782,10.630158372334806
World Cup 2026/27 | pre_last_hour  F=10s,taker/maker,16,900170,95795,10.641878756234933
World Cup 2026/27 | pre_last_hour  F=10s,taker/maker,17,907924,96702,10.650891484309259
World Cup 2026/27 | pre_last_hour  F=10s,taker/maker,18,914517,97469,10.657975740199472
World Cup 2026/27 | pre_last_hour  F=10s,taker/maker,19,920706,98183,10.663881847191178
World Cup 2026/27 | pre_last_hour  F=10s,taker/maker,20,926432,98859,10.670939691202376
World Cup 2026/27 | pre_last_hour  F=10s,taker/maker,21,931390,99428,10.675227348371788
World Cup 2026/27 | pre_last_hour  F=10s,taker/maker,22,935947,99929,10.676779774923153
World Cup 2026/27 | pre_last_hour  F=10s,taker/maker,23,940193,100437,10.682593892956021
World Cup 2026/27 | pre_last_hour  F=10s,taker/maker,24,943865,100887,10.68871077961361
World Cup 2026/27 | pre_last_hour  F=10s,taker/maker,25,947353,101275,10.690312903426706
World Cup 2026/27 | pre_last_hour  F=10s,taker/maker,26,950684,101697,10.69724535176778
World Cup 2026/27 | pre_last_hour  F=10s,taker/maker,27,953579,102036,10.700319533043409
World Cup 2026/27 | pre_last_hour  F=10s,taker/maker,28,956345,102374,10.704714302892784
World Cup 2026/27 | pre_last_hour  F=10s,taker/maker,29,958908,102687,10.708743695954148
World Cup 2026/27 | pre_last_hour  F=10s,taker/maker,30,961201,102970,10.712639708031931
World Cup 2026/27 | pre_last_hour  F=10s,taker/maker,31,963450,103245,10.716176241631636
World Cup 2026/27 | pre_last_hour  F=10s,taker/maker,32,965490,103487,10.718598846181731
World Cup 2026/27 | pre_last_hour  F=10s,taker/maker,33,967369,103712,10.721038197420013
World Cup 2026/27 | pre_last_hour  F=10s,taker/maker,34,969184,103922,10.722628520487337
World Cup 2026/27 | pre_last_hour  F=10s,taker/maker,35,970902,104143,10.726417290313544
World Cup 2026/27 | pre_last_hour  F=10s,taker/maker,36,972399,104328,10.728929174135308
World Cup 2026/27 | pre_last_hour  F=10s,taker/maker,37,973858,104510,10.731544023872063
World Cup 2026/27 | pre_last_hour  F=10s,taker/maker,38,975289,104699,10.735176957804303
World Cup 2026/27 | pre_last_hour  F=10s,taker/maker,39,976608,104853,10.736446967462893
World Cup 2026/27 | pre_last_hour  F=10s,taker/maker,40,977857,105002,10.737970889404075
World Cup 2026/27 | pre_last_hour  F=10s,taker/maker,41,979109,105155,10.739866552140773
World Cup 2026/27 | pre_last_hour  F=10s,taker/maker,42,980216,105277,10.740183796224505
World Cup 2026/27 | pre_last_hour  F=10s,taker/maker,43,981296,105412,10.742120624154179
World Cup 2026/27 | pre_last_hour  F=10s,taker/maker,44,982307,105522,10.742262856724018
World Cup 2026/27 | pre_last_hour  F=10s,taker/maker,45,983257,105620,10.741850808079677
World Cup 2026/27 | pre_last_hour  F=10s,taker/maker,46,984186,105732,10.743091244947601
World Cup 2026/27 | pre_last_hour  F=10s,taker/maker,47,985116,105843,10.744216924707343
World Cup 2026/27 | pre_last_hour  F=10s,taker/maker,48,985956,105930,10.743887151150762
World Cup 2026/27 | pre_last_hour  F=10s,taker/maker,49,986720,106029,10.745601589103291
World Cup 2026/27 | pre_last_hour  F=10s,taker/maker,50,987449,106121,10.746985413930238
World Cup 2026/27 | pre_last_hour  F=10s,taker/maker,51,988168,106186,10.745743638733495
World Cup 2026/27 | pre_last_hour  F=10s,taker/maker,52,988849,106262,10.746028969033695
World Cup 2026/27 | pre_last_hour  F=10s,taker/maker,53,989484,106347,10.74772305565325
World Cup 2026/27 | pre_last_hour  F=10s,taker/maker,54,990116,106426,10.748841549879003
World Cup 2026/27 | pre_last_hour  F=10s,taker/maker,55,990725,106493,10.748996946680462
World Cup 2026/27 | pre_last_hour  F=10s,taker/maker,56,991278,106573,10.751070839865305
World Cup 2026/27 | pre_last_hour  F=10s,taker/maker,57,991825,106639,10.751795931741992
World Cup 2026/27 | pre_last_hour  F=10s,taker/maker,58,992379,106699,10.751839770893984
World Cup 2026/27 | pre_last_hour  F=10s,taker/maker,59,992894,106750,10.751399444452279
World Cup 2026/27 | pre_last_hour  F=10s,taker/maker,60,993381,106808,10.751967271369193
World Cup 2026/27 | pre_last_hour  F=10s,taker/maker,61,993870,106867,10.752613520883013
World Cup 2026/27 | pre_last_hour  F=10s,taker/maker,62,994349,106925,10.753266710179222
World Cup 2026/27 | pre_last_hour  F=10s,taker/maker,63,994771,106976,10.753831786411144
World Cup 2026/27 | pre_last_hour  F=10s,taker/maker,64,995247,107035,10.754616693142506
World Cup 2026/27 | pre_last_hour  F=10s,taker/maker,65,995680,107091,10.755564036638278
World Cup 2026/27 | pre_last_hour  F=10s,taker/maker,66,996049,107140,10.75649892726161
World Cup 2026/27 | pre_last_hour  F=10s,taker/maker,67,996419,107180,10.756519094878762
World Cup 2026/27 | pre_last_hour  F=10s,taker/maker,68,996813,107233,10.757584421551485
World Cup 2026/27 | pre_last_hour  F=10s,taker/maker,69,997180,107283,10.75863936300367
World Cup 2026/27 | pre_last_hour  F=10s,taker/maker,70,997528,107326,10.759196734327256
World Cup 2026/27 | pre_last_hour  F=10s,taker/maker,71,997875,107364,10.759263434798948
World Cup 2026/27 | pre_last_hour  F=10s,taker/maker,72,998203,107401,10.759434704163382
World Cup 2026/27 | pre_last_hour  F=10s,taker/maker,73,998507,107438,10.759864477665154
World Cup 2026/27 | pre_last_hour  F=10s,taker/maker,74,998783,107465,10.75959442641695
World Cup 2026/27 | pre_last_hour  F=10s,taker/maker,75,999060,107500,10.760114507637178
World Cup 2026/27 | pre_last_hour  F=10s,taker/maker,76,999335,107531,10.760255569954019
World Cup 2026/27 | pre_last_hour  F=10s,taker/maker,77,999595,107562,10.76055802600053
World Cup 2026/27 | pre_last_hour  F=10s,taker/maker,78,999859,107598,10.76131734574575
World Cup 2026/27 | pre_last_hour  F=10s,taker/maker,79,1000117,107622,10.760940969906521
World Cup 2026/27 | pre_last_hour  F=10s,taker/maker,80,1000339,107653,10.761651800039786
World Cup 2026/27 | pre_last_hour  F=10s,taker/maker,81,1000554,107682,10.762237720302952
World Cup 2026/27 | pre_last_hour  F=10s,taker/maker,82,1000756,107715,10.763362897649378
World Cup 2026/27 | pre_last_hour  F=10s,taker/maker,83,1000946,107738,10.763617617733624
World Cup 2026/27 | pre_last_hour  F=10s,taker/maker,84,1001186,107768,10.764033855846966
World Cup 2026/27 | pre_last_hour  F=10s,taker/maker,85,1001406,107794,10.76426544278744
World Cup 2026/27 | pre_last_hour  F=10s,taker/maker,86,1001606,107817,10.764412353759862
World Cup 2026/27 | pre_last_hour  F=10s,taker/maker,87,1001790,107840,10.764731131275017
World Cup 2026/27 | pre_last_hour  F=10s,taker/maker,88,1001978,107866,10.765306224288357
World Cup 2026/27 | pre_last_hour  F=10s,taker/maker,89,1002182,107898,10.76630791612701
World Cup 2026/27 | pre_last_hour  F=10s,taker/maker,90,1002381,107922,10.76656480918932
World Cup 2026/27 | pre_last_hour  F=10s,taker/maker,91,1002549,107943,10.766855285876302
World Cup 2026/27 | pre_last_hour  F=10s,taker/maker,92,1002703,107961,10.76699680762898
World Cup 2026/27 | pre_last_hour  F=10s,taker/maker,93,1002873,107983,10.767365359322666
World Cup 2026/27 | pre_last_hour  F=10s,taker/maker,94,1003029,108003,10.767684683094906
World Cup 2026/27 | pre_last_hour  F=10s,taker/maker,95,1003182,108022,10.76793642629154
World Cup 2026/27 | pre_last_hour  F=10s,taker/maker,96,1003322,108040,10.768227946760861
World Cup 2026/27 | pre_last_hour  F=10s,taker/maker,97,1003492,108063,10.768695714564739
World Cup 2026/27 | pre_last_hour  F=10s,taker/maker,98,1003629,108086,10.76951742127818
World Cup 2026/27 | pre_last_hour  F=10s,taker/maker,99,1003771,108104,10.769787132722504
World Cup 2026/27 | pre_last_hour  F=10s,taker/maker,100,1003902,108123,10.770274389332823
World Cup 2026/27 | pre_last_hour  F=10s,taker/maker,101,1004033,108142,10.770761518794702
World Cup 2026/27 | pre_last_hour  F=10s,taker/maker,102,1004148,108155,10.770822627740134
World Cup 2026/27 | pre_last_hour  F=10s,taker/maker,103,1004272,108165,10.77048847324231
World Cup 2026/27 | pre_last_hour  F=10s,taker/maker,104,1004378,108180,10.770845239541288
World Cup 2026/27 | pre_last_hour  F=10s,taker/maker,105,1004504,108196,10.771087024043707
World Cup 2026/27 | pre_last_hour  F=10s,taker/maker,106,1004600,108205,10.77095361337846
World Cup 2026/27 | pre_last_hour  F=10s,taker/maker,107,1004712,108216,10.770847765329766
World Cup 2026/27 | pre_last_hour  F=10s,taker/maker,108,1004823,108229,10.770951699951135
World Cup 2026/27 | pre_last_hour  F=10s,taker/maker,109,1004945,108234,10.77014164954301
World Cup 2026/27 | pre_last_hour  F=10s,taker/maker,110,1005030,108239,10.769728266817905
World Cup 2026/27 | pre_last_hour  F=10s,taker/maker,111,1005118,108244,10.769282810575474
World Cup 2026/27 | pre_last_hour  F=10s,taker/maker,112,1005208,108256,10.769512379527422
World Cup 2026/27 | pre_last_hour  F=10s,taker/maker,113,1005298,108265,10.769443488398466
World Cup 2026/27 | pre_last_hour  F=10s,taker/maker,114,1005401,108274,10.769235359821604
World Cup 2026/27 | pre_last_hour  F=10s,taker/maker,115,1005497,108281,10.768903338349094
World Cup 2026/27 | pre_last_hour  F=10s,taker/maker,116,1005577,108291,10.769041058019425
World Cup 2026/27 | pre_last_hour  F=10s,taker/maker,117,1005660,108299,10.768947755702722
World Cup 2026/27 | pre_last_hour  F=10s,taker/maker,118,1005757,108310,10.769002850589159
World Cup 2026/27 | pre_last_hour  F=10s,taker/maker,119,1005840,108316,10.76871072934065
World Cup 2026/27 | pre_last_hour  F=10s,taker/maker,120,1005933,108324,10.768510427632854
World Cup 2026/27 | pre_last_hour  F=10s,taker/taker,1,188079,121,0.06433466787892322
World Cup 2026/27 | pre_last_hour  F=10s,taker/taker,2,265756,167,0.06283959722452175
World Cup 2026/27 | pre_last_hour  F=10s,taker/taker,3,325917,202,0.06197897010588586
World Cup 2026/27 | pre_last_hour  F=10s,taker/taker,4,379672,231,0.06084198992814851
World Cup 2026/27 | pre_last_hour  F=10s,taker/taker,5,427020,256,0.059950353613413894
World Cup 2026/27 | pre_last_hour  F=10s,taker/taker,6,467397,278,0.05947834496156373
World Cup 2026/27 | pre_last_hour  F=10s,taker/taker,7,504243,296,0.058701856049563406
World Cup 2026/27 | pre_last_hour  F=10s,taker/taker,8,537679,317,0.05895711009728853
World Cup 2026/27 | pre_last_hour  F=10s,taker/taker,9,567263,332,0.058526644607527725
World Cup 2026/27 | pre_last_hour  F=10s,taker/taker,10,594744,346,0.05817629097561304
World Cup 2026/27 | pre_last_hour  F=10s,taker/taker,11,620434,361,0.05818507689778445
World Cup 2026/27 | pre_last_hour  F=10s,taker/taker,12,643412,376,0.05843845001336624
World Cup 2026/27 | pre_last_hour  F=10s,taker/taker,13,664994,390,0.05864714568853253
World Cup 2026/27 | pre_last_hour  F=10s,taker/taker,14,685307,400,0.05836800149422084
World Cup 2026/27 | pre_last_hour  F=10s,taker/taker,15,703722,406,0.057693236817947996
World Cup 2026/27 | pre_last_hour  F=10s,taker/taker,16,721054,416,0.05769332116595983
World Cup 2026/27 | pre_last_hour  F=10s,taker/taker,17,737568,425,0.05762180571825242
World Cup 2026/27 | pre_last_hour  F=10s,taker/taker,18,752594,433,0.057534341225149284
World Cup 2026/27 | pre_last_hour  F=10s,taker/taker,19,766996,440,0.057366661625353976
World Cup 2026/27 | pre_last_hour  F=10s,taker/taker,20,780743,447,0.05725315500747365
World Cup 2026/27 | pre_last_hour  F=10s,taker/taker,21,793304,456,0.057481116948861974
World Cup 2026/27 | pre_last_hour  F=10s,taker/taker,22,805457,465,0.057731201044872664
World Cup 2026/27 | pre_last_hour  F=10s,taker/taker,23,816963,472,0.05777495431249641
World Cup 2026/27 | pre_last_hour  F=10s,taker/taker,24,827614,478,0.05775639368111221
World Cup 2026/27 | pre_last_hour  F=10s,taker/taker,25,837916,482,0.057523665856720724
World Cup 2026/27 | pre_last_hour  F=10s,taker/taker,26,847716,485,0.057212557035610984
World Cup 2026/27 | pre_last_hour  F=10s,taker/taker,27,856996,490,0.05717646290064364
World Cup 2026/27 | pre_last_hour  F=10s,taker/taker,28,865819,494,0.05705580496616498
World Cup 2026/27 | pre_last_hour  F=10s,taker/taker,29,874205,497,0.05685165378829908
World Cup 2026/27 | pre_last_hour  F=10s,taker/taker,30,882096,499,0.05656980646097477
World Cup 2026/27 | pre_last_hour  F=10s,taker/taker,31,889543,501,0.056321054743840374
World Cup 2026/27 | pre_last_hour  F=10s,taker/taker,32,896721,503,0.05609325531575596
World Cup 2026/27 | pre_last_hour  F=10s,taker/taker,33,903502,505,0.05589362281433799
World Cup 2026/27 | pre_last_hour  F=10s,taker/taker,34,909998,505,0.055494627460719696
World Cup 2026/27 | pre_last_hour  F=10s,taker/taker,35,916295,506,0.05522239016910493
World Cup 2026/27 | pre_last_hour  F=10s,taker/taker,36,922230,507,0.05497543996616896
World Cup 2026/27 | pre_last_hour  F=10s,taker/taker,37,928007,507,0.0546332085857111
World Cup 2026/27 | pre_last_hour  F=10s,taker/taker,38,933566,508,0.05441500654479705
World Cup 2026/27 | pre_last_hour  F=10s,taker/taker,39,938864,509,0.05421445491572794
World Cup 2026/27 | pre_last_hour  F=10s,taker/taker,40,943993,510,0.05402582434403645
World Cup 2026/27 | pre_last_hour  F=10s,taker/taker,41,948868,510,0.05374825581640439
World Cup 2026/27 | pre_last_hour  F=10s,taker/taker,42,953488,510,0.053487825751346633
World Cup 2026/27 | pre_last_hour  F=10s,taker/taker,43,958052,510,0.05323301866704521
World Cup 2026/27 | pre_last_hour  F=10s,taker/taker,44,962518,510,0.05298602207958708
World Cup 2026/27 | pre_last_hour  F=10s,taker/taker,45,966807,510,0.05275096270506937
World Cup 2026/27 | pre_last_hour  F=10s,taker/taker,46,970934,510,0.052526742291443086
World Cup 2026/27 | pre_last_hour  F=10s,taker/taker,47,974944,510,0.05231069681950963
World Cup 2026/27 | pre_last_hour  F=10s,taker/taker,48,978693,510,0.05211031447042127
World Cup 2026/27 | pre_last_hour  F=10s,taker/taker,49,982343,510,0.05191669304916918
World Cup 2026/27 | pre_last_hour  F=10s,taker/taker,50,985949,510,0.05172681345586841
World Cup 2026/27 | pre_last_hour  F=10s,taker/taker,51,989398,510,0.05154649595006256
World Cup 2026/27 | pre_last_hour  F=10s,taker/taker,52,992695,510,0.05137529654123371
World Cup 2026/27 | pre_last_hour  F=10s,taker/taker,53,995964,510,0.05120667012060677
World Cup 2026/27 | pre_last_hour  F=10s,taker/taker,54,999069,510,0.05104752524600403
World Cup 2026/27 | pre_last_hour  F=10s,taker/taker,55,1002139,510,0.050891143843319143
World Cup 2026/27 | pre_last_hour  F=10s,taker/taker,56,1005055,510,0.05074349164971071
World Cup 2026/27 | pre_last_hour  F=10s,taker/taker,57,1007917,510,0.050599404514459025
World Cup 2026/27 | pre_last_hour  F=10s,taker/taker,58,1010683,510,0.050460925928307886
World Cup 2026/27 | pre_last_hour  F=10s,taker/taker,59,1013372,510,0.05032702699502256
World Cup 2026/27 | pre_last_hour  F=10s,taker/taker,60,1016000,510,0.05019685039370079
World Cup 2026/27 | pre_last_hour  F=10s,taker/taker,61,1018532,510,0.050072064500673516
World Cup 2026/27 | pre_last_hour  F=10s,taker/taker,62,1021009,510,0.04995058809471807
World Cup 2026/27 | pre_last_hour  F=10s,taker/taker,63,1023349,510,0.04983637058325166
World Cup 2026/27 | pre_last_hour  F=10s,taker/taker,64,1025656,510,0.04972427402559922
World Cup 2026/27 | pre_last_hour  F=10s,taker/taker,65,1027866,510,0.04961736257449901
World Cup 2026/27 | pre_last_hour  F=10s,taker/taker,66,1030059,510,0.04951172699816224
World Cup 2026/27 | pre_last_hour  F=10s,taker/taker,67,1032139,510,0.04941194935953394
World Cup 2026/27 | pre_last_hour  F=10s,taker/taker,68,1034249,510,0.04931114267453969
World Cup 2026/27 | pre_last_hour  F=10s,taker/taker,69,1036220,510,0.049217347667483737
World Cup 2026/27 | pre_last_hour  F=10s,taker/taker,70,1038164,510,0.04912518638673659
World Cup 2026/27 | pre_last_hour  F=10s,taker/taker,71,1040079,510,0.04903473678441734
World Cup 2026/27 | pre_last_hour  F=10s,taker/taker,72,1041889,510,0.04894955220757682
World Cup 2026/27 | pre_last_hour  F=10s,taker/taker,73,1043686,510,0.048865271738817995
World Cup 2026/27 | pre_last_hour  F=10s,taker/taker,74,1045414,510,0.04878450068585269
World Cup 2026/27 | pre_last_hour  F=10s,taker/taker,75,1047091,510,0.04870636840542035
World Cup 2026/27 | pre_last_hour  F=10s,taker/taker,76,1048761,510,0.048628810567898695
World Cup 2026/27 | pre_last_hour  F=10s,taker/taker,77,1050387,510,0.048553533126362
World Cup 2026/27 | pre_last_hour  F=10s,taker/taker,78,1051932,510,0.04848222128426552
World Cup 2026/27 | pre_last_hour  F=10s,taker/taker,79,1053429,510,0.0484133244860356
World Cup 2026/27 | pre_last_hour  F=10s,taker/taker,80,1054881,510,0.04834668555031326
World Cup 2026/27 | pre_last_hour  F=10s,taker/taker,81,1056290,510,0.04828219523047648
World Cup 2026/27 | pre_last_hour  F=10s,taker/taker,82,1057695,510,0.04821805908130416
World Cup 2026/27 | pre_last_hour  F=10s,taker/taker,83,1059044,510,0.04815663938419933
World Cup 2026/27 | pre_last_hour  F=10s,taker/taker,84,1060369,510,0.04809646453262968
World Cup 2026/27 | pre_last_hour  F=10s,taker/taker,85,1061683,510,0.048036937579296266
World Cup 2026/27 | pre_last_hour  F=10s,taker/taker,86,1062955,510,0.04797945350461685
World Cup 2026/27 | pre_last_hour  F=10s,taker/taker,87,1064154,510,0.04792539425684628
World Cup 2026/27 | pre_last_hour  F=10s,taker/taker,88,1065378,510,0.04787033334647421
World Cup 2026/27 | pre_last_hour  F=10s,taker/taker,89,1066569,510,0.0478168782329132
World Cup 2026/27 | pre_last_hour  F=10s,taker/taker,90,1067691,510,0.04776662910898378
World Cup 2026/27 | pre_last_hour  F=10s,taker/taker,91,1068814,510,0.04771644084003391
World Cup 2026/27 | pre_last_hour  F=10s,taker/taker,92,1069907,510,0.047667694481856836
World Cup 2026/27 | pre_last_hour  F=10s,taker/taker,93,1070978,510,0.047620025808186535
World Cup 2026/27 | pre_last_hour  F=10s,taker/taker,94,1072027,510,0.04757342865431561
World Cup 2026/27 | pre_last_hour  F=10s,taker/taker,95,1073033,510,0.047528827165613734
World Cup 2026/27 | pre_last_hour  F=10s,taker/taker,96,1074033,510,0.04748457449631436
World Cup 2026/27 | pre_last_hour  F=10s,taker/taker,97,1075021,510,0.0474409337119926
World Cup 2026/27 | pre_last_hour  F=10s,taker/taker,98,1075989,510,0.04739825407137062
World Cup 2026/27 | pre_last_hour  F=10s,taker/taker,99,1076947,510,0.04735609087540984
World Cup 2026/27 | pre_last_hour  F=10s,taker/taker,100,1077895,510,0.04731444157362266
World Cup 2026/27 | pre_last_hour  F=10s,taker/taker,101,1078780,510,0.04727562617030349
World Cup 2026/27 | pre_last_hour  F=10s,taker/taker,102,1079629,510,0.04723844950441309
World Cup 2026/27 | pre_last_hour  F=10s,taker/taker,103,1080510,510,0.047199933364799954
World Cup 2026/27 | pre_last_hour  F=10s,taker/taker,104,1081360,510,0.047162831989346746
World Cup 2026/27 | pre_last_hour  F=10s,taker/taker,105,1082175,510,0.04712731305010742
World Cup 2026/27 | pre_last_hour  F=10s,taker/taker,106,1082971,510,0.0470926737650408
World Cup 2026/27 | pre_last_hour  F=10s,taker/taker,107,1083774,510,0.04705778141937341
World Cup 2026/27 | pre_last_hour  F=10s,taker/taker,108,1084498,510,0.04702636611593567
World Cup 2026/27 | pre_last_hour  F=10s,taker/taker,109,1085289,510,0.04699209150742337
World Cup 2026/27 | pre_last_hour  F=10s,taker/taker,110,1086045,510,0.0469593801361822
World Cup 2026/27 | pre_last_hour  F=10s,taker/taker,111,1086796,510,0.046926930169047365
World Cup 2026/27 | pre_last_hour  F=10s,taker/taker,112,1087522,510,0.046895603031478904
World Cup 2026/27 | pre_last_hour  F=10s,taker/taker,113,1088247,510,0.04686436075633565
World Cup 2026/27 | pre_last_hour  F=10s,taker/taker,114,1088933,510,0.046834837405056146
World Cup 2026/27 | pre_last_hour  F=10s,taker/taker,115,1089661,510,0.04680354715824463
World Cup 2026/27 | pre_last_hour  F=10s,taker/taker,116,1090314,510,0.046775516044002007
World Cup 2026/27 | pre_last_hour  F=10s,taker/taker,117,1090982,510,0.04674687575047068
World Cup 2026/27 | pre_last_hour  F=10s,taker/taker,118,1091616,510,0.04671972561779967
World Cup 2026/27 | pre_last_hour  F=10s,taker/taker,119,1092244,510,0.04669286349936461
World Cup 2026/27 | pre_last_hour  F=10s,taker/taker,120,1092841,510,0.046667356001467736
